molecule_chembl_id,canonical_smiles,murcko_fragment,problem_type,strategy,train_test,drop_intermediate,pIC50,bioactivity_class
CHEMBL112200,CCC1C(=O)N(S(C)(=O)=O)[C@H]2CCN(C(=O)[C@@H](NC(=O)OC(C)(C)C)C(C)C)[C@H]12,N1CCC2NCCC12,classification,random,test,True,4.568636235841013,inactive
CHEMBL111936,CCC1C(=O)N(S(C)(=O)=O)[C@H]2CCN(C(=O)[C@@H](NC(=O)[C@@H](NC(=O)[C@H](CC(=O)O)NC(=O)[C@H](CCC(=O)O)NC(C)=O)C(C)C)C(C)C)[C@H]12,N1CCC2NCCC12,classification,random,train,True,4.721246399047171,inactive
CHEMBL112053,CC(C)C[C@H](NC(=O)Cn1nc(-c2ccccc2)c2ccccc2c1=O)C(=O)N[C@@H](CC(F)F)C(=O)C(=O)O,n1nc(-c2ccccc2)c3ccccc3c1,classification,random,train,True,3.6989700043360183,inactive
CHEMBL112067,CC(C)C[C@H](NC(=O)Cn1c(-c2ccccc2)nc2ccccc21)C(=O)N[C@@H](CC(F)F)C(=O)C(=O)O,n1c2ccccc2[nH]c1-c3ccccc3,classification,random,train,True,3.6989700043360183,inactive
CHEMBL112557,CC(C)C[C@H](NC(=O)[C@H](O)c1ccccc1Cl)C(=O)N[C@@H](CC(F)F)C(=O)C(=O)O,c1ccccc1,classification,random,train,True,4.3872161432802645,inactive
CHEMBL114125,CC(C)C[C@H](NC(=O)[C@H](O)c1cccs1)C(=O)N[C@@H](CC(F)F)C(=O)C(=O)O,s1cccc1,classification,random,train,True,4.7447274948966935,inactive
CHEMBL113467,CC(C)C[C@H](NC(=O)[C@H](O)c1ccc(Cl)cc1)C(=O)N[C@@H](CC(F)F)C(=O)C(=O)O,c1ccccc1,classification,random,train,True,4.886056647693163,inactive
CHEMBL115136,CC[C@H]1C(=O)N(C(C)=O)[C@H]2CCN(C(=O)[C@@H](NC(=O)OC(C)(C)C)C(C)C)[C@@H]21,N1CCC2NCCC12,classification,random,train,True,3.832682665251824,inactive
CHEMBL113402,CC(C)C[C@H](NC(=O)CC(c1ccccc1)c1ccccc1)C(=O)N[C@@H](CC(F)F)C(=O)C(=O)O,c1ccc(cc1)Cc2ccccc2,classification,random,train,True,3.6989700043360183,inactive
CHEMBL115275,COc1ccc(C(=O)N[C@@H](CC(C)C)C(=O)N[C@@H](CC(F)F)C(=O)C(=O)O)c(OC)c1OC,c1ccccc1,classification,random,test,True,3.6989700043360183,inactive
CHEMBL115621,CC(C)C[C@H](NC(=O)[C@@H](O)c1ccccc1)C(=O)N[C@@H](CC(F)F)C(=O)C(=O)O,c1ccccc1,classification,random,train,True,4.0,inactive
CHEMBL115574,CC(C)C[C@H](NC(=O)C(CCC(=O)O)NC(=O)OC(C)(C)C)C(=O)N[C@@H](CS)C(=O)NCCc1ccccc1,c1ccccc1,classification,random,test,True,4.568636235841013,inactive
CHEMBL115359,CC(C)C[C@H](NC(=O)C(Cc1ccccc1)c1ccccc1)C(=O)N[C@@H](CC(F)F)C(=O)C(=O)O,c1ccc(cc1)CCc2ccccc2,classification,random,train,True,4.522878745280337,inactive
CHEMBL115495,COc1ccc(C(Oc2ccccc2)C(=O)N[C@@H](CC(C)C)C(=O)N[C@@H](CC(F)F)C(=O)C(=O)O)cc1,O(c1ccccc1)Cc2ccccc2,classification,random,train,True,4.7447274948966935,inactive
CHEMBL116118,CC[C@@H]1C(=O)N(C(C)=O)[C@H]2CCN(C(=O)[C@@H](NC(=O)OC(C)(C)C)C(C)C)[C@H]12,N1CCC2NCCC12,classification,random,train,True,4.552841968657781,inactive
CHEMBL116143,CC(C)COC(=O)NC(CCC(=O)O)C(=O)N[C@@H](CC(C)C)C(=O)NC(CS)C(=O)NCCc1ccccc1,c1ccccc1,classification,random,test,True,4.721246399047171,inactive
CHEMBL116193,COC(=O)c1ccc(CCNC(=O)C(CS)NC(=O)[C@H](CC(C)C)NC(=O)C(CCC(=O)O)NC(=O)OCC(C)C)cc1,c1ccccc1,classification,random,train,True,4.769551078621726,inactive
CHEMBL116690,CC(C)C[C@@H](NC(=O)[C@H](NC(=O)OC(C)(C)C)C(C)C)C(=O)N[C@H](CC(F)F)C(=O)C(=O)O,NO_SCAFFOLD,classification,random,train,True,6.337242168318426,active
CHEMBL117986,CC(C)C[C@H](NC(=O)[C@H](CCC(=O)O)NC(=O)CCc1ccccc1)C(=O)N[C@@H](CS)C(=O)NCCc1ccccc1,c1ccc(cc1)CCNCCNCCNCCNCCCc2ccccc2,classification,random,test,True,4.3979400086720375,inactive
CHEMBL1790295,CC[C@H](C)[C@H](NC(=O)[C@H](CC(=O)O)NC(=O)[C@H](CC(=O)O)NC(C)=O)C(=O)N[C@H](C(=O)N1CCC[C@H]1C(=O)N[C@@H](C)C(=O)O)C(C)C,N1CCCC1,classification,random,test,True,3.1249387366083,inactive
CHEMBL120084,Cc1ccccc1C[C@H](NC(=O)[C@H](CCC(=O)O)NC(=O)[C@H](CC(=O)O)NC(=O)CCC(=O)O)C(=O)N[C@H](C(=O)N[C@@H](CC(C)C)C(=O)N[C@H](N)C(=O)C(N)=O)C(C)(C)C,c1ccccc1,classification,random,train,True,8.154901959985743,active
CHEMBL2105735,C=C[C@@H]1C[C@]1(NC(=O)[C@@H]1C[C@@H](Oc2ncc(OC)c3ccc(Cl)cc23)CN1C(=O)[C@@H](NC(=O)OC(C)(C)C)C(C)(C)C)C(=O)NS(=O)(=O)C1CC1,n1ccc2ccccc2c1OC3CNC(CNC4(CNSC5CC5)CC4)C3,classification,random,train,True,9.0,active
CHEMBL2063090,C=C[C@@H]1C[C@]1(NC(=O)[C@@H]1C[C@@H]2CN1C(=O)[C@H](C(C)(C)C)NC(=O)O[C@@H]1C[C@H]1CCCCCc1nc3ccc(OC)cc3nc1O2)C(=O)NS(=O)(=O)C1CC1,n1c2OC3CN(CCNCOC4CC4CCCCCc2nc5ccccc15)C(CNC6(CNSC7CC7)CC6)C3,classification,random,train,True,10.677780705266082,active
CHEMBL2311162,CCC[C@H](NC(=O)[C@@H]1CCCN1C(=O)[C@@H](NC(=O)[C@@H](NC(=O)[C@H](CC(=O)O)NC(=O)[C@H](CC(=O)O)NC(C)=O)[C@@H](C)CC)C(C)C)C(=O)C(F)(F)F,N1CCCC1,classification,random,train,True,3.795880017344075,inactive
CHEMBL2370172,CCC[C@@H](NC(=O)[C@@H]1CCCN1C(=O)[C@@H](NC(=O)[C@@H](NC(=O)[C@@H](CC(=O)O)NC(=O)[C@H](CC(=O)O)NC(C)=O)[C@@H](C)CC)C(C)C)C(=O)NC,N1CCCC1,classification,random,train,True,3.795880017344075,inactive
CHEMBL216266,CC(=O)N[C@@H](CC(=O)O)C(=O)N[C@@H](CCC(=O)O)C(=O)N[C@H](C(=O)N[C@@H](CCC(=O)O)C(=O)N[C@@H](CC1CCCCC1)C(=O)N[C@@H](CC(F)F)C(=O)NOCc1ccccc1)C(c1ccccc1)c1ccccc1,O(NCCNCC(NCCNCCC(c1ccccc1)c2ccccc2)CC3CCCCC3)Cc4ccccc4,classification,random,test,True,7.397940008672037,active
CHEMBL214100,CC(=O)N[C@@H](CC(=O)O)C(=O)N[C@@H](CCC(=O)O)C(=O)N[C@H](C(=O)N[C@@H](CCC(=O)O)C(=O)N[C@@H](CC1CCCCC1)C(=O)N[C@@H](CS)C(=O)NCCCc1ccccc1)C(c1ccccc1)c1ccccc1,c1ccc(cc1)CCCNCCNCC(NCCNCCC(c2ccccc2)c3ccccc3)CC4CCCCC4,classification,random,train,True,6.6777807052660805,active
CHEMBL2370173,CCC[C@@H](NC(=O)[C@@H]1CCCN1C(=O)[C@@H](NC(=O)[C@@H](NC(=O)[C@@H](CC(=O)O)NC(=O)[C@H](CC(=O)O)NC(C)=O)[C@@H](C)CC)C(C)C)C(N)=O,N1CCCC1,classification,random,train,True,3.0,inactive
CHEMBL2370174,CCC[C@@H](NC(=O)[C@@H]1CCCN1C(=O)[C@@H](NC(=O)[C@@H](NC(=O)[C@@H](CC(=O)O)NC(=O)[C@H](CC(=O)O)NC(C)=O)[C@@H](C)CC)C(C)C)C(=O)OC,N1CCCC1,classification,random,train,True,4.769551078621726,inactive
CHEMBL2370176,CCC[C@H](CO)NC(=O)[C@@H]1CCCN1C(=O)[C@@H](NC(=O)[C@@H](NC(=O)[C@@H](CC(=O)O)NC(=O)[C@H](CC(=O)O)NC(C)=O)[C@@H](C)CC)C(C)C,N1CCCC1,classification,random,train,True,3.552841968657781,inactive
CHEMBL2370177,CC[C@H](C)[C@H](NC(=O)[C@@H]1CCCN1C(=O)[C@@H](NC(=O)[C@@H](NC(=O)[C@H](CC(=O)O)NC(=O)[C@H](CC(=O)O)NC(C)=O)[C@@H](C)CC)C(C)C)C(=O)O,N1CCCC1,classification,random,test,True,3.10790539730952,inactive
CHEMBL2370178,CC[C@H](NC(=O)[C@@H]1CCCN1C(=O)[C@@H](NC(=O)[C@@H](NC(=O)[C@H](CC(=O)O)NC(=O)[C@H](CC(=O)O)NC(C)=O)[C@@H](C)CC)C(C)C)C(=O)O,N1CCCC1,classification,random,train,True,3.6020599913279625,inactive
CHEMBL2370187,CC[C@H](C)[C@H](NC(=O)[C@H](CC(=O)O)NC(=O)[C@H](CC(=O)O)NC(C)=O)C(=O)N[C@H](C(=O)N1CCC[C@H]1C(=O)N[C@H](C(=O)O)[C@H](C)CC)C(C)C,N1CCCC1,classification,random,train,True,3.721246399047171,inactive
CHEMBL2370188,CCCC[C@H](NC(=O)[C@@H]1CCCN1C(=O)[C@@H](NC(=O)[C@@H](NC(=O)[C@H](CC(=O)O)NC(=O)[C@H](CC(=O)O)NC(C)=O)[C@@H](C)CC)C(C)C)C(=O)O,N1CCCC1,classification,random,test,True,3.3010299956639813,inactive
CHEMBL2370184,CCC[C@H](NC(=O)[C@@H]1CCCN1C(=O)[C@@H](NC(=O)[C@@H](NC(=O)[C@@H](CC(=O)O)NC(=O)[C@H](CC(=O)O)NC(C)=O)[C@@H](C)CC)C(C)C)C(=O)C(=O)NCc1ccccc1,c1ccc(cc1)CNCCCNCC2NCCC2,classification,random,train,True,6.1938200260161125,active
CHEMBL2370191,CCC[C@H](NC(=O)[C@@H]1CCCN1C(=O)[C@@H](NC(=O)[C@@H](NC(=O)[C@H](CC(=O)O)NC(=O)[C@H](CC(=O)O)NC(C)=O)[C@@H](C)CC)C(C)C)C(=O)C(F)(F)C(F)(F)F,N1CCCC1,classification,random,train,True,4.102372908709558,inactive
CHEMBL2370192,CCC[C@H](NC(=O)[C@@H]1CCCN1C(=O)[C@@H](NC(=O)[C@@H](NC(=O)[C@@H](CC(=O)O)NC(=O)[C@H](CC(=O)O)NC(C)=O)[C@@H](C)CC)C(C)C)C(=O)C(F)(F)C(F)(F)F,N1CCCC1,classification,random,train,True,4.920818753952375,inactive
CHEMBL2370189,CCC[C@@H](NC(=O)[C@@H]1CCCN1C(=O)[C@@H](NC(=O)[C@@H](NC(=O)[C@@H](CC(=O)O)NC(=O)[C@H](CC(=O)O)NC(C)=O)[C@@H](C)CC)C(C)C)C(=O)NCc1ccccc1,c1ccc(cc1)CNCCNCC2NCCC2,classification,random,train,True,4.2839966563652006,inactive
CHEMBL2370491,CC(C)C[C@H](NC(=O)[C@H](CCC(=O)O)NC(=O)OC(C)(C)C)C(=O)N[C@@H](CS)C(=O)O,NO_SCAFFOLD,classification,random,train,True,3.6989700043360183,inactive
CHEMBL2370196,CCC[C@@H](C=O)NC(=O)[C@@H]1CCCN1C(=O)[C@@H](NC(=O)[C@@H](NC(=O)[C@H](CC(=O)O)NC(=O)[C@H](CC(=O)O)NC(C)=O)[C@@H](C)CC)C(C)C,N1CCCC1,classification,random,test,True,5.0,inactive
CHEMBL2370195,CC[C@H](C)[C@H](NC(=O)[C@H](CC(=O)O)NC(=O)[C@H](CC(=O)O)NC(C)=O)C(=O)N[C@H](C(=O)N1CCC[C@H]1C(=O)N[C@@H](CC(C)C)C(=O)O)C(C)C,N1CCCC1,classification,random,train,True,3.096910013008056,inactive
CHEMBL2403888,C=C[C@@H]1C[C@]1(NC(=O)[C@@H]1C[C@@H](Oc2nccc3cc(OC)ccc23)CN1C(=O)[C@@H](NC(=O)OC(C)(C)C)C(C)(C)C)C(=O)NS(=O)(=O)C1CC1,n1ccc2ccccc2c1OC3CNC(CNC4(CNSC5CC5)CC4)C3,classification,random,train,True,8.698970004336019,active
CHEMBL258734,CC(C)(C)OC(=O)N[C@H]1CCCCC/C=C\[C@@H]2C[C@@]2(C(=O)NS(=O)(=O)C2CC2)NC(=O)[C@@H]2C[C@@H](OC(=O)N3Cc4cccc(F)c4C3)CN2C1=O,O(CN1Cc2ccccc2C1)C3CN4CCCCCCCC=CC5CC5(NCC4C3)CNSC6CC6,classification,random,test,True,9.69897000433602,active
CHEMBL261963,Cc1ccccc1C[C@H](NC(=O)[C@H](CCC(=O)O)NC(=O)[C@H](CC(=O)O)NC(=O)CCC(=O)O)C(=O)N[C@H](C(=O)N[C@@H](CC(C)C)C(=O)N[C@H](CC(F)(F)F)C(=O)C(=O)NCc1ccc(O)cc1)C(C)(C)C,c1ccc(cc1)CNCCCNCCNCCNCCCc2ccccc2,classification,random,train,True,8.397940008672037,active
CHEMBL262654,Cc1ccccc1C[C@H](NC(=O)[C@H](CCC(=O)O)NC(=O)[C@H](CC(=O)O)NC(=O)CCC(=O)O)C(=O)N[C@H](C(=O)N[C@@H](CC(C)C)C(=O)N[C@H](CC(F)(F)F)C(=O)C(=O)NCc1ccccc1)C(C)(C)C,c1ccc(cc1)CNCCCNCCNCCNCCCc2ccccc2,classification,random,train,True,8.397940008672037,active
CHEMBL263172,CC(=O)N[C@@H](CC(=O)O)C(=O)N[C@@H](CCC(=O)O)C(=O)N[C@H](C(=O)N[C@@H](CCC(=O)O)C(=O)N[C@@H](CC1CCCCC1)C(=O)N[C@@H](CS)C(=O)NCCc1ccccc1Cl)C(c1ccccc1)c1ccccc1,c1ccc(cc1)CCNCCNCC(NCCNCCC(c2ccccc2)c3ccccc3)CC4CCCCC4,classification,random,train,True,8.698970004336019,active
CHEMBL263772,Cc1ccccc1C[C@H](NC(=O)[C@H](CCC(=O)O)NC(=O)[C@H](CC(=O)O)NC(=O)CCC(=O)O)C(=O)N[C@H](C(=O)N[C@@H](CC(C)C)C(=O)N[C@H](CC(F)(F)F)C(=O)C(=O)N[C@@H](C)c1ccccc1)C(C)(C)C,c1ccc(cc1)CNCCCNCCNCCNCCCc2ccccc2,classification,random,train,True,8.397940008672037,active
CHEMBL263598,CC(=O)N[C@@H](CC(=O)O)C(=O)N[C@@H](CCC(=O)O)C(=O)N[C@H](C(=O)N[C@@H](CCC(=O)O)C(=O)N[C@@H](CC1CCCCC1)C(=O)N[C@@H](CS)C(=O)NCc1ccccc1)C(c1ccccc1)c1ccccc1,c1ccc(cc1)CNCCNCC(NCCNCCC(c2ccccc2)c3ccccc3)CC4CCCCC4,classification,random,train,True,6.6020599913279625,active
CHEMBL265015,CC(=O)N[C@@H](CC(=O)O)C(=O)N[C@@H](CCC(=O)O)C(=O)N[C@H](C(=O)N[C@@H](CCC(=O)O)C(=O)N[C@@H](CC1CCCCC1)C(=O)N[C@@H](CS)C(=O)NCCc1ccccc1)C(c1ccccc1)c1ccccc1,c1ccc(cc1)CCNCCNCC(NCCNCCC(c2ccccc2)c3ccccc3)CC4CCCCC4,classification,random,train,True,8.154901959985743,active
CHEMBL267752,CC(=O)N[C@@H](CC(=O)O)C(=O)N[C@@H](CCC(=O)O)C(=O)N[C@H](C(=O)N[C@@H](CCC(=O)O)C(=O)N[C@@H](CC1CCCCC1)C(=O)N[C@@H](CS)C(=O)N(C)CCc1ccccc1)C(c1ccccc1)c1ccccc1,c1ccc(cc1)CCNCCNCC(NCCNCCC(c2ccccc2)c3ccccc3)CC4CCCCC4,classification,random,train,True,4.154901959985743,inactive
CHEMBL269187,Cc1ccccc1C[C@H](NC(=O)[C@H](CCC(=O)O)NC(=O)[C@H](CC(=O)O)NC(=O)CCC(=O)O)C(=O)N[C@H](C(=O)N[C@@H](CC(C)C)C(=O)N[C@H](CC(F)(F)F)C(=O)C(=O)N[C@H](c1ccccc1)C(C)C)C(C)(C)C,c1ccc(cc1)CNCCCNCCNCCNCCCc2ccccc2,classification,random,train,True,8.154901959985743,active
CHEMBL285260,CCCC(NC(=O)[C@@H]1C[C@@H](OC(=O)N2CCc3ccccc3C2)CN1C(=O)[C@H](NC(=O)[C@H](NC(=O)c1cnccn1)C(C)C)C(C)C)C(=O)C(=O)NCC(=O)O,n1ccnc(c1)CNCCNCCN2CCC(OCN3Cc4ccccc4CC3)C2,classification,random,train,True,7.431798275933005,active
CHEMBL285069,CCCC(NC(=O)[C@@H]1C[C@@H](OC(=O)N2CCc3ccccc3C2)CN1C(=O)[C@H](NC(=O)[C@H](NC(=O)c1cnccn1)C(C)C)C(C)C)C(=O)C(=O)N[C@@H](C)c1ccccc1,n1ccnc(c1)CNCCNCCN2CC(OCN3Cc4ccccc4CC3)CC2CNCCCNCc5ccccc5,classification,random,train,True,6.657577319177793,active
CHEMBL284771,CCCC(NC(=O)[C@@H]1C[C@@H](OC(=O)N2CCc3ccccc3C2)CN1C(=O)[C@H](NC(=O)[C@H](NC(=O)c1cnccn1)C(C)C)C(C)C)C(=O)C(=O)N[C@@H](C)C(=O)c1cccc2ccccc12,n1ccnc(c1)CNCCNCCN2CC(OCN3Cc4ccccc4CC3)CC2CNCCCNCCc5cccc6ccccc65,classification,random,train,True,6.1249387366083,active
CHEMBL295605,CC[C@H](C)[C@H](NC(=O)[C@H](CC(=O)O)NC(=O)[C@H](CC(=O)O)NC(C)=O)C(=O)N[C@H](C(=O)N1CCC[C@H]1C(=O)N[C@@H](CS)C(=O)O)C(C)C,N1CCCC1,classification,random,train,True,4.552841968657781,inactive
CHEMBL286124,CCCC(NC(=O)[C@@H]1C[C@@H](OC(=O)N2CCc3ccccc3C2)CN1C(=O)[C@H](NC(=O)[C@H](NC(=O)c1cnccn1)C(C)C)C(C)C)C(=O)C(=O)NC1CC1,n1ccnc(c1)CNCCNCCN2CC(OCN3Cc4ccccc4CC3)CC2CNCCCNC5CC5,classification,random,test,True,6.376750709602099,active
CHEMBL285686,CCCC(NC(=O)[C@@H]1C[C@@H](OC(=O)N2CCc3ccccc3C2)CN1C(=O)[C@H](NC(=O)[C@H](NC(=O)c1cnccn1)C(C)C)C(C)C)C(=O)C(=O)c1ccccc1,n1ccnc(c1)CNCCNCCN2CC(OCN3Cc4ccccc4CC3)CC2CNCCCc5ccccc5,classification,random,test,True,7.585026652029182,active
CHEMBL306027,CCC[C@H](NC(=O)[C@@H]1CCCN1C(=O)[C@@H](NC(=O)[C@@H](NC(=O)[C@@H](CC(=O)O)NC(=O)[C@H](CC(=O)O)NC(C)=O)[C@@H](C)CC)C(C)C)C(=O)O,N1CCCC1,classification,random,train,True,4.769551078621726,inactive
CHEMBL310738,CCC[C@H](NC(=O)[C@@H]1CCCN1C(=O)[C@@H](NC(=O)[C@@H](NC(=O)[C@@H](CC(=O)O)NC(=O)[C@H](CC(=O)O)NC(C)=O)[C@@H](C)CC)C(C)C)C(=O)C(F)(F)F,N1CCCC1,classification,random,train,True,4.657577319177793,inactive
CHEMBL320324,CC(C)C[C@H](NC(=O)[C@@H](NC(=O)OC(C)(C)C)C1CCCC1)C(=O)N[C@@H](CC(F)F)C(=O)C(=O)O,C1CCCC1,classification,random,train,True,6.42021640338319,active
CHEMBL323980,CC(C)C[C@H](NC(=O)[C@H](O)c1ccc(C(F)(F)F)cc1)C(=O)N[C@@H](CC(F)F)C(=O)C(=O)O,c1ccccc1,classification,random,train,True,4.552841968657781,inactive
CHEMBL325232,CC(C)C[C@H](NC(=O)C(CCC(=O)O)NC(=O)OC(C)(C)C)C(=O)N[C@@H](CS)C(=O)NCc1ccccc1,c1ccccc1,classification,random,train,True,3.6989700043360183,inactive
CHEMBL324117,COC(=O)c1cccc(CCNC(=O)C(CS)NC(=O)[C@H](CC(C)C)NC(=O)C(CCC(=O)O)NC(=O)OCC(C)C)c1,c1ccccc1,classification,random,train,True,4.6020599913279625,inactive
CHEMBL325667,COC(=O)c1ccccc1CCNC(=O)C(CS)NC(=O)[C@H](CC(C)C)NC(=O)C(CCC(=O)O)NC(=O)OCC(C)C,c1ccccc1,classification,random,test,True,4.267606240177032,inactive
CHEMBL326331,CC[C@H]1C(=O)N(S(C)(=O)=O)[C@H]2CCN(C(=O)[C@@H](NC(=O)OC(C)(C)C)C(C)C)[C@@H]21,N1CCC2NCCC12,classification,random,train,True,4.346787486224656,inactive
CHEMBL326056,CC(C)COC(=O)NC(CCC(=O)O)C(=O)N[C@@H](CC(C)C)C(=O)NC(CS)C(=O)NCCc1ccccc1C(=O)O,c1ccccc1,classification,random,train,True,4.0,inactive
CHEMBL297884,COc1ccc2c(O[C@@H]3C[C@H]4C(=O)N[C@]5(C(=O)O)C[C@H]5/C=C\CCCCC[C@H](NC(=O)OC5CCCC5)C(=O)N4C3)cc(-c3csc(NC(C)C)n3)nc2c1,n1cscc1-c2nc3ccccc3c(OC4CN5CC(NCOC6CCCC6)CCCCCC=CC7CC7NCC5C4)c2,classification,random,train,True,9.096910013008056,active
CHEMBL326490,CC(C)COC(=O)NC(CCC(=O)O)C(=O)N[C@@H](CC(C)C)C(=O)NC(CS)C(=O)NCCc1ccc(C(=O)O)cc1Cl,c1ccccc1,classification,random,train,True,6.154901959985743,active
CHEMBL332245,COc1ccc([C@@H](O)C(=O)N[C@@H](CC(C)C)C(=O)N[C@@H](CC(F)F)C(=O)C(=O)O)cc1,c1ccccc1,classification,random,train,True,4.886056647693163,inactive
CHEMBL331243,CCCC[C@@H](NC(=O)[C@H](CC(C)C)NC(=O)[C@@H](NC(=O)[C@H](Cc1ccccc1C)NC(=O)[C@H](CCC(=O)O)NC(=O)[C@H](CC(=O)O)NC(=O)CCC(=O)O)C(C)(C)C)C(=O)C(N)=O,c1ccccc1,classification,random,train,True,7.958607314841775,active
CHEMBL32704,CCCC(NC(=O)[C@@H]1C[C@@H](OC(=O)N2CCc3ccccc3C2)CN1C(=O)[C@H](NC(=O)[C@H](NC(=O)c1cnccn1)C(C)C)C(C)C)C(=O)C(=O)NCCc1ccccc1,n1ccnc(c1)CNCCNCCN2CC(OCN3Cc4ccccc4CC3)CC2CNCCCNCCc5ccccc5,classification,random,test,True,6.2839966563652006,active
CHEMBL33248,CCCC(NC(=O)[C@@H]1C[C@@H](OC(=O)N2CCc3ccccc3C2)CN1C(=O)[C@H](NC(=O)[C@H](NC(=O)c1cnccn1)C(C)C)C(C)C)C(=O)C(=O)NCc1ccccc1,n1ccnc(c1)CNCCNCCN2CC(OCN3Cc4ccccc4CC3)CC2CNCCCNCc5ccccc5,classification,random,train,True,6.657577319177793,active
CHEMBL3326537,COc1ccc2c(OC[C@H]3C[C@@H]4C(=O)N[C@@]5(C(=O)NS(=O)(=O)C6CC6)C[C@@H]5/C=C\CCCCN(C)C(=O)N34)cc(-c3ccccc3)nc2c1,n1c2ccccc2c(OCC3N4CNCCCCC=CC5CC5(NCC4C3)CNSC6CC6)cc1-c7ccccc7,classification,random,test,True,6.555955204081924,active
CHEMBL3326538,COc1ccc2c(OC[C@@H]3C[C@H]4C(=O)N(C)CCCC/C=C\[C@H]5C[C@]5(C(=O)NS(=O)(=O)C5CC5)NC(=O)N34)cc(-c3ccccc3)nc2c1,n1c2ccccc2c(OCC3N4CNC5(CNSC6CC6)CC5C=CCCCCNCC4C3)cc1-c7ccccc7,classification,random,test,True,7.346787486224656,active
CHEMBL3326539,COc1ccc2c(OC[C@H]3C[C@@H]4C(=O)N(C)CCCC/C=C\[C@H]5C[C@]5(C(=O)NS(=O)(=O)C5CC5)NC(=O)N34)cc(-c3ccccc3)nc2c1,n1c2ccccc2c(OCC3N4CNC5(CNSC6CC6)CC5C=CCCCCNCC4C3)cc1-c7ccccc7,classification,random,train,True,8.455931955649724,active
CHEMBL3326540,COc1ccc2c(OC[C@@H]3C[C@H]4C(=O)N(C)CCCC/C=C\[C@H]5C[C@]5(C(=O)NS(=O)(=O)C5(C)CC5)NC(=O)N34)cc(-c3nc(C(C)C)cs3)nc2c1F,n1ccsc1-c2nc3ccccc3c(OCC4N5CNC6(CNSC7CC7)CC6C=CCCCCNCC5C4)c2,classification,random,test,True,7.774690718274137,active
CHEMBL3326826,COc1ccc2c(OC[C@@H]3C[C@H]4C(=O)N(C)CCCC/C=C\[C@H]5C[C@]5(C(=O)NS(=O)(=O)C5(C)CC5)NC(=O)N34)cc(-c3nc(C(C)C)cs3)nc2c1,n1ccsc1-c2nc3ccccc3c(OCC4N5CNC6(CNSC7CC7)CC6C=CCCCCNCC5C4)c2,classification,random,test,True,8.886056647693163,active
CHEMBL3326829,COc1ccc2c(OC[C@@H]3C[C@H]4C(=O)N(C)CCCC/C=C\[C@H]5C[C@]5(C(=O)NS(=O)(=O)C5(C)CC5)NC(=O)N34)cc(-c3nc(C(C)C)cs3)nc2c1C,n1ccsc1-c2nc3ccccc3c(OCC4N5CNC6(CNSC7CC7)CC6C=CCCCCNCC5C4)c2,classification,random,test,True,8.18045606445813,active
CHEMBL3326830,COc1ccc2c(OC[C@@H]3C[C@H]4C(=O)N(C)CCCC/C=C\[C@H]5C[C@]5(C(=O)NS(=O)(=O)C5(C)CC5)NC(=O)N34)cc(-c3nc(C(C)C)cs3)nc2c1Cl,n1ccsc1-c2nc3ccccc3c(OCC4N5CNC6(CNSC7CC7)CC6C=CCCCCNCC5C4)c2,classification,random,test,True,8.67778070526608,active
CHEMBL3645575,C=C[C@@H]1C[C@]1(NC(=O)[C@@H]1C[C@@]2(CN1C(=O)[C@@H](NC(=O)OC(C)(C)C)C(C)(C)C)C(C)(C)C21CCC1)C(=O)NS(=O)(=O)N1CCCC1,S(NCC1(NCC2NCC3(C2)CC43CCC4)CC1)N5CCCC5,classification,random,test,True,6.3979400086720375,active
CHEMBL3645576,C=C[C@@H]1C[C@]1(NC(=O)[C@@H]1C[C@@]2(CN1C(=O)[C@@H](NC(=O)[C@@H](NC(=O)OC(C)(C)C)C(C)(C)C)C(C)(C)C)C(C)(C)C21CCC1)C(=O)NS(=O)(=O)N1CCCC1,S(NCC1(NCC2NCC3(C2)CC43CCC4)CC1)N5CCCC5,classification,random,train,True,6.1249387366083,active
CHEMBL3645577,C=C[C@@H]1C[C@]1(NC(=O)[C@@H]1C[C@@]2(CN1C(=O)[C@@H](NC(=O)[C@@H](NC(=O)[C@@H]1CCCCN1C(C)C)C(C)(C)C)C(C)(C)C)C(C)(C)C21CCC1)C(=O)NS(=O)(=O)N1CCCC1,S(NCC1(NCC2N(CCNCCNCC3NCCCC3)CC4(C2)CC54CCC5)CC1)N6CCCC6,classification,random,train,True,8.221848749616356,active
CHEMBL3645578,C=C[C@@H]1C[C@]1(NC(=O)[C@@H]1C[C@@]2(CN1C(=O)[C@@H](NC(=O)[C@@H](NC(=O)[C@@H]1CCCN(CC)C1)C(C)(C)C)C(C)(C)C)C(C)(C)C21CCC1)C(=O)NS(=O)(=O)N1CCCC1,S(NCC1(NCC2N(CCNCCNCC3CNCCC3)CC4(C2)CC54CCC5)CC1)N6CCCC6,classification,random,test,True,7.455931955649724,active
CHEMBL3639446,C=C[C@@H]1C[C@]1(NC(=O)[C@@H]1C[C@@]2(CN1C(=O)[C@@H](NC(=O)[C@@H](NC(=O)c1ccccc1NC)C1CCCCC1)C(C)(C)C)C(C)(C)C21CCC1)C(=O)NS(=O)(=O)N1CCCC1,S(NCC1(NCC2N(CCNCC(NCc3ccccc3)C4CCCCC4)CC5(C2)CC65CCC6)CC1)N7CCCC7,classification,random,train,True,7.154901959985743,active
CHEMBL3645580,C=C[C@@H]1C[C@]1(NC(=O)[C@@H]1C[C@@]2(CN1C(=O)[C@@H](NC(=O)[C@@H](NC(=O)[C@@H]1CCCCN1C(C)C)C(C)(C)C)C(C)(C)C)C(C)(C)C21CCC1)C(=O)NS(=O)(=O)N1CCOCC1,O1CCN(SNCC2(NCC3N(CCNCCNCC4NCCCC4)CC5(C3)CC65CCC6)CC2)CC1,classification,random,train,True,7.346787486224656,active
CHEMBL3645581,C=C[C@@H]1C[C@]1(NC(=O)[C@@H]1C[C@@]2(CN1C(=O)[C@@H](NC(=O)[C@@H](NC(=O)[C@@H]1CCCN(CC)C1)C(C)(C)C)C(C)(C)C)C(C)(C)C21CCC1)C(=O)NS(=O)(=O)N1CCOCC1,O1CCN(SNCC2(NCC3N(CCNCCNCC4CNCCC4)CC5(C3)CC65CCC6)CC2)CC1,classification,random,train,True,6.346787486224656,active
CHEMBL3645582,C=C[C@@H]1C[C@]1(NC(=O)[C@@H]1C[C@@]2(CN1C(=O)[C@@H](NC(=O)[C@@H](NC(=O)[C@@H]1CCCCN1CCF)C(C)(C)C)C(C)(C)C)C(C)(C)C21CCC1)C(=O)NS(=O)(=O)N1CCOCC1,O1CCN(SNCC2(NCC3N(CCNCCNCC4NCCCC4)CC5(C3)CC65CCC6)CC2)CC1,classification,random,train,True,6.522878745280337,active
CHEMBL3645583,C=C[C@@H]1C[C@]1(NC(=O)[C@@H]1C[C@@]2(CN1C(=O)[C@@H](NC(=O)[C@@H](N1CCCC1=O)C(C)(C)C)C(C)(C)C)C(C)(C)C21CCC1)C(=O)NS(=O)(=O)N1CCCC1,S(NCC1(NCC2N(CCNCCN3CCCC3)CC4(C2)CC54CCC5)CC1)N6CCCC6,classification,random,train,True,7.0,active
CHEMBL3645584,C=C[C@@H]1C[C@]1(NC(=O)[C@@H]1C[C@@]2(CN1C(=O)[C@@H](NC(=O)[C@@H](NC(=O)C(C)(C)N1CCCC1)C(C)(C)C)C(C)(C)C)C(C)(C)C21CCC1)C(=O)NS(=O)(=O)N1CCCC1,S(NCC1(NCC2N(CCNCCNCCN3CCCC3)CC4(C2)CC54CCC5)CC1)N6CCCC6,classification,random,train,True,7.187086643357144,active
CHEMBL3645585,C=C[C@@H]1C[C@]1(NC(=O)[C@@H]1C[C@@]2(CN1C(=O)[C@@H](NC(=O)[C@@H](NC(=O)[C@@H]1CCCN1C(C)C)C(C)(C)C)C(C)(C)C)C(C)(C)C21CCC1)C(=O)NS(=O)(=O)N1CCCC1,S(NCC1(NCC2N(CCNCCNCC3NCCC3)CC4(C2)CC54CCC5)CC1)N6CCCC6,classification,random,train,True,7.698970004336019,active
CHEMBL3645586,C=C[C@@H]1C[C@]1(NC(=O)[C@@H]1C[C@@]2(CN1C(=O)[C@@H](NC(=O)[C@@H](NC(=O)[C@@H]1CCN1C(C)C)C(C)(C)C)C(C)(C)C)C(C)(C)C21CCC1)C(=O)NS(=O)(=O)N1CCCC1,S(NCC1(NCC2N(CCNCCNCC3NCC3)CC4(C2)CC54CCC5)CC1)N6CCCC6,classification,random,test,True,7.397940008672037,active
CHEMBL3645587,C=C[C@@H]1C[C@]1(NC(=O)[C@@H]1C[C@@]2(CN1C(=O)[C@@H](NC(=O)[C@@H](NC(=O)[C@@H]1CCCCN1C(C)C)C1CCCCC1)C(C)(C)C)C(C)(C)C21CCC1)C(=O)NS(=O)(=O)N1CCCC1,S(NCC1(NCC2N(CCNCC(NCC3NCCCC3)C4CCCCC4)CC5(C2)CC65CCC6)CC1)N7CCCC7,classification,random,train,True,8.522878745280337,active
CHEMBL3645588,C=C[C@@H]1C[C@]1(NC(=O)[C@@H]1C[C@@]2(CN1C(=O)[C@@H](NC(=O)[C@@H](NC(=O)C(C)(C)N1CCCC1)C1CCCCC1)C(C)(C)C)C(C)(C)C21CCC1)C(=O)NS(=O)(=O)N1CCCC1,S(NCC1(NCC2N(CCNCC(NCCN3CCCC3)C4CCCCC4)CC5(C2)CC65CCC6)CC1)N7CCCC7,classification,random,train,True,8.522878745280337,active
CHEMBL3645589,C=C[C@@H]1C[C@]1(NC(=O)[C@@H]1C[C@@]2(CN1C(=O)[C@@H](NC(=O)[C@@H](NC(=O)[C@@H]1CCCN1C(C)C)C1CCCCC1)C(C)(C)C)C(C)(C)C21CCC1)C(=O)NS(=O)(=O)N1CCCC1,S(NCC1(NCC2N(CCNCC(NCC3NCCC3)C4CCCCC4)CC5(C2)CC65CCC6)CC1)N7CCCC7,classification,random,test,True,8.698970004336019,active
CHEMBL3645590,C=C[C@@H]1C[C@]1(NC(=O)[C@@H]1C[C@@]2(CN1C(=O)[C@@H](NC(=O)[C@@H](NC(=O)[C@H]1CCCN1C(C)C)C1CCCCC1)C(C)(C)C)C(C)(C)C21CCC1)C(=O)NS(=O)(=O)N1CCCC1,S(NCC1(NCC2N(CCNCC(NCC3NCCC3)C4CCCCC4)CC5(C2)CC65CCC6)CC1)N7CCCC7,classification,random,train,True,8.638272163982407,active
CHEMBL3645591,C=C[C@@H]1C[C@]1(NC(=O)[C@@H]1C[C@@]2(CN1C(=O)[C@@H](NC(=O)[C@@H](NC(=O)[C@@H]1CCN1C(C)C)C1CCCCC1)C(C)(C)C)C(C)(C)C21CCC1)C(=O)NS(=O)(=O)N1CCCC1,S(NCC1(NCC2N(CCNCC(NCC3NCC3)C4CCCCC4)CC5(C2)CC65CCC6)CC1)N7CCCC7,classification,random,train,True,8.602059991327963,active
CHEMBL3645592,C=C[C@@H]1C[C@]1(NC(=O)[C@@H]1C[C@@]2(CN1C(=O)[C@@H](NC(=O)[C@@H](NC(=O)[C@H]1CCN1C(C)C)C1CCCCC1)C(C)(C)C)C(C)(C)C21CCC1)C(=O)NS(=O)(=O)N1CCCC1,S(NCC1(NCC2N(CCNCC(NCC3NCC3)C4CCCCC4)CC5(C2)CC65CCC6)CC1)N7CCCC7,classification,random,train,True,8.0,active
CHEMBL3645594,C=C[C@@H]1C[C@]1(NC(=O)[C@@H]1C[C@@]2(CN1C(=O)[C@@H](NC(=O)[C@@H](NC(=O)[C@@H]1CCCCN1CCF)C(C)(C)C)C(C)(C)C)C(C)(C)C21CCC1)C(=O)NS(=O)(=O)N1CCCC1,S(NCC1(NCC2N(CCNCCNCC3NCCCC3)CC4(C2)CC54CCC5)CC1)N6CCCC6,classification,random,train,True,7.154901959985743,active
CHEMBL3645595,C=C[C@@H]1C[C@]1(NC(=O)[C@@H]1C[C@@]2(CN1C(=O)[C@@H](NC(=O)[C@@H](NC(=O)[C@H]1CCCN1C(C)C)C(C)(C)C)C(C)(C)C)C(C)(C)C21CCC1)C(=O)NS(=O)(=O)N1CCCC1,S(NCC1(NCC2N(CCNCCNCC3NCCC3)CC4(C2)CC54CCC5)CC1)N6CCCC6,classification,random,train,True,7.455931955649724,active
CHEMBL3645596,C=C[C@@H]1C[C@]1(NC(=O)[C@@H]1C[C@@]2(CN1C(=O)[C@@H](NC(=O)[C@@H](NC(=O)[C@H]1CCN1C(C)C)C(C)(C)C)C(C)(C)C)C(C)(C)C21CCC1)C(=O)NS(=O)(=O)N1CCCC1,S(NCC1(NCC2N(CCNCCNCC3NCC3)CC4(C2)CC54CCC5)CC1)N6CCCC6,classification,random,train,True,7.022276394711152,active
CHEMBL3645593,C=C[C@@H]1C[C@]1(NC(=O)[C@@H]1C[C@@]2(CN1C(=O)[C@@H](NC(=O)[C@@H](NC(=O)C1CN(C(C)C)C1)C1CCCCC1)C(C)(C)C)C(C)(C)C21CCC1)C(=O)NS(=O)(=O)N1CCCC1,S(NCC1(NCC2N(CCNCC(NCC3CNC3)C4CCCCC4)CC5(C2)CC65CCC6)CC1)N7CCCC7,classification,random,train,True,7.259637310505756,active
CHEMBL3645597,C=C[C@@H]1C[C@]1(NC(=O)[C@@H]1C[C@@]2(CN1C(=O)[C@@H](NC(=O)[C@@H](NC(=O)C1CN(C(C)C)C1)C(C)(C)C)C(C)(C)C)C(C)(C)C21CCC1)C(=O)NS(=O)(=O)N1CCCC1,S(NCC1(NCC2N(CCNCCNCC3CNC3)CC4(C2)CC54CCC5)CC1)N6CCCC6,classification,random,test,True,6.3979400086720375,active
CHEMBL3645598,C=C[C@@H]1C[C@]1(NC(=O)[C@@H]1C[C@@]2(CN1C(=O)[C@@H](NC(=O)[C@@H](NC(=O)C(C)(C)N1CCCCC1)C(C)(C)C)C(C)(C)C)C(C)(C)C21CCC1)C(=O)NS(=O)(=O)N1CCCC1,S(NCC1(NCC2N(CCNCCNCCN3CCCCC3)CC4(C2)CC54CCC5)CC1)N6CCCC6,classification,random,train,True,7.187086643357144,active
CHEMBL3645599,C=C[C@@H]1C[C@]1(NC(=O)[C@@H]1C[C@@]2(CN1C(=O)[C@@H](NC(=O)[C@@H](NC(=O)C(C)(C)N1CCCCC1)C1CCCCC1)C(C)(C)C)C(C)(C)C21CCC1)C(=O)NS(=O)(=O)N1CCCC1,S(NCC1(NCC2N(CCNCC(NCCN3CCCCC3)C4CCCCC4)CC5(C2)CC65CCC6)CC1)N7CCCC7,classification,random,train,True,8.096910013008056,active
CHEMBL3645600,C=C[C@@H]1C[C@]1(NC(=O)[C@@H]1C[C@@]2(CN1C(=O)[C@@H](NC(=O)[C@@H](NC(=O)[C@@H]1CCCCN1CCF)C1CCCCC1)C(C)(C)C)C(C)(C)C21CCC1)C(=O)NS(=O)(=O)N1CCCC1,S(NCC1(NCC2N(CCNCC(NCC3NCCCC3)C4CCCCC4)CC5(C2)CC65CCC6)CC1)N7CCCC7,classification,random,train,True,7.823908740944319,active
CHEMBL3645601,C=C[C@@H]1C[C@]1(NC(=O)[C@@H]1C[C@@]2(CN1C(=O)[C@@H](NC(=O)[C@@H](NC(=O)C1CCCN1C1CCCC1)C(C)(C)C)C(C)(C)C)C(C)(C)C21CCC1)C(=O)NS(=O)(=O)N1CCCC1,S(NCC1(NCC2N(CCNCCNCC3N(CCC3)C4CCCC4)CC5(C2)CC65CCC6)CC1)N7CCCC7,classification,random,train,True,8.0,active
CHEMBL3645603,C=C[C@@H]1C[C@]1(NC(=O)[C@@H]1C[C@@]2(CN1C(=O)[C@@H](NC(=O)[C@@H](NC(=O)C1Cc3[nH]cnc3CN1)C(C)(C)C)C(C)(C)C)C(C)(C)C21CCC1)C(=O)NS(=O)(=O)N1CCCC1,n1c[nH]c2c1CNC(CNCCNCCN3CC4(CC3CNC5(CNSN6CCCC6)CC5)CC74CCC7)C2,classification,random,train,True,7.397940008672037,active
CHEMBL3645604,CC[C@@H]1C[C@]1(NC(=O)[C@@H]1C[C@@]2(CN1C(=O)[C@@H](NC(=O)[C@@H](NC(=O)[C@@H]1CCCCN1C(C)C)C(C)(C)C)C(C)(C)C)C(C)(C)C21CCC1)C(=O)NS(=O)(=O)N1CCCC1,S(NCC1(NCC2N(CCNCCNCC3NCCCC3)CC4(C2)CC54CCC5)CC1)N6CCCC6,classification,random,train,True,7.207608310501746,active
CHEMBL3639445,C=C[C@@H]1C[C@]1(NC(=O)[C@@H]1C[C@@]2(CN1C(=O)[C@@H](NC(=O)C(NC(=O)[C@@H]1CCCN1C(=O)OCCF)C1CCCCC1)C1CCOCC1)C(C)(C)C21CCC1)C(=O)NS(=O)(=O)N1CCCC1,O1CCC(CC1)C(NCC(NCC2NCCC2)C3CCCCC3)CN4CC5(CC4CNC6(CNSN7CCCC7)CC6)CC85CCC8,classification,random,train,True,7.096910013008056,active
CHEMBL3645605,C=C[C@@H]1C[C@]1(NC(=O)[C@@H]1C[C@@]2(CN1C(=O)[C@@H](NC(=O)[C@@H](NC(=O)[C@@H]1CCCCN1C1CCCC1)C(C)(C)C)C(C)(C)C)C(C)(C)C21CCC1)C(=O)NS(=O)(=O)N1CCCC1,S(NCC1(NCC2N(CCNCCNCC3N(CCCC3)C4CCCC4)CC5(C2)CC65CCC6)CC1)N7CCCC7,classification,random,train,True,8.096910013008056,active
CHEMBL3645607,C=C[C@@H]1C[C@]1(NC(=O)[C@@H]1C[C@@]2(CN1C(=O)[C@@H](NC(=O)[C@@H](NC(=O)[C@@H]1CCCCN1CCOC)C1CCCCC1)C(C)(C)C)C(C)(C)C21CCC1)C(=O)NS(=O)(=O)N1CCCC1,S(NCC1(NCC2N(CCNCC(NCC3NCCCC3)C4CCCCC4)CC5(C2)CC65CCC6)CC1)N7CCCC7,classification,random,train,True,8.455931955649724,active
CHEMBL3645608,CC[C@@H]1C[C@]1(NC(=O)[C@@H]1C[C@@]2(CN1C(=O)[C@@H](NC(=O)[C@@H](NC(=O)[C@@H]1CCCCN1C(C)C)C1CCCCC1)C(C)(C)C)C(C)(C)C21CCC1)C(=O)NS(=O)(=O)N1CCCC1,S(NCC1(NCC2N(CCNCC(NCC3NCCCC3)C4CCCCC4)CC5(C2)CC65CCC6)CC1)N7CCCC7,classification,random,train,True,8.346787486224656,active
CHEMBL3645610,C=C[C@@H]1C[C@]1(NC(=O)[C@@H]1C[C@@]2(CN1C(=O)[C@@H](NC(=O)[C@@H](NC(=O)[C@H]1CCCCN1CC)C1CCCCC1)C(C)(C)C)C(C)(C)C21CCC1)C(=O)NS(=O)(=O)N1CCCC1,S(NCC1(NCC2N(CCNCC(NCC3NCCCC3)C4CCCCC4)CC5(C2)CC65CCC6)CC1)N7CCCC7,classification,random,train,True,8.455931955649724,active
CHEMBL3645602,C=C[C@@H]1C[C@]1(NC(=O)[C@@H]1C[C@@]2(CN1C(=O)[C@@H](NC(=O)[C@@H](NC(=O)[C@@H]1CCCN1C1CCCC1)C1CCCCC1)C(C)(C)C)C(C)(C)C21CCC1)C(=O)NS(=O)(=O)N1CCCC1,S(NCC1(NCC2N(CCNCC(NCC3N(CCC3)C4CCCC4)C5CCCCC5)CC6(C2)CC76CCC7)CC1)N8CCCC8,classification,random,test,True,8.698970004336019,active
CHEMBL3645606,C=C[C@@H]1C[C@]1(NC(=O)[C@@H]1C[C@@]2(CN1C(=O)[C@@H](NC(=O)[C@@H](NC(=O)[C@@H]1CCCCN1C1CCCC1)C1CCCCC1)C(C)(C)C)C(C)(C)C21CCC1)C(=O)NS(=O)(=O)N1CCCC1,S(NCC1(NCC2N(CCNCC(NCC3N(CCCC3)C4CCCC4)C5CCCCC5)CC6(C2)CC76CCC7)CC1)N8CCCC8,classification,random,train,True,9.0,active
CHEMBL3645611,C=C[C@@H]1C[C@]1(NC(=O)[C@@H]1C[C@@]2(CN1C(=O)[C@@H](NC(=O)[C@@H](NC(=O)[C@@H]1CCCCN1CC)C1CCCCC1)C(C)(C)C)C(C)(C)C21CCC1)C(=O)NS(=O)(=O)N1CCCC1,S(NCC1(NCC2N(CCNCC(NCC3NCCCC3)C4CCCCC4)CC5(C2)CC65CCC6)CC1)N7CCCC7,classification,random,train,True,8.481486060122112,active
CHEMBL3645612,C=C[C@@H]1C[C@]1(NC(=O)[C@@H]1C[C@@]2(CN1C(=O)[C@@H](NC(=O)[C@@H](NC(=O)[C@H]1CCCN1CC)C1CCCCC1)C(C)(C)C)C(C)(C)C21CCC1)C(=O)NS(=O)(=O)N1CCCC1,S(NCC1(NCC2N(CCNCC(NCC3NCCC3)C4CCCCC4)CC5(C2)CC65CCC6)CC1)N7CCCC7,classification,random,train,True,8.455931955649724,active
CHEMBL3645613,C=C[C@@H]1C[C@]1(NC(=O)[C@@H]1C[C@@]2(CN1C(=O)[C@@H](NC(=O)[C@@H](NC(=O)[C@@H]1CCCN1CC)C1CCCCC1)C(C)(C)C)C(C)(C)C21CCC1)C(=O)NS(=O)(=O)N1CCCC1,S(NCC1(NCC2N(CCNCC(NCC3NCCC3)C4CCCCC4)CC5(C2)CC65CCC6)CC1)N7CCCC7,classification,random,test,True,8.602059991327963,active
CHEMBL3645614,C=C[C@@H]1C[C@]1(NC(=O)[C@@H]1C[C@@]2(CN1C(=O)[C@@H](NC(=O)[C@@H](NC(=O)C1CCN1C(C)(C)C)C1CCCCC1)C(C)(C)C)C(C)(C)C21CCC1)C(=O)NS(=O)(=O)N1CCCC1,S(NCC1(NCC2N(CCNCC(NCC3NCC3)C4CCCCC4)CC5(C2)CC65CCC6)CC1)N7CCCC7,classification,random,train,True,8.221848749616356,active
CHEMBL3645617,C=C[C@@H]1C[C@]1(NC(=O)[C@@H]1C[C@@]2(CN1C(=O)[C@@H](NC(=O)[C@@H](NC(=O)c1cnccn1)C1CCOCC1)C(C)(C)C)C(C)(C)C21CCC1)C(=O)NS(=O)(=O)N1CCCC1,n1ccnc(c1)CNC(CNCCN2CC3(CC2CNC4(CNSN5CCCC5)CC4)CC63CCC6)C7CCOCC7,classification,random,train,True,7.221848749616356,active
CHEMBL3645618,C=C[C@@H]1C[C@]1(NC(=O)[C@@H]1C[C@@]2(CN1C(=O)[C@@H](NC(=O)[C@@H](NC(=O)[C@@H]1CCCCN1C(C)C)C1CCOCC1)C(C)(C)C)C(C)(C)C21CCC1)C(=O)NS(=O)(=O)N1CCCC1,O1CCC(CC1)C(NCC2NCCCC2)CNCCN3CC4(CC3CNC5(CNSN6CCCC6)CC5)CC74CCC7,classification,random,train,True,7.823908740944319,active
CHEMBL3645619,C=C[C@@H]1C[C@]1(NC(=O)[C@@H]1C[C@@]2(CN1C(=O)[C@@H](NC(=O)[C@@H](NC(=O)[C@@H]1CCCCN1C(C)C)C1CCCCC1)C(C)(C)C)C(C)(C)C21CCC1)C(=O)NS(=O)(=O)N1CC[C@@H](F)C1,S(NCC1(NCC2N(CCNCC(NCC3NCCCC3)C4CCCCC4)CC5(C2)CC65CCC6)CC1)N7CCCC7,classification,random,train,True,9.0,active
CHEMBL3645620,C=C[C@@H]1C[C@]1(NC(=O)[C@@H]1C[C@@]2(CN1C(=O)[C@@H](NC(=O)[C@@H](NC(=O)[C@@H]1CCCCN1C(C)C)C1CCCCC1)C(C)(C)C)C(C)(C)C21CCC1)C(=O)NS(=O)(=O)N1CC[C@H](F)C1,S(NCC1(NCC2N(CCNCC(NCC3NCCCC3)C4CCCCC4)CC5(C2)CC65CCC6)CC1)N7CCCC7,classification,random,train,True,8.698970004336019,active
CHEMBL3645609,C=C[C@@H]1C[C@]1(NC(=O)[C@@H]1C[C@@]2(CN1C(=O)[C@@H](NC(=O)[C@@H](NC(=O)[C@@H]1CCCCN1C(C)C)C1CCCCC1)C1CCCCC1)C(C)(C)C21CCC1)C(=O)NS(=O)(=O)N1CCCC1,S(NCC1(NCC2N(CC(NCC(NCC3NCCCC3)C4CCCCC4)C5CCCCC5)CC6(C2)CC76CCC7)CC1)N8CCCC8,classification,random,train,True,8.522878745280337,active
CHEMBL3645621,C=C[C@@H]1C[C@]1(NC(=O)[C@@H]1C[C@@]2(CN1C(=O)[C@@H](NC(=O)[C@@H](NC(=O)[C@H]1CCCCN1C(C)C)C1CCCCC1)C(C)(C)C)C(C)(C)C21CCC1)C(=O)NS(=O)(=O)N1CCCC1,S(NCC1(NCC2N(CCNCC(NCC3NCCCC3)C4CCCCC4)CC5(C2)CC65CCC6)CC1)N7CCCC7,classification,random,test,True,8.318758762624412,active
CHEMBL3645622,C=C[C@@H]1C[C@]1(NC(=O)[C@@H]1C[C@@]2(CN1C(=O)[C@@H](NC(=O)[C@@H](NC(=O)[C@H]1CCCCN1C)C1CCCCC1)C(C)(C)C)C(C)(C)C21CCC1)C(=O)NS(=O)(=O)N1CCCC1,S(NCC1(NCC2N(CCNCC(NCC3NCCCC3)C4CCCCC4)CC5(C2)CC65CCC6)CC1)N7CCCC7,classification,random,train,True,9.045757490560677,active
CHEMBL3645623,C=C[C@@H]1C[C@]1(NC(=O)[C@@H]1C[C@@]2(CN1C(=O)[C@@H](NC(=O)[C@@H](NC(=O)[C@@H]1CCCCN1C(C)C)C1CCCCC1)C(C)(C)C)C(C)(C)C21CCC1)C(=O)NS(=O)(=O)N(C)C1CCC1,S(NCC1(NCC2N(CCNCC(NCC3NCCCC3)C4CCCCC4)CC5(C2)CC65CCC6)CC1)NC7CCC7,classification,random,train,True,8.481486060122112,active
CHEMBL3645624,C=C[C@@H]1C[C@]1(NC(=O)[C@@H]1C[C@@]2(CN1C(=O)[C@@H](NC(=O)[C@@H](NC(=O)[C@@H]1CCCCN1C(C)C)C1CCCCC1)C(C)(C)C)C(C)(C)C21CCC1)C(=O)NS(=O)(=O)N(C)CC1CC1,S(NCC1CC1)NCC2(NCC3N(CCNCC(NCC4NCCCC4)C5CCCCC5)CC6(C3)CC76CCC7)CC2,classification,random,train,True,8.42021640338319,active
CHEMBL3645615,C=C[C@@H]1C[C@]1(NC(=O)[C@@H]1C[C@@]2(CN1C(=O)[C@@H](NC(=O)[C@@H](NC(=O)[C@@H]1CCCCN1C(C)C)C1CCCCC1)C1CCOCC1)C(C)(C)C21CCC1)C(=O)NS(=O)(=O)N1CCCC1,O1CCC(CC1)C(NCC(NCC2NCCCC2)C3CCCCC3)CN4CC5(CC4CNC6(CNSN7CCCC7)CC6)CC85CCC8,classification,random,train,True,9.045757490560677,active
CHEMBL3645616,C=C[C@@H]1C[C@]1(NC(=O)[C@@H]1C[C@@]2(CN1C(=O)[C@@H](NC(=O)[C@@H](NC(=O)c1cnccn1)C1CCCCC1)C1CCOCC1)C(C)(C)C21CCC1)C(=O)NS(=O)(=O)N1CCCC1,n1ccnc(c1)CNC(CNC(CN2CC3(CC2CNC4(CNSN5CCCC5)CC4)CC63CCC6)C7CCOCC7)C8CCCCC8,classification,random,train,True,7.397940008672037,active
CHEMBL3645627,C=C[C@@H]1C[C@]1(NC(=O)[C@@H]1C[C@@]2(CN1C(=O)[C@@H](NC(=O)[C@@H](NC(=O)[C@@H]1CCCCN1C(C)C)C1CCCCC1)C(C)(C)C)C(C)(C)C21CCC1)C(=O)NS(=O)(=O)N(C)C1CC1,S(NCC1(NCC2N(CCNCC(NCC3NCCCC3)C4CCCCC4)CC5(C2)CC65CCC6)CC1)NC7CC7,classification,random,train,True,8.769551078621726,active
CHEMBL3645626,C=C[C@@H]1C[C@]1(NC(=O)[C@@H]1C[C@@]2(CN1C(=O)[C@@H](NC(=O)[C@@H](NC(=O)[C@@H]1CCCCN1C(C)C)C1CCCCC1)C(C)(C)C)C(C)(C)C21CCC1)C(=O)NS(=O)(=O)N(C)c1ccccc1,S(Nc1ccccc1)NCC2(NCC3N(CCNCC(NCC4NCCCC4)C5CCCCC5)CC6(C3)CC76CCC7)CC2,classification,random,test,True,8.602059991327963,active
CHEMBL3645628,C=C[C@@H]1C[C@]1(NC(=O)[C@@H]1C[C@@]2(CN1C(=O)[C@@H](NC(=O)[C@@H](NC(=O)[C@@H]1CCCCN1C(C)C)C1CCCCC1)C(C)(C)C)C(C)(C)C21CCC1)C(=O)NS(=O)(=O)N(CCOC)C1CC1,S(NCC1(NCC2N(CCNCC(NCC3NCCCC3)C4CCCCC4)CC5(C2)CC65CCC6)CC1)NC7CC7,classification,random,test,True,8.602059991327963,active
CHEMBL3645629,C=C[C@@H]1C[C@]1(NC(=O)[C@@H]1C[C@@]2(CN1C(=O)[C@@H](NC(=O)[C@@H](NC(=O)[C@@H]1CCCCN1C(C)C)C1CCCCC1)C(C)(C)C)C(C)(C)C21CCC1)C(=O)NS(=O)(=O)N(C)OC,N(CCN1CC2(CC1CNC3CC3)CC42CCC4)CC(NCC5NCCCC5)C6CCCCC6,classification,random,train,True,8.853871964321762,active
CHEMBL3645630,C=C[C@@H]1C[C@]1(NC(=O)[C@@H]1C[C@@]2(CN1C(=O)[C@@H](NC(=O)[C@@H](NC(=O)[C@@H]1CCCCN1C(C)C)C1CCCCC1)C(C)(C)C)C(C)(C)C21CCC1)C(=O)NS(=O)(=O)N(C)CCOC,N(CCN1CC2(CC1CNC3CC3)CC42CCC4)CC(NCC5NCCCC5)C6CCCCC6,classification,random,train,True,8.096910013008056,active
CHEMBL3645631,C=C[C@@H]1C[C@]1(NC(=O)[C@@H]1C[C@@]2(CN1C(=O)[C@@H](NC(=O)[C@@H](NC(=O)[C@@H]1CCCCN1C(C)C)C1CCCCC1)C(C)(C)C)C(C)(C)C21CCC1)C(=O)NS(=O)(=O)NC1CCC1,S(NCC1(NCC2N(CCNCC(NCC3NCCCC3)C4CCCCC4)CC5(C2)CC65CCC6)CC1)NC7CCC7,classification,random,train,True,8.187086643357144,active
CHEMBL3645632,C=C[C@@H]1C[C@]1(NC(=O)[C@@H]1C[C@@]2(CN1C(=O)[C@@H](NC(=O)[C@@H](NC(=O)[C@@H]1CCCCN1C(C)C)C1CCCC1)C(C)(C)C)C(C)(C)C21CCC1)C(=O)NS(=O)(=O)N1CCCC1,S(NCC1(NCC2N(CCNCC(NCC3NCCCC3)C4CCCC4)CC5(C2)CC65CCC6)CC1)N7CCCC7,classification,random,train,True,8.455931955649724,active
CHEMBL3645633,C=C[C@@H]1C[C@]1(NC(=O)[C@@H]1C[C@@]2(CN1C(=O)[C@@H](NC(=O)[C@@H](NC(=O)[C@@H]1CCCN1C(C)C)C1CCCC1)C(C)(C)C)C(C)(C)C21CCC1)C(=O)NS(=O)(=O)N1CCCC1,S(NCC1(NCC2N(CCNCC(NCC3NCCC3)C4CCCC4)CC5(C2)CC65CCC6)CC1)N7CCCC7,classification,random,test,True,8.455931955649724,active
CHEMBL3645635,C=C[C@@H]1C[C@]1(NC(=O)[C@@H]1C[C@@]2(CN1C(=O)[C@@H](NC(=O)CC1(CC#N)CCCCC1)C(C)(C)C)C(C)(C)C21CCC1)C(=O)NS(=O)(=O)N1CCCC1,S(NCC1(NCC2N(CCNCCC3CCCCC3)CC4(C2)CC54CCC5)CC1)N6CCCC6,classification,random,train,True,6.1249387366083,active
CHEMBL3645636,C=C[C@@H]1C[C@]1(NC(=O)[C@@H]1C[C@@]2(CN1C(=O)[C@@H](NC(=O)[C@@H](NC(=O)[C@@H]1CCCN1C(C)C)C1CCCCC1)C(C)(C)C)C(C)(C)C21CCC1)C(=O)NS(=O)(=O)N(CC)CC,N(CCN1CC2(CC1CNC3CC3)CC42CCC4)CC(NCC5NCCC5)C6CCCCC6,classification,random,train,True,9.0,active
CHEMBL3645637,C=C[C@@H]1C[C@]1(NC(=O)[C@@H]1C[C@@]2(CN1C(=O)[C@@H](NC(=O)[C@@H](NC(=O)[C@@H]1CCCN1CC)C1CCCCC1)C(C)(C)C)C(C)(C)C21CCC1)C(=O)NS(=O)(=O)N(CC)CC,N(CCN1CC2(CC1CNC3CC3)CC42CCC4)CC(NCC5NCCC5)C6CCCCC6,classification,random,test,True,8.920818753952375,active
CHEMBL3645639,C=C[C@@H]1C[C@]1(NC(=O)[C@@H]1C[C@@]2(CN1C(=O)[C@@H](NC(=O)[C@@H](NC(=O)[C@H]1CCCCN1C(C)C)C1CCCCC1)C(C)(C)C)C(C)(C)C21CCC1)C(=O)NS(=O)(=O)N(CC)CC,N(CCN1CC2(CC1CNC3CC3)CC42CCC4)CC(NCC5NCCCC5)C6CCCCC6,classification,random,train,True,8.346787486224656,active
CHEMBL3645638,C=C[C@@H]1C[C@]1(NC(=O)[C@@H]1C[C@@]2(CN1C(=O)[C@@H](NC(=O)[C@@H](NC(=O)[C@@H]1CCCCN1C1CCCC1)C1CCCCC1)C(C)(C)C)C(C)(C)C21CCC1)C(=O)NS(=O)(=O)N(CC)CC,N(CCN1CC2(CC1CNC3CC3)CC42CCC4)CC(NCC5N(CCCC5)C6CCCC6)C7CCCCC7,classification,random,train,True,8.698970004336019,active
CHEMBL3645642,C=C[C@@H]1C[C@]1(NC(=O)C1C[C@@]2(CN1C(=O)[C@@H](NC(=O)c1cccc(C(=O)NCCC)c1)C(C)(C)C)C(C)(C)C21CCC1)C(=O)NS(=O)(=O)N1CCCC1,S(NCC1(NCC2N(CCNCc3ccccc3)CC4(C2)CC54CCC5)CC1)N6CCCC6,classification,random,train,True,6.022276394711152,active
CHEMBL3645641,C=C[C@@H]1C[C@]1(NC(=O)C1C[C@@]2(CN1C(=O)[C@@H](NC(=O)[C@@H](NC(=O)[C@@H]1CCCCN1C(C)C)C(C)(C)C)C1CCOCC1)C(C)(C)C21CCC1)C(=O)NS(=O)(=O)N1CCCC1,O1CCC(CC1)C(NCCNCC2NCCCC2)CN3CC4(CC3CNC5(CNSN6CCCC6)CC5)CC74CCC7,classification,random,train,True,7.698970004336019,active
CHEMBL3645643,C=C[C@@H]1C[C@]1(NC(=O)[C@@H]1C[C@@]2(CN1C(=O)[C@@H](NC(=O)[C@@H](NC(=O)c1cccc(N(C)C)n1)C1CCCCC1)C(C)(C)C)C(C)(C)C21CCC1)C(=O)NS(=O)(=O)N1CCCC1,n1ccccc1CNC(CNCCN2CC3(CC2CNC4(CNSN5CCCC5)CC4)CC63CCC6)C7CCCCC7,classification,random,train,True,7.301029995663981,active
CHEMBL3645644,C=C[C@@H]1C[C@]1(NC(=O)[C@@H]1C[C@@]2(CN1C(=O)[C@@H](NC(=O)[C@@H](NC(=O)c1cccnc1N(C)C)C1CCCCC1)C(C)(C)C)C(C)(C)C21CCC1)C(=O)NS(=O)(=O)N1CCCC1,n1cccc(c1)CNC(CNCCN2CC3(CC2CNC4(CNSN5CCCC5)CC4)CC63CCC6)C7CCCCC7,classification,random,train,True,7.455931955649724,active
CHEMBL3645640,C=C[C@@H]1C[C@]1(NC(=O)[C@@H]1C[C@@]2(CN1C(=O)C(NC(=O)C(NC(=O)[C@@H]1CCCCN1C(C)C)C1CCCCC1)C1CCCC1)C(C)(C)C21CCC1)C(=O)NS(=O)(=O)N1CCCC1,S(NCC1(NCC2N(CC(NCC(NCC3NCCCC3)C4CCCCC4)C5CCCC5)CC6(C2)CC76CCC7)CC1)N8CCCC8,classification,random,train,True,8.259637310505756,active
CHEMBL3645645,C=C[C@@H]1C[C@]1(NC(=O)[C@@H]1C[C@@]2(CN1C(=O)[C@@H](NC(=O)C(NC(=O)[C@@H]1CCCN1CC(F)(F)F)C1CCCCC1)C1CCOCC1)C(C)(C)C21CCC1)C(=O)NS(=O)(=O)N1CCCC1,O1CCC(CC1)C(NCC(NCC2NCCC2)C3CCCCC3)CN4CC5(CC4CNC6(CNSN7CCCC7)CC6)CC85CCC8,classification,random,test,True,7.397940008672037,active
CHEMBL3645646,C=C[C@@H]1C[C@]1(NC(=O)[C@@H]1C[C@@]2(CN1C(=O)[C@@H](NC(=O)C(NC(=O)[C@@H]1CCCN1CC(F)F)C1CCCCC1)C1CCOCC1)C(C)(C)C21CCC1)C(=O)NS(=O)(=O)N1CCCC1,O1CCC(CC1)C(NCC(NCC2NCCC2)C3CCCCC3)CN4CC5(CC4CNC6(CNSN7CCCC7)CC6)CC85CCC8,classification,random,train,True,7.154901959985743,active
CHEMBL3645647,C=C[C@@H]1C[C@]1(NC(=O)[C@@H]1C[C@@]2(CN1C(=O)[C@@H](NC(=O)C(NC(=O)[C@@H]1CCCN1CCF)C1CCCCC1)C1CCOCC1)C(C)(C)C21CCC1)C(=O)NS(=O)(=O)N1CCCC1,O1CCC(CC1)C(NCC(NCC2NCCC2)C3CCCCC3)CN4CC5(CC4CNC6(CNSN7CCCC7)CC6)CC85CCC8,classification,random,train,True,7.823908740944319,active
CHEMBL3645651,C=C[C@@H]1C[C@]1(NC(=O)C1C[C@@]2(CN1C(=O)[C@@H](NC(=O)C1CCCNC1=O)C(C)(C)C)C(C)(C)C21CCC1)C(=O)NS(=O)(=O)N1CCCC1,S(NCC1(NCC2N(CCNCC3CNCCC3)CC4(C2)CC54CCC5)CC1)N6CCCC6,classification,random,train,True,6.187086643357144,active
CHEMBL3645650,C=C[C@@H]1C[C@]1(NC(=O)[C@@H]1C[C@@]2(CN1C(=O)[C@@H](NC(=O)[C@@H](NC(=O)[C@@H]1CCCCN1CC)C1CCCCC1)C(C)(C)C)C(C)(C)C21CCC1)C(=O)NS(=O)(=O)N(CC)CC,N(CCN1CC2(CC1CNC3CC3)CC42CCC4)CC(NCC5NCCCC5)C6CCCCC6,classification,random,train,True,9.045757490560677,active
CHEMBL3645652,C=C[C@@H]1C[C@]1(NC(=O)[C@@H]1C[C@@]2(CN1C(=O)[C@@H](NC(=O)[C@@H](NC(=O)[C@@H]1CCCCN1C(C)C)C1CCCC1)C(C)(C)C)C(C)(C)C21CCC1)C(=O)NS(=O)(=O)N(CC)CC,N(CCN1CC2(CC1CNC3CC3)CC42CCC4)CC(NCC5NCCCC5)C6CCCC6,classification,random,test,True,8.602059991327963,active
CHEMBL3645654,C=C[C@@H]1C[C@]1(NC(=O)[C@@H]1C[C@@]2(CN1C(=O)[C@@H](NC(=O)[C@@H](NC(=O)[C@@H]1CCCCN1CC)C1CCCC1)C(C)(C)C)C(C)(C)C21CCC1)C(=O)NS(=O)(=O)N(CC)CC,N(CCN1CC2(CC1CNC3CC3)CC42CCC4)CC(NCC5NCCCC5)C6CCCC6,classification,random,test,True,8.397940008672037,active
CHEMBL3645653,C=C[C@@H]1C[C@]1(NC(=O)[C@@H]1C[C@@]2(CN1C(=O)C(NC(=O)C(NC(=O)[C@@H]1CCCCN1C(C)C)C1CCCCC1)C1CCCC1)C(C)(C)C21CCC1)C(=O)NS(=O)(=O)N(CC)CC,N1CCCCC1CNC(CNC(CN2CC3(CC2CNC4CC4)CC53CCC5)C6CCCC6)C7CCCCC7,classification,random,test,True,8.698970004336019,active
CHEMBL3645656,C=C[C@@H]1C[C@]1(NC(=O)[C@@H]1C[C@@]2(CN1C(=O)[C@@H](NC(=O)[C@@H](NC(=O)[C@@H]1CCCCN1C(C)C)C1CCCCC1)C(C)(C)C)C(C)(C)C21CCC1)C(=O)NS(=O)(=O)N(C)CC(F)F,N(CCN1CC2(CC1CNC3CC3)CC42CCC4)CC(NCC5NCCCC5)C6CCCCC6,classification,random,train,True,8.698970004336019,active
CHEMBL3645655,C=C[C@@H]1C[C@]1(NC(=O)[C@@H]1C[C@@]2(CN1C(=O)[C@@H](NC(=O)[C@@H](NC(=O)[C@@H]1CCCCN1C)C1CCCCC1)C(C)(C)C)C(C)(C)C21CCC1)C(=O)NS(=O)(=O)N1CCCC1,S(NCC1(NCC2N(CCNCC(NCC3NCCCC3)C4CCCCC4)CC5(C2)CC65CCC6)CC1)N7CCCC7,classification,random,test,True,8.602059991327963,active
CHEMBL3645658,C=C[C@@H]1C[C@]1(NC(=O)[C@@H]1C[C@@]2(CN1C(=O)[C@@H](NC(=O)C(NC(=O)[C@@H]1CCCCN1CC)C1CCCCC1)C1CCOCC1)C(C)(C)C21CCC1)C(=O)NS(=O)(=O)N(CC)CC,O1CCC(CC1)C(NCC(NCC2NCCCC2)C3CCCCC3)CN4CC5(CC4CNC6CC6)CC75CCC7,classification,random,train,True,8.346787486224656,active
CHEMBL3645657,C=C[C@@H]1C[C@]1(NC(=O)[C@@H]1C[C@@]2(CN1C(=O)[C@@H](NC(=O)C(NC(=O)[C@@H]1CCCCN1C(C)C)C1CCCCC1)C1CCOCC1)C(C)(C)C21CCC1)C(=O)NS(=O)(=O)N(CC)CC,O1CCC(CC1)C(NCC(NCC2NCCCC2)C3CCCCC3)CN4CC5(CC4CNC6CC6)CC75CCC7,classification,random,train,True,8.221848749616356,active
CHEMBL3645659,CC[C@@H]1C[C@]1(NC(=O)[C@@H]1C[C@@]2(CN1C(=O)[C@@H](NC(=O)C(NC(=O)[C@@H]1CCCCN1CC)C1CCCCC1)C(C)(C)C)C(C)(C)C21CCC1)C(=O)NS(=O)(=O)N(CC)CC,N(CCN1CC2(CC1CNC3CC3)CC42CCC4)CC(NCC5NCCCC5)C6CCCCC6,classification,random,train,True,8.346787486224656,active
CHEMBL3645661,C=C[C@@H]1C[C@]1(NC(=O)C1C[C@@]2(CN1C(=O)[C@@H](NC(=O)c1cccc(C(=O)NC)c1)C(C)(C)C)C(C)(C)C21CCC1)C(=O)NS(=O)(=O)N1CCCC1,S(NCC1(NCC2N(CCNCc3ccccc3)CC4(C2)CC54CCC5)CC1)N6CCCC6,classification,random,train,True,6.301029995663981,active
CHEMBL3645660,CC[C@@H]1C[C@]1(NC(=O)[C@@H]1C[C@@]2(CN1C(=O)[C@@H](NC(=O)[C@@H](NC(=O)[C@@H]1CCCCN1CC)C1CCCCC1)C(C)(C)C)C(C)(C)C21CCC1)C(=O)NS(=O)(=O)N1CCCC1,S(NCC1(NCC2N(CCNCC(NCC3NCCCC3)C4CCCCC4)CC5(C2)CC65CCC6)CC1)N7CCCC7,classification,random,train,True,8.154901959985743,active
CHEMBL3645662,C=C[C@@H]1C[C@]1(NC(=O)[C@@H]1C[C@@]2(CN1C(=O)[C@@H](NC(=O)C(NC(=O)[C@@H]1CC(F)(F)CN1C(C)C)C1CCCCC1)C(C)(C)C)C(C)(C)C21CCC1)C(=O)NS(=O)(=O)N1CCCC1,S(NCC1(NCC2N(CCNCC(NCC3NCCC3)C4CCCCC4)CC5(C2)CC65CCC6)CC1)N7CCCC7,classification,random,train,True,7.522878745280337,active
CHEMBL3645648,C=C[C@@H]1C[C@]1(NC(=O)[C@@H]1C[C@@]2(CN1C(=O)[C@@H](NC(=O)C(NC(=O)[C@@H]1CCCCN1CC(F)F)C1CCCCC1)C1CCOCC1)C(C)(C)C21CCC1)C(=O)NS(=O)(=O)N1CCCC1,O1CCC(CC1)C(NCC(NCC2NCCCC2)C3CCCCC3)CN4CC5(CC4CNC6(CNSN7CCCC7)CC6)CC85CCC8,classification,random,train,True,7.187086643357144,active
CHEMBL3645663,CC[C@@H]1C[C@]1(NC(=O)[C@@H]1C[C@@]2(CN1C(=O)[C@@H](NC(=O)[C@@H](NC(=O)[C@@H]1CCCCN1C(C)C)C1CCCCC1)C(C)(C)C)C(C)(C)C21CCC1)C(=O)NS(=O)(=O)N(C)C1CC1,S(NCC1(NCC2N(CCNCC(NCC3NCCCC3)C4CCCCC4)CC5(C2)CC65CCC6)CC1)NC7CC7,classification,random,train,True,8.187086643357144,active
CHEMBL3645664,C=C[C@@H]1C[C@]1(NC(=O)[C@@H]1C[C@@]2(CN1C(=O)[C@@H](NC(=O)[C@@H](NC(=O)[C@@H]1CCCN1C(C)C)C1CCCCC1)C(C)(C)C)C(C)(C)C21CCC1)C(=O)NS(=O)(=O)N(C)CC,N(CCN1CC2(CC1CNC3CC3)CC42CCC4)CC(NCC5NCCC5)C6CCCCC6,classification,random,train,True,8.301029995663981,active
CHEMBL3645665,C=C[C@@H]1C[C@]1(NC(=O)[C@@H]1C[C@@]2(CN1C(=O)[C@@H](NC(=O)[C@@H](NC(=O)[C@H]1CCCCN1C(C)C)C1CCCCC1)C(C)(C)C)C(C)(C)C21CCC1)C(=O)NS(=O)(=O)N(C)CC,N(CCN1CC2(CC1CNC3CC3)CC42CCC4)CC(NCC5NCCCC5)C6CCCCC6,classification,random,train,True,8.522878745280337,active
CHEMBL3645666,C=C[C@@H]1C[C@]1(NC(=O)[C@@H]1C[C@@]2(CN1C(=O)[C@@H](NC(=O)[C@@H](NC(=O)[C@@H]1CCCCN1C)C1CCCCC1)C(C)(C)C)C(C)(C)C21CCC1)C(=O)NS(=O)(=O)N(C)CC,N(CCN1CC2(CC1CNC3CC3)CC42CCC4)CC(NCC5NCCCC5)C6CCCCC6,classification,random,train,True,8.698970004336019,active
CHEMBL3645667,C=C[C@@H]1C[C@]1(NC(=O)[C@@H]1C[C@@]2(CN1C(=O)[C@@H](NC(=O)[C@@H](NC(=O)[C@@H]1CCCCN1CC)C1CCCCC1)C(C)(C)C)C(C)(C)C21CCC1)C(=O)NS(=O)(=O)N(C)CC,N(CCN1CC2(CC1CNC3CC3)CC42CCC4)CC(NCC5NCCCC5)C6CCCCC6,classification,random,train,True,8.823908740944319,active
CHEMBL3645649,C=C[C@@H]1C[C@]1(NC(=O)[C@@H]1C[C@@]2(CN1C(=O)[C@@H](NC(=O)C(NC(=O)[C@@H]1CCCCN1CCF)C1CCCCC1)C1CCOCC1)C(C)(C)C21CCC1)C(=O)NS(=O)(=O)N1CCCC1,O1CCC(CC1)C(NCC(NCC2NCCCC2)C3CCCCC3)CN4CC5(CC4CNC6(CNSN7CCCC7)CC6)CC85CCC8,classification,random,train,True,7.522878745280337,active
CHEMBL3645670,C=C[C@@H]1C[C@]1(NC(=O)[C@@H]1C[C@@]2(CN1C(=O)[C@@H](NC(=O)C(NC(=O)[C@@H]1CCCN1CC)C1CCCC1)C(C)(C)C)C(C)(C)C21CCC1)C(=O)NS(=O)(=O)N(CC)CC,N(CCN1CC2(CC1CNC3CC3)CC42CCC4)CC(NCC5NCCC5)C6CCCC6,classification,random,train,True,8.0,active
CHEMBL3645668,C=C[C@@H]1C[C@]1(NC(=O)[C@@H]1C[C@@]2(CN1C(=O)[C@@H](NC(=O)[C@@H](NC(=O)[C@@H]1CCCN1CC)C1CCCCC1)C(C)(C)C)C(C)(C)C21CCC1)C(=O)NS(=O)(=O)N1CCCCC1,S(NCC1(NCC2N(CCNCC(NCC3NCCC3)C4CCCCC4)CC5(C2)CC65CCC6)CC1)N7CCCCC7,classification,random,train,True,8.301029995663981,active
CHEMBL3645671,C=C[C@@H]1C[C@]1(NC(=O)[C@@H]1C[C@@]2(CN1C(=O)[C@@H](NC(=O)[C@@H](NC(=O)[C@@H]1CCCN1CC)C1CCCCC1)C(C)(C)C)C(C)(C)C21CCC1)C(=O)NS(=O)(=O)N(C)CCC,N(CCN1CC2(CC1CNC3CC3)CC42CCC4)CC(NCC5NCCC5)C6CCCCC6,classification,random,test,True,8.154901959985743,active
CHEMBL3645669,C=C[C@@H]1C[C@]1(NC(=O)[C@@H]1C[C@@]2(CN1C(=O)[C@@H](NC(=O)C(NC(=O)[C@@H]1CCCN1CC)C1CCCCC1)C1CCOCC1)C(C)(C)C21CCC1)C(=O)NS(=O)(=O)N(CC)CC,O1CCC(CC1)C(NCC(NCC2NCCC2)C3CCCCC3)CN4CC5(CC4CNC6CC6)CC75CCC7,classification,random,train,True,8.154901959985743,active
CHEMBL3645673,CC[C@@H]1C[C@]1(NC(=O)[C@@H]1C[C@@]2(CN1C(=O)[C@@H](NC(=O)C(NC(=O)[C@@H]1CCCN1CC)C1CCCCC1)C(C)(C)C)C(C)(C)C21CCC1)C(=O)NS(=O)(=O)N(CC)CC,N(CCN1CC2(CC1CNC3CC3)CC42CCC4)CC(NCC5NCCC5)C6CCCCC6,classification,random,test,True,8.0,active
CHEMBL3645674,C=C[C@@H]1C[C@]1(NC(=O)[C@@H]1C[C@@]2(CN1C(=O)[C@@H](NC(=O)[C@@H](NC(=O)[C@@H]1CCCN1CC)C1CCCCC1)C(C)(C)C)C(C)(C)C21CCC1)C(=O)NS(=O)(=O)N(C)CC,N(CCN1CC2(CC1CNC3CC3)CC42CCC4)CC(NCC5NCCC5)C6CCCCC6,classification,random,train,True,8.602059991327963,active
CHEMBL3645672,CC[C@@H]1C[C@]1(NC(=O)[C@@H]1C[C@@]2(CN1C(=O)[C@@H](NC(=O)[C@@H](NC(=O)[C@@H]1CCCN1CC)C1CCCCC1)C(C)(C)C)C(C)(C)C21CCC1)C(=O)NS(=O)(=O)N1CCCC1,S(NCC1(NCC2N(CCNCC(NCC3NCCC3)C4CCCCC4)CC5(C2)CC65CCC6)CC1)N7CCCC7,classification,random,train,True,7.698970004336019,active
CHEMBL3645679,C=C[C@@H]1C[C@]1(NC(=O)[C@@H]1C[C@@]2(CN1C(=O)[C@@H](NC(=O)[C@@H](NC(=O)[C@@H]1CCCCN1C(C)C)C1CCCCC1)C(C)(C)C)C(C)(C)C21CCC1)C(=O)NS(=O)(=O)N(CC)CCC,N(CCN1CC2(CC1CNC3CC3)CC42CCC4)CC(NCC5NCCCC5)C6CCCCC6,classification,random,train,True,8.0,active
CHEMBL3645680,C=C[C@@H]1C[C@]1(NC(=O)[C@@H]1C[C@@]2(CN1C(=O)[C@@H](NC(=O)[C@@H](NC(=O)[C@@H]1CCCN1CC)C1CCCCC1)C(C)(C)C)C(C)(C)C21CCC1)C(=O)NS(=O)(=O)N(CC)CCC,N(CCN1CC2(CC1CNC3CC3)CC42CCC4)CC(NCC5NCCC5)C6CCCCC6,classification,random,train,True,8.045757490560675,active
CHEMBL3645681,C=C[C@@H]1C[C@]1(NC(=O)[C@@H]1C[C@@]2(CN1C(=O)[C@@H](NC(=O)[C@@H](NC(=O)[C@@H]1CCCCN1C(C)C)C1CCCCC1)C(C)(C)C)C(C)(C)C21CCC1)C(=O)NS(=O)(=O)N(C)C(C)C,N(CCN1CC2(CC1CNC3CC3)CC42CCC4)CC(NCC5NCCCC5)C6CCCCC6,classification,random,test,True,8.221848749616356,active
CHEMBL3645678,C=C[C@@H]1C[C@]1(NC(=O)[C@@H]1C[C@@]2(CN1C(=O)[C@@H](NC(=O)C(NC(=O)[C@@H]1CCC(F)(F)CN1C(C)C)C1CCCCC1)C(C)(C)C)C(C)(C)C21CCC1)C(=O)NS(=O)(=O)N1CCCC1,S(NCC1(NCC2N(CCNCC(NCC3NCCCC3)C4CCCCC4)CC5(C2)CC65CCC6)CC1)N7CCCC7,classification,random,train,True,7.346787486224656,active
CHEMBL3645682,C=C[C@@H]1C[C@]1(NC(=O)[C@@H]1C[C@@]2(CN1C(=O)[C@@H](NC(=O)[C@@H](NC(=O)[C@@H]1CCCN1CC)C1CCCCC1)C(C)(C)C)C(C)(C)C21CCC1)C(=O)NS(=O)(=O)N(C)C(C)C,N(CCN1CC2(CC1CNC3CC3)CC42CCC4)CC(NCC5NCCC5)C6CCCCC6,classification,random,train,True,8.602059991327963,active
CHEMBL3645683,C=C[C@@H]1C[C@]1(NC(=O)[C@@H]1C[C@@]2(CN1C(=O)[C@@H](NC(=O)[C@@H](NC(=O)[C@@H]1CCCCN1C(C)C)C1CCCCC1)C(C)(C)C)C(C)(C)C21CCC1)C(=O)NS(=O)(=O)N(CC)C(C)C,N(CCN1CC2(CC1CNC3CC3)CC42CCC4)CC(NCC5NCCCC5)C6CCCCC6,classification,random,train,True,8.096910013008056,active
CHEMBL3645684,C=C[C@@H]1C[C@]1(NC(=O)[C@@H]1C[C@@]2(CN1C(=O)[C@@H](NC(=O)[C@@H](NC(=O)[C@@H]1CCCN1CC)C1CCCCC1)C(C)(C)C)C(C)(C)C21CCC1)C(=O)NS(=O)(=O)N(CC)C(C)C,N(CCN1CC2(CC1CNC3CC3)CC42CCC4)CC(NCC5NCCC5)C6CCCCC6,classification,random,train,True,8.096910013008056,active
CHEMBL3645685,C=C[C@@H]1C[C@]1(NC(=O)[C@@H]1C[C@@]2(CN1C(=O)[C@@H](NC(=O)[C@@H](NC(=O)[C@@H]1CCCCN1C(C)C)C1CCCCC1)C(C)(C)C)C(C)(C)C21CCC1)C(=O)NS(=O)(=O)N(C)CCC,N(CCN1CC2(CC1CNC3CC3)CC42CCC4)CC(NCC5NCCCC5)C6CCCCC6,classification,random,train,True,8.853871964321762,active
CHEMBL3645687,C=C[C@@H]1C[C@]1(NC(=O)[C@@H]1C[C@@]2(CN1C(=O)[C@@H](NC(=O)[C@@H](NC(=O)[C@H]1CCCCN1C(C)C)C1CCCCC1)C(C)(C)C)C(C)(C)C21CCC1)C(=O)NS(=O)(=O)N(C)CCC,N(CCN1CC2(CC1CNC3CC3)CC42CCC4)CC(NCC5NCCCC5)C6CCCCC6,classification,random,train,True,8.346787486224656,active
CHEMBL3645686,C=C[C@@H]1C[C@]1(NC(=O)[C@@H]1C[C@@]2(CN1C(=O)[C@@H](NC(=O)[C@@H](NC(=O)[C@@H]1CCCCN1C(C)C)C1CCCCC1)C(C)(C)C)C(C)(C)C21CCC1)C(=O)NS(=O)(=O)N1CCCCC1,S(NCC1(NCC2N(CCNCC(NCC3NCCCC3)C4CCCCC4)CC5(C2)CC65CCC6)CC1)N7CCCCC7,classification,random,train,True,8.455931955649724,active
CHEMBL3645690,CC[C@@H]1C[C@]1(NC(=O)[C@@H]1C[C@@]2(CN1C(=O)[C@@H](NC(=O)[C@@H](NC(=O)[C@@H]1CCCN1C(C)C)C1CCCCC1)C(C)(C)C)C(C)(C)C21CCC1)C(=O)NS(=O)(=O)N(CC)CC,N(CCN1CC2(CC1CNC3CC3)CC42CCC4)CC(NCC5NCCC5)C6CCCCC6,classification,random,train,True,8.259637310505756,active
CHEMBL3645689,CC[C@@H]1C[C@]1(NC(=O)[C@@H]1C[C@@]2(CN1C(=O)[C@@H](NC(=O)[C@@H](NC(=O)[C@@H]1CCCN1C(C)C)C1CCCCC1)C(C)(C)C)C(C)(C)C21CCC1)C(=O)NS(=O)(=O)N1CCCC1,S(NCC1(NCC2N(CCNCC(NCC3NCCC3)C4CCCCC4)CC5(C2)CC65CCC6)CC1)N7CCCC7,classification,random,train,True,8.346787486224656,active
CHEMBL3645688,C=C[C@@H]1C[C@]1(NC(=O)[C@@H]1C[C@@]2(CN1C(=O)[C@@H](NC(=O)[C@@H](NC(=O)[C@H]1CCCCN1C(C)C)C1CCCCC1)C(C)(C)C)C(C)(C)C21CCC1)C(=O)NS(=O)(=O)N1CCCCC1,S(NCC1(NCC2N(CCNCC(NCC3NCCCC3)C4CCCCC4)CC5(C2)CC65CCC6)CC1)N7CCCCC7,classification,random,train,True,8.346787486224656,active
CHEMBL3645691,C=C[C@@H]1C[C@]1(NC(=O)[C@@H]1C[C@@]2(CN1C(=O)[C@@H](NC(=O)[C@@H](NC(=O)[C@@H]1CCCCN1C)C1CCCCC1)C(C)(C)C)C(C)(C)C21CCC1)C(=O)NS(=O)(=O)N(CC)CC,N(CCN1CC2(CC1CNC3CC3)CC42CCC4)CC(NCC5NCCCC5)C6CCCCC6,classification,random,train,True,8.346787486224656,active
CHEMBL3645692,C=C[C@@H]1C[C@]1(NC(=O)[C@@H]1C[C@@]2(CN1C(=O)[C@@H](NC(=O)[C@@H](NC(=O)[C@H]1CCCCN1C(C)C)C1CCCCC1)C(C)(C)C)C(C)(C)C21CCC1)C(=O)NS(=O)(=O)N(C)C(C)C,N(CCN1CC2(CC1CNC3CC3)CC42CCC4)CC(NCC5NCCCC5)C6CCCCC6,classification,random,train,True,8.187086643357144,active
CHEMBL3645695,C=C[C@@H]1C[C@]1(NC(=O)[C@@H]1C[C@@]2(CN1C(=O)[C@@H](NC(=O)[C@@H](NC(=O)[C@@H]1CCCCN1C(C)C)C(C)C)C(C)(C)C)C(C)(C)C21CCC1)C(=O)NS(=O)(=O)N(CC)CC,N(CCNCC1NCCCC1)CCN2CC3(CC2CNC4CC4)CC53CCC5,classification,random,train,True,8.853871964321762,active
CHEMBL3645693,C=C[C@@H]1C[C@]1(NC(=O)[C@@H]1C[C@@]2(CN1C(=O)[C@@H](NC(=O)[C@@H](NC(=O)[C@H]1CCCCN1C(C)C)C1CCCCC1)C(C)(C)C)C(C)(C)C21CCC1)C(=O)NS(=O)(=O)N(CC)C(C)C,N(CCN1CC2(CC1CNC3CC3)CC42CCC4)CC(NCC5NCCCC5)C6CCCCC6,classification,random,train,True,8.0,active
CHEMBL3645694,CC[C@@H]1C[C@]1(NC(=O)[C@@H]1C[C@@]2(CN1C(=O)[C@@H](NC(=O)[C@@H](NC(=O)[C@H]1CCCCN1C(C)C)C1CCCCC1)C(C)(C)C)C(C)(C)C21CCC1)C(=O)NS(=O)(=O)N(CC)CC,N(CCN1CC2(CC1CNC3CC3)CC42CCC4)CC(NCC5NCCCC5)C6CCCCC6,classification,random,train,True,8.154901959985743,active
CHEMBL3645696,CC[C@@H]1C[C@]1(NC(=O)[C@@H]1C[C@@]2(CN1C(=O)[C@@H](NC(=O)[C@@H](NC(=O)[C@H]1CCCCN1C(C)C)C1CCCCC1)C(C)(C)C)C(C)(C)C21CCC1)C(=O)NS(=O)(=O)N1CCCC1,S(NCC1(NCC2N(CCNCC(NCC3NCCCC3)C4CCCCC4)CC5(C2)CC65CCC6)CC1)N7CCCC7,classification,random,test,True,8.096910013008056,active
CHEMBL3645699,C=C[C@@H]1C[C@]1(NC(=O)[C@@H]1C[C@@]2(CN1C(=O)[C@@H](NC(=O)[C@@H](NC(=O)[C@@H]1CCCN1CC)C(C)(C)C)C1(C)CCOCC1)C(C)(C)C21CCC1)C(=O)NS(=O)(=O)N1CCCC1,O1CCC(CC1)C(NCCNCC2NCCC2)CN3CC4(CC3CNC5(CNSN6CCCC6)CC5)CC74CCC7,classification,random,train,True,8.221848749616356,active
CHEMBL3645701,C=C[C@@H]1C[C@]1(NC(=O)[C@@H]1C[C@@]2(CN1C(=O)[C@@H](NC(=O)[C@@H](NC(=O)[C@@H]1CCCCN1C(C)C)C(C)(C)C)C1(C)CCOCC1)C(C)(C)C21CCC1)C(=O)NS(=O)(=O)N1CCCC1,O1CCC(CC1)C(NCCNCC2NCCCC2)CN3CC4(CC3CNC5(CNSN6CCCC6)CC5)CC74CCC7,classification,random,train,True,8.853871964321762,active
CHEMBL3645698,C=C[C@@H]1C[C@]1(NC(=O)[C@@H]1C[C@@]2(CN1C(=O)[C@@H](NC(=O)[C@@H](NC(=O)[C@@H]1CCCN1CC)C1CCCCC1)C1(C)CCOCC1)C(C)(C)C21CCC1)C(=O)NS(=O)(=O)N1CCCC1,O1CCC(CC1)C(NCC(NCC2NCCC2)C3CCCCC3)CN4CC5(CC4CNC6(CNSN7CCCC7)CC6)CC85CCC8,classification,random,train,True,9.522878745280336,active
CHEMBL3645697,C=C[C@@H]1C[C@]1(NC(=O)[C@@H]1C[C@@]2(CN1C(=O)[C@@H](NC(=O)[C@@H](NC(=O)[C@@H]1CCCCN1C(C)C)C1CCCCC1)C1(C)CCOCC1)C(C)(C)C21CCC1)C(=O)NS(=O)(=O)N1CCCC1,O1CCC(CC1)C(NCC(NCC2NCCCC2)C3CCCCC3)CN4CC5(CC4CNC6(CNSN7CCCC7)CC6)CC85CCC8,classification,random,train,True,8.823908740944319,active
CHEMBL3645703,C=C[C@@H]1C[C@]1(NC(=O)[C@@H]1C[C@@]2(CN1C(=O)[C@@H](NC(=O)[C@@H](NC(=O)[C@@H]1CCCCN1C(C)C)C(C)C)C(C)C)C(C)(C)C21CCC1)C(=O)NS(=O)(=O)N(CC)CC,N(CCNCC1NCCCC1)CCN2CC3(CC2CNC4CC4)CC53CCC5,classification,random,train,True,8.096910013008056,active
CHEMBL3645704,C=C[C@@H]1C[C@]1(NC(=O)[C@@H]1C[C@@]2(CN1C(=O)[C@@H](NC(=O)[C@@H](NC(=O)[C@@H]1CCCCN1C(C)C)C(C)(C)C)C(C)C)C(C)(C)C21CCC1)C(=O)NS(=O)(=O)N(CC)CC,N(CCNCC1NCCCC1)CCN2CC3(CC2CNC4CC4)CC53CCC5,classification,random,train,True,8.259637310505756,active
CHEMBL3645705,C=C[C@@H]1C[C@]1(NC(=O)[C@@H]1C[C@@]2(CN1C(=O)[C@@H](NC(=O)[C@@H](NC(=O)[C@@H]1CCCCN1C(C)C)C1CCCCC1)C(C)C)C(C)(C)C21CCC1)C(=O)NS(=O)(=O)N(CC)CC,N(CCN1CC2(CC1CNC3CC3)CC42CCC4)CC(NCC5NCCCC5)C6CCCCC6,classification,random,test,True,8.55284196865778,active
CHEMBL3645700,C=C[C@@H]1C[C@]1(NC(=O)[C@@H]1C[C@@]2(CN1C(=O)[C@@H](NC(=O)[C@@H](NC(=O)[C@@H]1CCCCN1C(C)C)C1CCOCC1)C1(C)CCOCC1)C(C)(C)C21CCC1)C(=O)NS(=O)(=O)N1CCCC1,O1CCC(CC1)C(NCC2NCCCC2)CNC(CN3CC4(CC3CNC5(CNSN6CCCC6)CC5)CC74CCC7)C8CCOCC8,classification,random,train,True,8.397940008672037,active
CHEMBL3645706,C=C[C@@H]1C[C@]1(NC(=O)[C@@H]1C[C@@]2(CN1C(=O)[C@@H](NC(=O)[C@@H](NC(=O)[C@@H]1CCCCN1C(C)C)C1(C)CCCCC1)C(C)(C)C)C(C)(C)C21CCC1)C(=O)NS(=O)(=O)N(CC)CC,N(CCN1CC2(CC1CNC3CC3)CC42CCC4)CC(NCC5NCCCC5)C6CCCCC6,classification,random,train,True,8.522878745280337,active
CHEMBL3645707,C=C[C@@H]1C[C@]1(NC(=O)[C@@H]1C[C@@]2(CN1C(=O)[C@@H](NC(=O)[C@@H](NC(=O)[C@@H]1CCCN1CC)C1(C)CCCCC1)C(C)(C)C)C(C)(C)C21CCC1)C(=O)NS(=O)(=O)N(CC)CC,N(CCN1CC2(CC1CNC3CC3)CC42CCC4)CC(NCC5NCCC5)C6CCCCC6,classification,random,train,True,8.301029995663981,active
CHEMBL3645710,C=C[C@@H]1C[C@]1(NC(=O)[C@@H]1C[C@@]2(CN1C(=O)[C@@H](NC(=O)[C@@H](NC(=O)[C@H]1CCCCN1C(C)C)C1CCCCC1)C(C)(C)C)C(C)(C)C21CCC1)C(=O)NS(=O)(=O)N(CC)CCC,N(CCN1CC2(CC1CNC3CC3)CC42CCC4)CC(NCC5NCCCC5)C6CCCCC6,classification,random,train,True,8.455931955649724,active
CHEMBL3645708,C=C[C@@H]1C[C@]1(NC(=O)[C@@H]1C[C@@]2(CN1C(=O)[C@@H](NC(=O)[C@@H](NC(=O)[C@@H]1CCCCN1C(C)C)C1(C)CCCCC1)C(C)(C)C)C(C)(C)C21CCC1)C(=O)NS(=O)(=O)N1CCCC1,S(NCC1(NCC2N(CCNCC(NCC3NCCCC3)C4CCCCC4)CC5(C2)CC65CCC6)CC1)N7CCCC7,classification,random,test,True,8.346787486224656,active
CHEMBL3645702,C=C[C@@H]1C[C@]1(NC(=O)[C@@H]1C[C@@]2(CN1C(=O)[C@@H](NC(=O)[C@@H](NC(=O)[C@@H]1CCCN1CC)C1CCOCC1)C1(C)CCOCC1)C(C)(C)C21CCC1)C(=O)NS(=O)(=O)N1CCCC1,O1CCC(CC1)C(NCC2NCCC2)CNC(CN3CC4(CC3CNC5(CNSN6CCCC6)CC5)CC74CCC7)C8CCOCC8,classification,random,train,True,8.221848749616356,active
CHEMBL3645709,C=C[C@@H]1C[C@]1(NC(=O)[C@@H]1C[C@@]2(CN1C(=O)[C@@H](NC(=O)[C@@H](NC(=O)[C@@H]1CCCN1CC)C1(C)CCCCC1)C(C)(C)C)C(C)(C)C21CCC1)C(=O)NS(=O)(=O)N1CCCC1,S(NCC1(NCC2N(CCNCC(NCC3NCCC3)C4CCCCC4)CC5(C2)CC65CCC6)CC1)N7CCCC7,classification,random,test,True,8.154901959985743,active
CHEMBL3645711,CC[C@@H]1C[C@]1(NC(=O)[C@@H]1C[C@@]2(CN1C(=O)[C@@H](NC(=O)[C@@H](NC(=O)[C@@H]1CCCCN1C(C)C)C1CCCCC1)C(C)(C)C)C(C)(C)C21CCC1)C(=O)NS(=O)(=O)N(C)C(C)C,N(CCN1CC2(CC1CNC3CC3)CC42CCC4)CC(NCC5NCCCC5)C6CCCCC6,classification,random,train,True,8.096910013008056,active
CHEMBL3645712,CCCN(C)S(=O)(=O)NC(=O)[C@@]1(NC(=O)[C@@H]2C[C@@]3(CN2C(=O)[C@@H](NC(=O)[C@@H](NC(=O)[C@@H]2CCCCN2C(C)C)C2CCCCC2)C(C)(C)C)C(C)(C)C32CCC2)C[C@H]1CC,N(CCN1CC2(CC1CNC3CC3)CC42CCC4)CC(NCC5NCCCC5)C6CCCCC6,classification,random,train,True,8.0,active
CHEMBL3645713,C=C[C@@H]1C[C@]1(NC(=O)[C@@H]1C[C@@]2(CN1C(=O)[C@@H](NC(=O)[C@@H](NC(=O)[C@@H]1CCCCN1C(C)C)C1CCCCC1)C(C)(C)C)C(C)(C)C21CCC1)C(=O)NS(=O)(=O)N1CCC(F)(F)C1,S(NCC1(NCC2N(CCNCC(NCC3NCCCC3)C4CCCCC4)CC5(C2)CC65CCC6)CC1)N7CCCC7,classification,random,train,True,8.522878745280337,active
CHEMBL3645714,C=C[C@@H]1C[C@]1(NC(=O)[C@@H]1C[C@@]2(CN1C(=O)[C@@H](NC(=O)C(NC(=O)[C@@H]1SCCN1CC)C1CCCCC1)C(C)(C)C)C(C)(C)C21CCC1)C(=O)NS(=O)(=O)N1CCCC1,S(NCC1(NCC2N(CCNCC(NCC3SCCN3)C4CCCCC4)CC5(C2)CC65CCC6)CC1)N7CCCC7,classification,random,train,True,8.045757490560675,active
CHEMBL3645717,C=C[C@@H]1C[C@]1(NC(=O)[C@@H]1C[C@@]2(CN1C(=O)[C@@H](NC(=O)[C@@H](NC(=O)[C@@H]1CCCCN1C(C)C)C1CCCCC1)C1(C)CCOCC1)C(C)(C)C21CCC1)C(=O)NS(=O)(=O)N(CC)CC,O1CCC(CC1)C(NCC(NCC2NCCCC2)C3CCCCC3)CN4CC5(CC4CNC6CC6)CC75CCC7,classification,random,train,True,8.619788758288394,active
CHEMBL3645718,C=C[C@@H]1C[C@]1(NC(=O)[C@@H]1C[C@@]2(CN1C(=O)[C@@H](NC(=O)[C@@H](NC(=O)[C@@H]1CCCCN1CC)C1CCCCC1)C1(C)CCOCC1)C(C)(C)C21CCC1)C(=O)NS(=O)(=O)N(CC)CC,O1CCC(CC1)C(NCC(NCC2NCCCC2)C3CCCCC3)CN4CC5(CC4CNC6CC6)CC75CCC7,classification,random,train,True,8.698970004336019,active
CHEMBL3645720,C=C[C@@H]1C[C@]1(NC(=O)[C@@H]1C[C@@]2(CN1C(=O)[C@@H](NC(=O)[C@@H](NC(=O)[C@@H]1CCCN1CC)C1(C)CCCCC1)C1(C)CCOCC1)C(C)(C)C21CCC1)C(=O)NS(=O)(=O)N(CC)CC,O1CCC(CC1)C(NCC(NCC2NCCC2)C3CCCCC3)CN4CC5(CC4CNC6CC6)CC75CCC7,classification,random,train,True,8.744727494896694,active
CHEMBL3645719,C=C[C@@H]1C[C@]1(NC(=O)[C@@H]1C[C@@]2(CN1C(=O)[C@@H](NC(=O)[C@@H](NC(=O)[C@@H]1CCCCN1C(C)C)C1(C)CCCCC1)C1(C)CCOCC1)C(C)(C)C21CCC1)C(=O)NS(=O)(=O)N(CC)CC,O1CCC(CC1)C(NCC(NCC2NCCCC2)C3CCCCC3)CN4CC5(CC4CNC6CC6)CC75CCC7,classification,random,test,True,8.958607314841775,active
CHEMBL3645722,C=C[C@@H]1C[C@]1(NC(=O)[C@@H]1C[C@@]2(CN1C(=O)[C@@H](NC(=O)[C@@H](NC(=O)[C@@H]1CCCCN1C(C)C)C1CCCCC1)C(C)(C)C)C(C)(C)C21CCC1)C(=O)NS(=O)(=O)N(CC)CC(F)F,N(CCN1CC2(CC1CNC3CC3)CC42CCC4)CC(NCC5NCCCC5)C6CCCCC6,classification,random,train,True,8.356547323513812,active
CHEMBL3645723,C=C[C@@H]1C[C@]1(NC(=O)[C@@H]1C[C@@]2(CN1C(=O)[C@@H](NC(=O)[C@@H](NC(=O)[C@@H]1CCCCN1C(C)C)C1CCCCC1)C(C)(C)C)C(C)(C)C21CCC1)C(=O)NS(=O)(=O)N(CC)CCF,N(CCN1CC2(CC1CNC3CC3)CC42CCC4)CC(NCC5NCCCC5)C6CCCCC6,classification,random,test,True,8.886056647693163,active
CHEMBL3645721,C=C[C@@H]1C[C@]1(NC(=O)[C@@H]1C[C@@]2(CN1C(=O)[C@@H](NC(=O)[C@@H](NC(=O)[C@@H]1CCCN1CC)C1CCCCC1)C1(C)CCOCC1)C(C)(C)C21CCC1)C(=O)NS(=O)(=O)N(CC)CC,O1CCC(CC1)C(NCC(NCC2NCCC2)C3CCCCC3)CN4CC5(CC4CNC6CC6)CC75CCC7,classification,random,train,True,8.55284196865778,active
CHEMBL3645724,C=C[C@@H]1C[C@]1(NC(=O)[C@@H]1C[C@@]2(CN1C(=O)[C@@H](NC(=O)[C@@H](NC(=O)[C@@H]1CCCN1CC)C1(C)CCOCC1)C1(C)CCCCC1)C(C)(C)C21CCC1)C(=O)NS(=O)(=O)N(CC)CC,O1CCC(CC1)C(NCC2NCCC2)CNC(CN3CC4(CC3CNC5CC5)CC64CCC6)C7CCCCC7,classification,random,train,True,9.0,active
CHEMBL3645725,C=C[C@@H]1C[C@]1(NC(=O)[C@@H]1C[C@@]2(CN1C(=O)[C@@H](NC(=O)[C@@H](NC(=O)[C@@H]1CCCCN1C(C)C)C1(C)CCOCC1)C1(C)CCCCC1)C(C)(C)C21CCC1)C(=O)NS(=O)(=O)N(CC)CC,O1CCC(CC1)C(NCC2NCCCC2)CNC(CN3CC4(CC3CNC5CC5)CC64CCC6)C7CCCCC7,classification,random,train,True,7.657577319177793,active
CHEMBL3645715,C=C[C@@H]1C[C@]1(NC(=O)[C@@H]1C[C@@]2(CN1C(=O)[C@@H](NC(=O)[C@@H](NC(=O)[C@@H]1CCCN1CC)C1(C)CCCCC1)C1(C)CCOCC1)C(C)(C)C21CCC1)C(=O)NS(=O)(=O)N1CCCC1,O1CCC(CC1)C(NCC(NCC2NCCC2)C3CCCCC3)CN4CC5(CC4CNC6(CNSN7CCCC7)CC6)CC85CCC8,classification,random,train,True,8.522878745280337,active
CHEMBL3645726,C=C[C@@H]1C[C@]1(NC(=O)[C@@H]1C[C@@]2(CN1C(=O)[C@@H](NC(=O)[C@@H](NC(=O)[C@@H]1CCCN1CC)C1(C)CCCCC1)C1(C)CCCCC1)C(C)(C)C21CCC1)C(=O)NS(=O)(=O)N(CC)CC,N1CCCC1CNC(CNC(CN2CC3(CC2CNC4CC4)CC53CCC5)C6CCCCC6)C7CCCCC7,classification,random,train,True,7.958607314841775,active
CHEMBL3645728,C=C[C@@H]1C[C@]1(NC(=O)[C@@H]1C[C@@]2(CN1C(=O)[C@@H](NC(=O)[C@@H](NC(=O)c1[nH]c(C)c(C)c1C(C)=O)C(C)(C)C)C(C)(C)C)C(C)(C)C21CCC1)C(=O)NS(=O)(=O)C1CC1,S(NCC1(NCC2N(CCNCCNCc3ccc[nH]3)CC4(C2)CC54CCC5)CC1)C6CC6,classification,random,train,True,7.187086643357144,active
CHEMBL3645716,C=C[C@@H]1C[C@]1(NC(=O)[C@@H]1C[C@@]2(CN1C(=O)[C@@H](NC(=O)[C@@H](NC(=O)[C@@H]1CCCCN1C(C)C)C1(C)CCCCC1)C1(C)CCOCC1)C(C)(C)C21CCC1)C(=O)NS(=O)(=O)N1CCCC1,O1CCC(CC1)C(NCC(NCC2NCCCC2)C3CCCCC3)CN4CC5(CC4CNC6(CNSN7CCCC7)CC6)CC85CCC8,classification,random,train,True,8.823908740944319,active
CHEMBL3645727,C=C[C@@H]1C[C@]1(NC(=O)[C@@H]1C[C@@]2(CN1C(=O)[C@@H](NC(=O)[C@@H](NC(=O)[C@@H]1CCCCN1C(C)C)C1(C)CCCCC1)C1(C)CCCCC1)C(C)(C)C21CCC1)C(=O)NS(=O)(=O)N(CC)CC,N1CCCCC1CNC(CNC(CN2CC3(CC2CNC4CC4)CC53CCC5)C6CCCCC6)C7CCCCC7,classification,random,train,True,8.522878745280337,active
CHEMBL3645729,C=C[C@@H]1C[C@]1(NC(=O)[C@@H]1C[C@@]2(CN1C(=O)[C@@H](NC(=O)[C@@H](NC(=O)[C@@H]1CCCCN1C(C)C)C1CCCCC1)C(C)(C)C)C(C)(C)C21CCC1)C(=O)NS(=O)(=O)N(C)C,N(CCN1CC2(CC1CNC3CC3)CC42CCC4)CC(NCC5NCCCC5)C6CCCCC6,classification,random,test,True,9.045757490560677,active
CHEMBL3645734,C=C[C@@H]1C[C@]1(NC(=O)[C@@H]1C[C@@]2(CN1C(=O)[C@@H](NC(=O)C(NC(=O)c1cnccn1)C1CCCCC1)C(C)(C)C)C(C)(C)C21CCC1)C(=O)NS(=O)(=O)N(C)CC,n1ccnc(c1)CNC(CNCCN2CC3(CC2CNC4CC4)CC53CCC5)C6CCCCC6,classification,random,train,True,9.221848749616356,active
CHEMBL3645733,C=C[C@@H]1C[C@]1(NC(=O)[C@@H]1C[C@@]2(CN1C(=O)[C@@H](NC(=O)C(NC(=O)c1cnccn1)C1CCCCC1)C(C)(C)C)C(C)(C)C21CCC1)C(=O)NS(=O)(=O)NC(C)(C)C,n1ccnc(c1)CNC(CNCCN2CC3(CC2CNC4CC4)CC53CCC5)C6CCCCC6,classification,random,test,True,8.0,active
CHEMBL3645731,C=CC1CC1(NC(=O)[C@@H]1C[C@@]2(CN1C(=O)[C@@H](NC(=O)[C@@H](NC(=O)C1CCCCN1C(C)C)C1CCCCC1)C(C)(C)C)C(C)(C)C21CCC1)C(=O)NS(=O)(=O)N1CC(F)(F)C1,S(NCC1(NCC2N(CCNCC(NCC3NCCCC3)C4CCCCC4)CC5(C2)CC65CCC6)CC1)N7CCC7,classification,random,train,True,8.096910013008056,active
CHEMBL3645735,C=C[C@@H]1C[C@]1(NC(=O)[C@@H]1C[C@@]2(CN1C(=O)[C@@H](NC(=O)C(NC(=O)c1cnccn1)C1CCCCC1)C(C)(C)C)C(C)(C)C21CCC1)C(=O)NS(=O)(=O)N(C)CCCl,n1ccnc(c1)CNC(CNCCN2CC3(CC2CNC4CC4)CC53CCC5)C6CCCCC6,classification,random,train,True,7.522878745280337,active
CHEMBL3645732,C=C[C@@H]1C[C@]1(NC(=O)[C@@H]1C[C@@]2(CN1C(=O)[C@@H](NC(=O)C(NC(=O)c1cnccn1)C1CCCCC1)C(C)(C)C)C(C)(C)C21CCC1)C(=O)NS(=O)(=O)NC1CC1,n1ccnc(c1)CNC(CNCCN2CC3(CC2CNC4(CNSNC5CC5)CC4)CC63CCC6)C7CCCCC7,classification,random,train,True,8.207608310501746,active
CHEMBL3645736,C=C[C@@H]1C[C@]1(NC(=O)[C@@H]1C[C@@]2(CN1C(=O)[C@@H](NC(=O)C(NC(=O)[C@@H]1CCCCN1C(C)C)C1CCCCC1)C(C)(C)C)C(C)(C)C21CCC1)C(=O)NS(=O)(=O)NC(C)(C)C,N(CCN1CC2(CC1CNC3CC3)CC42CCC4)CC(NCC5NCCCC5)C6CCCCC6,classification,random,train,True,8.823908740944319,active
CHEMBL3645737,C=C[C@@H]1C[C@]1(NC(=O)[C@@H]1C[C@@]2(CN1C(=O)[C@@H](NC(=O)C(NC(=O)[C@@H]1CCCCN1C(C)C)C1CCCCC1)C(C)(C)C)C(C)(C)C21CCC1)C(=O)NS(=O)(=O)N(C)CC,N(CCN1CC2(CC1CNC3CC3)CC42CCC4)CC(NCC5NCCCC5)C6CCCCC6,classification,random,train,True,9.30102999566398,active
CHEMBL3645738,C=C[C@@H]1C[C@]1(NC(=O)[C@@H]1C[C@@]2(CN1C(=O)[C@@H](NC(=O)C(NC(=O)[C@@H]1CCCCN1C(C)C)C1CCCCC1)C(C)(C)C)C(C)(C)C21CCC1)C(=O)NS(=O)(=O)N(C)CCCl,N(CCN1CC2(CC1CNC3CC3)CC42CCC4)CC(NCC5NCCCC5)C6CCCCC6,classification,random,train,True,9.0,active
CHEMBL3645740,C=C[C@@H]1C[C@]1(NC(=O)[C@@H]1C[C@@]2(CN1C(=O)[C@@H](NC(=O)C(NC(=O)c1cnccn1)C1CCCCC1)C(C)(C)C)C(C)(C)C21CCC1)C(=O)NS(=O)(=O)N(CC)CC,n1ccnc(c1)CNC(CNCCN2CC3(CC2CNC4CC4)CC53CCC5)C6CCCCC6,classification,random,test,True,8.522878745280337,active
CHEMBL3645741,C=C[C@@H]1C[C@]1(NC(=O)[C@@H]1C[C@@]2(CN1C(=O)[C@@H](NC(=O)C(NC(=O)[C@@H]1CCCCN1C(C)C)C1CCCCC1)C(C)(C)C)C(C)(C)C21CCC1)C(=O)NS(=O)(=O)N(CC)CC,N(CCN1CC2(CC1CNC3CC3)CC42CCC4)CC(NCC5NCCCC5)C6CCCCC6,classification,random,train,True,9.221848749616356,active
CHEMBL3645739,C=C[C@@H]1C[C@]1(NC(=O)[C@@H]1C[C@@]2(CN1C(=O)[C@@H](NC(=O)C(NC(=O)[C@@H]1CCCCN1C(C)C)C1CCCCC1)C(C)(C)C)C(C)(C)C21CCC1)C(=O)NS(=O)(=O)NC1CC1,S(NCC1(NCC2N(CCNCC(NCC3NCCCC3)C4CCCCC4)CC5(C2)CC65CCC6)CC1)NC7CC7,classification,random,train,True,8.602059991327963,active
CHEMBL3645742,C=C[C@@H]1C[C@]1(NC(=O)[C@@H]1C[C@@]2(CN1C(=O)[C@@H](NC(=O)[C@@H](NC(=O)Cc1ccncc1)C1CCCCC1)C(C)(C)C)C(C)(C)C21CCC1)C(=O)NS(=O)(=O)N1CCCC1,n1ccc(cc1)CCNC(CNCCN2CC3(CC2CNC4(CNSN5CCCC5)CC4)CC63CCC6)C7CCCCC7,classification,random,train,True,8.0,active
CHEMBL3645743,C=C[C@@H]1C[C@]1(NC(=O)[C@@H]1C[C@@]2(CN1C(=O)[C@@H](NC(=O)[C@@H](NC(=O)c1cc3cc(OC)ccc3[nH]1)C1CCCCC1)C(C)(C)C)C(C)(C)C21CCC1)C(=O)NS(=O)(=O)N1CCCC1,S(NCC1(NCC2N(CCNCC(NCc3cc4ccccc4[nH]3)C5CCCCC5)CC6(C2)CC76CCC7)CC1)N8CCCC8,classification,random,train,True,7.602059991327962,active
CHEMBL3645744,C=C[C@@H]1C[C@]1(NC(=O)[C@@H]1C[C@@]2(CN1C(=O)[C@@H](NC(=O)[C@@H](NC(=O)CN1CCc3ccccc3C1)C1CCCCC1)C(C)(C)C)C(C)(C)C21CCC1)C(=O)NS(=O)(=O)N1CCCC1,S(NCC1(NCC2N(CCNCC(NCCN3Cc4ccccc4CC3)C5CCCCC5)CC6(C2)CC76CCC7)CC1)N8CCCC8,classification,random,train,True,7.602059991327962,active
CHEMBL3645745,C=C[C@@H]1C[C@]1(NC(=O)[C@@H]1C[C@@]2(CN1C(=O)[C@@H](NC(=O)[C@@H](NC(=O)c1cc3ccccc3n1C)C1CCCCC1)C(C)(C)C)C(C)(C)C21CCC1)C(=O)NS(=O)(=O)N1CCCC1,S(NCC1(NCC2N(CCNCC(NCc3cc4ccccc4[nH]3)C5CCCCC5)CC6(C2)CC76CCC7)CC1)N8CCCC8,classification,random,train,True,7.096910013008056,active
CHEMBL3645746,C=C[C@@H]1C[C@]1(NC(=O)[C@@H]1C[C@@]2(CN1C(=O)[C@@H](NC(=O)[C@@H](NC(=O)CC1CCCCO1)C1CCCCC1)C(C)(C)C)C(C)(C)C21CCC1)C(=O)NS(=O)(=O)N1CCCC1,O1CCCCC1CCNC(CNCCN2CC3(CC2CNC4(CNSN5CCCC5)CC4)CC63CCC6)C7CCCCC7,classification,random,train,True,7.602059991327962,active
CHEMBL3645747,C=C[C@@H]1C[C@]1(NC(=O)[C@@H]1C[C@@]2(CN1C(=O)[C@@H](NC(=O)[C@@H](NC(=O)c1cc(C)nn1CC)C1CCCCC1)C(C)(C)C)C(C)(C)C21CCC1)C(=O)NS(=O)(=O)N1CCCC1,n1ccc([nH]1)CNC(CNCCN2CC3(CC2CNC4(CNSN5CCCC5)CC4)CC63CCC6)C7CCCCC7,classification,random,train,True,7.522878745280337,active
CHEMBL3645748,C=C[C@@H]1C[C@]1(NC(=O)[C@@H]1C[C@@]2(CN1C(=O)[C@@H](NC(=O)[C@@H](NC(=O)c1cc(C(C)(C)C)nn1C)C1CCCCC1)C(C)(C)C)C(C)(C)C21CCC1)C(=O)NS(=O)(=O)N1CCCC1,n1ccc([nH]1)CNC(CNCCN2CC3(CC2CNC4(CNSN5CCCC5)CC4)CC63CCC6)C7CCCCC7,classification,random,test,True,7.045757490560675,active
CHEMBL3645749,C=C[C@@H]1C[C@]1(NC(=O)[C@@H]1C[C@@]2(CN1C(=O)[C@@H](NC(=O)[C@@H](NC(=O)c1cc(C)nn1C(C)(C)C)C1CCCCC1)C(C)(C)C)C(C)(C)C21CCC1)C(=O)NS(=O)(=O)N1CCCC1,n1ccc([nH]1)CNC(CNCCN2CC3(CC2CNC4(CNSN5CCCC5)CC4)CC63CCC6)C7CCCCC7,classification,random,test,True,7.022276394711152,active
CHEMBL3645751,C=C[C@@H]1C[C@]1(NC(=O)[C@@H]1C[C@@]2(CN1C(=O)[C@@H](NC(=O)[C@@H](NC(=O)c1cc(CC)nn1C)C1CCCCC1)C(C)(C)C)C(C)(C)C21CCC1)C(=O)NS(=O)(=O)N1CCCC1,n1ccc([nH]1)CNC(CNCCN2CC3(CC2CNC4(CNSN5CCCC5)CC4)CC63CCC6)C7CCCCC7,classification,random,train,True,7.397940008672037,active
CHEMBL3645752,C=C[C@@H]1C[C@]1(NC(=O)[C@@H]1C[C@@]2(CN1C(=O)[C@@H](NC(=O)[C@@H](NC(=O)Cn1nc(C)cc1C)C1CCCCC1)C(C)(C)C)C(C)(C)C21CCC1)C(=O)NS(=O)(=O)N1CCCC1,n1cccn1CCNC(CNCCN2CC3(CC2CNC4(CNSN5CCCC5)CC4)CC63CCC6)C7CCCCC7,classification,random,train,True,7.187086643357144,active
CHEMBL3645753,C=C[C@@H]1C[C@]1(NC(=O)[C@@H]1C[C@@]2(CN1C(=O)[C@@H](NC(=O)[C@@H](NC(=O)[C@@H]1CCCN1C(C)=O)C1CCCCC1)C(C)(C)C)C(C)(C)C21CCC1)C(=O)NS(=O)(=O)N1CCCC1,S(NCC1(NCC2N(CCNCC(NCC3NCCC3)C4CCCCC4)CC5(C2)CC65CCC6)CC1)N7CCCC7,classification,random,train,True,7.602059991327962,active
CHEMBL3645754,C=C[C@@H]1C[C@]1(NC(=O)[C@@H]1C[C@@]2(CN1C(=O)[C@@H](NC(=O)[C@@H](NC(=O)c1cc3ccccc3[nH]1)C1CCCCC1)C(C)(C)C)C(C)(C)C21CCC1)C(=O)NS(=O)(=O)N1CCCC1,S(NCC1(NCC2N(CCNCC(NCc3cc4ccccc4[nH]3)C5CCCCC5)CC6(C2)CC76CCC7)CC1)N8CCCC8,classification,random,train,True,7.698970004336019,active
CHEMBL3645755,C=C[C@@H]1C[C@]1(NC(=O)[C@@H]1C[C@@]2(CN1C(=O)[C@@H](NC(=O)[C@@H](NC(=O)c1c[nH]c3ccccc13)C1CCCCC1)C(C)(C)C)C(C)(C)C21CCC1)C(=O)NS(=O)(=O)N1CCCC1,S(NCC1(NCC2N(CCNCC(NCc3c[nH]c4ccccc43)C5CCCCC5)CC6(C2)CC76CCC7)CC1)N8CCCC8,classification,random,train,True,7.602059991327962,active
CHEMBL3645756,C=C[C@@H]1C[C@]1(NC(=O)[C@@H]1C[C@@]2(CN1C(=O)[C@@H](NC(=O)[C@@H](NC(=O)c1ccc3[nH]ccc3c1)C1CCCCC1)C(C)(C)C)C(C)(C)C21CCC1)C(=O)NS(=O)(=O)N1CCCC1,S(NCC1(NCC2N(CCNCC(NCc3ccc4[nH]ccc4c3)C5CCCCC5)CC6(C2)CC76CCC7)CC1)N8CCCC8,classification,random,train,True,7.698970004336019,active
CHEMBL3645750,C=C[C@@H]1C[C@]1(NC(=O)[C@@H]1C[C@@]2(CN1C(=O)[C@@H](NC(=O)[C@@H](NC(=O)c1cnn(-c3ccccc3)c1)C1CCCCC1)C(C)(C)C)C(C)(C)C21CCC1)C(=O)NS(=O)(=O)N1CCCC1,n1cc(cn1-c2ccccc2)CNC(CNCCN3CC4(CC3CNC5(CNSN6CCCC6)CC5)CC74CCC7)C8CCCCC8,classification,random,train,True,7.455931955649724,active
CHEMBL3645757,C=C[C@@H]1C[C@]1(NC(=O)[C@@H]1C[C@@]2(CN1C(=O)[C@@H](NC(=O)[C@@H](NC(=O)c1cc3ccccc3o1)C1CCCCC1)C(C)(C)C)C(C)(C)C21CCC1)C(=O)NS(=O)(=O)N1CCCC1,o1c2ccccc2cc1CNC(CNCCN3CC4(CC3CNC5(CNSN6CCCC6)CC5)CC74CCC7)C8CCCCC8,classification,random,train,True,7.259637310505756,active
CHEMBL3645759,C=C[C@@H]1C[C@]1(NC(=O)[C@@H]1C[C@@]2(CN1C(=O)[C@@H](NC(=O)[C@@H](NC(=O)[C@@H](OC)c1ccccc1)C1CCCCC1)C(C)(C)C)C(C)(C)C21CCC1)C(=O)NS(=O)(=O)N1CCCC1,S(NCC1(NCC2N(CCNCC(NCCc3ccccc3)C4CCCCC4)CC5(C2)CC65CCC6)CC1)N7CCCC7,classification,random,train,True,7.602059991327962,active
CHEMBL3645758,C=C[C@@H]1C[C@]1(NC(=O)[C@@H]1C[C@@]2(CN1C(=O)[C@@H](NC(=O)[C@@H](NC(=O)c1ccc3occc3c1)C1CCCCC1)C(C)(C)C)C(C)(C)C21CCC1)C(=O)NS(=O)(=O)N1CCCC1,o1ccc2cc(ccc12)CNC(CNCCN3CC4(CC3CNC5(CNSN6CCCC6)CC5)CC74CCC7)C8CCCCC8,classification,random,train,True,7.602059991327962,active
CHEMBL3645760,C=C[C@@H]1C[C@]1(NC(=O)[C@@H]1C[C@@]2(CN1C(=O)[C@@H](NC(=O)[C@@H](NC(=O)C1CCN(C(C)=O)CC1)C1CCCCC1)C(C)(C)C)C(C)(C)C21CCC1)C(=O)NS(=O)(=O)N1CCCC1,S(NCC1(NCC2N(CCNCC(NCC3CCNCC3)C4CCCCC4)CC5(C2)CC65CCC6)CC1)N7CCCC7,classification,random,train,True,8.0,active
CHEMBL3645761,C=C[C@@H]1C[C@]1(NC(=O)[C@@H]1C[C@@]2(CN1C(=O)[C@@H](NC(=O)[C@@H](NC(=O)c1nccc3ccccc13)C1CCCCC1)C(C)(C)C)C(C)(C)C21CCC1)C(=O)NS(=O)(=O)N1CCCC1,n1ccc2ccccc2c1CNC(CNCCN3CC4(CC3CNC5(CNSN6CCCC6)CC5)CC74CCC7)C8CCCCC8,classification,random,train,True,7.1249387366083,active
CHEMBL3645762,C=C[C@@H]1C[C@]1(NC(=O)[C@@H]1C[C@@]2(CN1C(=O)[C@@H](NC(=O)[C@@H](NC(=O)c1cnc3ccccc3c1)C1CCCCC1)C(C)(C)C)C(C)(C)C21CCC1)C(=O)NS(=O)(=O)N1CCCC1,n1cc(cc2ccccc12)CNC(CNCCN3CC4(CC3CNC5(CNSN6CCCC6)CC5)CC74CCC7)C8CCCCC8,classification,random,train,True,7.698970004336019,active
CHEMBL3645763,C=C[C@@H]1C[C@]1(NC(=O)[C@@H]1C[C@@]2(CN1C(=O)[C@@H](NC(=O)[C@@H](NC(=O)c1ccnc3ccccc13)C1CCCCC1)C(C)(C)C)C(C)(C)C21CCC1)C(=O)NS(=O)(=O)N1CCCC1,n1ccc(c2ccccc12)CNC(CNCCN3CC4(CC3CNC5(CNSN6CCCC6)CC5)CC74CCC7)C8CCCCC8,classification,random,train,True,7.397940008672037,active
CHEMBL3645765,C=C[C@@H]1C[C@]1(NC(=O)[C@@H]1C[C@@]2(CN1C(=O)[C@@H](NC(=O)[C@@H](NC(=O)c1cnc(C)cn1)C(C)CCC)C(C)(C)C)C(C)(C)C21CCC1)C(=O)NS(=O)(=O)N1CCCC1,n1ccnc(c1)CNCCNCCN2CC3(CC2CNC4(CNSN5CCCC5)CC4)CC63CCC6,classification,random,train,True,7.853871964321762,active
CHEMBL3645764,C=C[C@@H]1C[C@]1(NC(=O)[C@@H]1C[C@@]2(CN1C(=O)[C@@H](NC(=O)[C@@H](NC(=O)c1ccc3c(ccn3C)c1)C1CCCCC1)C(C)(C)C)C(C)(C)C21CCC1)C(=O)NS(=O)(=O)N1CCCC1,S(NCC1(NCC2N(CCNCC(NCc3ccc4[nH]ccc4c3)C5CCCCC5)CC6(C2)CC76CCC7)CC1)N8CCCC8,classification,random,train,True,7.397940008672037,active
CHEMBL3645766,C=C[C@@H]1C[C@]1(NC(=O)[C@@H]1C[C@@]2(CN1C(=O)[C@@H](NC(=O)[C@@H](NC(=O)CN(C)C)C1CCCCC1)C(C)(C)C)C(C)(C)C21CCC1)C(=O)NS(=O)(=O)N1CCCC1,S(NCC1(NCC2N(CCNCCC3CCCCC3)CC4(C2)CC54CCC5)CC1)N6CCCC6,classification,random,train,True,8.096910013008056,active
CHEMBL3648645,CCC1CC1(NC(=O)[C@@H]1C[C@@]2(CN1C(=O)[C@@H](NC(=O)C(NC(=O)[C@@H]1CCCCN1C(C)C)C1CCCCC1)C(C)(C)C)C(C)(C)C21CCC1)C(=O)NS(=O)(=O)N(CC)CC,N(CCN1CC2(CC1CNC3CC3)CC42CCC4)CC(NCC5NCCCC5)C6CCCCC6,classification,random,train,True,8.096910013008056,active
CHEMBL3785323,COc1ccc2nc(C(F)(F)F)c3c(c2c1)CC[C@]1(C[C@H]2C(=O)N[C@]4(C(=O)NS(=O)(=O)C5(C)CC5)C[C@H]4/C=C\CCCCC[C@H](NC(=O)OCC(C)C)C(=O)N2C1)O3,n1cc2OC3(CN4CCCCCCCC=CC5CC5(NCC4C3)CNSC6CC6)CCc2c7ccccc17,classification,random,train,True,11.0,active
CHEMBL3645767,C=C[C@@H]1C[C@]1(NC(=O)[C@@H]1C[C@@]2(CN1C(=O)[C@@H](NC(=O)[C@@H](NC(=O)c1cnon1)C1CCCCC1)C(C)(C)C)C(C)(C)C21CCC1)C(=O)NS(=O)(=O)N1CCCC1,n1onc(c1)CNC(CNCCN2CC3(CC2CNC4(CNSN5CCCC5)CC4)CC63CCC6)C7CCCCC7,classification,random,train,True,7.455931955649724,active
CHEMBL3786672,C=C[C@@H]1C[C@]1(NC(=O)[C@@H]1C[C@]2(CCc3c(c(C)nc4ccccc34)O2)CN1C(=O)[C@@H](NC(=O)OC(C)(C)C)C(C)(C)C)C(=O)NS(=O)(=O)C1(C)CC1,n1cc2OC3(CNC(CNC4(CNSC5CC5)CC4)C3)CCc2c6ccccc16,classification,random,train,True,10.337242168318426,active
CHEMBL3645768,C=C[C@@H]1C[C@]1(NC(=O)[C@@H]1C[C@@]2(CN1C(=O)[C@@H](NC(=O)[C@@H](NC(=O)CN1CCN(C)CC1)C1CCCCC1)C(C)(C)C)C(C)(C)C21CCC1)C(=O)NS(=O)(=O)N1CCCC1,S(NCC1(NCC2N(CCNCC(NCCN3CCNCC3)C4CCCCC4)CC5(C2)CC65CCC6)CC1)N7CCCC7,classification,random,train,True,7.698970004336019,active
CHEMBL3787419,C=C[C@@H]1C[C@]1(NC(=O)[C@@H]1C[C@@H](Oc2ccc3ccccc3n2)CN1C(=O)[C@@H](NC(=O)OC(C)(C)C)C(C)(C)C)C(=O)NS(=O)(=O)C1(C)CC1,n1c(OC2CNC(CNC3(CNSC4CC4)CC3)C2)ccc5ccccc15,classification,random,test,True,8.537602002101044,active
CHEMBL3787685,Cc1nc2ccccc2c2c1O[C@]1(CC2)C[C@H]2C(=O)N[C@]3(C(=O)NS(=O)(=O)C4(C)CC4)C[C@H]3/C=C\CCCCC[C@H](NC(=O)OC(C)(C)C)C(=O)N2C1,n1cc2OC3(CN4CCCCCCCC=CC5CC5(NCC4C3)CNSC6CC6)CCc2c7ccccc17,classification,random,train,True,10.080921907623926,active
CHEMBL3889513,CNC(=O)c1c(-c2ccc(F)cc2)oc2cc(N(C)S(C)(=O)=O)c(-c3ccc4ncn(Cc5ccc(F)cn5)c(=O)c4c3)cc12,n1ccccc1CN2C=Nc3ccc(cc3[CH]2)-c4ccc5oc(cc5c4)-c6ccccc6,classification,random,train,True,8.675306086138225,active
CHEMBL3890470,CNC(=O)c1c(-c2ccc(F)cc2)oc2cc(N(C)S(C)(=O)=O)c(-c3ccc4c(n3)C(=O)N(Cc3ccc(F)cc3)CC4)cc12,n1c(ccc2c1CN(Cc3ccccc3)CC2)-c4ccc5oc(cc5c4)-c6ccccc6,classification,random,train,True,9.278189384787453,active
CHEMBL3894421,CNC(=O)c1c(-c2ccc(F)cc2)oc2cc(N(C)S(C)(=O)=O)c(-c3cnc4ncn(-c5ccccc5F)c(=O)c4c3)cc12,n1cc(cc2[CH]N(C=Nc12)c3ccccc3)-c4ccc5oc(cc5c4)-c6ccccc6,classification,random,train,True,8.60049933868539,active
CHEMBL3895075,COc1cnc(O[C@@H]2C[C@@H](C(=O)N[C@]3(C(=O)NS(=O)(=O)C4CC4)C[C@H]3C3CC3)N(C(=O)[C@@H](NC(=O)OC(C)(C)C)C(C)(C)C)C2)c2cc(Cl)ccc12,n1ccc2ccccc2c1OC3CNC(CNC4(CNSC5CC5)CC4C6CC6)C3,classification,random,train,True,8.221848749616356,active
CHEMBL3890266,CC(C)Oc1ccc(-c2cc(O[C@@H]3C[C@H]4C(=O)N[C@]5(C(=O)NS(=O)(=O)C6(C)CC6)C[C@H]5/C=C\CC[C@H](C)C[C@@H](C)[C@H](NC(=O)OC(C)(C)C(F)(F)F)C(=O)N4C3)cc(-c3cncs3)n2)cc1,n1csc(c1)-c2nc(cc(OC3CN4CCCCCCCC=CC5CC5(NCC4C3)CNSC6CC6)c2)-c7ccccc7,classification,random,test,True,7.698970004336019,active
CHEMBL3895714,CNC(=O)c1c(-c2ccc(F)cc2)oc2cc(N(C)S(C)(=O)=O)c(-c3ccc4c(n3)C(=O)N(Cc3ccc(C#N)cc3)CO4)cc12,n1c(ccc2OCN(Cc3ccccc3)Cc12)-c4ccc5oc(cc5c4)-c6ccccc6,classification,random,train,True,8.407601153884436,active
CHEMBL3898973,CNC(=O)c1c(-c2ccc(F)cc2)oc2cc(N(C)S(C)(=O)=O)c(-c3ccc4ncn(Cc5ccc(F)cc5OC)c(=O)c4c3)cc12,N1=CN([CH]c2cc(ccc12)-c3ccc4oc(cc4c3)-c5ccccc5)Cc6ccccc6,classification,random,train,True,8.628747370875061,active
CHEMBL3901368,CNC(=O)c1c(-c2ccc(F)cc2)oc2cc(N(C)S(C)(=O)=O)c(-c3ccc4c(n3)C(=O)N(Cc3cccc(F)c3)CO4)cc12,n1c(ccc2OCN(Cc3ccccc3)Cc12)-c4ccc5oc(cc5c4)-c6ccccc6,classification,random,train,True,8.973466735476704,active
CHEMBL3904432,CNC(=O)c1c(-c2ccc(F)cc2)oc2cc(N(C)S(C)(=O)=O)c(-c3cnc4c(c3)C(=O)NC(C3CC3)N4)cc12,n1cc(cc2c1NC(NC2)C3CC3)-c4ccc5oc(cc5c4)-c6ccccc6,classification,random,train,True,7.406824736521897,active
CHEMBL3893915,C=C[C@@H]1C[C@]1(NC(=O)[C@@H]1C[C@]23CCc4c(c(nc5ccc(OC)cc45)CCCCC[C@@H]4C[C@H]4OC(=O)N[C@@H](C4(C)CCCCC4)C(=O)N1C2)O3)C(=O)NS(=O)(=O)C1CC1,n1c2ccccc2c3c4OC5(CN(CC(NCOC6CC6CCCCCc14)C7CCCCC7)C(CNC8(CNSC9CC9)CC8)C5)CC3,classification,random,train,True,10.30102999566398,active
CHEMBL3910003,CNC(=O)c1c(-c2ccc(F)cc2)oc2cc(N(C)S(C)(=O)=O)c(-c3ccc4c(n3)NC(c3cccc(F)c3)NC4=O)cc12,n1c(ccc2c1NC(NC2)c3ccccc3)-c4ccc5oc(cc5c4)-c6ccccc6,classification,random,train,True,8.427476902150362,active
CHEMBL3907906,C[C@H]1CC/C=C\[C@@H]2C[C@@]2(C(=O)NS(=O)(=O)C2(C)CC2)NC(=O)[C@@H]2C[C@@H](Oc3cc(-c4nccs4)nc(-c4nccs4)c3)CN2C(=O)[C@@H](NC(=O)OC(C)(C)C(F)(F)F)[C@H](C)C1,n1ccsc1-c2nc(cc(OC3CN4CCCCCCCC=CC5CC5(NCC4C3)CNSC6CC6)c2)-c7nccs7,classification,random,test,True,8.522878745280337,active
CHEMBL3903502,CC(C)Oc1ccc(-c2cc(O[C@@H]3C[C@H]4C(=O)N[C@]5(C(=O)NS(=O)(=O)C6(C)CC6)C[C@H]5/C=C\CC[C@H](C)C[C@@H](C)[C@H](NC(=O)OC(C)(C)C(F)(F)F)C(=O)N4C3)cc(-c3cnccn3)n2)cc1,n1ccnc(c1)-c2nc(cc(OC3CN4CCCCCCCC=CC5CC5(NCC4C3)CNSC6CC6)c2)-c7ccccc7,classification,random,train,True,7.229147988357855,active
CHEMBL3908571,CC(C)Oc1ccc(-c2cc(O[C@@H]3C[C@H]4C(=O)N[C@]5(C(=O)NS(=O)(=O)C6(C)CC6)C[C@H]5/C=C\CC[C@H](C)C[C@@H](C)[C@H](NC(=O)OC(C)(C)C(F)(F)F)C(=O)N4C3)cc(-n3cccn3)n2)cc1,n1cccn1-c2nc(cc(OC3CN4CCCCCCCC=CC5CC5(NCC4C3)CNSC6CC6)c2)-c7ccccc7,classification,random,train,True,6.705533773838407,active
CHEMBL3913046,CNC(=O)c1c(-c2ccc(F)cc2)oc2ccc(-c3ccc4c(n3)C(=O)N(Cc3ccc(F)cc3)CC4)cc12,n1c(ccc2c1CN(Cc3ccccc3)CC2)-c4ccc5oc(cc5c4)-c6ccccc6,classification,random,train,True,7.942333896090171,active
CHEMBL3911347,CC(C)Oc1ccc(-c2cc(Cl)cc(O[C@@H]3C[C@H]4C(=O)N[C@]5(C(=O)NS(=O)(=O)C6(C)CC6)C[C@H]5/C=C\CC[C@H](C)C[C@@H](C)[C@H](NC(=O)OC(C)(C)C(F)(F)F)C(=O)N4C3)n2)cc1,n1c(OC2CN3CCCCCCCC=CC4CC4(NCC3C2)CNSC5CC5)cccc1-c6ccccc6,classification,random,train,True,6.705533773838407,active
CHEMBL3913311,CNC(=O)c1c(-c2ccc(F)cc2)oc2ccc(-c3ccc4c(n3)C(=O)N(C(C)(C)c3ccc(F)cc3)CO4)cc12,n1c(ccc2OCN(Cc3ccccc3)Cc12)-c4ccc5oc(cc5c4)-c6ccccc6,classification,random,train,True,6.149782758201611,active
CHEMBL3915677,Cc1cc(O[C@@H]2C[C@H]3C(=O)N[C@]4(C(=O)NS(=O)(=O)C5(C)CC5)C[C@H]4/C=C\CC[C@H](C)C[C@@H](C)[C@H](NC(=O)OC(C)(C)C(F)(F)F)C(=O)N3C2)cc(-c2cncs2)n1,n1csc(c1)-c2nccc(OC3CN4CCCCCCCC=CC5CC5(NCC4C3)CNSC6CC6)c2,classification,random,train,True,6.705533773838407,active
CHEMBL3910307,CC(C)Oc1ccc(-c2cc(O[C@@H]3C[C@H]4C(=O)N[C@]5(C(=O)NS(=O)(=O)C6(C)CC6)C[C@H]5/C=C\CC[C@H](C)C[C@@H](C)[C@H](NC(=O)OC(C)(C)C(F)(F)F)C(=O)N4C3)cc(-c3ccccn3)n2)cc1,n1ccccc1-c2nc(cc(OC3CN4CCCCCCCC=CC5CC5(NCC4C3)CNSC6CC6)c2)-c7ccccc7,classification,random,train,True,7.698970004336019,active
CHEMBL3921185,C=CC(=O)NC[C@H](NC(=O)NC(C)(C)C)C(=O)N1CC2[C@@H]([C@H]1C(=O)NC(CC1CCC1)C(=O)C(N)=O)C2(C)C,N(CCC1CCC1)CC2NCC3CC23,classification,random,train,True,6.505845405981557,active
CHEMBL3921126,CC[C@@H]1C[C@]1(NC(=O)[C@@H]1C[C@@H](Oc2ncc(OC)c3ccc(Cl)cc23)CN1C(=O)[C@@H](NC(=O)OC(C)(C)C)C(C)(C)C)C(=O)NS(=O)(=O)C1CC1,n1ccc2ccccc2c1OC3CNC(CNC4(CNSC5CC5)CC4)C3,classification,random,train,True,8.301029995663981,active
CHEMBL3920030,CNC(=O)c1c(-c2ccc(F)cc2)oc2cc(N(C)S(C)(=O)=O)c(-c3ccc4c(n3)C(=O)N(Cc3ccccc3)CO4)cc12,n1c(ccc2OCN(Cc3ccccc3)Cc12)-c4ccc5oc(cc5c4)-c6ccccc6,classification,random,train,True,8.613501034449346,active
CHEMBL3922869,CNC(=O)c1c(-c2ccc(F)cc2)oc2cc(N(C)S(C)(=O)=O)c(-c3ccc4c(n3)C(=O)N(c3ccc(F)cc3)CO4)cc12,n1c(ccc2OCN(c3ccccc3)Cc12)-c4ccc5oc(cc5c4)-c6ccccc6,classification,random,train,True,8.476123524361869,active
CHEMBL3924454,C=C[C@@H]1C[C@]1(NC(=O)[C@@H]1C[C@]23CCc4c(c(nc5ccc(OC)cc45)CCCCC[C@@H]4CCC[C@H]4OC(=O)N[C@@H](C(C)(C)C)C(=O)N1C2)O3)C(=O)NS(=O)(=O)C1CC1,n1c2ccccc2c3c4OC5(CN(CCNCOC6CCCC6CCCCCc14)C(CNC7(CNSC8CC8)CC7)C5)CC3,classification,random,test,True,10.522878745280336,active
CHEMBL3925436,CNC(=O)c1c(-c2ccc(F)cc2)oc2cc(N(C)S(C)(=O)=O)c(-c3ccc4nc(C)n(Cc5ccc(F)cc5)c(=O)c4n3)cc12,N1=CN([CH]c2nc(ccc12)-c3ccc4oc(cc4c3)-c5ccccc5)Cc6ccccc6,classification,random,test,True,8.698102282804792,active
CHEMBL3915464,COc1ccc2nc3c4c(c2c1)CC[C@]1(C[C@H]2C(=O)N[C@]5(C(=O)NS(=O)(=O)C6(C)CC6)C[C@H]5/C=C\CCCCC[C@H](NC(=O)O[C@@H]5CCC[C@H]5CCCCC3)C(=O)N2C1)O4,n1c2ccccc2c3c4OC5(CN6CC(NCOC7CCCC7CCCCCc14)CCCCCC=CC8CC8(NCC6C5)CNSC9CC9)CC3,classification,random,test,True,10.30102999566398,active
CHEMBL3925629,CNC(=O)c1c(-c2ccc(F)cc2)oc2cc(N(C)S(C)(=O)=O)c(-c3ccc4oc(=O)n(Cc5ccc(F)cc5)c(=O)c4n3)cc12,n1c(ccc2OCN(Cc3ccccc3)Cc12)-c4ccc5oc(cc5c4)-c6ccccc6,classification,random,train,True,7.444905551421681,active
CHEMBL3927052,CNC(=O)c1c(-c2ccc(F)cc2)oc2cc(N(C)S(C)(=O)=O)c(-c3ccc4nnn(Cc5ccc(F)cc5OC)c(=O)c4c3)cc12,N1=NN([CH]c2cc(ccc12)-c3ccc4oc(cc4c3)-c5ccccc5)Cc6ccccc6,classification,random,train,True,7.695509472226512,active
CHEMBL3927196,CC(C)=CC(=O)CC[C@H](NC(=O)OC(C)(C)C)C(=O)N1CC2[C@@H]([C@H]1C(=O)NC(CC1CCC1)C(=O)C(N)=O)C2(C)C,N(CCC1CCC1)CC2NCC3CC23,classification,random,test,True,7.602059991327962,active
CHEMBL3927591,CNC(=O)c1c(-c2ccc(F)cc2)oc2cc(N(C)S(C)(=O)=O)c(-c3ccc4nnn(Cc5ccccc5)c(=O)c4c3)cc12,N1=NN([CH]c2cc(ccc12)-c3ccc4oc(cc4c3)-c5ccccc5)Cc6ccccc6,classification,random,test,True,8.023100049017062,active
CHEMBL3930991,CNC(=O)c1c(-c2ccc(F)cc2)oc2cc(N(C)S(C)(=O)=O)c(-c3ccc4nc(COC)n(Cc5ccc(F)cc5)c(=O)c4c3)cc12,N1=CN([CH]c2cc(ccc12)-c3ccc4oc(cc4c3)-c5ccccc5)Cc6ccccc6,classification,random,train,True,8.610833915635467,active
CHEMBL3928647,C=C[C@@H]1C[C@]1(NC(=O)[C@@H]1C[C@]23CCc4c(c(nc5ccc(OC)cc45)CCCCC[C@@H]4C[C@H]4OC(=O)N[C@@H](C(C)(C)C)C(=O)N1C2)O3)C(=O)NS(=O)(=O)C1CC1,n1c2ccccc2c3c4OC5(CN(CCNCOC6CC6CCCCCc14)C(CNC7(CNSC8CC8)CC7)C5)CC3,classification,random,test,True,10.69897000433602,active
CHEMBL3932292,CNC(=O)c1c(-c2ccc(F)cc2)oc2cc(N(C)S(C)(=O)=O)c(-c3cc4c(cn3)OCN(Cc3ccc(F)cc3)C4=O)cc12,n1cc2OCN(Cc3ccccc3)Cc2cc1-c4ccc5oc(cc5c4)-c6ccccc6,classification,random,train,True,8.52973655303492,active
CHEMBL3936097,CNC(=O)c1c(-c2ccc(F)cc2)oc2cc(N(C)S(C)(=O)=O)c(-c3ccc4nnn([C@@H](C)c5ccc(F)cc5)c(=O)c4c3)cc12,N1=NN([CH]c2cc(ccc12)-c3ccc4oc(cc4c3)-c5ccccc5)Cc6ccccc6,classification,random,train,True,7.756961951313706,active
CHEMBL3933634,CC(C)Oc1ccc(-c2cc(O[C@@H]3C[C@H]4C(=O)N[C@]5(C(=O)NS(=O)(=O)C6(C)CC6)C[C@H]5/C=C\CC[C@H](C)C[C@@H](C)[C@H](NC(=O)OC(C)(C)C(F)(F)F)C(=O)N4C3)cc(-c3cccnc3)n2)cc1,n1cccc(c1)-c2nc(cc(OC3CN4CCCCCCCC=CC5CC5(NCC4C3)CNSC6CC6)c2)-c7ccccc7,classification,random,train,True,7.698970004336019,active
CHEMBL3933699,CC(C)Oc1ccc(-c2cc(O[C@@H]3C[C@H]4C(=O)N[C@]5(C(=O)NS(=O)(=O)C6(C)CC6)C[C@H]5/C=C\CC[C@H](C)C[C@@H](C)[C@H](NC(=O)OC(C)(C)C(F)(F)F)C(=O)N4C3)cc(-c3ncccn3)n2)cc1,n1cccnc1-c2nc(cc(OC3CN4CCCCCCCC=CC5CC5(NCC4C3)CNSC6CC6)c2)-c7ccccc7,classification,random,train,True,7.698970004336019,active
CHEMBL3938855,CNC(=O)c1c(-c2ccc(F)cc2)oc2cc(N(C)S(C)(=O)=O)c(-c3cnc4ncn(Cc5ccc(F)cc5)c(=O)c4c3)cc12,n1cc(cc2[CH]N(C=Nc12)Cc3ccccc3)-c4ccc5oc(cc5c4)-c6ccccc6,classification,random,train,True,8.589897923357139,active
CHEMBL3941710,CNC(=O)c1c(-c2ccc(F)cc2)oc2cc(N(C)S(C)(=O)=O)c(-c3cnc4c(c3)C(=O)N(Cc3ccc(F)cc3)CN4)cc12,n1cc(cc2c1NCN(Cc3ccccc3)C2)-c4ccc5oc(cc5c4)-c6ccccc6,classification,random,train,True,8.7956086680807,active
CHEMBL3942127,CNC(=O)c1c(-c2ccc(F)cc2)oc2cc(N(C)S(C)(=O)=O)c(-c3cc4c(=O)n(Cc5ccc(F)cc5)nnc4cc3F)cc12,N1=NN([CH]c2cc(ccc12)-c3ccc4oc(cc4c3)-c5ccccc5)Cc6ccccc6,classification,random,test,True,8.58352592089978,active
CHEMBL3945713,CNC(=O)c1c(-c2ccc(F)cc2)oc2cc(N(C)S(C)(=O)=O)c(-c3cnc4ncn(-c5ccc(F)cc5)c(=O)c4c3)cc12,n1cc(cc2[CH]N(C=Nc12)c3ccccc3)-c4ccc5oc(cc5c4)-c6ccccc6,classification,random,test,True,8.384786665198641,active
CHEMBL3943429,C=C[C@@H]1C[C@]1(NC(=O)[C@@H]1C[C@]23CCc4c(c(nc5ccc(OC)cc45)CCCCC[C@@H]4CCC[C@H]4OC(=O)N[C@@H](C(C)(C)C)C(=O)N1C2)O3)C(=O)NS(=O)(=O)C1(C)CC1,n1c2ccccc2c3c4OC5(CN(CCNCOC6CCCC6CCCCCc14)C(CNC7(CNSC8CC8)CC7)C5)CC3,classification,random,train,True,10.397940008672036,active
CHEMBL3946725,CNC(=O)c1c(-c2ccc(F)cc2)oc2cc(N(C)S(C)(=O)=O)c(-c3ccc4nc(C)n(Cc5ccc(F)cc5F)c(=O)c4n3)cc12,N1=CN([CH]c2nc(ccc12)-c3ccc4oc(cc4c3)-c5ccccc5)Cc6ccccc6,classification,random,train,True,8.440213031799443,active
CHEMBL3946059,CC(C)Oc1ccc(-c2cc(O[C@@H]3C[C@H]4C(=O)N[C@]5(C(=O)NS(=O)(=O)C6(C)CC6)C[C@H]5/C=C\CC[C@H](C)C[C@@H](C)[C@H](NC(=O)OC(C)(C)C(F)(F)F)C(=O)N4C3)cc(-c3nccs3)n2)cc1,n1ccsc1-c2nc(cc(OC3CN4CCCCCCCC=CC5CC5(NCC4C3)CNSC6CC6)c2)-c7ccccc7,classification,random,train,True,7.698970004336019,active
CHEMBL3947642,CNC(=O)c1c(-c2ccc(F)cc2)oc2cc(N(C)S(C)(=O)=O)c(-c3ccc4c(n3)C(=O)N(C(C)c3ccc(F)cc3)CO4)cc12,n1c(ccc2OCN(Cc3ccccc3)Cc12)-c4ccc5oc(cc5c4)-c6ccccc6,classification,random,train,True,9.00850811108984,active
CHEMBL3947778,CNC(=O)c1c(-c2ccc(F)cc2)oc2cc(N(C)S(C)(=O)=O)c(-c3ccc4nc(C)n([C@@H](COC)c5ccc(F)cc5)c(=O)c4n3)cc12,N1=CN([CH]c2nc(ccc12)-c3ccc4oc(cc4c3)-c5ccccc5)Cc6ccccc6,classification,random,train,True,8.530619864150076,active
CHEMBL3949157,CNC(=O)c1c(-c2ccc(F)cc2)oc2cc(N(C)S(C)(=O)=O)c(-c3cc4c(=O)n(Cc5ccc(F)cc5)nnc4cc3Cl)cc12,N1=NN([CH]c2cc(ccc12)-c3ccc4oc(cc4c3)-c5ccccc5)Cc6ccccc6,classification,random,train,True,8.116225038644743,active
CHEMBL3949455,CNC(=O)c1c(-c2ccc(F)cc2)oc2cc(N(C)S(C)(=O)=O)c(-c3ccc4c(n3)C(=O)N(Cc3ccc(Cl)cc3)CO4)cc12,n1c(ccc2OCN(Cc3ccccc3)Cc12)-c4ccc5oc(cc5c4)-c6ccccc6,classification,random,train,True,9.114751892218614,active
CHEMBL3924668,CC(C)Oc1ccc(-c2cc(O[C@@H]3C[C@H]4C(=O)N[C@]5(C(=O)NS(=O)(=O)C6(C)CC6)C[C@H]5/C=C\CC[C@H](C)C[C@@H](C)[C@H](NC(=O)OC5(C(F)(F)F)CCCOC5)C(=O)N4C3)cc(-c3cncs3)n2)cc1,n1csc(c1)-c2nc(cc(OC3CN4CC(NCOC5COCCC5)CCCCCC=CC6CC6(NCC4C3)CNSC7CC7)c2)-c8ccccc8,classification,random,train,True,7.698970004336019,active
CHEMBL3949897,CNC(=O)c1c(-c2ccc(F)cc2)oc2cc(N(C)S(C)(=O)=O)c(-c3ccc4ncn(Cc5ccccc5)c(=O)c4c3)cc12,N1=CN([CH]c2cc(ccc12)-c3ccc4oc(cc4c3)-c5ccccc5)Cc6ccccc6,classification,random,test,True,8.204467557289846,active
CHEMBL3949927,CNC(=O)c1c(-c2ccc(F)cc2)oc2cc(N(C)S(C)(=O)=O)c(-c3ccc4c(c3)C(=O)N(Cc3ccc(F)cc3)CC4)cc12,o1c2ccc(cc2cc1-c3ccccc3)-c4ccc5c(c4)CN(Cc6ccccc6)CC5,classification,random,train,True,8.767257937279263,active
CHEMBL3954316,CNC(=O)c1c(-c2ccc(F)cc2)oc2cc(N(C)S(C)(=O)=O)c(-c3ccc4c(n3)C(=O)N(c3cccc(F)c3)CO4)cc12,n1c(ccc2OCN(c3ccccc3)Cc12)-c4ccc5oc(cc5c4)-c6ccccc6,classification,random,train,True,8.54637592640855,active
CHEMBL3954962,C=CC(=O)NC[C@H](NC(=O)[C@@H](NC(=O)c1cnccn1)C1CCCCC1)C(=O)N1C[C@@H]2CCC[C@@H]2[C@H]1C(=O)N[C@@H](CCC)C(OC(=O)C(F)(F)F)C(=O)NC1CC1,n1ccnc(c1)CNC(CNCCN2CC3CCCC3C2CNCCCNC4CC4)C5CCCCC5,classification,random,train,True,6.3851027839668655,active
CHEMBL3955209,CNC(=O)c1c(-c2ccc(F)cc2)oc2cc(N(C)S(C)(=O)=O)c(-c3ccc4nnn([C@@H](COC)c5ccc(F)cc5)c(=O)c4c3)cc12,N1=NN([CH]c2cc(ccc12)-c3ccc4oc(cc4c3)-c5ccccc5)Cc6ccccc6,classification,random,train,True,7.789949150124863,active
CHEMBL3955887,CNC(=O)c1c(-c2ccc(F)cc2)oc2cc(N(C)S(C)(=O)=O)c(-c3ccc4c(n3)C(=O)N(Cc3ccc(F)cc3)CO4)cc12,n1c(ccc2OCN(Cc3ccccc3)Cc12)-c4ccc5oc(cc5c4)-c6ccccc6,classification,random,train,True,8.713768145971446,active
CHEMBL3957232,CNC(=O)c1c(-c2ccc(F)cc2)oc2cc(N(C)S(C)(=O)=O)c(-c3ccc4c(n3)C(=O)N(Cc3ccc(OC)cc3)CO4)cc12,n1c(ccc2OCN(Cc3ccccc3)Cc12)-c4ccc5oc(cc5c4)-c6ccccc6,classification,random,train,True,8.79805693659835,active
CHEMBL3956226,C=C[C@@H]1C[C@]1(NC(=O)[C@@H]1C[C@]23CCc4c(c(nc5ccc(OC)cc45)CCCCC[C@@H]4C[C@H]4OC(=O)N[C@@H](C(C)(C)C)C(=O)N1C2)O3)C(=O)NS(=O)(=O)C1(C)CC1,n1c2ccccc2c3c4OC5(CN(CCNCOC6CC6CCCCCc14)C(CNC7(CNSC8CC8)CC7)C5)CC3,classification,random,train,True,10.30102999566398,active
CHEMBL3952146,C=C[C@@H]1C[C@]1(NC(=O)[C@@H]1C[C@]23CCc4c(c(nc5ccc(OC)cc45)CCCCC[C@@H]4C[C@H]4OC(=O)N[C@@H](C4(C)CCCCC4)C(=O)N1C2)O3)C(=O)NS(=O)(=O)C1(C)CC1,n1c2ccccc2c3c4OC5(CN(CC(NCOC6CC6CCCCCc14)C7CCCCC7)C(CNC8(CNSC9CC9)CC8)C5)CC3,classification,random,train,True,10.154901959985745,active
CHEMBL3958500,CNC(=O)c1c(-c2ccc(F)cc2)oc2cc(N(C)S(C)(=O)=O)c(-c3ccc4nc(CNC(C)=O)n(Cc5ccc(F)cc5)c(=O)c4c3)cc12,N1=CN([CH]c2cc(ccc12)-c3ccc4oc(cc4c3)-c5ccccc5)Cc6ccccc6,classification,random,train,True,8.630227711403037,active
CHEMBL3960822,CNC(=O)c1c(-c2ccc(F)cc2)oc2cc(N(C)S(C)(=O)=O)c(-c3cnc4nc[nH]c(=O)c4n3)cc12,n1cnc2ncc(nc2c1)-c3ccc4oc(cc4c3)-c5ccccc5,classification,random,test,True,6.452348341640031,active
CHEMBL3959793,CNC(=O)c1c(-c2ccc(F)cc2)oc2cc(N(C)S(C)(=O)=O)c(-c3cnc4ncn(-c5cccc(F)c5)c(=O)c4n3)cc12,n1cc(nc2[CH]N(C=Nc12)c3ccccc3)-c4ccc5oc(cc5c4)-c6ccccc6,classification,random,train,True,8.379863945026242,active
CHEMBL3960796,CNC(=O)c1c(-c2ccc(F)cc2)oc2cc(N(C)S(C)(=O)=O)c(-c3ccc4nnn(Cc5ccc(F)cc5)c(=O)c4c3)cc12,N1=NN([CH]c2cc(ccc12)-c3ccc4oc(cc4c3)-c5ccccc5)Cc6ccccc6,classification,random,train,True,8.2503409679051,active
CHEMBL3961240,CNC(=O)c1c(-c2ccc(F)cc2)oc2cc(N(C)S(C)(=O)=O)c(-c3cc(OC)c4nnn(Cc5ccc(F)cc5)c(=O)c4c3)cc12,N1=NN([CH]c2cc(ccc12)-c3ccc4oc(cc4c3)-c5ccccc5)Cc6ccccc6,classification,random,train,True,9.106959888042882,active
CHEMBL3961836,CNC(=O)c1c(-c2ccc(F)cc2)oc2cc(N(C)S(C)(=O)=O)c(-c3ccc4nc(C)n(Cc5ccc(F)cc5)c(=O)c4c3)cc12,N1=CN([CH]c2cc(ccc12)-c3ccc4oc(cc4c3)-c5ccccc5)Cc6ccccc6,classification,random,train,True,8.713543530253018,active
CHEMBL3963867,CNC(=O)c1c(-c2ccc(F)cc2)oc2cc(N(C)S(C)(=O)=O)c(-c3ccc4c(n3)C(=O)N(CCc3ccccc3)CO4)cc12,n1c(ccc2OCN(Cc12)CCc3ccccc3)-c4ccc5oc(cc5c4)-c6ccccc6,classification,random,train,True,7.817585347565446,active
CHEMBL3964459,CNC(=O)c1c(-c2ccc(F)cc2)oc2cc(N(C)S(C)(=O)=O)c(-c3ccc4nnn(Cc5ccc(F)cn5)c(=O)c4c3)cc12,N1=NN([CH]c2cc(ccc12)-c3ccc4oc(cc4c3)-c5ccccc5)Cc6ncccc6,classification,random,train,True,8.22395292881822,active
CHEMBL3962860,CC[C@@H]1C[C@]1(NC(=O)[C@@H]1C[C@]23CCc4c(c(nc5ccc(OC)cc45)CCCCC[C@@H]4C[C@H]4OC(=O)N[C@@H](C(C)(C)C)C(=O)N1C2)O3)C(=O)NS(=O)(=O)C1CC1,n1c2ccccc2c3c4OC5(CN(CCNCOC6CC6CCCCCc14)C(CNC7(CNSC8CC8)CC7)C5)CC3,classification,random,train,True,10.096910013008056,active
CHEMBL3966786,CNC(=O)c1c(-c2ccc(F)cc2)oc2cc(N(C)S(C)(=O)=O)c(-c3cnc4c(c3)C(=O)NC(c3cccs3)N4)cc12,n1cc(cc2c1NC(NC2)c3sccc3)-c4ccc5oc(cc5c4)-c6ccccc6,classification,random,train,True,7.4070464284521345,active
CHEMBL3967005,CNC(=O)c1c(-c2ccc(F)cc2)oc2cc(N(C)S(C)(=O)=O)c(-c3ccc4c(n3)C(=O)N(Cc3ccccc3F)CO4)cc12,n1c(ccc2OCN(Cc3ccccc3)Cc12)-c4ccc5oc(cc5c4)-c6ccccc6,classification,random,train,True,8.582030357785262,active
CHEMBL3968491,CNC(=O)c1c(-c2ccc(F)cc2)oc2cc(N(C)S(C)(=O)=O)c(-c3ccc4nnn(C(CO)c5ccccc5)c(=O)c4c3)cc12,N1=NN([CH]c2cc(ccc12)-c3ccc4oc(cc4c3)-c5ccccc5)Cc6ccccc6,classification,random,train,True,8.015067833932587,active
CHEMBL3969256,CNC(=O)c1c(-c2ccc(F)cc2)oc2cc(N(C)S(C)(=O)=O)c(-c3ccc4ncn(-c5ccccc5)c(=O)c4c3)cc12,N1=CN([CH]c2cc(ccc12)-c3ccc4oc(cc4c3)-c5ccccc5)c6ccccc6,classification,random,train,True,8.553773598221836,active
CHEMBL3972082,CNC(=O)c1c(-c2ccc(F)cc2)oc2cc(N(C)S(C)(=O)=O)c(-c3cnc4nc(-c5cccc(F)c5)[nH]c(=O)c4c3)cc12,n1cc2cc(cnc2nc1-c3ccccc3)-c4ccc5oc(cc5c4)-c6ccccc6,classification,random,train,True,7.313989708684715,active
CHEMBL3973328,C[C@H]1CC/C=C\[C@@H]2C[C@@]2(C(=O)NS(=O)(=O)C2(C)CC2)NC(=O)[C@@H]2C[C@@H](Oc3cc(-c4nccs4)ccn3)CN2C(=O)[C@@H](NC(=O)OC(C)(C)C(F)(F)F)[C@H](C)C1,n1ccc(cc1OC2CN3CCCCCCCC=CC4CC4(NCC3C2)CNSC5CC5)-c6nccs6,classification,random,train,True,7.698970004336019,active
CHEMBL3972861,CNC(=O)c1c(-c2ccc(F)cc2)oc2cc(N(C)S(C)(=O)=O)c(-c3ccc4nc(C)n(Cc5ccc(F)cc5OC)c(=O)c4n3)cc12,N1=CN([CH]c2nc(ccc12)-c3ccc4oc(cc4c3)-c5ccccc5)Cc6ccccc6,classification,random,train,True,8.045950553236406,active
CHEMBL3974309,CNC(=O)c1c(-c2ccc(F)cc2)oc2cc(N(C)S(C)(=O)=O)c(-c3cnc4ncn(-c5cccc(F)c5)c(=O)c4c3)cc12,n1cc(cc2[CH]N(C=Nc12)c3ccccc3)-c4ccc5oc(cc5c4)-c6ccccc6,classification,random,train,True,8.489454989793387,active
CHEMBL3969610,CC(C)Oc1ccc(-c2cc(O[C@@H]3C[C@H]4C(=O)N[C@]5(C(=O)NS(=O)(=O)C6(C)CC6)C[C@H]5/C=C\CC[C@H](C)C[C@@H](C)[C@H](NC(=O)OC(C)(C)C(F)(F)F)C(=O)N4C3)cc(-c3ccncc3)n2)cc1,n1ccc(cc1)-c2nc(cc(OC3CN4CCCCCCCC=CC5CC5(NCC4C3)CNSC6CC6)c2)-c7ccccc7,classification,random,train,True,7.698970004336019,active
CHEMBL3974920,CNC(=O)c1c(-c2ccc(F)cc2)oc2cc(N(C)S(C)(=O)=O)c(-c3ccc4c(n3)C(=O)N(Cc3ccc(F)cc3)C4)cc12,n1c(ccc2c1CN(Cc3ccccc3)C2)-c4ccc5oc(cc5c4)-c6ccccc6,classification,random,train,True,9.052762392129331,active
CHEMBL3975365,CNC(=O)c1c(-c2ccc(F)cc2)oc2cc(N(C)S(C)(=O)=O)c(-c3ccc4c(n3)C(=O)N(Cc3ccc(F)cn3)CO4)cc12,n1ccccc1CN2COc3ccc(nc3C2)-c4ccc5oc(cc5c4)-c6ccccc6,classification,random,train,True,8.114638779968487,active
CHEMBL3978274,CC(C)Oc1ccc(-c2cc(Cl)cc(O[C@@H]3C[C@H]4C(=O)N[C@]5(C(=O)NS(=O)(=O)C6(C)CC6)C[C@H]5/C=C\CC[C@H](C)C[C@@H](C)[C@H](NC(=O)OC(C)(C)C)C(=O)N4C3)n2)cc1,n1c(OC2CN3CCCCCCCC=CC4CC4(NCC3C2)CNSC5CC5)cccc1-c6ccccc6,classification,random,train,True,6.705533773838407,active
CHEMBL3978278,CNC(=O)c1c(-c2ccc(F)cc2)oc2cc(N(C)S(C)(=O)=O)c(-c3cc(C)c4nnn(Cc5ccc(F)cc5)c(=O)c4c3)cc12,N1=NN([CH]c2cc(ccc12)-c3ccc4oc(cc4c3)-c5ccccc5)Cc6ccccc6,classification,random,train,True,8.15002808767115,active
CHEMBL3974785,COc1cccc(-c2cc(O[C@@H]3C[C@H]4C(=O)N[C@]5(C(=O)NS(=O)(=O)C6(C)CC6)C[C@H]5/C=C\CC[C@H](C)C[C@@H](C)[C@H](NC(=O)OC(C)(C)C(F)(F)F)C(=O)N4C3)cc(-c3ccc(OC(C)C)cc3)n2)n1,n1ccccc1-c2nc(cc(OC3CN4CCCCCCCC=CC5CC5(NCC4C3)CNSC6CC6)c2)-c7ccccc7,classification,random,test,True,7.698970004336019,active
CHEMBL3982540,CNC(=O)c1c(-c2ccc(F)cc2)oc2cc(N(C)S(C)(=O)=O)c(-c3ccc4ncn(-c5ccccc5F)c(=O)c4n3)cc12,N1=CN([CH]c2nc(ccc12)-c3ccc4oc(cc4c3)-c5ccccc5)c6ccccc6,classification,random,train,True,8.230105964187832,active
CHEMBL3982915,CNC(=O)c1c(-c2ccc(F)cc2)oc2cc(N(C)S(C)(=O)=O)c(-c3ccc4ccn(Cc5ccc(F)cc5)c(=O)c4c3)cc12,o1c2ccc(cc2cc1-c3ccccc3)-c4ccc5C=CN(Cc6ccccc6)Cc5c4,classification,random,train,True,8.943476275920899,active
CHEMBL3983582,C=CC(=O)NC[C@H](NC(=O)[C@@H](NC(=O)c1cnccn1)C1CCCCC1)C(=O)N1C[C@@H]2CCC[C@@H]2[C@H]1C(=O)N[C@@H](CCC)C(=O)C(=O)NC1CC1,n1ccnc(c1)CNC(CNCCN2CC3CCCC3C2CNCCCNC4CC4)C5CCCCC5,classification,random,train,True,7.008773924307505,active
CHEMBL3983489,CNC(=O)c1c(-c2ccc(F)cc2)oc2cc(N(C)S(C)(=O)=O)c(-c3cc(OC)c4nc(C)n(Cc5ccc(F)cc5)c(=O)c4c3)cc12,N1=CN([CH]c2cc(ccc12)-c3ccc4oc(cc4c3)-c5ccccc5)Cc6ccccc6,classification,random,train,True,8.177505014721248,active
CHEMBL3986495,CNC(=O)c1c(-c2ccc(F)cc2)oc2cc(N(C)S(C)(=O)=O)c(-c3cc4c(=O)n(Cc5ccc(F)cc5)nnc4cc3C)cc12,N1=NN([CH]c2cc(ccc12)-c3ccc4oc(cc4c3)-c5ccccc5)Cc6ccccc6,classification,random,train,True,8.18876022724671,active
CHEMBL3986806,CNC(=O)c1c(-c2ccc(F)cc2)oc2cc(N(C)S(C)(=O)=O)c(-c3cnc4c(c3)C(=O)N(Cc3ccc(F)cc3)CO4)cc12,n1cc(cc2c1OCN(Cc3ccccc3)C2)-c4ccc5oc(cc5c4)-c6ccccc6,classification,random,train,True,8.686343653381968,active
CHEMBL405033,COc1cccc(CNC(=O)C(=O)[C@@H](CC(F)(F)F)NC(=O)[C@H](CC(C)C)NC(=O)[C@@H](NC(=O)[C@H](Cc2ccccc2C)NC(=O)[C@H](CCC(=O)O)NC(=O)[C@H](CC(=O)O)NC(=O)CCC(=O)O)C(C)(C)C)c1,c1ccc(cc1)CNCCCNCCNCCNCCCc2ccccc2,classification,random,train,True,8.221848749616356,active
CHEMBL405304,CC[C@H](NC(=O)C(=O)[C@@H](CC(F)(F)F)NC(=O)[C@H](CC(C)C)NC(=O)[C@@H](NC(=O)[C@H](Cc1ccccc1C)NC(=O)[C@H](CCC(=O)O)NC(=O)[C@H](CC(=O)O)NC(=O)CCC(=O)O)C(C)(C)C)c1ccccc1,c1ccc(cc1)CNCCCNCCNCCNCCCc2ccccc2,classification,random,train,True,8.154901959985743,active
CHEMBL406457,CC(=O)N[C@@H](CC(=O)O)C(=O)N[C@@H](CCC(=O)O)C(=O)N[C@H](C(=O)N[C@@H](CCC(=O)O)C(=O)N[C@@H](CC1CCCCC1)C(=O)N[C@@H](CC(F)F)C(=O)C(=O)NCc1ccccc1)C(c1ccccc1)c1ccccc1,c1ccc(cc1)CNCCCNCC(NCCNCCC(c2ccccc2)c3ccccc3)CC4CCCCC4,classification,random,train,True,8.698970004336019,active
CHEMBL409677,CC(=O)N[C@@H](CC(=O)O)C(=O)N[C@@H](CCC(=O)O)C(=O)N[C@H](C(=O)N[C@@H](CCC(=O)O)C(=O)N[C@@H](CC1CCCCC1)C(=O)N[C@@H](CC(F)F)C(=O)NCCc1ccccc1)C(c1ccccc1)c1ccccc1,c1ccc(cc1)CCNCCNCC(NCCNCCC(c2ccccc2)c3ccccc3)CC4CCCCC4,classification,random,test,True,8.397940008672037,active
CHEMBL4106927,C[C@@H]1CC/C=C\[C@@H]2C[C@@]2(C(=O)NS(=O)(=O)C2CC2)NC(=O)[C@@H]2C[C@@H](Oc3cc(Cl)ccn3)CN2C(=O)[C@@H](NC(=O)OC(C)(C)C(F)(F)F)[C@H](C)C1,n1ccccc1OC2CN3CCCCCCCC=CC4CC4(NCC3C2)CNSC5CC5,classification,random,train,True,7.698970004336019,active
CHEMBL4106471,CC[C@@H]1O[C@H](C)CC/C=C\[C@@H]2C[C@@]2(C(=O)NS(=O)(=O)C2(C)CC2)NC(=O)[C@@H]2C[C@@H](Oc3cc(-c4ccc(C(F)(F)F)cc4)nc(-c4nccs4)c3)CN2C(=O)[C@H]1NC(=O)OC(C)(C)C(F)(F)F,n1ccsc1-c2nc(cc(OC3CN4CCCOCCCC=CC5CC5(NCC4C3)CNSC6CC6)c2)-c7ccccc7,classification,random,test,True,8.522878745280337,active
CHEMBL4106508,CC(C)Oc1ccc(-c2cc(O[C@@H]3C[C@H]4C(=O)N[C@]5(C(=O)NS(=O)(=O)C6(C)CC6)C[C@H]5/C=C\CC[C@@H](C)C[C@@H](C)[C@H](NC(=O)OC(C)(C)C(F)(F)F)C(=O)N4C3)cc(-c3nccs3)n2)cn1,n1cccc(c1)-c2nc(cc(OC3CN4CCCCCCCC=CC5CC5(NCC4C3)CNSC6CC6)c2)-c7nccs7,classification,random,train,True,8.522878745280337,active
CHEMBL4107024,CC[C@@H]1C[C@H](C)CC/C=C\[C@@H]2C[C@@]2(C(=O)NS(=O)(=O)C2CC2)NC(=O)[C@@H]2C[C@@H](Oc3cc(-c4ccc(C(F)(F)F)cc4)nc(-c4nccs4)c3)CN2C(=O)[C@H]1NC(=O)OC(C)(C)C(F)(F)F,n1ccsc1-c2nc(cc(OC3CN4CCCCCCCC=CC5CC5(NCC4C3)CNSC6CC6)c2)-c7ccccc7,classification,random,train,True,8.522878745280337,active
CHEMBL4107186,CNC(=O)c1c(-c2ccc(F)cc2)oc2cc(N(C)S(C)(=O)=O)c(-c3ccc4nc(C)n([C@H](COC)c5ccc(F)cc5)c(=O)c4n3)cc12,N1=CN([CH]c2nc(ccc12)-c3ccc4oc(cc4c3)-c5ccccc5)Cc6ccccc6,classification,random,train,True,8.42388910587916,active
CHEMBL4107153,CC(C)Oc1ccc(-c2cc(O[C@@H]3C[C@H]4C(=O)N[C@]5(C(=O)NS(=O)(=O)C6(C)CC6)C[C@H]5/C=C\CC[C@@H](C)C[C@@H](C)[C@H](NC(=O)OC(C)(C)C(F)(F)F)C(=O)N4C3)cc(-c3ncccn3)n2)cc1,n1cccnc1-c2nc(cc(OC3CN4CCCCCCCC=CC5CC5(NCC4C3)CNSC6CC6)c2)-c7ccccc7,classification,random,train,True,8.522878745280337,active
CHEMBL4107364,CC[C@@H]1O[C@H](C)CC/C=C\[C@@H]2C[C@@]2(C(=O)NS(=O)(=O)C2(C)CC2)NC(=O)[C@@H]2C[C@@H](Oc3cc(-c4ccc(OC(C)C)cc4)nc(-c4cncs4)c3)CN2C(=O)[C@H]1NC(=O)OC(C)(C)C(F)(F)F,n1csc(c1)-c2nc(cc(OC3CN4CCCOCCCC=CC5CC5(NCC4C3)CNSC6CC6)c2)-c7ccccc7,classification,random,train,True,8.522878745280337,active
CHEMBL4107487,CC(C)Oc1ccc(-c2cc(O[C@@H]3C[C@H]4C(=O)N[C@]5(C(=O)NS(=O)(=O)C6(C)CC6)C[C@H]5/C=C\CC[C@@H](C)C[C@@H](C)[C@H](NC(=O)OC(C)(C)C(F)(F)F)C(=O)N4C3)cc(-c3nccs3)n2)cc1,n1ccsc1-c2nc(cc(OC3CN4CCCCCCCC=CC5CC5(NCC4C3)CNSC6CC6)c2)-c7ccccc7,classification,random,train,True,8.522878745280337,active
CHEMBL4107775,Cc1csc(-c2cc(O[C@@H]3C[C@H]4C(=O)N[C@]5(C(=O)NS(=O)(=O)C6(C)CC6)C[C@H]5/C=C\CC[C@@H](C)C[C@@H](C)[C@H](NC(=O)OC(C)(C)C(F)(F)F)C(=O)N4C3)ccn2)n1,n1ccsc1-c2nccc(OC3CN4CCCCCCCC=CC5CC5(NCC4C3)CNSC6CC6)c2,classification,random,train,True,8.522878745280337,active
CHEMBL4107746,CC(C)Oc1ccc(-c2cc(O[C@@H]3C[C@H]4C(=O)N[C@]5(C(=O)NS(=O)(=O)C6(C)CC6)C[C@H]5/C=C\CC[C@@H](C)C[C@@H](C)[C@H](NC(=O)OC(C)(C)C(F)(F)F)C(=O)N4C3)cc(-c3ccncc3)n2)cc1,n1ccc(cc1)-c2nc(cc(OC3CN4CCCCCCCC=CC5CC5(NCC4C3)CNSC6CC6)c2)-c7ccccc7,classification,random,train,True,8.522878745280337,active
CHEMBL4107873,CC(C)Oc1ccc(-c2cc(O[C@@H]3C[C@H]4C(=O)N[C@]5(C(=O)NS(=O)(=O)C6(C)CC6)C[C@H]5/C=C\CC[C@@H](C)C[C@@H](C)[C@H](NC(=O)OC(C)(C)C(F)(F)F)C(=O)N4C3)cc(-c3ccccn3)n2)cc1,n1ccccc1-c2nc(cc(OC3CN4CCCCCCCC=CC5CC5(NCC4C3)CNSC6CC6)c2)-c7ccccc7,classification,random,train,True,8.522878745280337,active
CHEMBL4107935,CC(C)Oc1ccc(-c2cc(O[C@@H]3C[C@H]4C(=O)N[C@]5(C(=O)NS(=O)(=O)C6(C)CC6)C[C@H]5/C=C\CC[C@@H](C)C[C@@H](C)[C@H](NC(=O)OC(C)(C)C(F)(F)F)C(=O)N4C3)cc(-c3cnccn3)n2)cc1,n1ccnc(c1)-c2nc(cc(OC3CN4CCCCCCCC=CC5CC5(NCC4C3)CNSC6CC6)c2)-c7ccccc7,classification,random,train,True,8.522878745280337,active
CHEMBL4106451,CC[C@@H]1O[C@H](C)CC/C=C\[C@@H]2C[C@@]2(C(=O)NS(=O)(=O)C2(C)CC2)NC(=O)[C@@H]2C[C@@H](Oc3cc(-c4ccc(OC(C)C)cc4)nc(-c4cscn4)c3)CN2C(=O)[C@H]1NC(=O)OC1(C(F)(F)F)CCCOC1,n1cscc1-c2nc(cc(OC3CN4CC(NCOC5COCCC5)COCCCC=CC6CC6(NCC4C3)CNSC7CC7)c2)-c8ccccc8,classification,random,train,True,9.1249387366083,active
CHEMBL4108093,C[C@@H]1CC/C=C\[C@@H]2C[C@@]2(C(=O)NS(=O)(=O)C2(C)CC2)NC(=O)[C@@H]2C[C@@H](Oc3cc(-c4nccs4)ccn3)CN2C(=O)[C@@H](NC(=O)OC(C)(C)C(F)(F)F)[C@H](C)C1,n1ccc(cc1OC2CN3CCCCCCCC=CC4CC4(NCC3C2)CNSC5CC5)-c6nccs6,classification,random,train,True,8.522878745280337,active
CHEMBL4108164,Cc1cc(O[C@@H]2C[C@H]3C(=O)N[C@]4(C(=O)NS(=O)(=O)C5(C)CC5)C[C@H]4/C=C\CC[C@@H](C)C[C@@H](C)[C@H](NC(=O)OC(C)(C)C(F)(F)F)C(=O)N3C2)cc(-c2cncs2)n1,n1csc(c1)-c2nccc(OC3CN4CCCCCCCC=CC5CC5(NCC4C3)CNSC6CC6)c2,classification,random,train,True,7.698970004336019,active
CHEMBL4109025,CNC(=O)c1c(-c2ccc(F)cc2)oc2cc(N(C)S(C)(=O)=O)c(-c3ccc4nc(C)n([C@H](CCO)c5ccc(F)cc5)c(=O)c4n3)cc12,N1=CN([CH]c2nc(ccc12)-c3ccc4oc(cc4c3)-c5ccccc5)Cc6ccccc6,classification,random,train,True,8.391580948682714,active
CHEMBL4109293,CNC(=O)c1c(-c2ccc(F)cc2)oc2cc(N(C)S(C)(=O)=O)c(-c3ccc4ncn([C@H](C)c5ccc(F)cc5)c(=O)c4c3)cc12,N1=CN([CH]c2cc(ccc12)-c3ccc4oc(cc4c3)-c5ccccc5)Cc6ccccc6,classification,random,train,True,8.498119506244942,active
CHEMBL4109039,CC(C)Oc1ccc(-c2cc(O[C@@H]3C[C@H]4C(=O)N[C@]5(C(=O)NS(=O)(=O)C6(C)CC6)C[C@H]5/C=C\CC[C@@H](C)C[C@@H](C)[C@H](NC(=O)OC(C)(C)C(F)(F)F)C(=O)N4C3)cc(-n3cccn3)n2)cc1,n1cccn1-c2nc(cc(OC3CN4CCCCCCCC=CC5CC5(NCC4C3)CNSC6CC6)c2)-c7ccccc7,classification,random,train,True,8.522878745280337,active
CHEMBL4109601,C[C@@H]1CC/C=C\[C@@H]2C[C@@]2(C(=O)NS(=O)(=O)C2(C)CC2)NC(=O)[C@@H]2C[C@@H](Oc3ccc(-c4nccs4)cn3)CN2C(=O)[C@@H](NC(=O)OC(C)(C)C(F)(F)F)[C@H](C)C1,n1ccsc1-c2cnc(OC3CN4CCCCCCCC=CC5CC5(NCC4C3)CNSC6CC6)cc2,classification,random,train,True,8.522878745280337,active
CHEMBL4109706,CNC(=O)c1c(-c2ccc(F)cc2)oc2cc(N(C)S(C)(=O)=O)c(-c3ccc4nnn([C@H](C)c5ccc(F)cc5)c(=O)c4c3)cc12,N1=NN([CH]c2cc(ccc12)-c3ccc4oc(cc4c3)-c5ccccc5)Cc6ccccc6,classification,random,test,True,8.11656570631699,active
CHEMBL4107494,CC[C@@H]1C[C@H](C)CC/C=C\[C@@H]2C[C@@]2(C(=O)NS(=O)(=O)C2CC2)NC(=O)[C@@H]2C[C@@H](Oc3cc(-c4ccc(OC(C)C)cc4)nc(-c4nccs4)c3)CN2C(=O)[C@H]1NC(=O)O[C@@H]1C[C@@H]2C[C@@H]2C1,n1ccsc1-c2nc(cc(OC3CN4CC(NCOC5CC6CC6C5)CCCCCC=CC7CC7(NCC4C3)CNSC8CC8)c2)-c9ccccc9,classification,random,train,True,8.522878745280337,active
CHEMBL4109877,CC(C)Oc1ccc(-c2cc(Cl)cc(O[C@@H]3C[C@H]4C(=O)N[C@]5(C(=O)NS(=O)(=O)C6(C)CC6)C[C@H]5/C=C\CC[C@@H](C)C[C@@H](C)[C@H](NC(=O)OC(C)(C)C)C(=O)N4C3)n2)cc1,n1c(OC2CN3CCCCCCCC=CC4CC4(NCC3C2)CNSC5CC5)cccc1-c6ccccc6,classification,random,test,True,8.522878745280337,active
CHEMBL4109937,CC[C@@H]1C[C@H](C)CC/C=C\[C@@H]2C[C@@]2(C(=O)NS(=O)(=O)C2CC2)NC(=O)[C@@H]2C[C@@H](Oc3ccc(-c4nccs4)cn3)CN2C(=O)[C@H]1NC(=O)OC(C)(C)C(F)(F)F,n1ccsc1-c2cnc(OC3CN4CCCCCCCC=CC5CC5(NCC4C3)CNSC6CC6)cc2,classification,random,train,True,7.7775436633207535,active
CHEMBL4110048,CNC(=O)c1c(-c2ccc(F)cc2)oc2cc(N(C)S(C)(=O)=O)c(-c3ccc4nc(C)n([C@H](C)c5ccc(F)cc5)c(=O)c4c3)cc12,N1=CN([CH]c2cc(ccc12)-c3ccc4oc(cc4c3)-c5ccccc5)Cc6ccccc6,classification,random,test,True,8.015472686656208,active
CHEMBL4110077,CNC(=O)c1c(-c2ccc(F)cc2)oc2cc(N(C)S(C)(=O)=O)c(-c3ccc4nnn([C@H](CO)c5ccc(F)cc5)c(=O)c4c3)cc12,N1=NN([CH]c2cc(ccc12)-c3ccc4oc(cc4c3)-c5ccccc5)Cc6ccccc6,classification,random,train,True,8.208309350979881,active
CHEMBL4108014,CC[C@@H]1O[C@H](C)CC/C=C\[C@@H]2C[C@@]2(C(=O)NS(=O)(=O)C2(C)CC2)NC(=O)[C@@H]2C[C@@H](Oc3cc(-c4ccc(OC(C)C)cc4)nc(-c4nccs4)c3)CN2C(=O)[C@H]1NC(=O)OC1(C(F)(F)F)CCCOC1,n1ccsc1-c2nc(cc(OC3CN4CC(NCOC5COCCC5)COCCCC=CC6CC6(NCC4C3)CNSC7CC7)c2)-c8ccccc8,classification,random,train,True,9.1249387366083,active
CHEMBL4110466,Cc1ccc(-c2cc(O[C@@H]3C[C@H]4C(=O)N[C@]5(C(=O)NS(=O)(=O)C6(C)CC6)C[C@H]5/C=C\CC[C@@H](C)C[C@@H](C)[C@H](NC(=O)OC(C)(C)C(F)(F)F)C(=O)N4C3)cc(-c3nccs3)n2)cc1,n1ccsc1-c2nc(cc(OC3CN4CCCCCCCC=CC5CC5(NCC4C3)CNSC6CC6)c2)-c7ccccc7,classification,random,train,True,9.1249387366083,active
CHEMBL4109493,C[C@@H]1CC/C=C\[C@@H]2C[C@@]2(C(=O)NS(=O)(=O)C2(C)CC2)NC(=O)[C@@H]2C[C@@H](Oc3cc(-c4cccnc4)nc(-c4nccs4)c3)CN2C(=O)[C@@H](NC(=O)OC2(C(F)(F)F)CCCOC2)[C@H](C)C1,n1cccc(c1)-c2nc(cc(OC3CN4CC(NCOC5COCCC5)CCCCCC=CC6CC6(NCC4C3)CNSC7CC7)c2)-c8nccs8,classification,random,train,True,7.698970004336019,active
CHEMBL4110479,C[C@@H]1CC/C=C\[C@@H]2C[C@@]2(C(=O)NS(=O)(=O)C2(C)CC2)NC(=O)[C@@H]2C[C@@H](Oc3cc(-c4ccccc4)nc(-c4nccs4)c3)CN2C(=O)[C@@H](NC(=O)OC(C)(C)C(F)(F)F)[C@H](C)C1,n1ccsc1-c2nc(cc(OC3CN4CCCCCCCC=CC5CC5(NCC4C3)CNSC6CC6)c2)-c7ccccc7,classification,random,train,True,9.1249387366083,active
CHEMBL4110745,COc1cccc(-c2cc(O[C@@H]3C[C@H]4C(=O)N[C@]5(C(=O)NS(=O)(=O)C6(C)CC6)C[C@H]5/C=C\CC[C@@H](C)C[C@@H](C)[C@H](NC(=O)OC(C)(C)C(F)(F)F)C(=O)N4C3)cc(-c3ccc(OC(C)C)cc3)n2)n1,n1ccccc1-c2nc(cc(OC3CN4CCCCCCCC=CC5CC5(NCC4C3)CNSC6CC6)c2)-c7ccccc7,classification,random,train,True,8.522878745280337,active
CHEMBL4110188,CC(C)Oc1ccc(-c2cc(O[C@@H]3C[C@H]4C(=O)N[C@]5(C(=O)NS(=O)(=O)C6(C)CC6)C[C@H]5/C=C\CC[C@@H](C)C[C@@H](C)[C@H](NC(=O)OC5(C(F)(F)F)CCCOC5)C(=O)N4C3)cc(-c3ncccn3)n2)cc1,n1cccnc1-c2nc(cc(OC3CN4CC(NCOC5COCCC5)CCCCCC=CC6CC6(NCC4C3)CNSC7CC7)c2)-c8ccccc8,classification,random,test,True,8.522878745280337,active
CHEMBL4110259,CC[C@@H]1O[C@H](C)CC/C=C\[C@@H]2C[C@@]2(C(=O)NS(=O)(=O)C2(C)CC2)NC(=O)[C@@H]2C[C@@H](Oc3cc(-c4ccc(C(F)(F)F)cc4)nc(-c4nccs4)c3)CN2C(=O)[C@H]1NC(=O)OC1(C(F)(F)F)CCCOC1,n1ccsc1-c2nc(cc(OC3CN4CC(NCOC5COCCC5)COCCCC=CC6CC6(NCC4C3)CNSC7CC7)c2)-c8ccccc8,classification,random,train,True,9.1249387366083,active
CHEMBL4111397,C[C@@H]1CC/C=C\[C@@H]2C[C@@]2(C(=O)NS(=O)(=O)C2(C)CC2)NC(=O)[C@@H]2C[C@@H](Oc3cc(-c4nccs4)nc(-c4nccs4)c3)CN2C(=O)[C@@H](NC(=O)OC(C)(C)C(F)(F)F)[C@H](C)C1,n1ccsc1-c2nc(cc(OC3CN4CCCCCCCC=CC5CC5(NCC4C3)CNSC6CC6)c2)-c7nccs7,classification,random,train,True,9.337242168318426,active
CHEMBL4111914,C[C@@H]1CC/C=C\[C@@H]2C[C@@]2(C(=O)NS(=O)(=O)C2(C)CC2)NC(=O)[C@@H]2C[C@@H](Oc3cc(-c4cccnc4)nc(-c4nccs4)c3)CN2C(=O)[C@@H](NC(=O)OC(C)(C)C(F)(F)F)[C@H](C)C1,n1cccc(c1)-c2nc(cc(OC3CN4CCCCCCCC=CC5CC5(NCC4C3)CNSC6CC6)c2)-c7nccs7,classification,random,train,True,8.522878745280337,active
CHEMBL4110475,CC(C)Oc1ccc(-c2cc(O[C@@H]3C[C@H]4C(=O)N[C@]5(C(=O)NS(=O)(=O)C6(C)CC6)C[C@H]5/C=C\CC[C@@H](C)C[C@@H](C)[C@H](NC(=O)OC5(C(F)(F)F)CCCOC5)C(=O)N4C3)cc(-c3cscn3)n2)cc1,n1cscc1-c2nc(cc(OC3CN4CC(NCOC5COCCC5)CCCCCC=CC6CC6(NCC4C3)CNSC7CC7)c2)-c8ccccc8,classification,random,train,True,9.522878745280336,active
CHEMBL4112260,Cc1cnc(-c2cc(O[C@@H]3C[C@H]4C(=O)N[C@]5(C(=O)NS(=O)(=O)C6(C)CC6)C[C@H]5/C=C\CC[C@@H](C)C[C@@H](C)[C@H](NC(=O)OC5(C(F)(F)F)CCCOC5)C(=O)N4C3)ccn2)s1,n1ccsc1-c2nccc(OC3CN4CC(NCOC5COCCC5)CCCCCC=CC6CC6(NCC4C3)CNSC7CC7)c2,classification,random,test,True,8.522878745280337,active
CHEMBL4113097,CC[C@@H]1C[C@H](C)CC/C=C\[C@@H]2C[C@@]2(C(=O)NS(=O)(=O)C2CC2)NC(=O)[C@@H]2C[C@@H](Oc3cc(OC)nc(-c4nccs4)c3)CN2C(=O)[C@H]1NC(=O)OC(C)(C)C(F)(F)F,n1ccsc1-c2nccc(OC3CN4CCCCCCCC=CC5CC5(NCC4C3)CNSC6CC6)c2,classification,random,train,True,8.522878745280337,active
CHEMBL4113387,C[C@@H]1CC/C=C\[C@@H]2C[C@@]2(C(=O)NS(=O)(=O)C2(C)CC2)NC(=O)[C@@H]2C[C@@H](Oc3ccnc(-c4nccs4)c3)CN2C(=O)[C@@H](NC(=O)OC(C)(C)C(F)(F)F)[C@H](C)C1,n1ccsc1-c2nccc(OC3CN4CCCCCCCC=CC5CC5(NCC4C3)CNSC6CC6)c2,classification,random,test,True,8.522878745280337,active
CHEMBL4113519,Cc1cnc(-c2cc(O[C@@H]3C[C@H]4C(=O)N[C@]5(C(=O)NS(=O)(=O)C6(C)CC6)C[C@H]5/C=C\CC[C@@H](C)C[C@@H](C)[C@H](NC(=O)OC(C)(C)C(F)(F)F)C(=O)N4C3)ccn2)s1,n1ccsc1-c2nccc(OC3CN4CCCCCCCC=CC5CC5(NCC4C3)CNSC6CC6)c2,classification,random,train,True,9.1249387366083,active
CHEMBL4111591,CC[C@@H]1O[C@H](C)CC/C=C\[C@@H]2C[C@@]2(C(=O)NS(=O)(=O)C2(C)CC2)NC(=O)[C@@H]2C[C@@H](Oc3cc(-c4ccc(OC(C)C)cc4)nc(-c4cncs4)c3)CN2C(=O)[C@H]1NC(=O)OC1(C(F)(F)F)CCCOC1,n1csc(c1)-c2nc(cc(OC3CN4CC(NCOC5COCCC5)COCCCC=CC6CC6(NCC4C3)CNSC7CC7)c2)-c8ccccc8,classification,random,test,True,8.522878745280337,active
CHEMBL4112157,CC[C@@H]1OCCC/C=C\[C@@H]2C[C@@]2(C(=O)NS(=O)(=O)C2(C)CC2)NC(=O)[C@@H]2C[C@@H](Oc3cc(-c4ccc(OC(C)C)cc4)nc(-c4cncs4)c3)CN2C(=O)[C@H]1NC(=O)OC1(C(F)(F)F)CCCOC1,n1csc(c1)-c2nc(cc(OC3CN4CC(NCOC5COCCC5)COCCCC=CC6CC6(NCC4C3)CNSC7CC7)c2)-c8ccccc8,classification,random,train,True,8.522878745280337,active
CHEMBL4113816,CC(C)Oc1ccc(-c2cc(Cl)cc(O[C@@H]3C[C@H]4C(=O)N[C@]5(C(=O)NS(=O)(=O)C6(C)CC6)C[C@H]5/C=C\CC[C@@H](C)C[C@@H](C)[C@H](NC(=O)OC(C)(C)C(F)(F)F)C(=O)N4C3)n2)cc1,n1c(OC2CN3CCCCCCCC=CC4CC4(NCC3C2)CNSC5CC5)cccc1-c6ccccc6,classification,random,train,True,8.522878745280337,active
CHEMBL4113821,CC[C@@H]1C[C@H](C)CC/C=C\[C@@H]2C[C@@]2(C(=O)NS(=O)(=O)C2(C)CC2)NC(=O)[C@@H]2C[C@@H](Oc3ccnc(-c4nc(C)cs4)c3)CN2C(=O)[C@H]1NC(=O)OC(C)(C)C(F)(F)F,n1ccsc1-c2nccc(OC3CN4CCCCCCCC=CC5CC5(NCC4C3)CNSC6CC6)c2,classification,random,train,True,8.522878745280337,active
CHEMBL4113905,CC(C)Oc1ccc(-c2cc(O[C@@H]3C[C@H]4C(=O)N[C@]5(C(=O)NS(=O)(=O)C6(C)CC6)C[C@H]5/C=C\CC[C@@H](C)C[C@@H](C)[C@H](NC(=O)OC(C)(C)C(F)(F)F)C(=O)N4C3)cc(-c3cncs3)n2)cc1,n1csc(c1)-c2nc(cc(OC3CN4CCCCCCCC=CC5CC5(NCC4C3)CNSC6CC6)c2)-c7ccccc7,classification,random,test,True,8.522878745280337,active
CHEMBL4112908,CC(C)Oc1ccc(-c2cc(O[C@@H]3C[C@H]4C(=O)N[C@]5(C(=O)NS(=O)(=O)C6(C)CC6)C[C@H]5/C=C\CC[C@@H](C)C[C@@H](C)[C@H](NC(=O)OC5(C(F)(F)F)CCCOC5)C(=O)N4C3)cc(-c3cncs3)n2)cc1,n1csc(c1)-c2nc(cc(OC3CN4CC(NCOC5COCCC5)CCCCCC=CC6CC6(NCC4C3)CNSC7CC7)c2)-c8ccccc8,classification,random,train,True,9.022276394711152,active
CHEMBL4114309,CC(C)Oc1ccc(-c2cc(O[C@@H]3C[C@H]4C(=O)N[C@]5(C(=O)NS(=O)(=O)C6(C)CC6)C[C@H]5/C=C\CC[C@@H](C)C[C@@H](C)[C@H](NC(=O)OC(C)(C)C(F)(F)F)C(=O)N4C3)cc(-c3cccnc3)n2)cc1,n1cccc(c1)-c2nc(cc(OC3CN4CCCCCCCC=CC5CC5(NCC4C3)CNSC6CC6)c2)-c7ccccc7,classification,random,test,True,8.829738284605043,active
CHEMBL4113586,CC(C)Oc1ccc(-c2cc(O[C@@H]3C[C@H]4C(=O)N[C@]5(C(=O)NS(=O)(=O)C6(C)CC6)C[C@H]5/C=C\CC[C@@H](C)C[C@@H](C)[C@H](NC(=O)OC5(C(F)(F)F)CCCOC5)C(=O)N4C3)cc(-c3nccs3)n2)cc1,n1ccsc1-c2nc(cc(OC3CN4CC(NCOC5COCCC5)CCCCCC=CC6CC6(NCC4C3)CNSC7CC7)c2)-c8ccccc8,classification,random,train,True,9.1249387366083,active
CHEMBL4115262,CNC(=O)c1c(-c2ccc(F)cc2)oc2cc(N(C)S(C)(=O)=O)c(-c3cnc4ncn([C@H](C)c5ccc(F)cc5)c(=O)c4c3)cc12,n1cc(cc2[CH]N(C=Nc12)Cc3ccccc3)-c4ccc5oc(cc5c4)-c6ccccc6,classification,random,train,True,7.924818145381308,active
CHEMBL4115427,CNC(=O)c1c(-c2ccc(F)cc2)oc2cc(N(C)S(C)(=O)=O)c(-c3ccc4nnn([C@H](COC)c5ccc(F)cc5)c(=O)c4c3)cc12,N1=NN([CH]c2cc(ccc12)-c3ccc4oc(cc4c3)-c5ccccc5)Cc6ccccc6,classification,random,train,True,8.394156460941911,active
CHEMBL412493,CC[C@H](NC(=O)C(=O)[C@@H](CC(F)(F)F)NC(=O)[C@H](CC(C)C)NC(=O)[C@@H](NC(=O)[C@H](Cc1ccccc1C)NC(=O)[C@H](CCC(=O)O)NC(=O)[C@H](CC(=O)O)NC(=O)CCC(=O)O)C(C)(C)C)c1ccc2ccccc2c1,c1ccc(cc1)CCCNCCNCCNCCCNCc2ccc3ccccc3c2,classification,random,test,True,8.096910013008056,active
CHEMBL414993,C=C[C@@H]1C[C@]1(NC(=O)[C@@H]1C[C@@H](Oc2cc(-c3ccccc3)nc3cc(OC)ccc23)CN1C(=O)[C@@H](NC(=O)OC(C)(C)C)C(C)(C)C)C(=O)NS(=O)(=O)C1CC1,n1c2ccccc2c(OC3CNC(CNC4(CNSC5CC5)CC4)C3)cc1-c6ccccc6,classification,random,train,True,8.346787486224656,active
CHEMBL4159744,COc1cnc(O[C@@H]2C[C@@H](C(=O)NC3(C(=O)NS(=O)(=O)C4CC4)CC3)N(C(=O)[C@@H](NC(=O)OC(C)(C)C)C(C)(C)C)C2)c2cc(Cl)ccc12,n1ccc2ccccc2c1OC3CNC(CNC4(CNSC5CC5)CC4)C3,classification,random,train,True,7.397940008672037,active
CHEMBL4160158,COc1cnc(O[C@@H]2C[C@@H](C(=O)N[C@@H](CC(F)F)C(=O)NS(=O)(=O)C3CC3)N(C(=O)[C@@H](NC(=O)OC(C)(C)C)C(C)(C)C)C2)c2cc(Cl)ccc12,n1ccc2ccccc2c1OC3CNC(CNCCNSC4CC4)C3,classification,random,test,True,6.010550182333308,active
CHEMBL4160876,COc1cnc(O[C@@H]2C[C@@H](C(=O)N[C@]3(C(=O)NS(=O)(=O)C4CC4)C[C@H]3C(F)F)N(C(=O)[C@@H](NC(=O)OC(C)(C)C)C(C)(C)C)C2)c2cc(Cl)ccc12,n1ccc2ccccc2c1OC3CNC(CNC4(CNSC5CC5)CC4)C3,classification,random,train,True,9.0,active
CHEMBL4114187,CC[C@@H]1C[C@H](C)CC/C=C\[C@@H]2C[C@@]2(C(=O)NS(=O)(=O)C2CC2)NC(=O)[C@@H]2C[C@@H](Oc3cc(-c4ccc(C(F)(F)F)cc4)nc(-c4nccs4)c3)CN2C(=O)[C@H]1NC(=O)OC1(C(F)(F)F)CCCOC1,n1ccsc1-c2nc(cc(OC3CN4CC(NCOC5COCCC5)CCCCCC=CC6CC6(NCC4C3)CNSC7CC7)c2)-c8ccccc8,classification,random,train,True,8.522878745280337,active
CHEMBL4161286,COc1cnc(O[C@@H]2C[C@@H](C(=O)NC3(C(=O)NS(=O)(=O)C4CC4)CCC3)N(C(=O)[C@@H](NC(=O)OC(C)(C)C)C(C)(C)C)C2)c2cc(Cl)ccc12,n1ccc2ccccc2c1OC3CNC(CNC4(CNSC5CC5)CCC4)C3,classification,random,test,True,6.583359492661719,active
CHEMBL4168149,COc1cnc(O[C@@H]2C[C@@H](C(=O)N[C@]3(C(=O)NS(=O)(=O)C4CC4)C[C@H]3C(F)(F)F)N(C(=O)[C@@H](NC(=O)OC(C)(C)C)C(C)(C)C)C2)c2cc(Cl)ccc12,n1ccc2ccccc2c1OC3CNC(CNC4(CNSC5CC5)CC4)C3,classification,random,train,True,7.769551078621726,active
CHEMBL4114239,CC(C)Oc1ccc(-c2cc(O[C@@H]3C[C@H]4C(=O)N[C@]5(C(=O)NS(=O)(=O)C6(C)CC6)C[C@H]5/C=C\CC[C@@H](C)C[C@@H](C)[C@H](NC(=O)OC5(C(F)(F)F)CCCOC5)C(=O)N4C3)cc(-c3ccccn3)n2)cc1,n1ccccc1-c2nc(cc(OC3CN4CC(NCOC5COCCC5)CCCCCC=CC6CC6(NCC4C3)CNSC7CC7)c2)-c8ccccc8,classification,random,train,True,8.522878745280337,active
CHEMBL4171493,COc1cnc(O[C@@H]2C[C@@H](C(=O)N[C@@]3(C(=O)NS(=O)(=O)C4CC4)C[C@@H]3C(F)F)N(C(=O)[C@@H](NC(=O)OC(C)(C)C)C(C)(C)C)C2)c2cc(Cl)ccc12,n1ccc2ccccc2c1OC3CNC(CNC4(CNSC5CC5)CC4)C3,classification,random,train,True,7.920818753952375,active
CHEMBL4174861,C=CC[C@](C)(NC(=O)[C@@H]1C[C@@H](Oc2ncc(OC)c3ccc(Cl)cc23)CN1C(=O)[C@@H](NC(=O)OC(C)(C)C)C(C)(C)C)C(=O)NS(=O)(=O)C1CC1,n1ccc2ccccc2c1OC3CNC(CNCCNSC4CC4)C3,classification,random,train,True,4.481486060122112,inactive
CHEMBL419930,CC[C@@H]1C(=O)N(S(C)(=O)=O)[C@H]2CCN(C(=O)[C@@H](NC(=O)OC(C)(C)C)C(C)C)[C@H]12,N1CCC2NCCC12,classification,random,train,True,4.657577319177793,inactive
CHEMBL4176000,COc1cnc(O[C@@H]2C[C@@H](C(=O)N[C@]3(C(=O)NS(=O)(=O)C4CC4)C[C@H]3C)N(C(=O)[C@@H](NC(=O)OC(C)(C)C)C(C)(C)C)C2)c2cc(Cl)ccc12,n1ccc2ccccc2c1OC3CNC(CNC4(CNSC5CC5)CC4)C3,classification,random,train,True,7.886056647693163,active
CHEMBL4177477,COc1cnc(O[C@@H]2C[C@@H](C(=O)N[C@]3(C(=O)NS(=O)(=O)C4CC4)C[C@H]3CC(F)F)N(C(=O)[C@@H](NC(=O)OC(C)(C)C)C(C)(C)C)C2)c2cc(Cl)ccc12,n1ccc2ccccc2c1OC3CNC(CNC4(CNSC5CC5)CC4)C3,classification,random,test,True,7.853871964321762,active
CHEMBL420133,CC(C)C[C@H](NC(=O)c1cccc(Oc2ccccc2)c1)C(=O)N[C@@H](CC(F)F)C(=O)C(=O)O,O(c1ccccc1)c2ccccc2,classification,random,test,True,3.6989700043360183,inactive
CHEMBL420317,CC(C)C[C@H](NC(=O)[C@@H](NC(=O)OCc1ccccc1)C(C)C)C(=O)N[C@@H](CS)C(=O)NCCc1ccccc1,O(CNCCNCCNCCNCCc1ccccc1)Cc2ccccc2,classification,random,train,True,3.397940008672037,inactive
CHEMBL4224705,C=C[C@@H]1C[C@]1(NC(=O)[C@@H]1C[C@@H](Oc2nccc3cc(OC)ccc23)CN1C(=O)[C@@H](NC(=O)NC(C)(C)C)C(C)(C)C)C(=O)NS(=O)(=O)C1CC1,n1ccc2ccccc2c1OC3CNC(CNC4(CNSC5CC5)CC4)C3,classification,random,train,True,9.154901959985745,active
CHEMBL421233,CC(=O)N[C@@H](CC(=O)O)C(=O)N[C@@H](CCC(=O)O)C(=O)N[C@H](C(=O)N[C@@H](CCC(=O)O)C(=O)N[C@@H](CC1CCCCC1)C(=O)N[C@@H](CC(F)F)C(=O)O)C(c1ccccc1)c1ccccc1,c1ccc(cc1)C(c2ccccc2)CCNCCNCCC3CCCCC3,classification,random,test,True,7.397940008672037,active
CHEMBL4224849,C=C[C@@H]1C[C@]1(NC(=O)[C@@H]1C[C@@H](Oc2cc(-c3ccccc3)nc3cc(OC)ccc23)CN1C(=O)[C@@H](NC(=O)NC(C)(C)C)C(C)(C)C)C(=O)NS(=O)(=O)C1CC1,n1c2ccccc2c(OC3CNC(CNC4(CNSC5CC5)CC4)C3)cc1-c6ccccc6,classification,random,train,True,8.337242168318426,active
CHEMBL4225009,C=C[C@@H]1C[C@]1(NC(=O)[C@@H]1C[C@@H](Oc2nccc3cc(OC)ccc23)CN1C(=O)[C@@H](NC(=O)N[C@H](C(=O)NCc1ccccc1)C(C)(C)C)C(C)(C)C)C(=O)NS(=O)(=O)C1CC1,n1ccc2ccccc2c1OC3CN(CCNCNCCNCc4ccccc4)C(CNC5(CNSC6CC6)CC5)C3,classification,random,train,True,9.67778070526608,active
CHEMBL4225027,C=C[C@@H]1C[C@]1(NC(=O)[C@@H]1C[C@@H](Oc2nccc3cc(OC)ccc23)CN1C(=O)[C@@H](NC(=O)N[C@H]1C(=O)OCC1(C)C)C(C)(C)C)C(=O)NS(=O)(=O)C1CC1,n1ccc2ccccc2c1OC3CN(CCNCNC4COCC4)C(CNC5(CNSC6CC6)CC5)C3,classification,random,train,True,7.638272163982407,active
CHEMBL4225051,C=C[C@@H]1C[C@]1(NC(=O)[C@@H]1C[C@@H](Oc2nccc3cc(OC)ccc23)CN1C(=O)[C@@H](NC(=O)N[C@H](COC)C(C)(C)C)C(C)(C)C)C(=O)NS(=O)(=O)C1CC1,n1ccc2ccccc2c1OC3CNC(CNC4(CNSC5CC5)CC4)C3,classification,random,train,True,9.522878745280336,active
CHEMBL4224783,C=C[C@@H]1C[C@]1(NC(=O)[C@@H]1C[C@@H](Oc2cc(-c3ccccc3)nc3cc(OC)ccc23)CN1C(=O)[C@H]([C@@H](C)CC)N(C)C(=O)NC1CCCC1)C(=O)NS(=O)(=O)C1CC1,n1c2ccccc2c(OC3CN(CCNCNC4CCCC4)C(CNC5(CNSC6CC6)CC5)C3)cc1-c7ccccc7,classification,random,test,True,7.455931955649724,active
CHEMBL4115666,CC[C@@H]1O[C@H](C)CC/C=C\[C@@H]2C[C@@]2(C(=O)NS(=O)(=O)C2(C)CC2)NC(=O)[C@@H]2C[C@@H](Oc3cc(-c4ccc(OC(C)C)cc4)nc(-c4ccccn4)c3)CN2C(=O)[C@H]1NC(=O)OC1(C(F)(F)F)CCCOC1,n1ccccc1-c2nc(cc(OC3CN4CC(NCOC5COCCC5)COCCCC=CC6CC6(NCC4C3)CNSC7CC7)c2)-c8ccccc8,classification,random,train,True,8.522878745280337,active
CHEMBL4225301,C=C[C@@H]1C[C@]1(NC(=O)[C@@H]1C[C@@H](Oc2nccc3cc(OC)ccc23)CN1C(=O)[C@@H](NC(=O)N[C@@H](C)C(C)(C)C)C(C)(C)C)C(=O)NS(=O)(=O)C1CC1,n1ccc2ccccc2c1OC3CNC(CNC4(CNSC5CC5)CC4)C3,classification,random,train,True,9.086186147616283,active
CHEMBL4225514,C=C[C@@H]1C[C@]1(NC(=O)[C@@H]1C[C@@H](Oc2nccc3cc(OC)ccc23)CN1C(=O)[C@@H](NC(=O)N[C@H](COC)[C@@H](C)CC)C(C)(C)C)C(=O)NS(=O)(=O)C1CC1,n1ccc2ccccc2c1OC3CNC(CNC4(CNSC5CC5)CC4)C3,classification,random,train,True,9.397940008672036,active
CHEMBL4225561,C=C[C@@H]1C[C@]1(NC(=O)[C@@H]1C[C@@H](Oc2nccc3cc(OC)ccc23)CN1C(=O)[C@@H](NC(=O)N[C@@H](C(=O)OC)C(C)C)C(C)(C)C)C(=O)NS(=O)(=O)C1CC1,n1ccc2ccccc2c1OC3CNC(CNC4(CNSC5CC5)CC4)C3,classification,random,train,True,8.455931955649724,active
CHEMBL4225716,C=C[C@@H]1C[C@]1(NC(=O)[C@@H]1C[C@@H](Oc2cc(-c3ccccc3)nc3cc(OC)ccc23)CN1C(=O)[C@H]([C@@H](C)CC)N(C)C(=O)NC(C)(C)C)C(=O)NS(=O)(=O)C1CC1,n1c2ccccc2c(OC3CNC(CNC4(CNSC5CC5)CC4)C3)cc1-c6ccccc6,classification,random,train,True,8.55284196865778,active
CHEMBL4225768,C=C[C@@H]1C[C@]1(NC(=O)[C@@H]1C[C@@H](Oc2nccc3cc(OC)ccc23)CN1C(=O)[C@@H](NC(=O)N[C@H](C(=O)OC)C(C)(C)C)C(C)(C)C)C(=O)NS(=O)(=O)C1CC1,n1ccc2ccccc2c1OC3CNC(CNC4(CNSC5CC5)CC4)C3,classification,random,test,True,9.468521082957745,active
CHEMBL4225245,C=C[C@@H]1C[C@]1(NC(=O)[C@@H]1C[C@@H](Oc2cc(-c3ccccc3)nc3cc(OC)ccc23)CN1C(=O)[C@@H](OC(=O)NC1CCCC1)C(C)(C)C)C(=O)NS(=O)(=O)C1CC1,n1c2ccccc2c(OC3CN(CCOCNC4CCCC4)C(CNC5(CNSC6CC6)CC5)C3)cc1-c7ccccc7,classification,random,train,True,7.958607314841775,active
CHEMBL4226033,C=C[C@@H]1C[C@]1(NC(=O)[C@@H]1C[C@@H](Oc2nccc3cc(OC)ccc23)CN1C(=O)[C@@H](NC(=O)N[C@H](C(=O)O)C(C)(C)C)C(C)(C)C)C(=O)NS(=O)(=O)C1CC1,n1ccc2ccccc2c1OC3CNC(CNC4(CNSC5CC5)CC4)C3,classification,random,test,True,10.30102999566398,active
CHEMBL4225149,C=C[C@@H]1C[C@]1(NC(=O)[C@@H]1C[C@@H](Oc2nccc3cc(OC)ccc23)CN1C(=O)[C@@H](NC(=O)N[C@H](C(=O)N1CCN(c2ncccn2)CC1)C(C)(C)C)C(C)(C)C)C(=O)NS(=O)(=O)C1CC1,n1cccnc1N2CCN(CCNCNCCN3CC(Oc4nccc5ccccc45)CC3CNC6(CNSC7CC7)CC6)CC2,classification,random,train,True,9.568636235841012,active
CHEMBL4226548,C=C[C@@H]1C[C@]1(NC(=O)[C@@H]1C[C@@H](Oc2nccc3cc(OC)ccc23)CN1C(=O)[C@@H](NC(=O)N[C@H](COC)c1ccccc1)C(C)(C)C)C(=O)NS(=O)(=O)C1CC1,n1ccc2ccccc2c1OC3CN(CCNCNCc4ccccc4)C(CNC5(CNSC6CC6)CC5)C3,classification,random,test,True,8.585026652029182,active
CHEMBL4226876,C=C[C@@H]1C[C@]1(NC(=O)[C@@H]1C[C@@H](Oc2nccc3cc(OC)ccc23)CN1C(=O)[C@@H](NC(=O)N[C@H](C(=O)OC(C)(C)C)C(C)(C)C)C(C)(C)C)C(=O)NS(=O)(=O)C1CC1,n1ccc2ccccc2c1OC3CNC(CNC4(CNSC5CC5)CC4)C3,classification,random,train,True,9.721246399047171,active
CHEMBL4226979,C=C[C@@H]1C[C@]1(NC(=O)[C@@H]1C[C@@H](Oc2nccc3cc(OC)ccc23)CN1C(=O)[C@@H](NC(=O)N[C@H](COC)Cc1ccccc1)C(C)(C)C)C(=O)NS(=O)(=O)C1CC1,n1ccc2ccccc2c1OC3CN(CCNCNCCc4ccccc4)C(CNC5(CNSC6CC6)CC5)C3,classification,random,test,True,8.327902142064282,active
CHEMBL4227396,C=C[C@@H]1C[C@]1(NC(=O)[C@@H]1C[C@@H](Oc2nccc3cc(OC)ccc23)CN1C(=O)[C@@H](NC(=O)N[C@H](COC)CC(C)C)C(C)(C)C)C(=O)NS(=O)(=O)C1CC1,n1ccc2ccccc2c1OC3CNC(CNC4(CNSC5CC5)CC4)C3,classification,random,test,True,8.920818753952375,active
CHEMBL4227401,C=C[C@@H]1C[C@]1(NC(=O)[C@@H]1C[C@@H](Oc2nccc3cc(OC)ccc23)CN1C(=O)[C@@H](NC(=O)N[C@@H](C)COC)C(C)(C)C)C(=O)NS(=O)(=O)C1CC1,n1ccc2ccccc2c1OC3CNC(CNC4(CNSC5CC5)CC4)C3,classification,random,train,True,8.602059991327963,active
CHEMBL4228080,C=C[C@@H]1C[C@]1(NC(=O)[C@@H]1C[C@@H](Oc2nccc3cc(OC)ccc23)CN1C(=O)[C@@H](NC(=O)N(C)C(C)(C)C)C(C)(C)C)C(=O)NS(=O)(=O)C1CC1,n1ccc2ccccc2c1OC3CNC(CNC4(CNSC5CC5)CC4)C3,classification,random,train,True,8.0,active
CHEMBL4228282,C=C[C@@H]1C[C@]1(NC(=O)[C@@H]1C[C@@H](Oc2nccc3cc(OC)ccc23)CN1C(=O)[C@@H](NC(=O)N[C@@H](CC)COC)C(C)(C)C)C(=O)NS(=O)(=O)C1CC1,n1ccc2ccccc2c1OC3CNC(CNC4(CNSC5CC5)CC4)C3,classification,random,train,True,8.698970004336019,active
CHEMBL4228402,C=C[C@@H]1C[C@]1(NC(=O)[C@@H]1C[C@@H](Oc2nccc3cc(OC)ccc23)CN1C(=O)[C@@H](NC(=O)N(C)[C@H](C(=O)OC)C(C)C)C(C)(C)C)C(=O)NS(=O)(=O)C1CC1,n1ccc2ccccc2c1OC3CNC(CNC4(CNSC5CC5)CC4)C3,classification,random,train,True,8.769551078621726,active
CHEMBL4227183,C=C[C@@H]1C[C@]1(NC(=O)[C@@H]1C[C@@H](Oc2cc(-c3ccccc3)nc3cc(OC)ccc23)CN1C(=O)[C@@H](NC(=O)NC1CCCC1)C(C)(C)C)C(=O)NS(=O)(=O)C1CC1,n1c2ccccc2c(OC3CN(CCNCNC4CCCC4)C(CNC5(CNSC6CC6)CC5)C3)cc1-c7ccccc7,classification,random,train,True,8.494850021680094,active
CHEMBL4228440,C=C[C@@H]1C[C@]1(NC(=O)[C@@H]1C[C@@H](Oc2nccc3cc(OC)ccc23)CN1C(=O)[C@@H](NC(=O)N[C@H](C(N)=O)C(C)(C)C)C(C)(C)C)C(=O)NS(=O)(=O)C1CC1,n1ccc2ccccc2c1OC3CNC(CNC4(CNSC5CC5)CC4)C3,classification,random,train,True,9.619788758288394,active
CHEMBL4227273,C=C[C@@H]1C[C@]1(NC(=O)[C@@H]1C[C@@H](Oc2cc(-c3ccccc3)nc3cc(OC)ccc23)CN1C(=O)[C@@H](N(C)C(=O)NC1CCCC1)C(C)(C)C)C(=O)NS(=O)(=O)C1CC1,n1c2ccccc2c(OC3CN(CCNCNC4CCCC4)C(CNC5(CNSC6CC6)CC5)C3)cc1-c7ccccc7,classification,random,train,True,6.024568191490737,active
CHEMBL4228457,C=C[C@@H]1C[C@]1(NC(=O)[C@@H]1C[C@@H](Oc2cc(-c3ccccc3)nc3cc(OC)ccc23)CN1C(=O)[C@@H](OC(=O)NC(C)C)C(C)(C)C)C(=O)NS(=O)(=O)C1CC1,n1c2ccccc2c(OC3CNC(CNC4(CNSC5CC5)CC4)C3)cc1-c6ccccc6,classification,random,test,True,7.920818753952375,active
CHEMBL4228533,C=C[C@@H]1C[C@]1(NC(=O)[C@@H]1C[C@@H](Oc2nccc3cc(OC)ccc23)CN1C(=O)[C@@H](NC(=O)N[C@@H]1C(=O)OCC1(C)C)C(C)(C)C)C(=O)NS(=O)(=O)C1CC1,n1ccc2ccccc2c1OC3CN(CCNCNC4COCC4)C(CNC5(CNSC6CC6)CC5)C3,classification,random,train,True,9.045757490560677,active
CHEMBL4228717,C=C[C@@H]1C[C@]1(NC(=O)[C@@H]1C[C@@H](Oc2cc(-c3ccccc3)nc3cc(OC)ccc23)CN1C(=O)[C@@H](OC(=O)NC(C)(C)C)C(C)(C)C)C(=O)NS(=O)(=O)C1CC1,n1c2ccccc2c(OC3CNC(CNC4(CNSC5CC5)CC4)C3)cc1-c6ccccc6,classification,random,test,True,7.886056647693163,active
CHEMBL4228791,C=C[C@@H]1C[C@]1(NC(=O)[C@@H]1C[C@@H](Oc2nccc3cc(OC)ccc23)CN1C(=O)[C@@H](NC(=O)N[C@H](C)C(C)(C)C)C(C)(C)C)C(=O)NS(=O)(=O)C1CC1,n1ccc2ccccc2c1OC3CNC(CNC4(CNSC5CC5)CC4)C3,classification,random,train,True,9.657577319177792,active
CHEMBL4229052,C=C[C@@H]1C[C@]1(NC(=O)[C@@H]1C[C@@H](Oc2nccc3cc(OC)ccc23)CN1C(=O)[C@@H](NC(=O)N[C@H](C(=O)OC)C(C)C)C(C)(C)C)C(=O)NS(=O)(=O)C1CC1,n1ccc2ccccc2c1OC3CNC(CNC4(CNSC5CC5)CC4)C3,classification,random,train,True,9.337242168318426,active
CHEMBL4229110,C=C[C@@H]1C[C@]1(NC(=O)[C@@H]1C[C@@H](Oc2nccc3cc(OC)ccc23)CN1C(=O)[C@@H](NC(=O)N[C@H](COC)C(C)C)C(C)(C)C)C(=O)NS(=O)(=O)C1CC1,n1ccc2ccccc2c1OC3CNC(CNC4(CNSC5CC5)CC4)C3,classification,random,train,True,9.356547323513812,active
CHEMBL423300,CCCC(NC(=O)[C@@H]1C[C@@H](OC(=O)N2CCc3ccccc3C2)CN1C(=O)[C@H](NC(=O)[C@H](NC(=O)c1cnccn1)C(C)C)C(C)C)C(=O)C(=O)NC(C)C(=O)O,n1ccnc(c1)CNCCNCCN2CCC(OCN3Cc4ccccc4CC3)C2,classification,random,test,True,6.886056647693163,active
CHEMBL4229158,C=C[C@@H]1C[C@]1(NC(=O)[C@@H]1C[C@@H](Oc2cc(-c3ccccc3)nc3cc(OC)ccc23)CN1C(=O)[C@@H](NC(=O)N(C)C(C)(C)C)C(C)(C)C)C(=O)NS(=O)(=O)C1CC1,n1c2ccccc2c(OC3CNC(CNC4(CNSC5CC5)CC4)C3)cc1-c6ccccc6,classification,random,train,True,8.638272163982407,active
CHEMBL427986,Cc1ccccc1C[C@H](NC(=O)[C@H](CCC(=O)O)NC(=O)[C@H](CC(=O)O)NC(=O)CCC(=O)O)C(=O)N[C@H](C(=O)N[C@@H](CC(C)C)C(=O)N[C@H](CC(F)(F)F)C(=O)C(=O)N[C@@H](C)c1ccc2ccccc2c1)C(C)(C)C,c1ccc(cc1)CCCNCCNCCNCCCNCc2ccc3ccccc3c2,classification,random,train,True,8.397940008672037,active
CHEMBL4632418,COc1ccc2cc(O[C@@H]3C[C@@H](C(=O)NC4(C(=O)O)CC4)N(C(=O)[C@@H](NC(=O)[C@@H](NC(C)=O)C4CCCCC4)C(C)C)C3)cnc2c1,n1cc(OC2CN(CCNCCC3CCCCC3)C(CNC4CC4)C2)cc5ccccc15,classification,random,test,True,6.096910013008056,active
CHEMBL4641913,CC(C)C[C@H](NC[C@H](CC(=O)O)NC(=O)[C@H](CC1CCCCC1)NC(=O)[C@@H]1CCCC[C@H]1C(=O)O)C(N)=O,N(CCC1CCCCC1)CC2CCCCC2,classification,random,test,True,4.823908740944319,inactive
CHEMBL4287268,COc1ccc2c(O[C@@H]3C[C@H]4C(=O)N[C@]5(C(=O)NS(=O)(=O)C6CC6)C[C@H]5/C=C/CCCCN(C)C(=O)[C@@H]4C3)cc(-c3nc(C(C)C)cs3)nc2c1C,n1ccsc1-c2nc3ccccc3c(OC4CC5CNCCCCC=CC6CC6(NCC5C4)CNSC7CC7)c2,classification,random,train,True,8.522878745280337,active
CHEMBL4640558,CC(=O)N[C@@H](C(=O)O)C(=O)N[C@@H](CCC(=O)O)C(=O)N[C@H](C(=O)N[C@H](C(=O)N1C[C@H](OCc2ccccc2)C[C@H]1C(=O)NC(CS)C(=O)O)C(C)C)C1CCCCC1,O(Cc1ccccc1)C2CN(CCNCCC3CCCCC3)CC2,classification,random,train,True,7.481486060122112,active
CHEMBL4649647,CC(=O)N[C@@H](C(=O)O)C(=O)N[C@@H](CCC(=O)O)C(=O)N[C@H](C(=O)N[C@H](C(=O)N1C[C@H](OCc2ccccc2)C[C@H]1C(=O)NC1(C(=O)O)CC1)C(C)C)C1CCCCC1,O(Cc1ccccc1)C2CN(CCNCCC3CCCCC3)C(CNC4CC4)C2,classification,random,train,True,7.292429823902063,active
CHEMBL72695,CCC[C@H](NC(=O)[C@@H]1CCCN1C(=O)[C@@H](NC(=O)[C@@H](NC(=O)[C@H](CC(=O)O)NC(=O)[C@H](CC(=O)O)NC(C)=O)[C@@H](C)CC)C(C)C)C(=O)O,N1CCCC1,classification,random,train,True,3.823908740944319,inactive
