molecule_chembl_id,canonical_smiles,murcko_fragment,problem_type,strategy,train_test,drop_intermediate,pIC50,bioactivity_class
CHEMBL203738,O=C(O)c1nc(-c2cc3ccccc3s2)nc(O)c1O,n1cccnc1-c2sc3ccccc3c2,regression,strict,train,False,4.935542010773082,inactive
CHEMBL180689,Oc1ncnc2nc(-c3ccco3)c(-c3ccoc3)nc12,n1cnc2nc(c(nc2c1)-c3cocc3)-c4occc4,regression,strict,train,False,4.236572006437063,inactive
CHEMBL215262,CC(C)c1cccc(CCC2(C3CCCC3)CC(=O)CC(=O)O2)c1,O1CCCCC1(CCc2ccccc2)C3CCCC3,regression,strict,test,False,5.7447274948966935,intermediate
CHEMBL381660,CCOC(=O)c1c(NC(=O)NS(=O)(=O)c2ccc(C)cc2)sc2c1CCC(C)(C)C2,S(NCNc1sc2c(c1)CCCC2)c3ccccc3,regression,strict,train,False,7.045757490560675,active
CHEMBL173718,CC(C)=Cc1nc2cc(C(=O)O)ccc2n1C1CCCCC1,n1cn(c2ccccc12)C3CCCCC3,regression,strict,train,False,4.721246399047171,inactive
CHEMBL377356,CC(C)CCn1c(=O)c(C2=NS(=O)(=O)c3cc(NS(=O)(=O)NC(=O)OCC(=O)O)ccc3N2)c(O)c2cccnc21,N=1Sc2ccccc2NC1c3cnc4ncccc4c3,regression,strict,train,False,7.301029995663981,active
CHEMBL201385,O=c1c(C2=NS(=O)(=O)c3ccccc3N2)c(O)c2ccccc2n1CC1CCC1,N=1Sc2ccccc2NC1C3=Cc4ccccc4N(C3)CC5CCC5,regression,strict,train,False,7.309803919971486,active
CHEMBL4218571,CNC(=O)c1c(-c2ccc(F)cc2)oc2cc3c(cc12)C(C)=CCCN3S(C)(=O)=O,o1c(cc2cc3C=CCCNc3cc12)-c4ccccc4,regression,strict,train,False,7.795880017344075,active
CHEMBL192831,Cc1ccc(C(=O)N/C(=C\c2ccc(Oc3ccccc3Br)cc2)C(=O)O)cc1,O(c1ccccc1)c2ccc(C=CNCc3ccccc3)cc2,regression,strict,train,False,6.6020599913279625,active
CHEMBL4206315,CNC(=O)c1c(-c2ccc(F)cc2)oc2cc3c(cc12)CCCCN3C(=O)OC,o1c(cc2cc3c(cc12)NCCCC3)-c4ccccc4,regression,strict,train,False,6.785156151952302,active
CHEMBL3956429,CCOC(=O)[C@H](C)NP(=O)(Oc1ccccc1)O[C@@H](C)[C@H]1O[C@@H](n2ccc3c(N)ncnc32)[C@](C)(O)[C@@H]1O,n1cnc2c(c1)ccn2C3OC(COPOc4ccccc4)CC3,regression,strict,train,False,4.0,inactive
CHEMBL362243,O=c1c(C2=NS(=O)(=O)c3ccccc3N2)c(O)c2ccccc2n1NCC1=CCOC=C1,N=1Sc2ccccc2NC1C3=Cc4ccccc4N(NCC=5C=COCC5)C3,regression,strict,train,False,6.357535479757878,active
CHEMBL370326,O=C(O)/C(=C/c1ccc(-c2cccc(C(F)(F)F)c2)o1)NC(=O)c1ccccc1,o1c(C=CNCc2ccccc2)ccc1-c3ccccc3,regression,strict,train,False,5.060480747381382,intermediate
CHEMBL3898834,CC(C)OC(=O)[C@H](C)NP(=O)(Oc1ccccc1Cl)OC(C)[C@H]1O[C@@H](n2ccc3c(N)ncnc32)[C@](C)(F)[C@@H]1O,n1cnc2c(c1)ccn2C3OC(COPOc4ccccc4)CC3,regression,strict,train,False,4.0,inactive
CHEMBL365105,O=C(O)/C(=C/c1ccc(Oc2ccccc2Br)cc1)NC(=O)c1ccc(Br)cc1,O(c1ccccc1)c2ccc(C=CNCc3ccccc3)cc2,regression,strict,train,False,6.920818753952375,active
CHEMBL202808,COc1ccc(COc2ccc(-c3nc4cc(C(=O)O)ccc4n3C3CCCC3)cc2)cc1,n1c2ccccc2n(c1-c3ccc(OCc4ccccc4)cc3)C5CCCC5,regression,strict,train,False,5.6777807052660805,intermediate
CHEMBL2236451,CC(C)c1ccc(-c2nc(SCc3ccc(OC(F)(F)F)cc3)[nH]c(=O)c2C#N)cc1,n1ccc(nc1SCc2ccccc2)-c3ccccc3,regression,strict,train,False,5.00436480540245,intermediate
CHEMBL196293,O=C(O)C(=O)/C=C(\O)c1ccsc1,s1cccc1,regression,strict,train,False,5.3979400086720375,intermediate
CHEMBL181556,CCCC(CC)Nn1c(=O)c(C2=NS(=O)(=O)c3ccccc3N2)c(O)c2ccccc21,N=1Sc2ccccc2NC1C3=Cc4ccccc4NC3,regression,strict,train,False,6.413412695328245,active
CHEMBL4216847,CS(=O)(=O)N1CCCCc2cc3c(-c4ncn[nH]4)c(-c4ccc(F)cc4)oc3cc21,n1cnc([nH]1)-c2c(oc3cc4NCCCCc4cc32)-c5ccccc5,regression,strict,train,False,6.070581074285707,active
CHEMBL4208367,CNC(=O)c1c(-c2ccc(F)cc2)oc2cc3c(cc12)[C@@H](C)OC1(CC1)CN3S(C)(=O)=O,o1c(cc2cc3c(cc12)NCC4(OC3)CC4)-c5ccccc5,regression,strict,train,False,6.176525770829699,active
CHEMBL262711,CCOC(=O)c1cc(=O)c(O)co1,O1C=CCC=C1,regression,strict,test,False,4.0,inactive
CHEMBL208117,CCCC1(CC(=O)O)CCCc2c1[nH]c1c(Cl)cc(Br)cc21,c1ccc2c(c1)[nH]c3c2CCCC3,regression,strict,test,False,4.481486060122112,inactive
CHEMBL205086,O=C(O)c1nc(-c2sccc2[N+](=O)[O-])n(Cc2ccccc2)c(=O)c1O,N=1C=C[CH]N(C1c2sccc2)Cc3ccccc3,regression,strict,train,False,4.100726812682396,inactive
CHEMBL4440367,C[C@@]1(F)[C@H](O)[C@@](F)(COP(=O)(O)OP(=O)(O)OP(=O)(O)O)O[C@H]1n1ccc(=O)[nH]c1=O,[N]1[CH]C=CN([CH]1)C2OCCC2,regression,strict,test,False,6.0655015487564325,active
CHEMBL4112400,CO[C@]1(c2cnc3c(N)ncnn23)O[C@H](CO)[C@@H](O)[C@@]1(C)N,n1cnn2c(ncc2C3OCCC3)c1,regression,strict,train,False,4.0,inactive
CHEMBL4107865,C[C@@H](O)[C@H]1O[C@@H](n2cnc3c(=O)[nH]c(N)nc32)[C@](C)(O)[C@@H]1O,n1cnc2c(ncn2C3OCCC3)c1,regression,strict,train,False,4.0,inactive
CHEMBL194460,O=C(O)C(=O)/C=C(\O)c1ccc(Cc2ccc(F)cc2)s1,s1cccc1Cc2ccccc2,regression,strict,train,False,4.187086643357144,inactive
CHEMBL380801,O=C(O)C(=O)/C=C(\O)c1cccc(Cc2cc(Br)cc(Br)c2)c1,c1ccc(cc1)Cc2ccccc2,regression,strict,train,False,4.494850021680094,inactive
CHEMBL4108651,COc1ccc2c(c1)C1CC13Cn1c-2c(C2CCCCC2)c2ccc(cc21)C(=O)NS(=O)(=O)N(C)C/C=C/CCNC3=O,S1NCC=CCCNCC23Cn4c5cc(ccc5c(c4-c6ccccc6C3C2)C7CCCCC7)CN1,regression,strict,train,False,6.031517051446065,active
CHEMBL4543936,CNC(=O)c1c(-c2ccc(F)cc2)oc2cc(N3C(=O)OC[C@@H]3c3ccc(B(O)O)c(F)c3)c(C3CC3)cc12,o1c(cc2cc(c(cc12)N3COCC3c4ccccc4)C5CC5)-c6ccccc6,regression,strict,train,False,8.698970004336019,active
CHEMBL4112860,CC(C)(O)[C@H]1O[C@@H](n2ccc3c(N)ncnc32)[C@](C)(F)[C@@H]1O,n1cnc2c(c1)ccn2C3OCCC3,regression,strict,train,False,4.0,inactive
CHEMBL4213298,CNC(=O)c1c(-c2ccc(F)cc2)oc2cc3c(cc12)[C@H](C)OC1(CC1)CN3S(C)(=O)=O,o1c(cc2cc3c(cc12)NCC4(OC3)CC4)-c5ccccc5,regression,strict,train,False,7.886056647693163,active
CHEMBL197118,O=C(O)C(=O)/C=C(\O)c1cnc2cc(Cl)ccc2c1O,n1cccc2ccccc12,regression,strict,train,False,4.585026652029182,inactive
CHEMBL211044,CC(C)CCn1c(=O)c(C2=NS(=O)(=O)c3cc(NS(=O)(=O)NC4CCNCC4)ccc3N2)c(O)c2cccnc21,N=1Sc2cc(ccc2NC1c3cnc4ncccc4c3)NSNC5CCNCC5,regression,strict,train,False,7.494850021680094,active
CHEMBL216032,Cn1c(-c2ccoc2)c(C2CCCC2)c2ccc(C(=O)O)c(C(=O)O)c21,o1ccc(c1)-c2[nH]c3ccccc3c2C4CCCC4,regression,strict,test,False,5.275724130399211,intermediate
CHEMBL174646,CCc1ccc(C(=O)CC(=O)C(=O)O)cc1,c1ccccc1,regression,strict,train,False,4.327902142064283,inactive
CHEMBL378470,NS(=O)(=O)c1ccc(-c2ccc(Cl)cc2)c(COc2ccc(-c3nc4cc(C(=O)O)ccc4n3C3CCCCC3)cc2)c1,n1c2ccccc2n(c1-c3ccc(OCc4ccccc4-c5ccccc5)cc3)C6CCCCC6,regression,strict,train,False,7.795880017344075,active
CHEMBL4546966,CCN(C(C)=O)c1cc2oc(-c3ccc(F)cc3)c(C(=O)NC)c2cc1-c1ccc(OC)c(C(=O)NC2(c3ncccn3)CC2)c1,n1cccnc1C2(NCc3cccc(c3)-c4ccc5oc(cc5c4)-c6ccccc6)CC2,regression,strict,train,False,7.455931955649724,active
CHEMBL379826,CC(C)CCn1c(=O)c(C2=NS(=O)(=O)c3cc(NCC(N)=O)ccc3N2)c(O)c2cccnc21,N=1Sc2ccccc2NC1c3cnc4ncccc4c3,regression,strict,train,False,7.468521082957745,active
CHEMBL369765,CCCCCCNc1ncnc2nc(-c3ccc(F)cc3)c(-c3ccc(F)cc3)nc12,n1cnc2nc(-c3ccccc3)c(nc2c1)-c4ccccc4,regression,strict,test,False,4.0,inactive
CHEMBL386254,O=C1CC(=O)OC(CCc2ccc(O)cc2)(C2CCCC2)C1,O1CCCCC1(CCc2ccccc2)C3CCCC3,regression,strict,test,False,5.086186147616283,intermediate
CHEMBL4288803,CNC(=O)c1c(-c2ccc(F)cc2)oc2nc(NCC(F)(F)F)c(-c3cccc(C(=O)NC(C)(C)C)c3)cc12,n1cc(cc2cc(oc12)-c3ccccc3)-c4ccccc4,regression,strict,train,False,8.0,active
CHEMBL369397,COc1ccc2[nH]cc(C[C@H](NC(=O)c3ccc4c(c3)nc(-c3ccoc3)n4C3CCCCC3)C(=O)O)c2c1,n1c2cc(ccc2n(c1-c3cocc3)C4CCCCC4)CNCCc5c[nH]c6ccccc65,regression,strict,train,False,6.3979400086720375,active
CHEMBL3121385,COc1nc(N)nc2c1ncn2[C@@H]1O[C@H](COP(=O)(O)OP(=O)(O)OP(=O)(O)O)[C@@H](O)[C@@]1(C)F,n1cnc2c(ncn2C3OCCC3)c1,regression,strict,train,False,5.274905478918531,intermediate
CHEMBL4108680,C[C@@]1(N)[C@H](O)[C@@H](CO)O[C@H]1c1cnc2c(N)ncnn12,n1cnn2c(ncc2C3OCCC3)c1,regression,strict,train,False,4.0,inactive
CHEMBL183498,C=CCOC(=O)N(CC(=O)O)C(=O)c1c(Br)ccc2c(C(F)(F)F)c(OC)ccc12,c1ccc2ccccc2c1,regression,strict,train,False,5.481486060122113,intermediate
CHEMBL211213,CN(C)c1ccc(-c2ccc(Cl)cc2)c(COc2ccc(-c3nc4cc(C(=O)O)ccc4n3C3CCCCC3)cc2)c1,n1c2ccccc2n(c1-c3ccc(OCc4ccccc4-c5ccccc5)cc3)C6CCCCC6,regression,strict,train,False,7.200659450546418,active
CHEMBL4294371,CNC(=O)c1c(-c2ccc(F)cc2)oc2nc(NCC(F)(F)F)c(-c3cccc(C(=O)NC4(c5ncccn5)CC4)c3)cc12,n1cccnc1C2(NCc3cccc(c3)-c4cnc5oc(cc5c4)-c6ccccc6)CC2,regression,strict,train,False,7.769551078621726,active
CHEMBL2236442,COc1cc(CSc2nc(-c3cc(F)cc(F)c3)c(C#N)c(=O)[nH]2)cc(OC)c1,n1ccc(nc1SCc2ccccc2)-c3ccccc3,regression,strict,train,False,4.823908740944319,inactive
CHEMBL172902,O=C(N[C@@H](Cc1c[nH]c2ccccc12)C(=O)O)c1ccc2c(c1)nc(-c1ccccn1)n2C1CCCCC1,n1ccccc1-c2nc3cc(ccc3n2C4CCCCC4)CNCCc5c[nH]c6ccccc65,regression,strict,train,False,5.721246399047171,intermediate
CHEMBL4451958,CNC(=O)c1c(-c2ccc(F)cc2)oc2cc(N(C3CCCc4cc(B(O)O)ccc43)S(C)(=O)=O)c(C3CC3)cc12,o1c(cc2cc(c(cc12)NC3c4ccccc4CCC3)C5CC5)-c6ccccc6,regression,strict,train,False,7.552841968657781,active
CHEMBL4633686,CC(C)C(=O)OC[C@H](C)NP(=O)(OC[C@H]1O[C@@H](n2ccc(=O)[nH]c2=O)[C@](Cl)(Br)[C@@H]1O)Oc1ccccc1,[N]1[CH]C=CN([CH]1)C2OC(COPOc3ccccc3)CC2,regression,strict,train,False,6.498940737782249,active
CHEMBL192821,O=C(O)/C(=C/c1ccc(Oc2ccccc2Br)cc1)NC(=O)c1ccc(F)cc1F,O(c1ccccc1)c2ccc(C=CNCc3ccccc3)cc2,regression,strict,train,False,6.638272163982407,active
CHEMBL4639671,CC(C)OC(=O)[C@H](C)N[P@@](=O)(OC[C@H]1O[C@@H](n2ccc(=O)[nH]c2=O)[C@](Cl)(Br)[C@@H]1O)Oc1ccccc1,[N]1[CH]C=CN([CH]1)C2OC(COPOc3ccccc3)CC2,regression,strict,train,False,6.381951903287908,active
CHEMBL4216962,C#C[C@@]1(F)[C@H](O)[C@@H](COP(=O)(O)OP(=O)(O)OP(=O)(O)O)O[C@H]1n1ccc(=O)[nH]c1=O.CCN(CC)CC.CCN(CC)CC.CCN(CC)CC.CCN(CC)CC,[N]1[CH]C=CN([CH]1)C2OCCC2,regression,strict,test,False,5.443697499232712,intermediate
CHEMBL382159,CC(C)CCn1c(=O)c(C2=NS(=O)(=O)c3ccccc3N2)c(O)c2cc(OCCCC#N)ccc21,N=1Sc2ccccc2NC1C3=Cc4ccccc4NC3,regression,strict,train,False,5.363712747901487,intermediate
CHEMBL4290346,CNC(=O)c1c(-c2ccc(F)cc2)oc2nc(CNC(=O)C3CCOC3)c(C3CC3)cc12,n1c2oc(cc2cc(c1CNCC3COCC3)C4CC4)-c5ccccc5,regression,strict,train,False,5.59999938302362,intermediate
CHEMBL607287,C[C@@H]1C[C@@H](N(C(=O)c2ccc(Oc3ccccc3)cc2)c2ncc(C(=O)O)s2)CC(C)(C)C1,n1ccsc1N(Cc2ccc(Oc3ccccc3)cc2)C4CCCCC4,regression,strict,train,False,5.221848749616356,intermediate
CHEMBL4474735,Nc1ccn([C@@H]2O[C@H](CO)[C@@H](O)[C@]2(F)Br)c(=O)n1,N1=CC=CN([CH]1)C2OCCC2,regression,strict,train,False,5.3979400086720375,intermediate
CHEMBL4294791,CNC(=O)c1c(-c2ccc(F)cc2)oc2nc(CCCCO)c(-c3cccc(C(=O)NC(C)(C)C)c3)cc12,n1cc(cc2cc(oc12)-c3ccccc3)-c4ccccc4,regression,strict,train,False,6.728158393463501,active
CHEMBL200356,CCC1(CC(=O)O)OCCc2c1oc1c(Cl)ccc(Cl)c21,o1c2ccccc2c3c1COCC3,regression,strict,train,False,4.787812395596042,inactive
CHEMBL383540,Cn1c(-c2sccc2[N+](=O)[O-])nc(C(=O)O)c(O)c1=O,n1cccnc1-c2sccc2,regression,strict,train,False,5.060480747381382,intermediate
CHEMBL4528447,CNC(=O)c1c(-c2ccc(F)cc2)oc2cc(N(c3ccc(B(O)O)c(Cl)c3)S(C)(=O)=O)c(C3CC3)cc12,o1c(cc2cc(c(cc12)Nc3ccccc3)C4CC4)-c5ccccc5,regression,strict,train,False,8.920818753952375,active
CHEMBL371987,Cc1ccc(/C(O)=C/C(=O)C(=O)O)c(C)c1,c1ccccc1,regression,strict,train,False,5.698970004336019,intermediate
CHEMBL201034,CC(C)CCn1c(=O)c(C2=NS(=O)(=O)c3ccccc3N2)c(O)c2cc(OCc3ccccc3)ccc21,N=1Sc2ccccc2NC1C3=Cc4cc(OCc5ccccc5)ccc4NC3,regression,strict,train,False,5.403402904373539,intermediate
CHEMBL2236440,Cc1cccc(CSc2nc(-c3ccccc3C)c(C#N)c(=O)[nH]2)c1,n1ccc(nc1SCc2ccccc2)-c3ccccc3,regression,strict,train,False,4.853871964321762,inactive
CHEMBL191820,O=C(O)/C(=C/c1ccc(Oc2ccccc2Br)cc1)NC(=O)C12CC3CC(CC(C3)C1)C2,O(c1ccccc1)c2ccc(C=CNCC34CC5CC(CC(C5)C3)C4)cc2,regression,strict,train,False,7.154901959985743,active
CHEMBL4213364,CNC(=O)c1c(-c2ccccc2F)oc2cc3c(cc12)C(C)CCCN3S(C)(=O)=O,o1c(cc2cc3c(cc12)NCCCC3)-c4ccccc4,regression,strict,train,False,8.154901959985743,active
CHEMBL192222,O=C(Cc1ccc(F)cc1)N/C(=C\c1ccc(Oc2ccccc2Br)cc1)C(=O)O,O(c1ccccc1)c2ccc(C=CNCCc3ccccc3)cc2,regression,strict,train,False,5.657577319177793,intermediate
CHEMBL109569,CCOC(=O)c1cc(=O)c(O)c(C(=O)O)o1,O1C=CCC=C1,regression,strict,test,False,6.187086643357144,active
CHEMBL4445911,CCN(c1cc2oc(-c3ccc(F)cc3)c(C(=O)NC)c2cc1-c1ccc(OC)c(C(=O)NC2(c3ncccn3)CC2)c1)S(C)(=O)=O,n1cccnc1C2(NCc3cccc(c3)-c4ccc5oc(cc5c4)-c6ccccc6)CC2,regression,strict,train,False,7.886056647693163,active
CHEMBL480328,Nc1ccn([C@@H]2O[C@H](COP(=O)(O)OP(=O)(O)OP(=O)(O)O)C[C@H]2O)c(=O)n1,N1=CC=CN([CH]1)C2OCCC2,regression,strict,train,False,6.113509274827518,active
CHEMBL383170,O=c1c(C2=NS(=O)(=O)c3ccccc3N2)c(O)c2cccc(F)c2n1CCC1CC1,N=1Sc2ccccc2NC1C3=Cc4ccccc4N(C3)CCC5CC5,regression,strict,test,False,7.045757490560675,active
CHEMBL4578489,CC(C)OC(=O)[C@H](C)NP(=O)(OC[C@H]1O[C@@H](n2cnc3c(N)ncnc32)[C@](F)(Br)[C@H]1O)Oc1ccccc1,n1cnc2c(ncn2C3OC(COPOc4ccccc4)CC3)c1,regression,strict,train,False,5.1487416512809245,intermediate
CHEMBL196042,O=C(O)C(=O)/C=C(\O)c1ccc(Cc2cccc(F)c2)s1,s1cccc1Cc2ccccc2,regression,strict,train,False,4.130768280269024,inactive
CHEMBL217259,O=C(O)c1ccc2c(c1)C1CCCOc3ccccc3C1=C2C1CCCCC1,O1c2ccccc2C3=C(c4ccccc4C3CCC1)C5CCCCC5,regression,strict,train,False,7.327902142064283,active
CHEMBL4450833,COc1ccc(N2CN=c3s/c(=C/c4ccc(F)cc4)c(=O)n3C2)cc1,N1=C2SC(=Cc3ccccc3)CN2CN(c4ccccc4)C1,regression,strict,test,False,7.155026061853112,active
CHEMBL208442,Cc1cc(N)c(S(=O)(=O)N2CCC[C@H]2C(=O)O)cc1Cl,S(c1ccccc1)N2CCCC2,regression,strict,train,False,5.22548303427145,intermediate
CHEMBL208595,CC(C)CCn1c(=O)c(C2=NS(=O)(=O)c3cc(NS(=O)(=O)Nc4cccc(C(=O)NCC(N)=O)c4)ccc3N2)c(O)c2cccnc21,N=1Sc2cc(ccc2NC1c3cnc4ncccc4c3)NSNc5ccccc5,regression,strict,train,False,7.366531544420414,active
CHEMBL559638,O=C1c2cccc3c(NCCO)ccc(c23)C(=O)N1c1cccc(Br)c1,c1ccc(cc1)N2Cc3cccc4cccc(c43)C2,regression,strict,train,False,7.698970004336019,active
CHEMBL4521216,O=c1/c(=C\c2ccc(F)cc2)sc2n1CN(c1ccc(Cl)cc1)CN=2,N1=C2SC(=Cc3ccccc3)CN2CN(c4ccccc4)C1,regression,strict,test,False,6.698991719603,active
CHEMBL1689386,COc1ccc(/C=C2\SC(=O)N(CC(=O)Nc3ccccc3)C2=O)cc1,S1C(=Cc2ccccc2)CN(C1)CCNc3ccccc3,regression,strict,train,False,6.6020599913279625,active
CHEMBL194678,O=C(O)C(=O)/C=C(\O)c1cccc(OCc2cccc(Oc3ccccc3)c2)c1,O(c1ccccc1)c2cccc(c2)COc3ccccc3,regression,strict,train,False,4.301029995663981,inactive
CHEMBL424014,Cc1cc(S(=O)(=O)Nc2cc(-c3ccccc3)sc2C(N)=O)c(C)cc1Cl,s1cc(cc1-c2ccccc2)NSc3ccccc3,regression,strict,train,False,4.853871964321762,inactive
CHEMBL206865,CCCC1(CC(=O)O)OCCc2c1[nH]c1c(C)ccc(C#N)c21,O1Cc2[nH]c3ccccc3c2CC1,regression,strict,train,False,6.2441251443275085,active
CHEMBL4534277,CCNc1cc2oc(-c3ccc(F)cc3)c(C(=O)NC)c2cc1-c1ccc(OC)c(C(=O)NC2(c3ncccn3)CC2)c1,n1cccnc1C2(NCc3cccc(c3)-c4ccc5oc(cc5c4)-c6ccccc6)CC2,regression,strict,train,False,8.920818753952375,active
CHEMBL362185,N#Cc1ccc(Br)cc1COc1cccc(/C(O)=C/C(=O)C(=O)O)c1,O(c1ccccc1)Cc2ccccc2,regression,strict,test,False,7.0,active
CHEMBL4636179,CNC(=O)c1c(-c2ccc(F)cc2)oc2cc(N(C)S(C)(=O)=O)c(-c3ccc4nnn(C(C)c5ccc(F)cc5)c(=O)c4c3)cc12,N1=NN([CH]c2cc(ccc12)-c3ccc4oc(cc4c3)-c5ccccc5)Cc6ccccc6,regression,strict,train,False,9.096910013008056,active
CHEMBL4554477,COc1ccc(/C=C2\SC(=O)N(CC(=O)Nc3ccc(OC)cc3)C2=O)cc1,S1C(=Cc2ccccc2)CN(C1)CCNc3ccccc3,regression,strict,train,False,6.1080000615514125,active
CHEMBL25773,N#Cc1cccc(CN(C(=O)c2ccc(Cl)cc2Cl)[C@@H](Cc2ccccc2)C(=O)O)c1,c1ccc(cc1)CN(Cc2ccccc2)CCc3ccccc3,regression,strict,train,False,6.096910013008056,active
CHEMBL420751,Nc1nc(O)c2ncn([C@@H]3O[C@H](CO)[C@@H](F)[C@H]3O)c2n1,n1cnc2c(ncn2C3OCCC3)c1,regression,strict,train,False,5.7447274948966935,intermediate
CHEMBL4471066,CNC(=O)c1c(-c2ccc(F)cc2)oc2cc(N3C(=O)OC[C@H]3c3ccc(B(O)O)c(F)c3)c(C3CC3)cc12,o1c(cc2cc(c(cc12)N3COCC3c4ccccc4)C5CC5)-c6ccccc6,regression,strict,train,False,6.853871964321762,active
CHEMBL371538,COc1cccc(Cn2cccc2/C(O)=C/C(=O)C(=O)O)c1,c1ccc(cc1)Cn2cccc2,regression,strict,train,False,5.119186407719209,intermediate
CHEMBL180188,CC(C)C[C@@]1(C(=O)O)C[C@H](C(=O)O)[C@H](c2ccccc2)N1C(=O)c1ccc(C(F)(F)F)cc1,c1ccc(cc1)CN2CCCC2c3ccccc3,regression,strict,train,False,6.154901959985743,active
CHEMBL211507,O=C(O)c1ccc2c(c1)nc(-c1ccc(OCc3cc(Cl)ccc3-c3ccc(Cl)cc3)cc1)n2C1CCCCC1,n1c2ccccc2n(c1-c3ccc(OCc4ccccc4-c5ccccc5)cc3)C6CCCCC6,regression,strict,train,False,7.301029995663981,active
CHEMBL200327,CCOC(=O)c1c(NC(=O)NS(=O)(=O)c2ccc([N+](=O)[O-])cc2)sc2c1CCCC2,S(NCNc1sc2c(c1)CCCC2)c3ccccc3,regression,strict,train,False,5.552841968657781,intermediate
CHEMBL184500,COc1ccc2c(C(=O)NC(CCC(=O)O)C(=O)O)cccc2c1C(F)(F)F,c1ccc2ccccc2c1,regression,strict,train,False,6.309803919971486,active
CHEMBL4114953,C[C@@]1(N=[N+]=[N-])[C@H](O)[C@@H](CO)O[C@H]1c1ccc2c(N)ncnn12,n1cnn2c(c1)ccc2C3OCCC3,regression,strict,train,False,4.0,inactive
CHEMBL181109,CC(C)(C)CCNn1c(=O)c(C2=NS(=O)(=O)c3ccccc3N2)c(O)c2ccccc21,N=1Sc2ccccc2NC1C3=Cc4ccccc4NC3,regression,strict,train,False,6.8696662315049934,active
CHEMBL3233234,CN1c2c(C(=O)Nc3ccc(NS(C)(=O)=O)cc3)nn(-c3cccc(Cl)c3)c2-c2ccccc2S1(=O)=O,n1c(c2NSc3ccccc3-c2n1-c4ccccc4)CNc5ccccc5,regression,strict,train,False,5.292429823902063,intermediate
CHEMBL362625,O=[N+]([O-])c1ccc(-c2nc3c(O)ncnc3nc2-c2ccccc2)cc1,n1cnc2nc(-c3ccccc3)c(nc2c1)-c4ccccc4,regression,strict,test,False,4.638272163982407,inactive
CHEMBL216863,Cn1c(-c2ccoc2)c(C2CCCCC2)c2ccc(C(=O)O)nc21,n1cccc2c1[nH]c(-c3cocc3)c2C4CCCCC4,regression,strict,train,False,7.292429823902063,active
CHEMBL439333,CC(C)CCn1c(=O)c(C2=NS(=O)(=O)c3ccccc3N2)c(O)c2cc(NC(=O)C3CCCC3)ccc21,N=1Sc2ccccc2NC1C3=Cc4cc(ccc4NC3)NCC5CCCC5,regression,strict,train,False,6.011887159731648,active
CHEMBL194116,O=C(O)/C(=C/c1ccc(-c2ccccc2OC(F)(F)F)o1)NC(=O)c1ccccc1,o1c(C=CNCc2ccccc2)ccc1-c3ccccc3,regression,strict,train,False,5.3979400086720375,intermediate
CHEMBL1687959,O=C(CN1C(=O)S/C(=C\c2ccc(Cl)cc2)C1=O)Nc1ccccc1,S1C(=Cc2ccccc2)CN(C1)CCNc3ccccc3,regression,strict,train,False,7.070990014506039,active
CHEMBL382170,O=C(O)c1nc(-c2sccc2[N+](=O)[O-])nc(O)c1O,n1cccnc1-c2sccc2,regression,strict,train,False,7.187086643357144,active
CHEMBL198879,Cn1cc(C(=O)c2ccc(F)cc2)cc1/C=C/C(O)=C/C(=O)C(=O)O,c1ccc(cc1)Cc2cc[nH]c2,regression,strict,train,False,4.795880017344075,inactive
CHEMBL183800,Oc1ncnc2nc(-c3ccccc3Cl)c(-c3ccccc3Cl)nc12,n1cnc2nc(-c3ccccc3)c(nc2c1)-c4ccccc4,regression,strict,test,False,4.0,inactive
CHEMBL180706,O=c1c(C2=NS(=O)(=O)c3ccccc3N2)c(O)c2ccccc2n1NCc1nccs1,N=1Sc2ccccc2NC1C3=Cc4ccccc4N(NCc5nccs5)C3,regression,strict,train,False,6.17134010346468,active
CHEMBL366051,Cn1c(-c2cccs2)nc(C(=O)O)c(O)c1=O,n1cccnc1-c2sccc2,regression,strict,train,False,6.337242168318426,active
CHEMBL370137,COc1cccc(/C=C2\SC(=S)N(NS(=O)(=O)c3ccccc3)C2=O)c1,S(NN1CSC(=Cc2ccccc2)C1)c3ccccc3,regression,strict,train,False,5.301029995663981,intermediate
CHEMBL175173,CNC(=O)c1ccc2c(c1)nc(-c1ccccn1)n2C1CCCCC1,n1ccccc1-c2nc3ccccc3n2C4CCCCC4,regression,strict,test,False,4.552841968657781,inactive
CHEMBL4114490,Nc1ccn(C2OC(CO)[C@@H](O)[C@]23CCO3)c(=O)n1,N1=CC=CN([CH]1)C2OCCC32OCC3,regression,strict,train,False,5.071604147743286,intermediate
CHEMBL2236424,COc1cc(CSc2nc(-c3ccc(F)cc3F)c(C#N)c(=O)[nH]2)cc(OC)c1,n1ccc(nc1SCc2ccccc2)-c3ccccc3,regression,strict,train,False,4.721246399047171,inactive
CHEMBL372357,O=c1c(C2=Nc3ccccc3S(=O)(=O)N2)c(O)c2cc(F)ccc2n1CCC1CC1,N=1c2ccccc2SNC1C3=Cc4ccccc4N(C3)CCC5CC5,regression,strict,train,False,8.0,active
CHEMBL427375,N#CCCCCn1c(=O)c(C2=NS(=O)(=O)c3ccccc3N2)c(O)c2ccccc21,N=1Sc2ccccc2NC1C3=Cc4ccccc4NC3,regression,strict,train,False,6.1249387366083,active
CHEMBL305686,Nc1ncnc2c1ncn2[C@@H]1O[C@H](CO)C[C@H]1O,n1cnc2c(ncn2C3OCCC3)c1,regression,strict,train,False,4.657577319177793,inactive
CHEMBL366966,O=C(O)C(=O)CC(=O)c1cccc(NC(=O)c2ccccc2)c1,c1ccc(cc1)NCc2ccccc2,regression,strict,test,False,4.958607314841775,inactive
CHEMBL193508,O=C(O)/C(=C/c1ccc(Oc2ccccc2-c2ccccc2)cc1)NC(=O)c1ccccc1,O(c1ccc(C=CNCc2ccccc2)cc1)c3ccccc3-c4ccccc4,regression,strict,train,False,4.318758762624412,inactive
CHEMBL193671,O=C(O)C(=O)/C=C(\O)c1cccc(OCc2cc(-c3ccccc3)on2)c1,n1oc(cc1COc2ccccc2)-c3ccccc3,regression,strict,train,False,5.221848749616356,intermediate
CHEMBL193427,O=C(O)/C(=C/c1ccc(Oc2c(F)cccc2Cl)cc1)NC(=O)c1ccccc1,O(c1ccccc1)c2ccc(C=CNCc3ccccc3)cc2,regression,strict,train,False,7.154901959985743,active
CHEMBL205337,O=C(O)c1ccc2c(c1)nc(-c1ccc(OCc3cccc(-c4ccccc4)c3)cc1)n2C1CCCCC1,n1c2ccccc2n(c1-c3ccc(OCc4cccc(c4)-c5ccccc5)cc3)C6CCCCC6,regression,strict,train,False,6.4089353929735005,active
CHEMBL381784,CC(C)(C)c1ccc(COc2ccc(-c3nc4cc(C(=O)O)ccc4n3C3CCCC3)cc2)cc1,n1c2ccccc2n(c1-c3ccc(OCc4ccccc4)cc3)C5CCCC5,regression,strict,train,False,5.823908740944319,intermediate
CHEMBL181246,CCCC(Nn1c(=O)c(C2=NS(=O)(=O)c3ccccc3N2)c(O)c2ccccc21)C(C)C,N=1Sc2ccccc2NC1C3=Cc4ccccc4NC3,regression,strict,train,False,5.94692155651658,intermediate
CHEMBL202264,N#Cc1ccc(/C=C2\SC(=S)N(NS(=O)(=O)c3ccccc3)C2=O)cc1,S(NN1CSC(=Cc2ccccc2)C1)c3ccccc3,regression,strict,train,False,6.045757490560675,active
CHEMBL3975368,CCOC(=O)[C@H](C)NP(=O)(OCC1OC(n2cnc3c(OC)nc(N)nc32)[C@@]2(CCO2)[C@@H]1O)Oc1ccccc1,n1cnc2c(ncn2C3OC(COPOc4ccccc4)CC53OCC5)c1,regression,strict,train,False,6.0670191780768015,active
CHEMBL371882,O=C1/C(=C/c2ccc3ccccc3c2)SC(=S)N1NS(=O)(=O)c1ccccc1,S(NN1CSC(=Cc2ccc3ccccc3c2)C1)c4ccccc4,regression,strict,train,False,5.522878745280337,intermediate
CHEMBL183058,Cc1ccc(-c2nc3ncnc(O)c3nc2-c2ccc(C)cc2)cc1,n1cnc2nc(-c3ccccc3)c(nc2c1)-c4ccccc4,regression,strict,test,False,4.0,inactive
CHEMBL3945722,C[C@H](O)[C@H]1O[C@@H](n2cc(F)c3c(N)ncnc32)[C@](C)(O)[C@@H]1O,n1cnc2c(c1)ccn2C3OCCC3,regression,strict,train,False,4.0,inactive
CHEMBL212355,CCCCS(=O)(=O)Nc1ccc2c(c1)S(=O)(=O)NC(c1c(O)c3cccnc3n(CCC(C)C)c1=O)=N2,n1cccc2cc(cnc12)C3=Nc4ccccc4SN3,regression,strict,train,False,8.301029995663981,active
CHEMBL177429,COC(=O)C(=O)CC(=O)c1ccccc1,c1ccccc1,regression,strict,train,False,4.301029995663981,inactive
CHEMBL16326,O=C(O)C(=O)/C=C(\O)c1ccccc1,c1ccccc1,regression,strict,train,False,5.251811972993799,intermediate
CHEMBL372836,O=C1/C(=C/c2ccc(Cl)c(F)c2)SC(=S)N1NS(=O)(=O)c1ccccc1,S(NN1CSC(=Cc2ccccc2)C1)c3ccccc3,regression,strict,train,False,6.0,intermediate
CHEMBL364301,O=C(O)/C(=C/c1ccc(-c2ccccc2C(F)(F)F)o1)NC(=O)c1ccccc1,o1c(C=CNCc2ccccc2)ccc1-c3ccccc3,regression,strict,train,False,5.251811972993799,intermediate
CHEMBL386508,Cn1c(-c2ccoc2)c(C2CCCCC2)c2ccc(C(=O)O)cc21,o1ccc(c1)-c2[nH]c3ccccc3c2C4CCCCC4,regression,strict,train,False,7.795880017344075,active
CHEMBL2017866,O=C(O)/C=C/c1ccc(NC(=O)C2(NC(=O)c3ccc4c(C5CCCCC5)c5n(c4c3)CCOc3ncccc3-5)CCCC2)cc1,n1cccc-2c1OCCn3c4cc(ccc4c(c23)C5CCCCC5)CNC6(CNc7ccccc7)CCCC6,regression,strict,train,False,5.552841968657781,intermediate
CHEMBL4204763,CCCCCCN(C)C.CCCCCCN(C)C.CCCCCCN(C)C.CCCCCCN(C)C.C[C@@]1(O)[C@H](O)[C@@H](COP(=O)(O)OP(=O)(O)OP(=O)(O)O)O[C@H]1n1ccc(=O)[nH]c1=O,[N]1[CH]C=CN([CH]1)C2OCCC2,regression,strict,test,False,6.366531544420414,active
CHEMBL4088430,O=c1ccn([C@@H]2O[C@H](COP(=O)(O)OP(=O)(O)OP(=O)(O)O)[C@@H](O)[C@]2(F)Cl)c(=O)[nH]1,[N]1[CH]C=CN([CH]1)C2OCCC2,regression,strict,test,False,6.522878745280337,active
CHEMBL202405,CC(C)(C)CCn1c(=O)c(C2=NS(=O)(=O)c3ccccc3N2)c(O)c2ccccc21,N=1Sc2ccccc2NC1C3=Cc4ccccc4NC3,regression,strict,train,False,7.67778070526608,active
CHEMBL383514,CC(C)(C)[C@H]1C(O)=C(C2=NS(=O)(=O)c3ccccc3N2)C(=O)N1Cc1ccccn1,N=1Sc2ccccc2NC1C3=CCN(Cc4ncccc4)C3,regression,strict,train,False,4.0,inactive
CHEMBL307872,CO[C@]1(C)[C@H](O)[C@@H](CO)O[C@H]1n1cnc2c(N)ncnc21,n1cnc2c(ncn2C3OCCC3)c1,regression,strict,train,False,4.301029995663981,inactive
CHEMBL193333,O=C(Nc1ccccc1)/C(=C/c1ccc(Oc2ccccc2Br)cc1)NC(=O)c1ccccc1,O(c1ccccc1)c2ccc(cc2)C=C(NCc3ccccc3)CNc4ccccc4,regression,strict,train,False,4.0,inactive
CHEMBL376688,CN(C)C(=O)c1ccc(-c2ccc(Cl)cc2)c(COc2ccc(-c3nc4cc(C(=O)O)ccc4n3C3CCCCC3)cc2)c1,n1c2ccccc2n(c1-c3ccc(OCc4ccccc4-c5ccccc5)cc3)C6CCCCC6,regression,strict,train,False,7.823908740944319,active
CHEMBL198005,O=C(O)C(=O)/C=C(\O)c1ccc(Cc2cccc(Cl)c2)s1,s1cccc1Cc2ccccc2,regression,strict,train,False,4.086186147616283,inactive
CHEMBL201887,Cc1ccc(/C=C2\SC(=S)N(N)C2=O)cc1,S1C(=Cc2ccccc2)CNC1,regression,strict,train,False,4.522878745280337,inactive
CHEMBL4592592,O=c1ccn([C@@H]2O[C@H](COP(=O)(O)OP(=O)(O)OP(=O)(O)O)[C@@H](O)[C@]2(O)CF)c(=O)[nH]1,[N]1[CH]C=CN([CH]1)C2OCCC2,regression,strict,test,False,6.552841968657781,active
CHEMBL379117,CC(=O)Nc1cc(C)c(Cl)cc1S(=O)(=O)N1CCC[C@H]1C(=O)O,S(c1ccccc1)N2CCCC2,regression,strict,train,False,4.698970004336019,inactive
CHEMBL364976,O=C(O)/C(=C/c1ccc(-c2cccc(CO)c2)o1)NC(=O)c1ccccc1,o1c(C=CNCc2ccccc2)ccc1-c3ccccc3,regression,strict,train,False,4.0,inactive
CHEMBL180443,Oc1ncnc2nc(-c3ccccn3)c(-c3ccccn3)nc12,n1cnc2nc(-c3ncccc3)c(nc2c1)-c4ncccc4,regression,strict,train,False,4.0,inactive
CHEMBL191446,CC(C)N(C)C(=O)Cn1c(-c2ccccc2)c(C2CCCCC2)c2ccc(C(=O)O)cc21,c1ccc(cc1)-c2[nH]c3ccccc3c2C4CCCCC4,regression,strict,test,False,7.207608310501746,active
CHEMBL371821,O=C(O)/C(=C/c1ccc(Oc2ccccc2Br)cc1)NC(=O)c1ccc(F)c(F)c1,O(c1ccccc1)c2ccc(C=CNCc3ccccc3)cc2,regression,strict,train,False,6.638272163982407,active
CHEMBL202079,COCCn1c(=O)c(C2=NS(=O)(=O)c3ccccc3N2)c(O)c2ccccc21,N=1Sc2ccccc2NC1C3=Cc4ccccc4NC3,regression,strict,train,False,6.086716098239582,active
CHEMBL200178,CCCC1(CC(=O)O)OCCc2c1sc1ccccc21,O1Cc2sc3ccccc3c2CC1,regression,strict,train,False,4.698970004336019,inactive
CHEMBL194131,CSc1ccc(-c2ccc(/C=C(\NC(=O)c3ccccc3)C(=O)O)o2)cc1,o1c(C=CNCc2ccccc2)ccc1-c3ccccc3,regression,strict,train,False,4.568636235841013,inactive
CHEMBL202934,CCCCS(=O)(=O)NN1C(=O)/C(=C/c2ccc(Cl)c(Cl)c2)SC1=S,S1C(=Cc2ccccc2)CNC1,regression,strict,train,False,6.154901959985743,active
CHEMBL206569,O=C(Nc1ccsc1-c1nc(O)c(O)c(C(=O)O)n1)c1ccccc1,n1cccnc1-c2sccc2NCc3ccccc3,regression,strict,train,False,6.096910013008056,active
CHEMBL207911,O=C(O)[C@@H]1CSCN1S(=O)(=O)c1cc(Cl)cc(Cl)c1O,S(c1ccccc1)N2CSCC2,regression,strict,train,False,6.619788758288394,active
CHEMBL206946,O=C(O)[C@@H]1CCCN1S(=O)(=O)c1cc(Cl)cc(Cl)c1,S(c1ccccc1)N2CCCC2,regression,strict,train,False,4.698970004336019,inactive
CHEMBL178558,O=c1c(C2=NS(=O)(=O)c3ccccc3N2)c(O)c2ccccc2n1NCC1CCCC1,N=1Sc2ccccc2NC1C3=Cc4ccccc4N(NCC5CCCC5)C3,regression,strict,train,False,6.823908740944319,active
CHEMBL380788,O=S(=O)(NN1C(=S)S/C(=C\c2ccc(Cl)c(Cl)c2)C1O)c1ccccc1F,S(NN1CSC(=Cc2ccccc2)C1)c3ccccc3,regression,strict,train,False,6.698970004336019,active
CHEMBL213832,CN(C)C(=O)Cn1c(-c2ccccc2)c(C2CCCCC2)c2sc(C(=O)O)cc21,s1ccc2[nH]c(-c3ccccc3)c(c12)C4CCCCC4,regression,strict,train,False,7.236572006437063,active
CHEMBL379718,CC(C)CCn1c(=O)c(C2=NS(=O)(=O)c3cc(NS(=O)(=O)NC(=O)OCCOCc4ccccc4)ccc3N2)c(O)c2cccnc21,N=1Sc2cc(ccc2NC1c3cnc4ncccc4c3)NSNCOCCOCc5ccccc5,regression,strict,train,False,7.017728766960431,active
CHEMBL180551,O=C(O)c1cnc(N(C(=O)c2ccc(OCc3cccc(F)c3)cc2)C2CCCCC2)s1,n1ccsc1N(Cc2ccc(OCc3ccccc3)cc2)C4CCCCC4,regression,strict,train,False,5.187086643357144,intermediate
CHEMBL201119,CC(C)CCn1c(=O)c(C2=NS(=O)(=O)c3ccccc3N2)c(O)c2cc(Br)ccc21,N=1Sc2ccccc2NC1C3=Cc4ccccc4NC3,regression,strict,train,False,6.688246138944246,active
CHEMBL188969,C=Cc1c(C2CCCCC2)c2ccc(C(=O)O)cc2n1CC(=O)N1CCC(N(C)C)CC1,c1ccc2c(c1)c(cn2CCN3CCCCC3)C4CCCCC4,regression,strict,train,False,7.309803919971486,active
CHEMBL190146,CN1CCN(C(=O)Cn2c(-c3ccc(Cl)cc3)c(C3CCCCC3)c3ccc(C(=O)O)cc32)CC1,c1ccc(cc1)-c2c(c3ccccc3n2CCN4CCNCC4)C5CCCCC5,regression,strict,test,False,7.920818753952375,active
CHEMBL4483029,COC[C@H]1C[C@@](CC(C)C)(C(=O)O)N(C(=O)c2ccc(C(C)(C)C)c(OC)c2)[C@@H]1c1nccs1,n1ccsc1C2N(Cc3ccccc3)CCC2,regression,strict,train,False,4.823908740944319,inactive
CHEMBL425915,O=C(O)/C(=C/c1cccc(-c2ccccc2Cl)n1)NC(=O)c1ccccc1,n1c(cccc1-c2ccccc2)C=CNCc3ccccc3,regression,strict,train,False,4.958607314841775,inactive
CHEMBL208347,CCCC1(C(=O)O)CCc2c1[nH]c1c(C)ccc(C#N)c21,c1ccc2c(c1)[nH]c3c2CCC3,regression,strict,train,False,5.327902142064283,intermediate
CHEMBL4205607,CNC(=O)c1c(-c2ccc(F)cc2)oc2cc3c(cc12)[C@@H](C)n1nncc1CN3S(C)(=O)=O,n1nn2c(c1)CNc3cc4oc(cc4cc3C2)-c5ccccc5,regression,strict,train,False,7.42021640338319,active
CHEMBL177529,O=C(O)C(=O)CC(=O)c1ccco1,o1cccc1,regression,strict,train,False,4.301029995663981,inactive
CHEMBL364941,CN(C)C1CCN(C(=O)Cn2c(C3CCCCC3)c(C3CCCCC3)c3ccc(C(=O)O)cc32)CC1,c1ccc2c(c1)c(c(n2CCN3CCCCC3)C4CCCCC4)C5CCCCC5,regression,strict,train,False,7.142667503568731,active
CHEMBL3121489,O=c1ccn([C@@H]2O[C@H](COP(=O)(O)OP(=O)(O)OP(=O)(O)O)[C@@H](O)[C@]23CCO3)c(=O)[nH]1,[N]1[CH]C=CN([CH]1)C2OCCC32OCC3,regression,strict,train,False,6.0,intermediate
CHEMBL193549,O=C(O)/C(=C/c1ccc(-c2cccc(F)c2)o1)NC(=O)c1ccccc1,o1c(C=CNCc2ccccc2)ccc1-c3ccccc3,regression,strict,train,False,5.4089353929735005,intermediate
CHEMBL210854,CC(C)CCn1c(=O)c(C2=NS(=O)(=O)c3cc(NS(=O)(=O)NC(=O)OCCC#N)ccc3N2)c(O)c2cccnc21,N=1Sc2ccccc2NC1c3cnc4ncccc4c3,regression,strict,train,False,8.173925197299173,active
CHEMBL4111818,CC(O)[C@H]1O[C@@H](n2cc(I)c3c(N)ncnc32)[C@](C)(F)[C@@H]1O,n1cnc2c(c1)ccn2C3OCCC3,regression,strict,train,False,4.236572006437063,inactive
CHEMBL202494,CN1C(=O)/C(=C/c2ccc([N+](=O)[O-])cc2)SC1=S,S1C(=Cc2ccccc2)CNC1,regression,strict,train,False,4.522878745280337,inactive
CHEMBL438605,C[C@@]1(O)[C@H](O)[C@@H](CO)O[C@H]1n1ccc(N)nc1=O,N1=CC=CN([CH]1)C2OCCC2,regression,strict,train,False,5.552841968657781,intermediate
CHEMBL213082,O=C(O)c1cc2nc(-c3ccccc3)n(C3CCCCC3)c2[nH]1,n1c2cc[nH]c2n(c1-c3ccccc3)C4CCCCC4,regression,strict,train,False,4.301029995663981,inactive
CHEMBL4207254,CNC(=O)c1c(-c2ccc(F)cc2)oc2cc3c(cc12)C1(CCCN3S(C)(=O)=O)CC1,o1c(cc2cc3c(cc12)NCCCC34CC4)-c5ccccc5,regression,strict,train,False,7.698970004336019,active
CHEMBL374902,COC[C@H]1C[C@@](CC(C)C)(C(=O)O)N(C(=O)c2ccc(C(C)(C)C)c(OC)c2)[C@H]1c1nccs1,n1ccsc1C2N(Cc3ccccc3)CCC2,regression,strict,train,False,7.0,active
CHEMBL4216948,CNC(=O)c1c(-c2ccc(F)cc2)oc2cc3c(cc12)[C@@H](C)OCCN3S(C)(=O)=O,o1c(cc2cc3c(cc12)NCCOC3)-c4ccccc4,regression,strict,test,False,6.163675884293248,active
CHEMBL4115427,CNC(=O)c1c(-c2ccc(F)cc2)oc2cc(N(C)S(C)(=O)=O)c(-c3ccc4nnn([C@H](COC)c5ccc(F)cc5)c(=O)c4c3)cc12,N1=NN([CH]c2cc(ccc12)-c3ccc4oc(cc4c3)-c5ccccc5)Cc6ccccc6,regression,strict,train,False,9.154901959985745,active
CHEMBL109516,O=C(O)c1cc(=O)c(O)c(C(=O)O)o1,O1C=CCC=C1,regression,strict,test,False,4.7447274948966935,inactive
CHEMBL3907187,CC(C)OC(=O)[C@H](C)NP(=O)(Oc1cccc2ccccc12)OC(C)[C@H]1O[C@@H](n2ccc3c(N)ncnc32)[C@](C)(F)[C@@H]1O,n1cnc2c(c1)ccn2C3OC(COPOc4cccc5ccccc45)CC3,regression,strict,test,False,4.698970004336019,inactive
CHEMBL3039503,CC(C)(C)C#Cc1cc(N(C(=O)[C@H]2CC[C@H](C)CC2)[C@H]2CC[C@H](O)CC2)c(C(=O)O)s1,s1ccc(c1)N(CC2CCCCC2)C3CCCCC3,regression,strict,train,False,7.522878745280337,active
CHEMBL73502,Nc1nc2c(ncn2[C@@H]2O[C@H](CO)C[C@H]2O)c(=O)[nH]1,n1cnc2c(ncn2C3OCCC3)c1,regression,strict,train,False,6.221848749616356,active
CHEMBL198083,CCOC(=O)c1c(NC(=O)NS(=O)(=O)c2ccccc2OC(F)(F)F)sc2c1CCC(C)(C)C2,S(NCNc1sc2c(c1)CCCC2)c3ccccc3,regression,strict,train,False,6.823908740944319,active
CHEMBL379881,O=C(Nc1ccsc1-c1nc(O)c(O)c(C(=O)O)n1)OCCc1ccccc1,n1cccnc1-c2sccc2NCOCCc3ccccc3,regression,strict,train,False,6.337242168318426,active
CHEMBL2236462,CCCCCSc1nc(-c2ccc(C(C)C)cc2)c(C#N)c(=O)[nH]1,n1cnc(cc1)-c2ccccc2,regression,strict,train,False,4.920818753952375,inactive
CHEMBL176058,CC(C)CCn1c(=O)c(C2=NS(=O)(=O)c3ccccc3N2)c(O)c2ccccc21,N=1Sc2ccccc2NC1C3=Cc4ccccc4NC3,regression,strict,train,False,7.494850021680094,active
CHEMBL4115582,C[C@@]1(N)[C@H](O)[C@@H](CO)O[C@H]1c1ccc2c(N)ncnn12,n1cnn2c(c1)ccc2C3OCCC3,regression,strict,train,False,4.0,inactive
CHEMBL211639,CNC(=O)c1ccc(-c2ccc(Cl)cc2)c(COc2ccc(-c3nc4cc(C(=O)O)ccc4n3C3CCCCC3)cc2)c1,n1c2ccccc2n(c1-c3ccc(OCc4ccccc4-c5ccccc5)cc3)C6CCCCC6,regression,strict,train,False,7.744727494896693,active
CHEMBL3126862,O=C(O)c1ccc2c(C3CCCCC3)c3n(c2c1)C[C@]1(C(=O)N2CCOCC2)C[C@@H]1c1ccccc1-3,O1CCN(CC1)CC23Cn4c5ccccc5c(c4-c6ccccc6C3C2)C7CCCCC7,regression,strict,train,False,6.050609993355087,active
CHEMBL363566,O=C(O)c1ccc2c(C3CCCCC3)c(-c3ccc(Cl)cc3)n(CC(=O)N3CCS(=O)(=O)CC3)c2c1,S1CCN(CC1)CCn2c3ccccc3c(c2-c4ccccc4)C5CCCCC5,regression,strict,train,False,7.958607314841775,active
CHEMBL183482,Fc1ccc(CCNc2ncnc3nc(-c4ccccc4)c(-c4ccccc4)nc23)cc1,n1cnc(NCCc2ccccc2)c3nc(-c4ccccc4)c(nc13)-c5ccccc5,regression,strict,test,False,4.0,inactive
CHEMBL193480,CC(C)c1ccccc1Oc1ccc(/C=C(\NC(=O)c2ccccc2)C(=O)O)cc1,O(c1ccccc1)c2ccc(C=CNCc3ccccc3)cc2,regression,strict,train,False,4.552841968657781,inactive
CHEMBL202164,O=c1c(C2=NS(=O)(=O)c3ccccc3N2)c(O)c2ccccc2n1CCCC(F)(F)F,N=1Sc2ccccc2NC1C3=Cc4ccccc4NC3,regression,strict,train,False,6.97469413473523,active
CHEMBL4639325,CNC(=O)c1c(-c2ccc(F)cc2)oc2cc(N(C)S(C)(=O)=O)c(-c3ccc4nnn(C(CO)c5ccc(F)cc5)c(=O)c4c3)cc12,N1=NN([CH]c2cc(ccc12)-c3ccc4oc(cc4c3)-c5ccccc5)Cc6ccccc6,regression,strict,train,False,9.045757490560677,active
CHEMBL3970587,CC(OP(=O)(N[C@@H](C)C(=O)OCC(C)(C)C)Oc1ccccc1)[C@H]1O[C@@H](n2ccc3c(N)ncnc32)[C@](C)(O)[C@@H]1O,n1cnc2c(c1)ccn2C3OC(COPOc4ccccc4)CC3,regression,strict,train,False,4.7447274948966935,inactive
CHEMBL440992,O=C(O)c1ccc2c(C3CCCCC3)c3n(c2c1)CCN(Cc1ccccc1)c1ccccc1-3,c1ccc(cc1)CN2c3ccccc3-c4c(c5ccccc5n4CC2)C6CCCCC6,regression,strict,train,False,7.387216143280264,active
CHEMBL201876,CC(C)CCn1c(=O)n(C2=NS(=O)(=O)c3ccccc3N2)c(=O)c2ccccc21,N=1Sc2ccccc2NC1N3[CH][N]c4ccccc4[CH]3,regression,strict,train,False,5.002613615602686,intermediate
CHEMBL448112,O=C(O)c1cc2c(C3CCCCC3)c(-c3ccccc3)[nH]c2s1,s1ccc2c1[nH]c(-c3ccccc3)c2C4CCCCC4,regression,strict,train,False,6.920818753952375,active
CHEMBL193447,O=C(O)C(=O)/C=C(\O)c1cccc(O)c1,c1ccccc1,regression,strict,train,False,6.0,intermediate
CHEMBL324883,CC(C)(C)OC(=O)c1cc(=O)c(O)c(C(=O)O)o1,O1C=CCC=C1,regression,strict,test,False,4.443697499232712,inactive
CHEMBL3961780,CCOC(=O)[C@H](C)NP(=O)(Oc1ccccc1)OC(C)[C@H]1O[C@@H](n2ccc3c(N)ncnc32)[C@](C)(F)[C@@H]1O,n1cnc2c(c1)ccn2C3OC(COPOc4ccccc4)CC3,regression,strict,train,False,4.0,inactive
CHEMBL4110207,C[C@@]1(N)[C@H](O)[C@@H](CO)O[C@@]1(C#N)c1ccc2c(N)ncnn12,n1cnn2c(c1)ccc2C3OCCC3,regression,strict,train,False,4.0,inactive
CHEMBL202338,O=C1/C(=C/c2ccc(Cl)cc2)SC(=S)N1Cc1ccccc1,S1C(=Cc2ccccc2)CN(C1)Cc3ccccc3,regression,strict,train,False,4.522878745280337,inactive
CHEMBL4109465,CO[C@]1(c2ccc3c(N)ncnn23)O[C@H](CO)[C@@H](O)[C@@]1(C)N,n1cnn2c(c1)ccc2C3OCCC3,regression,strict,train,False,4.0,inactive
CHEMBL216384,O=C(O)c1ccc2c(C3CCCCC3)c3n(c2c1)CCCc1ccccc1-3,c1ccc2c(c1)c(c3-c4ccccc4CCCn23)C5CCCCC5,regression,strict,train,False,7.113509274827518,active
CHEMBL1259059,CC(C)OC(=O)[C@H](C)N[P@](=O)(OC[C@H]1O[C@@H](n2ccc(=O)[nH]c2=O)[C@](C)(F)[C@@H]1O)Oc1ccccc1,[N]1[CH]C=CN([CH]1)C2OC(COPOc3ccccc3)CC2,regression,strict,train,False,7.468521082957745,active
CHEMBL3986495,CNC(=O)c1c(-c2ccc(F)cc2)oc2cc(N(C)S(C)(=O)=O)c(-c3cc4c(=O)n(Cc5ccc(F)cc5)nnc4cc3C)cc12,N1=NN([CH]c2cc(ccc12)-c3ccc4oc(cc4c3)-c5ccccc5)Cc6ccccc6,regression,strict,train,False,9.0,active
CHEMBL2092824,CC(C)(C)[C@H]1CC[C@H](N(C(=O)c2ccc(Oc3ccccc3)cc2)c2ncc(C(=O)O)s2)CC1,n1ccsc1N(Cc2ccc(Oc3ccccc3)cc2)C4CCCCC4,regression,strict,train,False,5.468521082957745,intermediate
CHEMBL306299,C[C@@]1(O)[C@H](O)[C@@H](CO)O[C@H]1n1cnc2cnc(N)nc21,n1cnc2c(ncn2C3OCCC3)c1,regression,strict,train,False,4.337242168318426,inactive
CHEMBL2236430,COc1cc(CSc2nc(-c3ccc(Br)cc3)c(C#N)c(=O)[nH]2)cc(OC)c1,n1ccc(nc1SCc2ccccc2)-c3ccccc3,regression,strict,train,False,4.886056647693163,inactive
CHEMBL207252,C=CCC1(C(=O)O)CCc2c1[nH]c1c(C)cc(F)c(C#N)c21,c1ccc2c(c1)[nH]c3c2CCC3,regression,strict,train,False,5.200659450546418,intermediate
CHEMBL165038,Cc1cc(S(=O)(=O)Nc2cc(-c3ccccc3)sc2C(=O)O)c(C)cc1Cl,s1cc(cc1-c2ccccc2)NSc3ccccc3,regression,strict,train,False,5.301029995663981,intermediate
CHEMBL82516,CCOC(=O)N(CC(=O)O)C(=O)c1c(Br)ccc2c(C(F)(F)F)c(OC)ccc12,c1ccc2ccccc2c1,regression,strict,train,False,5.508638306165727,intermediate
CHEMBL174629,O=C(O)c1ccc2c(c1)nc(-c1cccs1)n2C1CCCCC1,n1c2ccccc2n(c1-c3sccc3)C4CCCCC4,regression,strict,train,False,5.468521082957745,intermediate
CHEMBL366575,O=C(N[C@@H](Cc1c[nH]c2ccc(C3N=NN=N3)cc12)C(=O)O)c1ccc2c(c1)nc(-c1ccoc1)n2C1CCCCC1,N=1N=NC(N1)c2ccc3[nH]cc(c3c2)CCNCc4ccc5c(nc(-c6cocc6)n5C7CCCCC7)c4,regression,strict,train,False,7.823908740944319,active
CHEMBL177932,O=C(O)c1ccc2c(c1)nc(-c1ccc3ccccc3n1)n2C1CCCCC1,n1c2ccccc2ccc1-c3nc4ccccc4n3C5CCCCC5,regression,strict,train,False,4.522878745280337,inactive
CHEMBL379045,CC(C)CCn1c(=O)c(C2=NS(=O)(=O)c3cc(OCC#N)ccc3N2)c(O)c2cccnc21,N=1Sc2ccccc2NC1c3cnc4ncccc4c3,regression,strict,train,False,7.602059991327962,active
CHEMBL212583,Cc1nc(COc2ccc(-c3nc4cc(C(=O)O)ccc4n3C3CCCCC3)cc2)c(-c2ccc(Cl)cc2)s1,n1csc(-c2ccccc2)c1COc3ccc(cc3)-c4nc5ccccc5n4C6CCCCC6,regression,strict,train,False,6.769551078621726,active
CHEMBL372656,CN(C)Cc1cc(-c2c(C3CCCCC3)c3ccc(C(=O)O)cc3n2CC(=O)N(C)C)ccc1Cl,c1ccc(cc1)-c2[nH]c3ccccc3c2C4CCCCC4,regression,strict,test,False,7.107905397309519,active
CHEMBL182632,CCNc1ncnc2nc(-c3ccc(F)cc3)c(-c3ccc(F)cc3)nc12,n1cnc2nc(-c3ccccc3)c(nc2c1)-c4ccccc4,regression,strict,test,False,5.537602002101044,intermediate
CHEMBL3908470,COC(=O)[C@H](C)NP(=O)(Oc1cccc2ccccc12)OC(C)[C@H]1O[C@@H](n2ccc3c(N)ncnc32)[C@](C)(O)[C@@H]1O,n1cnc2c(c1)ccn2C3OC(COPOc4cccc5ccccc45)CC3,regression,strict,test,False,5.318758762624412,intermediate
CHEMBL193835,O=C(CC1CCCC1)N/C(=C\c1ccc(Oc2ccccc2Br)cc1)C(=O)O,O(c1ccccc1)c2ccc(C=CNCCC3CCCC3)cc2,regression,strict,train,False,6.070581074285707,active
CHEMBL208084,Cc1cc(NC(=O)c2ccccc2)c(S(=O)(=O)N2CCC[C@H]2C(=O)O)cc1Cl,S(c1ccccc1NCc2ccccc2)N3CCCC3,regression,strict,train,False,4.698970004336019,inactive
CHEMBL201063,O=c1c(C2=NS(=O)(=O)c3ccccc3N2)c(O)c2ccccc2n1Cc1cccc([N+](=O)[O-])c1,N=1Sc2ccccc2NC1C3=Cc4ccccc4N(Cc5ccccc5)C3,regression,strict,train,False,7.091514981121351,active
CHEMBL4532929,CC(C)OC(=O)[C@H](C)NP(=O)(OC[C@H]1O[C@@H](n2ccc(N)nc2=O)[C@](F)(Br)[C@H]1O)Oc1ccccc1,N1=CC=CN([CH]1)C2OC(COPOc3ccccc3)CC2,regression,strict,train,False,6.221848749616356,active
CHEMBL4646449,Cc1ccc2c(-c3ccc[nH]c3=O)c(C(=O)NS(=O)(=O)C3CC3)n(Cc3cc(F)ccc3F)c2c1,S(NCc1c(c2ccccc2n1Cc3ccccc3)C4=CC=CNC4)C5CC5,regression,strict,train,False,8.301029995663981,active
CHEMBL193525,O=C(O)/C(=C/c1ccc(-c2ccc(OC(F)(F)F)cc2)o1)NC(=O)c1ccccc1,o1c(C=CNCc2ccccc2)ccc1-c3ccccc3,regression,strict,train,False,4.657577319177793,inactive
CHEMBL204350,CC(C)(C)CCN1C(=O)C(C2=NS(=O)(=O)c3ccccc3N2)=C(O)[C@@H]1C(C)(C)C,N=1Sc2ccccc2NC1C3=CCNC3,regression,strict,test,False,8.769551078621726,active
CHEMBL4205541,CNC(=O)c1c(-c2ccc(F)cc2)oc2cc3c(cc12)[C@@H](C)O[C@H](CS(C)(=O)=O)CN3S(C)(=O)=O,o1c(cc2cc3c(cc12)NCCOC3)-c4ccccc4,regression,strict,test,False,7.619788758288394,active
CHEMBL4549638,CCN(c1cc2oc(-c3ccc(F)cc3)c(C(=O)NC)c2cc1-c1cccc(C(=O)NC2(c3ncccn3)CC2)c1)S(C)(=O)=O,n1cccnc1C2(NCc3cccc(c3)-c4ccc5oc(cc5c4)-c6ccccc6)CC2,regression,strict,train,False,8.267606240177031,active
CHEMBL204620,O=C(O)c1ccc2c(c1)nc(-c1ccc(OCc3ccccc3)cc1)n2C1CCCCCC1,n1c2ccccc2n(c1-c3ccc(OCc4ccccc4)cc3)C5CCCCCC5,regression,strict,train,False,5.7447274948966935,intermediate
CHEMBL4106781,C[C@@]1(N)[C@H](O)[C@@H](COP(=O)(O)OP(=O)(O)OP(=O)(O)O)O[C@H]1c1cnc2c(N)ncnn12,n1cnn2c(ncc2C3OCCC3)c1,regression,strict,train,False,5.173925197299173,intermediate
CHEMBL4548240,COP(=O)(Nc1nn(-c2ccc(-c3cc4ncccn4n3)cc2)cc1C(=O)O)c1ccc(C)cc1C,n1cccn2nc(cc12)-c3ccc(cc3)-n4nc(cc4)NPc5ccccc5,regression,strict,train,False,6.365724305374056,active
CHEMBL4633142,CC1COc2cc3c(-c4ccc[nH]c4=O)c(C(=O)NS(C)(=O)=O)n(Cc4cc(F)ccc4F)c3cc21,O1c2cc3c(cn(c3cc2CC1)Cc4ccccc4)C5=CC=CNC5,regression,strict,train,False,8.221848749616356,active
CHEMBL3984618,C[C@H](O)[C@H]1O[C@@H](n2ccc(N)nc2=O)[C@](C)(O)[C@@H]1O,N1=CC=CN([CH]1)C2OCCC2,regression,strict,train,False,4.0,inactive
CHEMBL3892245,CCCCOC(=O)[C@H](C)NP(=O)(Oc1cccc2ccccc12)O[C@@H](C)[C@H]1O[C@@H](n2ccc(N)nc2=O)[C@](C)(O)[C@@H]1O,N1=CC=CN([CH]1)C2OC(COPOc3cccc4ccccc34)CC2,regression,strict,train,False,4.0,inactive
CHEMBL1236660,Cn1c(-c2ccccc2)c(C2CCCCC2)c2sc(C(=O)O)cc21,s1ccc2[nH]c(-c3ccccc3)c(c12)C4CCCCC4,regression,strict,train,False,7.602059991327962,active
CHEMBL109823,COC(=O)c1oc(C(=O)O)cc(=O)c1O,O1C=CCC=C1,regression,strict,test,False,4.0,inactive
CHEMBL439327,CCCC1(CC(=O)O)CCCc2c1[nH]c1c(C(N)=O)ccc(C#N)c21,c1ccc2c(c1)[nH]c3c2CCCC3,regression,strict,test,False,4.481486060122112,inactive
CHEMBL3949157,CNC(=O)c1c(-c2ccc(F)cc2)oc2cc(N(C)S(C)(=O)=O)c(-c3cc4c(=O)n(Cc5ccc(F)cc5)nnc4cc3Cl)cc12,N1=NN([CH]c2cc(ccc12)-c3ccc4oc(cc4c3)-c5ccccc5)Cc6ccccc6,regression,strict,train,False,9.0,active
CHEMBL216000,O=C(O)c1ccc2c(C3CCCCC3)c(-c3ccoc3)[nH]c2c1,o1ccc(c1)-c2[nH]c3ccccc3c2C4CCCCC4,regression,strict,train,False,7.522878745280337,active
CHEMBL181058,Cc1ccsc1CNn1c(=O)c(C2=NS(=O)(=O)c3ccccc3N2)c(O)c2ccccc21,N=1Sc2ccccc2NC1C3=Cc4ccccc4N(NCc5sccc5)C3,regression,strict,train,False,5.924453038607469,intermediate
CHEMBL2017863,O=C(O)/C=C/c1ccc(NC(=O)C2(NC(=O)c3ccc4c(C5CCCCC5)c5n(c4c3)CCCc3ncccc3-5)CCCC2)cc1,n1cccc-2c1CCCn3c4cc(ccc4c(c23)C5CCCCC5)CNC6(CNc7ccccc7)CCCC6,regression,strict,train,False,5.761702932124607,intermediate
CHEMBL202911,O=C(Cc1ccccc1Cl)Nc1ccsc1-c1nc(O)c(O)c(C(=O)O)n1,n1cccnc1-c2sccc2NCCc3ccccc3,regression,strict,train,False,6.6777807052660805,active
CHEMBL4112513,C[C@@H](OP(=O)(O)OP(=O)(O)OP(=O)(O)O)[C@H]1O[C@@H](n2ccc3c(N)ncnc32)[C@](C)(O)[C@@H]1O,n1cnc2c(c1)ccn2C3OCCC3,regression,strict,train,False,4.187086643357144,inactive
CHEMBL217580,COc1ccc(CCC2(C3CCCC3)CC(=O)C(Sc3nccn3C)=C(O)O2)cc1Cl,n1cc[nH]c1SC2=COC(CC2)(CCc3ccccc3)C4CCCC4,regression,strict,train,False,6.853871964321762,active
CHEMBL4114124,C[C@]1(N)[C@H](c2cnn3c(N)ncnc23)O[C@H](CO)[C@H]1O,n1cnc2c(cnn2c1)C3OCCC3,regression,strict,test,False,4.0,inactive
CHEMBL383596,CCOC(=O)c1c(NC(=O)NS(=O)(=O)c2ccc(C)cc2)sc2c1CCC(C)C2,S(NCNc1sc2c(c1)CCCC2)c3ccccc3,regression,strict,train,False,6.698970004336019,active
CHEMBL197721,O=C(O)C(=O)/C=C(\O)c1cccc(-c2ccccc2)c1,c1ccc(cc1)-c2ccccc2,regression,strict,train,False,4.552841968657781,inactive
CHEMBL425757,COCCOc1ccc2c(c1)c(O)c(C1=NS(=O)(=O)c3ccccc3N1)c(=O)n2CCC(C)C,N=1Sc2ccccc2NC1C3=Cc4ccccc4NC3,regression,strict,train,False,5.759201228882668,intermediate
CHEMBL192054,O=C(O)/C(=C/c1ccc(-c2ccccc2[N+](=O)[O-])o1)NC(=O)c1ccccc1,o1c(C=CNCc2ccccc2)ccc1-c3ccccc3,regression,strict,train,False,5.161150909262744,intermediate
CHEMBL184402,COc1ccc2c(C(=O)NC(CC(=O)O)C(=O)O)cccc2c1Br,c1ccc2ccccc2c1,regression,strict,train,False,5.920818753952375,intermediate
CHEMBL205118,O=C(Cc1c(-c2ccccc2)[nH]c2ccccc12)Nc1ccsc1-c1nc(O)c(O)c(C(=O)O)n1,n1cccnc1-c2sccc2NCCc3c4ccccc4[nH]c3-c5ccccc5,regression,strict,train,False,6.552841968657781,active
CHEMBL4214423,CNC(=O)c1c(-c2ccc(F)cc2)oc2cc3c(cc12)C(O)CCCN3S(C)(=O)=O,o1c(cc2cc3c(cc12)NCCCC3)-c4ccccc4,regression,strict,train,False,6.97061622231479,active
CHEMBL212390,CCOc1ccc(CCC2(C3CCCC3)CC(=O)CC(=O)O2)cc1F,O1CCCCC1(CCc2ccccc2)C3CCCC3,regression,strict,test,False,6.102372908709558,active
CHEMBL4636436,CC(C)OC(=O)[C@H](C)N[P@](=O)(OC[C@H]1O[C@@H](n2ccc(=O)[nH]c2=O)[C@](Cl)(Br)[C@@H]1O)Oc1ccccc1,[N]1[CH]C=CN([CH]1)C2OC(COPOc3ccccc3)CC2,regression,strict,train,False,6.943095148663527,active
CHEMBL4547789,CCN(c1cc2oc(-c3ccc(F)cc3)c(C(=O)NC)c2cc1-c1cc(Cl)c(OC)c(C(=O)NC2(c3ncccn3)CC2)c1)S(C)(=O)=O,n1cccnc1C2(NCc3cccc(c3)-c4ccc5oc(cc5c4)-c6ccccc6)CC2,regression,strict,train,False,8.18045606445813,active
CHEMBL177297,O=C(O)C(=O)CC(=O)c1ccncc1,n1ccccc1,regression,strict,train,False,4.301029995663981,inactive
CHEMBL2236454,N#Cc1c(-c2ccc(Cl)cc2Cl)nc(SCCCc2ccccc2)[nH]c1=O,n1ccc(nc1SCCCc2ccccc2)-c3ccccc3,regression,strict,train,False,4.920818753952375,inactive
CHEMBL4592496,O=c1ccn([C@@H]2O[C@](F)(COP(=O)(O)OP(=O)(O)OP(=O)(O)O)[C@@H](O)[C@]2(F)Cl)c(=O)[nH]1,[N]1[CH]C=CN([CH]1)C2OCCC2,regression,strict,test,False,6.721246399047171,active
CHEMBL212677,O=C(O)c1ccc2c(c1)nc(-c1ccc(OCc3cc(Cl)ccc3-c3ccccc3)cc1)n2C1CCCCC1,n1c2ccccc2n(c1-c3ccc(OCc4ccccc4-c5ccccc5)cc3)C6CCCCC6,regression,strict,train,False,6.698970004336019,active
CHEMBL205579,CCC(C)[C@H]1C(O)=C(C2=NS(=O)(=O)c3ccccc3N2)C(=O)N1Cc1ccccc1,N=1Sc2ccccc2NC1C3=CCN(Cc4ccccc4)C3,regression,strict,train,False,7.055517327849832,active
CHEMBL212470,O=c1c(C2=NS(=O)(=O)c3cccc(Br)c3N2)c(O)c2cccnc2n1Cc1ccccc1,N=1Sc2ccccc2NC1C3=Cc4cccnc4N([CH]3)Cc5ccccc5,regression,strict,train,False,5.931814138253839,intermediate
CHEMBL180346,Cc1cccc(CNn2c(=O)c(C3=NS(=O)(=O)c4ccccc4N3)c(O)c3ccccc32)c1,N=1Sc2ccccc2NC1C3=Cc4ccccc4N(NCc5ccccc5)C3,regression,strict,train,False,6.673664139071248,active
CHEMBL280862,N#Cc1ccc(CN(C(=O)c2ccc(Cl)cc2Cl)[C@@H](Cc2ccccc2)C(=O)O)cc1,c1ccc(cc1)CN(Cc2ccccc2)CCc3ccccc3,regression,strict,train,False,5.096910013008056,intermediate
CHEMBL201336,CN(C)C(=O)Cn1c(=O)c(C2=NS(=O)(=O)c3ccccc3N2)c(O)c2cc(F)ccc21,N=1Sc2ccccc2NC1C3=Cc4ccccc4NC3,regression,strict,train,False,5.0,inactive
CHEMBL4455349,CC(C)OC(=O)[C@H](C)N[P@](=O)(OC[C@H]1O[C@@H](n2ccc(=O)[nH]c2=O)[C@](F)(Br)[C@H]1O)Oc1ccccc1,[N]1[CH]C=CN([CH]1)C2OC(COPOc3ccccc3)CC2,regression,strict,train,False,7.67778070526608,active
CHEMBL3942127,CNC(=O)c1c(-c2ccc(F)cc2)oc2cc(N(C)S(C)(=O)=O)c(-c3cc4c(=O)n(Cc5ccc(F)cc5)nnc4cc3F)cc12,N1=NN([CH]c2cc(ccc12)-c3ccc4oc(cc4c3)-c5ccccc5)Cc6ccccc6,regression,strict,train,False,9.154901959985745,active
CHEMBL2236437,COc1cc(CSc2nc(-c3cccc(C(F)(F)F)c3)c(C#N)c(=O)[nH]2)cc(OC)c1,n1ccc(nc1SCc2ccccc2)-c3ccccc3,regression,strict,train,False,4.958607314841775,inactive
CHEMBL4439768,COc1ccc(N2CN=c3s/c(=C/c4ccc(Cl)cc4Cl)c(=O)n3C2)cc1,N1=C2SC(=Cc3ccccc3)CN2CN(c4ccccc4)C1,regression,strict,test,False,6.657992070982661,active
CHEMBL4637964,CCOC(=O)[C@H](C)N[P@@](=O)(OC[C@H]1O[C@@H](n2ccc(=O)[nH]c2=O)[C@](Cl)(Br)[C@@H]1O)Oc1ccccc1,[N]1[CH]C=CN([CH]1)C2OC(COPOc3ccccc3)CC2,regression,strict,train,False,5.924453038607469,intermediate
CHEMBL191002,CN(C)C1CNC(C(=O)Cn2c(-c3ccccc3)c(C3CCCC3)c3ccc(C(=O)O)cc32)C1,c1ccc(cc1)-c2c(c3ccccc3n2CCC4NCCC4)C5CCCC5,regression,strict,train,False,7.107905397309519,active
CHEMBL198181,CCOC(=O)c1c(NC(=O)NS(=O)(=O)c2ccc(C)cc2)sc2c1C(C)CCC2,S(NCNc1sc2c(c1)CCCC2)c3ccccc3,regression,strict,train,False,5.698970004336019,intermediate
CHEMBL205598,O=C(O)c1ccc2c(c1)nc(-c1ccc(OC(c3ccc(F)cc3)c3ccc(F)cc3)cc1)n2C1CCCCC1,n1c2ccccc2n(c1-c3ccc(OC(c4ccccc4)c5ccccc5)cc3)C6CCCCC6,regression,strict,train,False,6.096910013008056,active
CHEMBL607171,CC(C)(C)[C@H]1CC[C@@H](N(C(=O)c2ccc(Oc3ccccc3)cc2)c2nc(C(=O)O)cs2)CC1,n1ccsc1N(Cc2ccc(Oc3ccccc3)cc2)C4CCCCC4,regression,strict,train,False,5.552841968657781,intermediate
CHEMBL2017865,O=C(O)/C=C/c1ccc(NC(=O)C2(NC(=O)c3ccc4c(C5CCCCC5)c5n(c4c3)CCOc3cccnc3-5)CCCC2)cc1,n1cccc2OCCn3c4cc(ccc4c(c3-c12)C5CCCCC5)CNC6(CNc7ccccc7)CCCC6,regression,strict,train,False,6.221848749616356,active
CHEMBL4279977,CNC(=O)c1c(-c2ccc(F)cc2)oc2ncc(-c3cccc(C(=O)NC(C)(C)C)c3)cc12,n1cc(cc2cc(oc12)-c3ccccc3)-c4ccccc4,regression,strict,train,False,6.349692476868063,active
CHEMBL4113656,C[C@@H](O)[C@H]1O[C@@H](n2ccc(=O)[nH]c2=O)[C@](C)(O)[C@@H]1O,[N]1[CH]C=CN([CH]1)C2OCCC2,regression,strict,test,False,4.0,inactive
CHEMBL433580,CCCC[C@@]1(C(=O)O)C[C@H](C(=O)O)[C@H](c2ccccc2)N1C(=O)c1ccc(C(F)(F)F)cc1,c1ccc(cc1)CN2CCCC2c3ccccc3,regression,strict,train,False,5.481486060122113,intermediate
CHEMBL1689387,O=C(CN1C(=O)S/C(=C\c2ccc(Cl)cc2Cl)C1=O)Nc1ccccc1,S1C(=Cc2ccccc2)CN(C1)CCNc3ccccc3,regression,strict,train,False,6.357001596156081,active
CHEMBL201769,Cc1ccc2c(c1)c(O)c(C1=NS(=O)(=O)c3ccccc3N1)c(=O)n2CCC(C)C,N=1Sc2ccccc2NC1C3=Cc4ccccc4NC3,regression,strict,train,False,7.327902142064283,active
CHEMBL4642954,COCC(C)OC(=O)[C@H](C)NP(=O)(OC[C@H]1O[C@@H](n2ccc(=O)[nH]c2=O)[C@](Cl)(Br)[C@@H]1O)Oc1ccccc1,[N]1[CH]C=CN([CH]1)C2OC(COPOc3ccccc3)CC2,regression,strict,train,False,6.412289034981089,active
CHEMBL201231,O=c1c(C2=NS(=O)(=O)c3ccccc3N2)c(O)c2ccccc2n1Cc1ccccc1[N+](=O)[O-],N=1Sc2ccccc2NC1C3=Cc4ccccc4N(Cc5ccccc5)C3,regression,strict,train,False,5.0,inactive
CHEMBL381010,CCCCCn1c(=O)c(C2=NS(=O)(=O)c3ccccc3N2)c(O)c2ccccc21,N=1Sc2ccccc2NC1C3=Cc4ccccc4NC3,regression,strict,train,False,7.096910013008056,active
CHEMBL2236459,N#Cc1c(-c2cccc(C(F)(F)F)c2)nc(SCCC(=O)Oc2ccccc2)[nH]c1=O,n1ccc(nc1SCCCOc2ccccc2)-c3ccccc3,regression,strict,train,False,4.889999848866887,inactive
CHEMBL1950242,COP(=O)(OC)OP(=O)(OC)OP(=O)(OC)OC[C@H]1O[C@@H](n2ccc3c(N)nc(N)nc32)[C@](C)(F)[C@@H]1O,n1cnc2c(c1)ccn2C3OCCC3,regression,strict,train,False,5.221848749616356,intermediate
CHEMBL215350,CC1(CCc2ccc(O)cc2)CC(=O)CC(=O)O1,O1CCCCC1CCc2ccccc2,regression,strict,train,False,4.0,inactive
CHEMBL4632867,C[C@@]1(O)[C@H](F)[C@@H](COP(=O)(O)OP(=O)(O)OP(=O)(O)O)O[C@H]1n1cnc2c(=O)[nH]c(N)nc21,n1cnc2c(ncn2C3OCCC3)c1,regression,strict,train,False,6.200659450546418,active
CHEMBL213307,Cc1cccc(CCC2(C3CCCC3)CC(=O)CC(=O)O2)c1,O1CCCCC1(CCc2ccccc2)C3CCCC3,regression,strict,test,False,4.638272163982407,inactive
CHEMBL414855,CCC[C@@]1(CC(=O)O)OCCc2c1sc1c(C)cc(F)c(C#N)c21,O1Cc2sc3ccccc3c2CC1,regression,strict,train,False,5.27083521030723,intermediate
CHEMBL386319,O=C(O)c1ccc2c(C3CCCCC3)c3n(c2c1)CCOc1cc(OCc2ccccc2)ccc1-3,O(c1ccc-2c(OCCn3c4ccccc4c(c23)C5CCCCC5)c1)Cc6ccccc6,regression,strict,train,False,7.769551078621726,active
CHEMBL182191,O=c1c(C2=NS(=O)(=O)c3ccccc3N2)c(O)c2ccccc2n1NCc1ccccc1,N=1Sc2ccccc2NC1C3=Cc4ccccc4N(NCc5ccccc5)C3,regression,strict,train,False,6.889410289700751,active
CHEMBL360800,O=C(O)[C@H]1C[C@@](Cc2ccccc2)(C(=O)O)N(C(=O)c2ccc(C(F)(F)F)cc2)[C@H]1c1ccccc1,c1ccc(cc1)CN2C(c3ccccc3)CCC2Cc4ccccc4,regression,strict,train,False,5.721246399047171,intermediate
CHEMBL195300,O=C(Nc1ccccc1O)/C(=C/c1ccc(Oc2ccccc2Br)cc1)NC(=O)c1ccccc1,O(c1ccccc1)c2ccc(cc2)C=C(NCc3ccccc3)CNc4ccccc4,regression,strict,train,False,4.823908740944319,inactive
CHEMBL202449,CC(C)CCn1cc(C2=NS(=O)(=O)c3ccccc3N2)c(=O)c2ccccc21,N=1Sc2ccccc2NC1C3=CNc4ccccc4C3,regression,strict,train,False,5.0,inactive
CHEMBL3936841,C[C@H](O)C1O[C@@H](n2cc(F)c3c(N)ncnc32)[C@](C)(F)[C@@H]1O,n1cnc2c(c1)ccn2C3OCCC3,regression,strict,train,False,4.0,inactive
CHEMBL435117,O=C1/C(=C/c2ccccc2F)SC(=S)N1NS(=O)(=O)c1ccccc1,S(NN1CSC(=Cc2ccccc2)C1)c3ccccc3,regression,strict,train,False,5.187086643357144,intermediate
CHEMBL189725,CN(C)Cc1cccc(-c2c(C3CCCCC3)c3ccc(C(=O)O)cc3n2CC(=O)N(C)C)c1,c1ccc(cc1)-c2[nH]c3ccccc3c2C4CCCCC4,regression,strict,test,False,6.832682665251824,active
CHEMBL193049,O=C(O)/C(=C/c1ccc(-c2ccccc2)o1)NC(=O)c1ccccc1,o1c(C=CNCc2ccccc2)ccc1-c3ccccc3,regression,strict,train,False,5.173925197299173,intermediate
CHEMBL1957287,Fc1ccccc1-c1nc2ccn(Cc3ccc(-c4ccc(C(F)(F)F)cc4C(F)(F)F)nn3)cc-2n1,n1nc(ccc1-c2ccccc2)Cn3ccc-4nc(nc4c3)-c5ccccc5,regression,strict,train,False,8.537602002101044,active
CHEMBL183225,Cc1ccc(CNc2ncnc3nc(-c4ccccc4)c(-c4ccccc4)nc23)cc1,n1cnc(NCc2ccccc2)c3nc(-c4ccccc4)c(nc13)-c5ccccc5,regression,strict,train,False,4.0,inactive
CHEMBL361418,COc1ccc(Oc2ccc(C(=O)N(c3ncc(C(=O)O)s3)C3CCCCC3)cc2)cc1OC,n1ccsc1N(Cc2ccc(Oc3ccccc3)cc2)C4CCCCC4,regression,strict,train,False,5.455931955649724,intermediate
CHEMBL359952,CCCCCCNc1ncnc2nc(-c3ccccc3)c(-c3ccccc3)nc12,n1cnc2nc(-c3ccccc3)c(nc2c1)-c4ccccc4,regression,strict,test,False,4.0,inactive
CHEMBL188698,CN(C)C1CCN(C(=O)Cn2c(-c3ccccc3)c(C3CCCCC3)c3ccc(C(=O)O)cc32)CC1,c1ccc(cc1)-c2c(c3ccccc3n2CCN4CCCCC4)C5CCCCC5,regression,strict,train,False,7.387216143280264,active
CHEMBL4634173,CC(C)OC(=O)C(C)(C)NP(=O)(OC[C@H]1O[C@@H](n2ccc(=O)[nH]c2=O)[C@](Cl)(Br)[C@@H]1O)Oc1ccccc1,[N]1[CH]C=CN([CH]1)C2OC(COPOc3ccccc3)CC2,regression,strict,train,False,5.962573502059376,intermediate
CHEMBL212363,CC(C)C(=O)N(C)c1ccc(-c2ccc(Cl)cc2)c(COc2ccc(-c3nc4cc(C(=O)O)ccc4n3C3CCCCC3)c(F)c2)c1,n1c2ccccc2n(c1-c3ccc(OCc4ccccc4-c5ccccc5)cc3)C6CCCCC6,regression,strict,train,False,7.494850021680094,active
CHEMBL216647,CC(C)(NC(=O)c1ccc2c(C3CCCCC3)c3n(c2c1)CCOc1ccccc1-3)C(=O)O,O1c2ccccc2-c3c(c4ccccc4n3CC1)C5CCCCC5,regression,strict,train,False,7.337242168318426,active
CHEMBL4446863,O=C(CN1C(=O)S/C(=C\c2ccc(Cl)cc2Cl)C1=O)Nc1ccc(Cl)cc1,S1C(=Cc2ccccc2)CN(C1)CCNc3ccccc3,regression,strict,train,False,5.290999860413405,intermediate
CHEMBL4112907,COc1nc(N)nc2c1ncn2C1OC(CO)[C@@H](O)[C@@]12CCCO2,n1cnc2c(ncn2C3OCCC43OCCC4)c1,regression,strict,train,False,4.698970004336019,inactive
CHEMBL607235,C[C@@H]1CCCC[C@H]1N(C(=O)c1ccc(Oc2ccccc2)cc1)c1nc(C(=O)O)cs1,n1ccsc1N(Cc2ccc(Oc3ccccc3)cc2)C4CCCCC4,regression,strict,train,False,5.119186407719209,intermediate
CHEMBL177767,O=C(O)C(=O)CC(=O)C(c1ccccc1)c1ccccc1,c1ccc(cc1)Cc2ccccc2,regression,strict,train,False,4.301029995663981,inactive
CHEMBL3894622,CC[C@@H](OP(=O)(N[C@@H](C)C(=O)OC)Oc1ccccc1)[C@H]1O[C@@H](n2cc(F)c3c(N)ncnc32)[C@](C)(O)[C@@H]1O,n1cnc2c(c1)ccn2C3OC(COPOc4ccccc4)CC3,regression,strict,train,False,4.823908740944319,inactive
CHEMBL4469773,CC(C)OC(=O)[C@H](C)N[P@@](=O)(OC[C@H]1O[C@@H](n2ccc(=O)[nH]c2=O)[C@](F)(Br)[C@H]1O)Oc1ccccc1,[N]1[CH]C=CN([CH]1)C2OC(COPOc3ccccc3)CC2,regression,strict,train,False,6.920818753952375,active
CHEMBL197033,O=C(O)C(=O)/C=C(\O)c1ccc(N2CCCCC2)s1,s1cccc1N2CCCCC2,regression,strict,train,False,5.086186147616283,intermediate
CHEMBL197953,CCCCS(=O)(=O)N1CCCC(Cc2ccc(Cl)cc2)(/C(O)=C/C(=O)C(=O)O)C1,c1ccc(cc1)CC2CNCCC2,regression,strict,train,False,4.089375595110798,inactive
CHEMBL178784,O=C(O)c1ccc2c(C3CCCCC3)c(-c3ccc(O)cc3)[nH]c2c1,c1ccc(cc1)-c2[nH]c3ccccc3c2C4CCCCC4,regression,strict,test,False,8.318758762624412,active
CHEMBL4225426,O=c1ccccn1Cc1ccc(-n2cc(Cn3ccc4nc(-c5ccccc5F)nc-4c3)nn2)cc1,n1nn(cc1Cn2ccc-3nc(nc3c2)-c4ccccc4)-c5ccc(cc5)CN6C=CC=CC6,regression,strict,train,False,7.029374223311706,active
CHEMBL3917593,COc1nc(N)nc2c1ncn2C1OC(COP(=O)(N[C@@H](C)C(=O)OCc2ccccc2)Oc2ccccc2)[C@@H](O)[C@]12CCO2,n1cnc2c(ncn2C3OC(COP(Oc4ccccc4)NCCOCc5ccccc5)CC63OCC6)c1,regression,strict,train,False,5.062983892535185,intermediate
CHEMBL4213434,CNC(=O)c1c(-c2ccc(F)cc2)oc2cc3c(cc12)[C@@H](C)N(C)C(=O)CN3S(C)(=O)=O,o1c(cc2cc3c(cc12)NCCNC3)-c4ccccc4,regression,strict,train,False,7.229147988357855,active
CHEMBL3955209,CNC(=O)c1c(-c2ccc(F)cc2)oc2cc(N(C)S(C)(=O)=O)c(-c3ccc4nnn([C@@H](COC)c5ccc(F)cc5)c(=O)c4c3)cc12,N1=NN([CH]c2cc(ccc12)-c3ccc4oc(cc4c3)-c5ccccc5)Cc6ccccc6,regression,strict,train,False,8.744727494896694,active
CHEMBL205648,CC(C)CCN1C(=O)C(C2=NS(=O)(=O)c3ccccc3N2)=C(O)[C@@H]1C(C)C,N=1Sc2ccccc2NC1C3=CCNC3,regression,strict,test,False,6.832682665251824,active
CHEMBL4114827,O=c1ccn(C2OC(CO)C(O)[C@]23CCCO3)c(=O)[nH]1,[N]1[CH]C=CN([CH]1)C2OCCC32OCCC3,regression,strict,train,False,4.0,inactive
CHEMBL380686,CC(C)CCn1c(=O)c(C2=NS(=O)(=O)c3ccccc3N2)c(O)c2cc(OCC(N)=O)ccc21,N=1Sc2ccccc2NC1C3=Cc4ccccc4NC3,regression,strict,train,False,7.619788758288394,active
CHEMBL4069349,C[C@@]1(Cl)[C@H](O)[C@@H](COP(=O)(O)OP(=O)(O)OP(=O)(O)O)O[C@H]1n1ccc(=O)[nH]c1=O,[N]1[CH]C=CN([CH]1)C2OCCC2,regression,strict,test,False,6.025028005701931,active
CHEMBL4208663,CNC(=O)c1c(-c2ccc(F)cc2)oc2cc3c(cc12)[C@@H](C)NC(=O)CN3S(C)(=O)=O,o1c(cc2cc3c(cc12)NCCNC3)-c4ccccc4,regression,strict,train,False,6.23210238398191,active
CHEMBL4522072,C=C[C@@]1(O)[C@H](O)[C@@](F)(COP(=O)(O)OP(=O)(O)OP(=O)(O)O)O[C@H]1n1ccc(=O)[nH]c1=O,[N]1[CH]C=CN([CH]1)C2OCCC2,regression,strict,test,False,5.1938200260161125,intermediate
CHEMBL4204568,CNC(=O)c1c(-c2ccc(F)cc2)oc2cc3c(cc12)[C@@H](C)O[C@@H](CO)CN3S(C)(=O)=O,o1c(cc2cc3c(cc12)NCCOC3)-c4ccccc4,regression,strict,test,False,5.831797253157369,intermediate
CHEMBL201256,O=S1(=O)N=C(c2c(O)nc3ccccc3c2O)Nc2ccccc21,N=1Sc2ccccc2NC1c3cnc4ccccc4c3,regression,strict,train,False,5.0,inactive
CHEMBL379435,O=C(O)c1ccc2c(c1)nc(-c1ccc(OCc3cc(C(=O)N4CCOCC4)ccc3-c3ccc(Cl)cc3)cc1F)n2C1CCCCC1,n1c2ccccc2n(c1-c3ccc(OCc4cc(ccc4-c5ccccc5)CN6CCOCC6)cc3)C7CCCCC7,regression,strict,train,False,7.853871964321762,active
CHEMBL206458,O=C(O)c1nc(-c2cc([N+](=O)[O-])cs2)nc(O)c1O,n1cccnc1-c2sccc2,regression,strict,train,False,5.026872146400302,intermediate
CHEMBL353549,O=C(N[C@@H](Cc1c[nH]c2ccccc12)C(=O)O)c1ccc2c(c1)nc(-c1ccoc1)n2C1CCCCC1,n1c2cc(ccc2n(c1-c3cocc3)C4CCCCC4)CNCCc5c[nH]c6ccccc65,regression,strict,train,False,7.721246399047171,active
CHEMBL361368,CN(C)c1ncnc2nc(-c3ccc(F)cc3)c(-c3ccc(F)cc3)nc12,n1cnc2nc(-c3ccccc3)c(nc2c1)-c4ccccc4,regression,strict,test,False,4.6777807052660805,inactive
CHEMBL2236455,CCCCCSc1nc(-c2ccc(Br)cc2)c(C#N)c(=O)[nH]1,n1cnc(cc1)-c2ccccc2,regression,strict,train,False,4.960000077688649,inactive
CHEMBL4211202,C=C1CCCN(S(C)(=O)=O)c2cc3oc(-c4ccc(F)cc4)c(C(=O)NC)c3cc21,o1c(cc2cc3c(cc12)NCCCC3)-c4ccccc4,regression,strict,train,False,7.585026652029182,active
CHEMBL202375,O=c1c(C2=NS(=O)(=O)c3ccccc3N2)c(O)c2ccccc2n1CCc1ccsc1,N=1Sc2ccccc2NC1C3=Cc4ccccc4N(C3)CCc5cscc5,regression,strict,train,False,5.0,inactive
CHEMBL4225406,Fc1ccc(-n2cc(Cn3ccc4nc(-c5ccccc5F)nc-4c3)nn2)cc1,n1nn(cc1Cn2ccc-3nc(nc3c2)-c4ccccc4)-c5ccccc5,regression,strict,train,False,7.461929212956828,active
CHEMBL176543,N#CCCCOc1cccc(/C(O)=C/C(=O)C(=O)O)c1,c1ccccc1,regression,strict,train,False,5.6020599913279625,intermediate
CHEMBL387443,CCOc1ccc(CCC2(C3CCCC3)CC(=O)CC(=O)O2)cc1,O1CCCCC1(CCc2ccccc2)C3CCCC3,regression,strict,test,False,5.537602002101044,intermediate
CHEMBL355577,O=C(O)c1ccc2c(c1)nc(-c1ccc(-c3ccc(Cl)cc3)o1)n2C1CCCCC1,n1c2ccccc2n(c1-c3oc(cc3)-c4ccccc4)C5CCCCC5,regression,strict,train,False,4.522878745280337,inactive
CHEMBL370131,Cc1cccc(/C(O)=C/C(=O)C(=O)O)c1,c1ccccc1,regression,strict,train,False,4.920818753952375,inactive
CHEMBL2236429,N#Cc1c(-c2ccc(Cl)cc2Cl)nc(SCc2ccc(OC(F)(F)F)cc2)[nH]c1=O,n1ccc(nc1SCc2ccccc2)-c3ccccc3,regression,strict,train,False,4.958607314841775,inactive
CHEMBL2375371,O=C(O)c1cc(Oc2ccccc2)ccc1NS(=O)(=O)c1ccc(Br)cc1F,O(c1ccccc1)c2ccc(cc2)NSc3ccccc3,regression,strict,train,False,7.2839966563652,active
CHEMBL199954,CCC[C@]1(CC(=O)O)OCCc2c1sc1c(C)ccc(C#N)c21,O1Cc2sc3ccccc3c2CC1,regression,strict,train,False,6.769551078621726,active
CHEMBL382383,O=C(O)c1nc(-c2nccs2)nc(O)c1O,n1cccnc1-c2nccs2,regression,strict,train,False,6.6777807052660805,active
CHEMBL380442,O=c1c(C2=NS(=O)(=O)c3ccccc3N2)c(O)c2ccccc2n1CC1CCCC1,N=1Sc2ccccc2NC1C3=Cc4ccccc4N(C3)CC5CCCC5,regression,strict,train,False,6.87942606879415,active
CHEMBL177302,CN(C)CCCNC(=O)COc1ccc(-c2nc3cc(C(=O)O)ccc3n2C2CCCCC2)cc1,n1c2ccccc2n(c1-c3ccccc3)C4CCCCC4,regression,strict,train,False,4.886056647693163,inactive
CHEMBL441524,CCCCC1(C(=O)O)CCc2c1[nH]c1c(F)ccc(C#N)c21,c1ccc2c(c1)[nH]c3c2CCC3,regression,strict,train,False,5.267606240177032,intermediate
CHEMBL198718,O=C(O)C(=O)/C=C(\O)c1cccc(NS(=O)(=O)c2cc(Cl)c(Cl)cc2Cl)c1,S(Nc1ccccc1)c2ccccc2,regression,strict,test,False,7.309803919971486,active
CHEMBL211130,CC(C)CCn1c(=O)c(C2=NS(=O)(=O)c3cc(NS(=O)(=O)NCc4cccc([N+](=O)[O-])c4)ccc3N2)c(O)c2cccnc21,N=1Sc2cc(ccc2NC1c3cnc4ncccc4c3)NSNCc5ccccc5,regression,strict,train,False,7.886056647693163,active
CHEMBL214165,COc1ccc(-c2nc(/C=C/C(=O)O)cn2C2CCCCC2)cc1,n1ccn(c1-c2ccccc2)C3CCCCC3,regression,strict,train,False,4.111820506081675,inactive
CHEMBL4566001,CCN(C(=O)C(F)(F)F)c1cc2oc(-c3ccc(F)cc3)c(C(=O)NC)c2cc1-c1ccc(OC)c(C(=O)NC2(c3ncccn3)CC2)c1,n1cccnc1C2(NCc3cccc(c3)-c4ccc5oc(cc5c4)-c6ccccc6)CC2,regression,strict,train,False,7.698970004336019,active
CHEMBL202173,CCN1C(=O)/C(=C/c2ccc(Cl)cc2)SC1=S,S1C(=Cc2ccccc2)CNC1,regression,strict,train,False,4.522878745280337,inactive
CHEMBL213027,O=C(O)c1c[nH]c2c(C3CCCCC3)c(-c3ccccc3)nc-2c1,n1c-2ccc[nH]c2c(c1-c3ccccc3)C4CCCCC4,regression,strict,train,False,5.721246399047171,intermediate
CHEMBL196621,O=C(O)C(=O)/C=C(\O)C12C[C@H]3C[C@@H](C1)C[C@@H](C2)C3,C1C2CC3CC1CC(C2)C3,regression,strict,train,False,5.173925197299173,intermediate
CHEMBL4208651,CNC(=O)c1c(-c2ccc(F)cc2)oc2cc3c(cc12)CCCCCN3S(C)(=O)=O,o1c(cc2cc3c(cc12)NCCCCC3)-c4ccccc4,regression,strict,train,False,8.301029995663981,active
CHEMBL174719,N#Cc1c(Cl)cc(Cl)cc1COc1cccc(/C(O)=C/C(=O)C(=O)O)c1,O(c1ccccc1)Cc2ccccc2,regression,strict,test,False,7.346787486224656,active
CHEMBL4578983,O=c1/c(=C\c2ccccc2Cl)sc2n1CN(c1ccccc1)CN=2,N1=C2SC(=Cc3ccccc3)CN2CN(c4ccccc4)C1,regression,strict,test,False,6.3669963871985225,active
CHEMBL384144,O=C(O)c1ccc2c(C3CCCC3)c(-c3ccoc3)oc2c1,o1ccc(c1)-c2oc3ccccc3c2C4CCCC4,regression,strict,train,False,7.091514981121351,active
CHEMBL179228,Cc1ccc(-c2c(C3CCCCC3)c3ccc(C(=O)O)cc3n2CC(=O)N2CCOCC2)cc1,O1CCN(CC1)CCn2c3ccccc3c(c2-c4ccccc4)C5CCCCC5,regression,strict,train,False,7.958607314841775,active
CHEMBL201797,COc1ccc(S(=O)(=O)NN2C(=S)S/C(=C\c3ccc(Cl)c(Cl)c3)C2O)cc1,S(NN1CSC(=Cc2ccccc2)C1)c3ccccc3,regression,strict,train,False,5.221848749616356,intermediate
CHEMBL372359,O=C(O)C(=O)/C=C(\O)c1cccc(OCc2ccsc2C(=O)O)c1,O(c1ccccc1)Cc2cscc2,regression,strict,train,False,6.022276394711152,active
CHEMBL283866,O=C(O)[C@H](Cc1ccccc1)N(Cc1ccc(-c2nccs2)cc1)C(=O)c1ccc(Cl)cc1Cl,n1ccsc1-c2ccc(cc2)CN(Cc3ccccc3)CCc4ccccc4,regression,strict,train,False,5.2441251443275085,intermediate
CHEMBL190558,CN(C)C(=O)Cn1c(-c2ccoc2)c(C2CCCCC2)c2ccc(C(=O)O)cc21,o1ccc(c1)-c2[nH]c3ccccc3c2C4CCCCC4,regression,strict,train,False,7.508638306165727,active
CHEMBL210597,O=C(O)[C@@H]1CCCN1S(=O)(=O)c1cc(Cl)c(Cl)c(Cl)c1O,S(c1ccccc1)N2CCCC2,regression,strict,train,False,7.096910013008056,active
CHEMBL521487,C[C@@]1(O)[C@H](O)[C@@H](COP(=O)(O)OP(=O)(O)OP(=O)(O)O)O[C@H]1n1ccc(=O)[nH]c1=O,[N]1[CH]C=CN([CH]1)C2OCCC2,regression,strict,test,False,7.602059991327962,active
CHEMBL173638,COc1ccc([C@H](C)NC(=O)c2ccc3c(c2)nc(-c2ccccn2)n3C2CCCCC2)cc1OC,n1ccccc1-c2nc3cc(ccc3n2C4CCCCC4)CNCc5ccccc5,regression,strict,train,False,4.920818753952375,inactive
CHEMBL202514,O=c1c(C2=NS(=O)(=O)c3ccccc3N2)c(O)c2ccccc2n1Cc1cccnc1,n1cccc(c1)CN2c3ccccc3C=C(C4=NSc5ccccc5N4)C2,regression,strict,train,False,6.5003129173815966,active
CHEMBL183018,COc1nc(-c2cccs2)nc(C(=O)O)c1O,n1cccnc1-c2sccc2,regression,strict,train,False,4.301029995663981,inactive
CHEMBL4457244,COc1ccc(/C=c2/sc3n(c2=O)CN(c2ccccc2)CN=3)cc1,N1=C2SC(=Cc3ccccc3)CN2CN(c4ccccc4)C1,regression,strict,test,False,6.698991719603,active
CHEMBL367740,O=C(O)C(=O)CC(=O)c1cccc(NCc2ccccc2)c1,c1ccc(cc1)NCc2ccccc2,regression,strict,test,False,4.777283528852417,inactive
CHEMBL379613,NS(=O)(=O)Nc1ccc2c(c1)S(=O)(=O)NC(c1c(O)c3ccccc3n(NC3CCC3)c1=O)=N2,N=1c2ccccc2SNC1C3=Cc4ccccc4N(NC5CCC5)C3,regression,strict,train,False,9.397940008672036,active
CHEMBL372498,O=C(O)/C(=C/c1ccc(Oc2ccccc2[N+](=O)[O-])cc1)NC(=O)c1ccccc1,O(c1ccccc1)c2ccc(C=CNCc3ccccc3)cc2,regression,strict,train,False,4.136677139879544,inactive
CHEMBL215007,COc1ccc(CCC2(C3CCCC3)CC(=O)C(Sc3nncn3C)=C(O)O2)cc1Cl,n1nc(SC2=COC(CC2)(CCc3ccccc3)C4CCCC4)[nH]c1,regression,strict,train,False,7.42021640338319,active
CHEMBL263976,Cn1c(-c2ccccc2)c(C2CCCCC2)c2ccc(C(=O)O)nc21,n1cccc2c1[nH]c(-c3ccccc3)c2C4CCCCC4,regression,strict,train,False,7.096910013008056,active
CHEMBL2043027,COc1ccc2c(c1)C=C1Cn3c-2c(C2CCCCC2)c2ccc(cc23)C(=O)NS(=O)(=O)N(C)CCCCN(C)C1=O,S1NCc2ccc3c(c2)n4c(-c5ccccc5C=C(CNCCCCN1)C4)c3C6CCCCC6,regression,strict,train,False,7.585026652029182,active
CHEMBL486231,C[C@@]1(F)[C@H](O)[C@@H](COP(=O)(O)OP(=O)(O)OP(=O)(O)O)O[C@H]1n1ccc(=O)[nH]c1=O,[N]1[CH]C=CN([CH]1)C2OCCC2,regression,strict,test,False,7.017728766960431,active
CHEMBL201313,CCCC1(CC(=O)O)OCCc2c1sc1c(C)ccc(Br)c21,O1Cc2sc3ccccc3c2CC1,regression,strict,train,False,6.721246399047171,active
CHEMBL182728,C#CCOC(=O)N(CC(=O)O)C(=O)c1c(Br)ccc2c(C(F)(F)F)c(OC)ccc12,c1ccc2ccccc2c1,regression,strict,train,False,5.537602002101044,intermediate
CHEMBL175454,O=C(O)c1ccc2c(c1)nc(-c1ccccn1)n2-c1ccccc1,n1ccccc1-c2nc3ccccc3n2-c4ccccc4,regression,strict,train,False,3.4436974992327127,inactive
CHEMBL204724,O=C1C(C2=NS(=O)(=O)c3ccccc3N2)=C(O)[C@H](Cc2cccnc2)N1Cc1ccc(F)cc1,n1cccc(c1)CC2C=C(C3=NSc4ccccc4N3)CN2Cc5ccccc5,regression,strict,train,False,5.608006927740287,intermediate
CHEMBL380462,O=C(Cc1ccccc1)Nc1ccsc1-c1nc(O)c(O)c(C(=O)O)n1,n1cccnc1-c2sccc2NCCc3ccccc3,regression,strict,test,False,6.42021640338319,active
CHEMBL425769,O=C(O)c1ccc2c(c1)nc(-c1ccc(OC(c3cccc(F)c3)c3cccc(F)c3)cc1)n2C1CCCCC1,n1c2ccccc2n(c1-c3ccc(OC(c4ccccc4)c5ccccc5)cc3)C6CCCCC6,regression,strict,train,False,6.119186407719209,active
CHEMBL183190,O=C(O)c1cnc(N(C(=O)c2ccc(Oc3ccc(Cl)cc3)cc2)C2CCCCC2)s1,n1ccsc1N(Cc2ccc(Oc3ccccc3)cc2)C4CCCCC4,regression,strict,train,False,5.356547323513812,intermediate
CHEMBL209357,C#CCOC(=O)NS(=O)(=O)Nc1ccc2c(c1)S(=O)(=O)N=C(c1c(O)c3cccnc3n(CCC(C)C)c1=O)N2,N=1Sc2ccccc2NC1c3cnc4ncccc4c3,regression,strict,train,False,7.142667503568731,active
CHEMBL198423,N#Cc1cccc(Cl)c1COc1cc(O)cc(/C(O)=C/C(=O)C(=O)O)c1,O(c1ccccc1)Cc2ccccc2,regression,strict,test,False,7.0,active
CHEMBL372777,O=C1C(Cc2ccc(Cl)c(Cl)c2)SC(=S)N1NS(=O)(=O)c1ccccc1,S(NN1CSC(Cc2ccccc2)C1)c3ccccc3,regression,strict,train,False,4.958607314841775,inactive
CHEMBL2236432,N#Cc1c(-c2ccc(Br)cc2)nc(SCc2ccccc2C(F)(F)F)[nH]c1=O,n1ccc(nc1SCc2ccccc2)-c3ccccc3,regression,strict,train,False,5.1487416512809245,intermediate
CHEMBL3291362,Nc1nc2c(ncn2[C@@H]2O[C@@]3(COP(=O)(O)OP(=O)(O)OP(=O)(O)O)CO[C@@H]2[C@@H]3O)c(=O)[nH]1,n1cnc2c(ncn2C3OC4COC3C4)c1,regression,strict,train,False,6.42021640338319,active
CHEMBL192409,O=C(CCC1CCCC1)N/C(=C\c1ccc(Oc2ccc(F)cc2Br)cc1)C(=O)O,O(c1ccccc1)c2ccc(C=CNCCCC3CCCC3)cc2,regression,strict,test,False,4.823908740944319,inactive
CHEMBL379241,O=C(O)c1ccc2c(c1)nc(-c1ccc(Oc3ccccc3-c3ccccc3)cc1)n2C1CCCCC1,n1c2ccccc2n(c1-c3ccc(Oc4ccccc4-c5ccccc5)cc3)C6CCCCC6,regression,strict,train,False,6.236572006437063,active
CHEMBL174331,O=C(O)c1ccc2[nH]c(-c3ccccn3)nc2c1,n1ccccc1-c2nc3ccccc3[nH]2,regression,strict,train,False,3.3010299956639813,inactive
CHEMBL201635,NCCCCn1c(=O)c(C2=NS(=O)(=O)c3ccccc3N2)c(O)c2ccccc21,N=1Sc2ccccc2NC1C3=Cc4ccccc4NC3,regression,strict,train,False,5.0,inactive
CHEMBL4580214,CC(C)(C)C#Cc1cc(N(CC(=O)N2CCOCC2)C(=O)[C@H]2CC[C@H](C)CC2)c(C(=O)O)s1,O1CCN(CC1)CCN(c2cscc2)CC3CCCCC3,regression,strict,train,False,7.050609993355087,active
CHEMBL3970187,COc1nc(N)nc2c1ncn2C1O[C@H](COP(=O)(N[C@@H](C)C(=O)OC(C)C)Oc2ccccc2)[C@@H](O)[C@]12CCO2,n1cnc2c(ncn2C3OC(COPOc4ccccc4)CC53OCC5)c1,regression,strict,train,False,5.826813731587726,intermediate
CHEMBL194227,Cc1ccc(CCC(=O)N/C(=C\c2ccc(Oc3ccccc3Br)cc2)C(=O)O)cc1,O(c1ccccc1)c2ccc(C=CNCCCc3ccccc3)cc2,regression,strict,train,False,5.585026652029182,intermediate
CHEMBL200616,CCCC1(CC(=O)O)OCCc2c1oc1c(Cl)ccc(Cl)c21,o1c2ccccc2c3c1COCC3,regression,strict,train,False,5.826813731587726,intermediate
CHEMBL4107246,C[C@@H](O)[C@H]1O[C@@H](n2cc(F)c3c(N)ncnc32)[C@](C)(O)[C@@H]1O,n1cnc2c(c1)ccn2C3OCCC3,regression,strict,train,False,4.0,inactive
CHEMBL4586235,COC[C@H]1C[C@@](CC(C)C)(C(=O)O)N(C(=O)c2ccc(C(C)(C)C)c(OC)c2)[C@H]1CN=[N+]=[N-],c1ccc(cc1)CN2CCCC2,regression,strict,train,False,4.0,inactive
CHEMBL407691,Cc1ccc(-c2nc(O)c(O)c(C(=O)O)n2)s1,n1cccnc1-c2sccc2,regression,strict,train,False,4.313363730737707,inactive
CHEMBL175685,O=C(O)c1ccc2c(c1)nc(-c1ccccn1)n2C1CCC1,n1ccccc1-c2nc3ccccc3n2C4CCC4,regression,strict,train,False,4.119186407719209,inactive
CHEMBL360266,O=c1c(C2=NS(=O)(=O)c3ccccc3N2)c(O)c2ccccc2n1NCc1cccnc1,n1cccc(c1)CNN2c3ccccc3C=C(C4=NSc5ccccc5N4)C2,regression,strict,train,False,6.655607726314889,active
CHEMBL2376562,Cc1ccc(S(=O)(=O)Nc2cc(Oc3ccccc3)ccc2C(=O)O)cc1,O(c1ccccc1)c2cccc(c2)NSc3ccccc3,regression,strict,train,False,7.2839966563652,active
CHEMBL4647104,COc1cccc(O[P@](=O)(N[C@@H](C)C(=O)OC(C)C)OC[C@H]2O[C@@H](n3ccc(=O)[nH]c3=O)[C@](Cl)(Br)[C@@H]2O)c1,[N]1[CH]C=CN([CH]1)C2OC(COPOc3ccccc3)CC2,regression,strict,train,False,7.008773924307505,active
CHEMBL195256,O=C(O)/C(=C/c1ccc(Oc2c(Cl)cccc2[N+](=O)[O-])cc1)NC(=O)c1ccccc1,O(c1ccccc1)c2ccc(C=CNCc3ccccc3)cc2,regression,strict,train,False,5.259637310505756,intermediate
CHEMBL3931793,CC1=C2Cn3c(c(C4CCCCC4)c4ccc(cc43)C(=O)NS(=O)(=O)N(C)CCOCCN(C)C2=O)-c2ccc(F)cc21,O1CCNSNCc2ccc3c(c2)n4c(-c5ccccc5C=C(CNCC1)C4)c3C6CCCCC6,regression,strict,test,False,7.42021640338319,active
CHEMBL384794,O=C(O)c1cc2c(nc(-c3ccccc3)n2C2CCCCC2)s1,n1c2sccc2n(c1-c3ccccc3)C4CCCCC4,regression,strict,train,False,4.860120913598763,inactive
CHEMBL181831,CC(C)N(C(=O)c1ccc(Oc2ccccc2)cc1)c1ncc(C(=O)O)s1,n1ccsc1NCc2ccc(Oc3ccccc3)cc2,regression,strict,train,False,4.301029995663981,inactive
CHEMBL174225,O=C(N[C@@H](Cc1ccc(O)cc1)C(=O)O)c1ccc2c(c1)nc(-c1ccoc1)n2C1CCCCC1,n1c2cc(ccc2n(c1-c3cocc3)C4CCCCC4)CNCCc5ccccc5,regression,strict,train,False,6.3979400086720375,active
CHEMBL385407,CN(C)C(=O)CN1CCn2c(c(C3CCCCC3)c3ccc(C(=O)O)cc32)-c2ccccc21,c1ccc-2c(c1)NCCn3c4ccccc4c(c23)C5CCCCC5,regression,strict,train,False,7.619788758288394,active
CHEMBL3977462,CNC(=O)c1c(-c2ccc(F)cc2)oc2cc(N(C)S(C)(=O)=O)c(-c3ccc4c(n3)-c3cc5c(F)cccc5n3CCC4)cc12,n1c(ccc2c1-c3cc4ccccc4n3CCC2)-c5ccc6oc(cc6c5)-c7ccccc7,regression,strict,train,False,8.958607314841775,active
CHEMBL3986130,COc1nc(N)nc2c1ncn2C1O[C@H](COP(=O)(N[C@@H](C)C(=O)OCC(C)C)Oc2ccccc2)[C@@H](O)[C@]12CCO2,n1cnc2c(ncn2C3OC(COPOc4ccccc4)CC53OCC5)c1,regression,strict,train,False,5.354577730650908,intermediate
CHEMBL3930121,CCCCOC(=O)[C@H](C)NP(=O)(Oc1cccc2ccccc12)O[C@H](CC)[C@H]1O[C@@H](n2cc(F)c3c(N)ncnc32)[C@](C)(O)[C@@H]1O,n1cnc2c(c1)ccn2C3OC(COPOc4cccc5ccccc45)CC3,regression,strict,test,False,5.031517051446065,intermediate
CHEMBL3982543,COC(=O)[C@H](C)NP(=O)(OCC1OC(n2ccc(=O)[nH]c2=O)[C@@]2(CCCO2)[C@@H]1O)Oc1ccccc1,[N]1[CH]C=CN([CH]1)C2OC(COPOc3ccccc3)CC42OCCC4,regression,strict,train,False,4.547753425479563,inactive
CHEMBL23458,O=C(O)[C@H](Cc1ccccc1)N(Cc1cccc([N+](=O)[O-])c1)C(=O)c1ccc(Cl)cc1Cl,c1ccc(cc1)CN(Cc2ccccc2)CCc3ccccc3,regression,strict,train,False,6.154901959985743,active
CHEMBL4444480,COP(=O)(Nc1nc(-c2ccc(-c3cc4nc(C)cc(N)n4n3)cc2)sc1C(=O)O)c1ccc(C)cc1C,n1cccn2nc(cc12)-c3ccc(cc3)-c4nc(cs4)NPc5ccccc5,regression,strict,train,False,7.61261017366127,active
CHEMBL3925436,CNC(=O)c1c(-c2ccc(F)cc2)oc2cc(N(C)S(C)(=O)=O)c(-c3ccc4nc(C)n(Cc5ccc(F)cc5)c(=O)c4n3)cc12,N1=CN([CH]c2nc(ccc12)-c3ccc4oc(cc4c3)-c5ccccc5)Cc6ccccc6,regression,strict,train,False,9.0,active
CHEMBL364017,Cc1ccccc1-c1ccc(/C=C(\NC(=O)c2ccccc2)C(=O)O)o1,o1c(C=CNCc2ccccc2)ccc1-c3ccccc3,regression,strict,train,False,5.522878745280337,intermediate
CHEMBL380869,O=C(Nc1ccccc1)Nc1ccsc1-c1nc(O)c(O)c(C(=O)O)n1,n1cccnc1-c2sccc2NCNc3ccccc3,regression,strict,train,False,6.236572006437063,active
CHEMBL361232,CN(C)C(=O)Cn1c(-c2ccc(Cl)cc2)c(C2CCCCC2)c2ccc(C(=O)O)cc21,c1ccc(cc1)-c2[nH]c3ccccc3c2C4CCCCC4,regression,strict,test,False,9.045757490560677,active
CHEMBL4214242,CNC(=O)c1c(-c2ccc(F)cc2)oc2cc3c(cc12)[C@H](C)O[C@H](CS(C)(=O)=O)CN3S(C)(=O)=O,o1c(cc2cc3c(cc12)NCCOC3)-c4ccccc4,regression,strict,test,False,8.522878745280337,active
CHEMBL200986,O=C1/C(=C/c2ccc(F)cc2F)SC(=S)N1NS(=O)(=O)c1ccccc1,S(NN1CSC(=Cc2ccccc2)C1)c3ccccc3,regression,strict,train,False,5.522878745280337,intermediate
CHEMBL189054,CN1CCCC(CN(C)C(=O)Cn2c(-c3ccccc3)c(C3CCCCC3)c3ccc(C(=O)O)cc32)C1,c1ccc(cc1)-c2c(c3ccccc3n2CCNCC4CNCCC4)C5CCCCC5,regression,strict,train,False,7.744727494896693,active
CHEMBL359522,CC(C)N(C(=O)c1ccc(Oc2ccccc2)cc1)c1nc(C(=O)O)cs1,n1ccsc1NCc2ccc(Oc3ccccc3)cc2,regression,strict,train,False,4.301029995663981,inactive
CHEMBL425693,Cn1c(-c2ccccc2)c(C2CCCCC2)c2ccc(C(=O)O)cc21,c1ccc(cc1)-c2[nH]c3ccccc3c2C4CCCCC4,regression,strict,test,False,8.221848749616356,active
CHEMBL4228898,CS(=O)(=O)Nc1ccc(-n2cc(Cn3ccc4nc(-c5ccccc5F)nc-4c3)nn2)cc1,n1nn(cc1Cn2ccc-3nc(nc3c2)-c4ccccc4)-c5ccccc5,regression,strict,train,False,7.737074530668169,active
CHEMBL480329,Nc1ncnc2c1ncn2[C@@H]1O[C@H](COP(=O)(O)OP(=O)(O)OP(=O)(O)O)C[C@H]1O,n1cnc2c(ncn2C3OCCC3)c1,regression,strict,train,False,5.055517327849831,intermediate
CHEMBL3422648,C[C@@]1(O)[C@H](O)[C@@H](COP(=O)(O)OP(=O)(O)OP(=O)(O)O)O[C@H]1n1cnc2c(=O)[nH]c(N)nc21,n1cnc2c(ncn2C3OCCC3)c1,regression,strict,train,False,6.376750709602099,active
CHEMBL209006,CC(C)CCn1c(=O)c(C2=NS(=O)(=O)c3cc(NS(=O)(=O)N(C)C(=O)OCc4ccccc4)ccc3N2)c(O)c2cccnc21,N=1Sc2cc(ccc2NC1c3cnc4ncccc4c3)NSNCOCc5ccccc5,regression,strict,train,False,6.91721462968355,active
CHEMBL207500,O=C(O)[C@@H]1CCCN1S(=O)(=O)c1cc(F)cc(Cl)c1O,S(c1ccccc1)N2CCCC2,regression,strict,train,False,5.6777807052660805,intermediate
CHEMBL179970,COc1ccc(-c2c(C3CCCCC3)c3ccc(C(=O)O)cc3n2CC(=O)N(C)C)cc1,c1ccc(cc1)-c2[nH]c3ccccc3c2C4CCCCC4,regression,strict,test,False,9.30102999566398,active
CHEMBL366197,O=C(O)/C(=C/c1ccc(Oc2c(F)cccc2Br)cc1)NC(=O)c1ccccc1,O(c1ccccc1)c2ccc(C=CNCc3ccccc3)cc2,regression,strict,train,False,7.522878745280337,active
CHEMBL372400,CCOC(=O)c1c(NC(=O)NS(=O)(=O)N2CCc3ccccc3C2)sc2c1CCC(C)(C)C2,s1c(cc2c1CCCC2)NCNSN3Cc4ccccc4CC3,regression,strict,train,False,7.0,active
CHEMBL18927,O=C(O)C(=O)CC(=O)c1cccc(OCc2ccccc2)c1,O(c1ccccc1)Cc2ccccc2,regression,strict,test,False,5.096910013008056,intermediate
CHEMBL379608,COC(=O)[C@@H]1CCCN1S(=O)(=O)c1cc(Cl)cc(Cl)c1O,S(c1ccccc1)N2CCCC2,regression,strict,train,False,4.698970004336019,inactive
CHEMBL176593,Cc1ccc(-c2nc3cc(C(=O)O)ccc3n2C2CCCCC2)s1,n1c2ccccc2n(c1-c3sccc3)C4CCCCC4,regression,strict,train,False,4.522878745280337,inactive
CHEMBL4474609,CNC(=O)c1c(-c2ccc(F)cc2)oc2cc(-n3nc(C)nc3-c3ccc(B(O)O)c(F)c3)c(C3CC3)cc12,n1cnn(c1-c2ccccc2)-c3cc4oc(cc4cc3C5CC5)-c6ccccc6,regression,strict,train,False,8.221848749616356,active
CHEMBL183651,O=C(Nc1nc(C(=O)O)cs1)c1ccc(Oc2ccccc2)cc1,n1ccsc1NCc2ccc(Oc3ccccc3)cc2,regression,strict,train,False,4.301029995663981,inactive
CHEMBL190800,O=C(O)/C(=C/c1ccc(Oc2ccccc2Br)cc1)NC(=O)c1ccc(Cl)cc1,O(c1ccccc1)c2ccc(C=CNCc3ccccc3)cc2,regression,strict,train,False,6.958607314841775,active
CHEMBL4292620,CCCc1nc2oc(-c3ccc(F)cc3)c(C(=O)NC)c2cc1-c1cccc(C(=O)NC(C)(C)C)c1,n1cc(cc2cc(oc12)-c3ccccc3)-c4ccccc4,regression,strict,train,False,8.301029995663981,active
CHEMBL4644488,CCOC(=O)[C@H](C)N[P@](=O)(OC[C@H]1O[C@@H](n2ccc(=O)[nH]c2=O)[C@](Cl)(Br)[C@@H]1O)Oc1ccccc1,[N]1[CH]C=CN([CH]1)C2OC(COPOc3ccccc3)CC2,regression,strict,train,False,6.525783735923745,active
CHEMBL180771,CC(C)C[C@@]1(C(=O)O)C[C@H](C(=O)O)[C@H](c2cccs2)N1C(=O)c1cccc2ccccc12,s1cccc1C2N(Cc3cccc4ccccc43)CCC2,regression,strict,train,False,6.154901959985743,active
CHEMBL204122,Nc1ccsc1-c1nc(O)c(O)c(C(=O)O)n1,n1cccnc1-c2sccc2,regression,strict,train,False,5.721246399047171,intermediate
CHEMBL362821,CCCC(CCC)Nn1c(=O)c(C2=NS(=O)(=O)c3ccccc3N2)c(O)c2ccccc21,N=1Sc2ccccc2NC1C3=Cc4ccccc4NC3,regression,strict,train,False,5.7447274948966935,intermediate
CHEMBL201088,O=c1c(C2=NS(=O)(=O)c3ccccc3N2)c(O)c2ccccc2n1Cc1ccccc1,N=1Sc2ccccc2NC1C3=Cc4ccccc4N(Cc5ccccc5)C3,regression,strict,train,False,7.086186147616283,active
CHEMBL190098,CCN(CC)C1CCN(C(=O)Cn2c(-c3ccc(OC)cc3)c(C3CCCCC3)c3ccc(C(=O)O)cc32)CC1,c1ccc(cc1)-c2c(c3ccccc3n2CCN4CCCCC4)C5CCCCC5,regression,strict,train,False,8.045757490560675,active
CHEMBL365748,O=C(Nc1cccc(O)c1)/C(=C/c1ccc(Oc2ccccc2Br)cc1)NC(=O)c1ccccc1,O(c1ccccc1)c2ccc(cc2)C=C(NCc3ccccc3)CNc4ccccc4,regression,strict,train,False,5.721246399047171,intermediate
CHEMBL607237,C[C@H]1CC[C@@H](N(C(=O)c2ccc(Oc3ccccc3)cc2)c2nc(C(=O)O)cs2)CC1,n1ccsc1N(Cc2ccc(Oc3ccccc3)cc2)C4CCCCC4,regression,strict,train,False,5.267606240177032,intermediate
CHEMBL200405,CCCC1(CC(=O)O)OCCc2c1sc1c(C)cc(F)c(C#N)c21,O1Cc2sc3ccccc3c2CC1,regression,strict,train,False,6.886056647693163,active
CHEMBL177810,Cc1cc(-c2nc3cc(C(=O)O)ccc3n2C2CCCCC2)oc1C,n1c2ccccc2n(c1-c3occc3)C4CCCCC4,regression,strict,train,False,4.522878745280337,inactive
CHEMBL310098,COc1ccc2c(C(=O)N(C)CC(=O)O)c(Cl)ccc2c1C(F)(F)F,c1ccc2ccccc2c1,regression,strict,train,False,5.292429823902063,intermediate
CHEMBL371867,O=C(O)C(=O)/C=C(\O)c1cccn1Cc1ccccc1,c1ccc(cc1)Cn2cccc2,regression,strict,train,False,4.537602002101044,inactive
CHEMBL4283398,CNC(=O)c1c(-c2ccc(F)cc2)oc2nc(CNS(C)(=O)=O)c(C3CC3)cc12,n1cc(cc2cc(oc12)-c3ccccc3)C4CC4,regression,strict,train,False,6.299997602857746,active
CHEMBL195227,O=C(CC1CCCCC1)N/C(=C\c1ccc(Oc2ccccc2Br)cc1)C(=O)O,O(c1ccccc1)c2ccc(C=CNCCC3CCCCC3)cc2,regression,strict,train,False,5.657577319177793,intermediate
CHEMBL361428,CC(C)C[C@@]1(C(=O)O)C[C@H](C(=O)O)[C@H](c2cccs2)N1C(=O)c1ccccc1,s1cccc1C2N(Cc3ccccc3)CCC2,regression,strict,test,False,4.943095148663527,inactive
CHEMBL206518,O=C(Nc1ccsc1-c1nc(O)c(O)c(C(=O)O)n1)OCc1ccccc1Cl,n1cccnc1-c2sccc2NCOCc3ccccc3,regression,strict,train,False,6.853871964321762,active
CHEMBL4108957,C[C@@H](O)C1O[C@@H](n2cc(F)c3c(N)ncnc32)[C@](C)(F)[C@@H]1O,n1cnc2c(c1)ccn2C3OCCC3,regression,strict,train,False,4.0,inactive
CHEMBL361221,CCCCCNn1c(=O)c(C2=NS(=O)(=O)c3ccccc3N2)c(O)c2ccccc21,N=1Sc2ccccc2NC1C3=Cc4ccccc4NC3,regression,strict,train,False,6.032452023781138,active
CHEMBL4228547,Cc1cc(C)n2nc(Cn3cc(Cn4ccc5nc(-c6ccccc6F)nc-5c4)nn3)nc2n1,n1nn(cc1Cn2ccc-3nc(nc3c2)-c4ccccc4)Cc5nc6ncccn6n5,regression,strict,train,False,7.077015184291117,active
CHEMBL1950241,COP(=O)(OC)OP(=O)(OC)OP(=O)(OC)OC[C@H]1O[C@@H](n2cc(F)c3c(N)ncnc32)[C@](C)(F)[C@@H]1O,n1cnc2c(c1)ccn2C3OCCC3,regression,strict,train,False,5.221848749616356,intermediate
CHEMBL4109938,CC(C)OP1(=O)OC[C@H]2O[C@@H](c3cnc4c(N)ncnn34)[C@](C)(N)[C@@H]2O1,n1cnn2c(ncc2C3OC4COPOC4C3)c1,regression,strict,train,False,4.0,inactive
CHEMBL4513292,CNC(=O)c1c(-c2ccc(F)cc2)oc2cc(N(C(C)c3ccc4c(c3)COB4O)S(C)(=O)=O)c(C3CC3)cc12,O1Bc2ccc(cc2C1)CNc3cc4oc(cc4cc3C5CC5)-c6ccccc6,regression,strict,train,False,7.602059991327962,active
CHEMBL3121493,Nc1ccn([C@@H]2O[C@H](COP(=O)(O)OP(=O)(O)OP(=O)(O)O)[C@@H](O)[C@]23CCCO3)c(=O)n1,N1=CC=CN([CH]1)C2OCCC32OCCC3,regression,strict,test,False,4.0,inactive
CHEMBL3908994,CC(OP(=O)(N[C@@H](C)C(=O)O)Oc1ccccc1)[C@H]1O[C@@H](n2ccc3c(N)ncnc32)[C@](C)(O)[C@@H]1O,n1cnc2c(c1)ccn2C3OC(COPOc4ccccc4)CC3,regression,strict,train,False,5.341988603342887,intermediate
CHEMBL4285442,CNC(=O)c1c(-c2ccc(F)cc2)oc2nc(NCCC(F)(F)F)c(-c3cccc(C(=O)NC(C)(C)C)c3)cc12,n1cc(cc2cc(oc12)-c3ccccc3)-c4ccccc4,regression,strict,train,False,7.698970004336019,active
CHEMBL2236418,COc1cc(CSc2nc(-c3ccccc3C)c(C#N)c(=O)[nH]2)cc(OC)c1,n1ccc(nc1SCc2ccccc2)-c3ccccc3,regression,strict,train,False,4.6020599913279625,inactive
CHEMBL201604,CC(C)CCn1c(=O)c(C2=NS(=O)(=O)c3ccccc3N2)c(O)c2c(-c3ccccc3)cccc21,N=1Sc2ccccc2NC1C3=Cc4c(cccc4-c5ccccc5)NC3,regression,strict,train,False,6.841637507904751,active
CHEMBL205716,O=C(O)c1ccc2c(c1)nc(-c1ccc(OC(c3ccccc3)c3cccnc3)cc1F)n2C1CCCCC1,n1cccc(c1)C(Oc2ccc(cc2)-c3nc4ccccc4n3C5CCCCC5)c6ccccc6,regression,strict,train,False,6.568636235841013,active
CHEMBL4218295,CNC(=O)c1c(-c2ccc(F)cc2F)oc2cc3c(cc12)C(C)CCCN3S(C)(=O)=O,o1c(cc2cc3c(cc12)NCCCC3)-c4ccccc4,regression,strict,train,False,8.096910013008056,active
CHEMBL366823,N#Cc1c(Cl)cccc1COc1cccc(/C(O)=C/C(=O)C(=O)O)c1,O(c1ccccc1)Cc2ccccc2,regression,strict,test,False,6.958607314841775,active
CHEMBL361202,CS(=O)(=O)NC(=O)Cn1c(-c2ccccc2)c(C2CCCCC2)c2ccc(C(=O)O)cc21,c1ccc(cc1)-c2[nH]c3ccccc3c2C4CCCCC4,regression,strict,test,False,7.346787486224656,active
CHEMBL210671,CC(C)CCn1c(=O)c(C2=NS(=O)(=O)c3cc(NS(=O)(=O)NCCN)ccc3N2)c(O)c2cccnc21,N=1Sc2ccccc2NC1c3cnc4ncccc4c3,regression,strict,train,False,8.0,active
CHEMBL364520,O=C(O)C(=O)/C=C(\O)c1cccc(N2CCCC2)c1,c1ccc(cc1)N2CCCC2,regression,strict,train,False,4.075720713938118,inactive
CHEMBL202407,CC(C)CCn1c(=O)c(C2=NS(=O)(=O)c3ccccc3N2)c(O)c2cc(C(=O)O)ccc21,N=1Sc2ccccc2NC1C3=Cc4ccccc4NC3,regression,strict,train,False,5.985059650207063,intermediate
CHEMBL194519,O=C(O)C(=O)/C=C(\O)c1cccc(Oc2ccccc2)c1,O(c1ccccc1)c2ccccc2,regression,strict,train,False,4.721246399047171,inactive
CHEMBL210158,CC(C)CCn1c(=O)c(C2=NS(=O)(=O)c3cc(NS(C)(=O)=O)ccc3N2)c(O)c2cccnc21,N=1Sc2ccccc2NC1c3cnc4ncccc4c3,regression,strict,train,False,8.698970004336019,active
CHEMBL4544827,CNC(=O)c1c(-c2ccc(F)cc2)oc2cc(N(C3CCc4c(B(O)O)cccc43)S(C)(=O)=O)c(C3CC3)cc12,o1c(cc2cc(c(cc12)NC3c4ccccc4CC3)C5CC5)-c6ccccc6,regression,strict,train,False,7.958607314841775,active
CHEMBL361781,O=C(O)[C@H]1C[C@@H](C(=O)O)N(C(=O)c2ccc(C(F)(F)F)cc2)C1,c1ccc(cc1)CN2CCCC2,regression,strict,train,False,5.119186407719209,intermediate
CHEMBL3126863,O=C(O)c1ccc2c(C3CCCCC3)c3n(c2c1)C[C@@]1(C(=O)N2CCOCC2)C[C@H]1c1ccccc1-3,O1CCN(CC1)CC23Cn4c5ccccc5c(c4-c6ccccc6C3C2)C7CCCCC7,regression,strict,train,False,6.42021640338319,active
CHEMBL212582,O=C(O)c1ccc2c(c1)nc(-c1ccc(OCc3cccnc3-c3ccc(Cl)cc3)cc1)n2C1CCCCC1,n1cccc(c1-c2ccccc2)COc3ccc(cc3)-c4nc5ccccc5n4C6CCCCC6,regression,strict,train,False,7.275724130399211,active
CHEMBL203575,Cn1c(-c2sccc2NC(=O)Nc2ccccc2Cl)nc(C(=O)O)c(O)c1=O,n1cccnc1-c2sccc2NCNc3ccccc3,regression,strict,test,False,7.096910013008056,active
CHEMBL378546,Cc1ccc(-c2ccc(Cl)cc2COc2ccc(-c3nc4cc(C(=O)O)ccc4n3C3CCCCC3)cc2)cc1,n1c2ccccc2n(c1-c3ccc(OCc4ccccc4-c5ccccc5)cc3)C6CCCCC6,regression,strict,train,False,7.008773924307505,active
CHEMBL368168,Cn1cccc1-c1nc2cc(C(=O)O)ccc2n1C1CCCCC1,n1c2ccccc2n(c1-c3ccc[nH]3)C4CCCCC4,regression,strict,train,False,5.7447274948966935,intermediate
CHEMBL200985,O=c1c(C2=NS(=O)(=O)c3ccccc3N2)c(O)c2ccccc2n1Cc1ccccn1,N=1Sc2ccccc2NC1C3=Cc4ccccc4N(Cc5ncccc5)C3,regression,strict,train,False,5.569602408613033,intermediate
CHEMBL241423,CNC(=O)c1ccc(NS(=O)(=O)Nc2ccc3c(c2)S(=O)(=O)N=C(c2c(O)c4cccnc4n(CCC(C)C)c2=O)N3)cc1,N=1Sc2cc(ccc2NC1c3cnc4ncccc4c3)NSNc5ccccc5,regression,strict,train,False,7.366531544420414,active
CHEMBL197882,Cc1sc(-c2ccccc2)cc1/C(O)=C/C(=O)C(=O)O,s1cccc1-c2ccccc2,regression,strict,train,False,3.7772835288524167,inactive
CHEMBL202566,Cn1c(=O)c(C2=NS(=O)(=O)c3ccccc3N2)c(O)c2ccccc21,N=1Sc2ccccc2NC1C3=Cc4ccccc4NC3,regression,strict,train,False,5.252432837262375,intermediate
CHEMBL377907,O=C(O)c1ccc2c(c1)nc(-c1ccc(OCc3ccccc3-c3ccccc3)c(F)c1)n2C1CCCCC1,n1c2ccccc2n(c1-c3ccc(OCc4ccccc4-c5ccccc5)cc3)C6CCCCC6,regression,strict,train,False,6.42021640338319,active
CHEMBL4639840,C[C@@]1(Cl)[C@H](F)[C@@H](COP(=O)(O)OP(=O)(O)OP(=O)(O)O)O[C@H]1n1cnc2c(=O)[nH]c(N)nc21,n1cnc2c(ncn2C3OCCC3)c1,regression,strict,train,False,6.119186407719209,active
CHEMBL203369,CC(C)CCn1c(=O)c(C2=NS(=O)(=O)c3ccccc3N2C)c(O)c2ccccc21,N=1Sc2ccccc2NC1C3=Cc4ccccc4NC3,regression,strict,train,False,5.614572485194869,intermediate
CHEMBL214595,Cn1c(-c2ccoc2)c(C2CCCC2)c2ccc(C(=O)O)c(Cl)c21,o1ccc(c1)-c2[nH]c3ccccc3c2C4CCCC4,regression,strict,test,False,6.537602002101044,active
CHEMBL377842,CC(C)CCn1c(=O)c(C2=NS(=O)(=O)c3cc(NC(=O)C(F)(F)F)ccc3N2)c(O)c2cccnc21,N=1Sc2ccccc2NC1c3cnc4ncccc4c3,regression,strict,train,False,7.154901959985743,active
CHEMBL4127921,C#C[C@@]1(F)[C@H](O)[C@@H](COP(=O)(O)OP(=O)(O)OP(=O)(O)O)O[C@H]1n1ccc(=O)[nH]c1=O,[N]1[CH]C=CN([CH]1)C2OCCC2,regression,strict,test,False,6.481486060122113,active
CHEMBL241629,COC(=O)NS(=O)(=O)Nc1ccc2c(c1)S(=O)(=O)N=C(c1c(O)c3cccnc3n(CCC(C)C)c1=O)N2,N=1Sc2ccccc2NC1c3cnc4ncccc4c3,regression,strict,train,False,7.200659450546418,active
CHEMBL212120,Cc1ccc2c(c1)S(=O)(=O)NC(c1c(O)c3cccnc3n(Cc3ccccc3)c1=O)=N2,n1cccc2C=C([CH]N(c12)Cc3ccccc3)C4=Nc5ccccc5SN4,regression,strict,train,False,6.638272163982407,active
CHEMBL199646,CCOC(=O)c1c(NC(=O)NS(=O)(=O)c2ccccc2)sc2c1CCC(C)(C)C2,S(NCNc1sc2c(c1)CCCC2)c3ccccc3,regression,strict,train,False,7.045757490560675,active
CHEMBL199535,CCOC(=O)c1c(NC(=O)NS(=O)(=O)N2CCN(C)CC2)sc2c1CCC(C)(C)C2,S(NCNc1sc2c(c1)CCCC2)N3CCNCC3,regression,strict,train,False,6.3979400086720375,active
CHEMBL3651432,CNC(=O)c1c(-c2ccc(F)cc2)oc2ccc(-c3cc(C(=O)NC4(c5ccccn5)COC4)ccc3C)c(F)c12,n1ccccc1C2(NCc3cccc(c3)-c4ccc5oc(cc5c4)-c6ccccc6)COC2,regression,strict,test,False,7.619788758288394,active
CHEMBL181653,O=C(O)c1nc(-c2cccs2)nc(O)c1O,n1cccnc1-c2sccc2,regression,strict,train,False,6.619788758288394,active
CHEMBL4282336,Cc1nc(-c2cnn(C)c2-c2ccc(C(F)(F)F)cc2)c2c(N3CC[C@H](C(=O)O)C3)ncnn12,n1cc(-c2ncn3ncnc(c23)N4CCCC4)c([nH]1)-c5ccccc5,regression,strict,train,False,5.100000128334196,intermediate
CHEMBL180837,O=C(O)c1cnc(N(C(=O)c2ccc(Oc3cccc(C(F)(F)F)c3)cc2)C2CCCCC2)s1,n1ccsc1N(Cc2ccc(Oc3ccccc3)cc2)C4CCCCC4,regression,strict,train,False,5.356547323513812,intermediate
CHEMBL199930,O=C1/C(=C/c2ccc(F)c(F)c2F)SC(=S)N1NS(=O)(=O)c1ccccc1,S(NN1CSC(=Cc2ccccc2)C1)c3ccccc3,regression,strict,train,False,5.721246399047171,intermediate
CHEMBL191661,O=C(NCCO)/C(=C/c1ccc(Oc2ccccc2Br)cc1)NC(=O)c1ccccc1,O(c1ccccc1)c2ccc(C=CNCc3ccccc3)cc2,regression,strict,train,False,5.568636235841013,intermediate
CHEMBL426244,COc1ccccc1CCNc1ncnc2nc(-c3ccc(F)cc3)c(-c3ccc(F)cc3)nc12,n1cnc(NCCc2ccccc2)c3nc(-c4ccccc4)c(nc13)-c5ccccc5,regression,strict,test,False,4.096910013008056,inactive
CHEMBL2236444,COc1cc(CSc2nc(-c3ccccc3C(F)(F)F)c(C#N)c(=O)[nH]2)cc(OC)c1,n1ccc(nc1SCc2ccccc2)-c3ccccc3,regression,strict,train,False,4.920818753952375,inactive
CHEMBL4571040,CCN(C(=O)N(C)C)c1cc2oc(-c3ccc(F)cc3)c(C(=O)NC)c2cc1-c1ccc(OC)c(C(=O)NC2(c3ncccn3)CC2)c1,n1cccnc1C2(NCc3cccc(c3)-c4ccc5oc(cc5c4)-c6ccccc6)CC2,regression,strict,train,False,6.782516055786093,active
CHEMBL316179,COc1ccc2c(C(=O)N(C)CC(=O)O)c(Br)ccc2c1C(F)(F)F,c1ccc2ccccc2c1,regression,strict,train,False,5.698970004336019,intermediate
CHEMBL202804,O=C(NCc1csc2ccccc12)Nc1ccsc1-c1nc(O)c(O)c(C(=O)O)n1,n1cccnc1-c2sccc2NCNCc3csc4ccccc43,regression,strict,train,False,6.657577319177793,active
CHEMBL181634,CC(C)C[C@@]1(C(=O)O)C[C@H](C(=O)O)[C@H](c2nccs2)N1C(=O)c1ccc(C(F)(F)F)cc1,n1ccsc1C2N(Cc3ccccc3)CCC2,regression,strict,train,False,6.3979400086720375,active
CHEMBL4225040,Cc1cc(C)n2cc(Cn3cc(Cn4ccc5nc(-c6ccccc6F)nc-5c4)nn3)nc2n1,n1nn(cc1Cn2ccc-3nc(nc3c2)-c4ccccc4)Cc5nc6ncccn6c5,regression,strict,train,False,7.431446287950557,active
CHEMBL4213601,CNC(=O)c1c(-c2ccc(F)cc2)oc2cc3c(cc12)[C@H](C)NC(=O)CN3S(C)(=O)=O,o1c(cc2cc3c(cc12)NCCNC3)-c4ccccc4,regression,strict,train,False,8.301029995663981,active
CHEMBL4286495,CNC(=O)c1c(-c2ccc(F)cc2)oc2nc(NCC(F)(F)F)c(-c3cccc(C(=O)NC4(c5ccccn5)CC4)c3)cc12,n1ccccc1C2(NCc3cccc(c3)-c4cnc5oc(cc5c4)-c6ccccc6)CC2,regression,strict,train,False,7.744727494896693,active
CHEMBL179668,O=c1c(C2=NS(=O)(=O)c3ccccc3N2)c(O)c2ccccc2n1NCc1cccs1,N=1Sc2ccccc2NC1C3=Cc4ccccc4N(NCc5sccc5)C3,regression,strict,train,False,6.903089986991944,active
CHEMBL4112768,COc1nc(N)nc2c1ncn2C1OC2COP(=O)(OC3CCCC3)O[C@H]2[C@]12CCO2,n1cnc2c(ncn2C3OC4COP(OC5CCCC5)OC4C63OCC6)c1,regression,strict,train,False,4.853871964321762,inactive
CHEMBL83984,COC(=O)N(CC(=O)O)C(=O)c1c(Br)ccc2c(C(F)(F)F)c(OC)ccc12,c1ccc2ccccc2c1,regression,strict,train,False,5.853871964321762,intermediate
CHEMBL197761,O=C1/C(=C/c2ccc3c(c2)OCO3)SC(=S)N1NS(=O)(=O)c1ccccc1,O1c2ccc(cc2OC1)C=C3SCN(NSc4ccccc4)C3,regression,strict,train,False,4.823908740944319,inactive
CHEMBL204663,O=C(Cc1csc2ccccc12)Nc1ccsc1-c1nc(O)c(O)c(C(=O)O)n1,n1cccnc1-c2sccc2NCCc3csc4ccccc43,regression,strict,train,False,6.638272163982407,active
CHEMBL368787,O=C(N[C@@H](Cc1ccc(O)cc1)C(=O)O)c1ccc2c(c1)nc(-c1ccccn1)n2C1CCCCC1,n1ccccc1-c2nc3cc(ccc3n2C4CCCCC4)CNCCc5ccccc5,regression,strict,train,False,5.823908740944319,intermediate
CHEMBL204722,O=C(O)c1ccc2c(c1)nc(-c1ccc(OCc3ccccc3Cl)cc1)n2C1CCCC1,n1c2ccccc2n(c1-c3ccc(OCc4ccccc4)cc3)C5CCCC5,regression,strict,train,False,5.638272163982407,intermediate
CHEMBL73237,CO[C@@H]1[C@H](O)[C@@H](CO)O[C@H]1n1cnc2c(N)ncnc21,n1cnc2c(ncn2C3OCCC3)c1,regression,strict,train,False,4.327902142064283,inactive
CHEMBL373014,NN1C(=O)/C(=C/c2ccc(F)cc2)SC1=S,S1C(=Cc2ccccc2)CNC1,regression,strict,train,False,5.154901959985743,intermediate
CHEMBL364072,O=C(O)/C(=C/c1ccc(-c2cccc(Cl)c2)o1)NC(=O)c1ccccc1,o1c(C=CNCc2ccccc2)ccc1-c3ccccc3,regression,strict,train,False,5.221848749616356,intermediate
CHEMBL205842,O=C(O)c1ccc2c(c1)nc(-c1ccc(OCCCCCc3ccccc3)cc1)n2C1CCCCC1,n1c2ccccc2n(c1-c3ccc(OCCCCCc4ccccc4)cc3)C5CCCCC5,regression,strict,train,False,6.0,intermediate
CHEMBL201690,CC(C)CCn1c(=O)c(C2=NS(=O)(=O)c3ccccc3N2)c(O)c2cc(OCC#N)ccc21,N=1Sc2ccccc2NC1C3=Cc4ccccc4NC3,regression,strict,train,False,7.468521082957745,active
CHEMBL215848,CN(C)C(=O)Cn1c(-c2ccccc2)c(C2CCCCC2)c2cc(C(=O)O)sc21,s1ccc2c1[nH]c(-c3ccccc3)c2C4CCCCC4,regression,strict,test,False,6.638272163982407,active
CHEMBL4590062,CNC(=O)c1c(-c2ccc(F)cc2)oc2cc(N(C)S(C)(=O)=O)c(-c3ccc4ncn5c6cccc(F)c6cc5c4n3)cc12,N1=Cn2c3ccccc3cc2-c4nc(ccc14)-c5ccc6oc(cc6c5)-c7ccccc7,regression,strict,train,False,9.200659450546418,active
CHEMBL4635910,CCOC(=O)C(C)(C)NP(=O)(OC[C@H]1O[C@@H](n2ccc(=O)[nH]c2=O)[C@](Cl)(Br)[C@@H]1O)Oc1ccccc1,[N]1[CH]C=CN([CH]1)C2OC(COPOc3ccccc3)CC2,regression,strict,train,False,6.017728766960431,active
CHEMBL4641216,O=C(O)C1C(c2ccccc2)c2ccccc2C(=O)N1O,c1ccc(cc1)C2c3ccccc3CNC2,regression,strict,train,False,4.804100347590766,inactive
CHEMBL202513,CC(C)CCn1c(=O)c(C2=NS(=O)(=O)c3ccccc3N2)c(O)c2c(F)cccc21,N=1Sc2ccccc2NC1C3=Cc4ccccc4NC3,regression,strict,train,False,6.468521082957745,active
CHEMBL4216751,CNC(=O)c1c(-c2ccc(F)cc2)oc2cc3c(cc12)[C@H](C)O[C@@H](CO)CN3S(C)(=O)=O,o1c(cc2cc3c(cc12)NCCOC3)-c4ccccc4,regression,strict,test,False,7.886056647693163,active
CHEMBL386710,CN1CCOCC1c1nc(C(=O)NCc2ccc(F)cc2)c(O)c(=O)n1C,n1ccc(nc1C2NCCOC2)CNCc3ccccc3,regression,strict,train,False,5.0,inactive
CHEMBL206624,O=C(O)c1ccc2c(c1)nc(-c1ccc(OCC(c3ccccc3)c3ccccc3)cc1)n2C1CCCCC1,n1c2ccccc2n(c1-c3ccc(OCC(c4ccccc4)c5ccccc5)cc3)C6CCCCC6,regression,strict,train,False,6.008773924307505,active
CHEMBL201823,CC(=O)Nc1ccc2c(c1)c(O)c(C1=NS(=O)(=O)c3ccccc3N1)c(=O)n2CCC(C)C,N=1Sc2ccccc2NC1C3=Cc4ccccc4NC3,regression,strict,train,False,5.0,inactive
CHEMBL2017860,Cc1nc2c(s1)CCCn1c-2c(C2CCCCC2)c2ccc(C(=O)NC3(C(=O)Nc4ccc(/C=C/C(=O)O)cc4)CCCC3)cc21,n1csc2c1-c3c(c4ccc(cc4n3CCC2)CNC5(CNc6ccccc6)CCCC5)C7CCCCC7,regression,strict,train,False,5.292429823902063,intermediate
CHEMBL4110904,COc1nc(N)nc2c1ncn2C1O[C@H](CO)[C@@H](O)[C@@]12CCO2,n1cnc2c(ncn2C3OCCC43OCC4)c1,regression,strict,train,False,4.698970004336019,inactive
CHEMBL381927,O=C(O)c1ccc2c(c1)nc(-c1ccc(OC(c3ccccc3)c3ccccc3)cc1F)n2C1CCCCC1,n1c2ccccc2n(c1-c3ccc(OC(c4ccccc4)c5ccccc5)cc3)C6CCCCC6,regression,strict,train,False,7.017728766960431,active
CHEMBL2236447,COc1cc(CSc2nc(-c3cc(Cl)cc(Cl)c3)c(C#N)c(=O)[nH]2)cc(OC)c1,n1ccc(nc1SCc2ccccc2)-c3ccccc3,regression,strict,train,False,4.468521082957745,inactive
CHEMBL4113679,CC(O)[C@H]1O[C@@H](n2ccc(N)nc2=O)[C@](C)(F)[C@@H]1O,N1=CC=CN([CH]1)C2OCCC2,regression,strict,train,False,4.42021640338319,inactive
CHEMBL177410,CCCCOc1ccccc1C(=O)CC(=O)C(=O)O,c1ccccc1,regression,strict,train,False,5.0,inactive
CHEMBL2236426,N#Cc1c(-c2ccc(F)cc2F)nc(SCc2ccccc2Br)[nH]c1=O,n1ccc(nc1SCc2ccccc2)-c3ccccc3,regression,strict,train,False,4.886056647693163,inactive
CHEMBL4474237,CNC(=O)c1c(-c2ccc(F)cc2)oc2cc(N3C(=O)OCC3c3ccc(B(O)O)cc3)c(C3CC3)cc12,o1c(cc2cc(c(cc12)N3COCC3c4ccccc4)C5CC5)-c6ccccc6,regression,strict,train,False,8.080921907623926,active
CHEMBL182786,Oc1ncnc2nc(-c3ccccc3)c(-c3ccccc3)nc12,n1cnc2nc(-c3ccccc3)c(nc2c1)-c4ccccc4,regression,strict,test,False,4.823908740944319,inactive
CHEMBL427171,O=C(Cc1ccc(Cl)cc1)N/C(=C\c1ccc(Oc2ccccc2Br)cc1)C(=O)O,O(c1ccccc1)c2ccc(C=CNCCc3ccccc3)cc2,regression,strict,train,False,6.026872146400302,active
CHEMBL384679,O=C(O)c1ccc2c(c1)nc(-c1ccc(OCc3ccccc3-c3ccccc3)cc1C(F)(F)F)n2C1CCCCC1,n1c2ccccc2n(c1-c3ccc(OCc4ccccc4-c5ccccc5)cc3)C6CCCCC6,regression,strict,train,False,6.031517051446065,active
CHEMBL4543543,O=c1ccn([C@@H]2O[C@](F)(COP(=O)(O)OP(=O)(O)OP(=O)(O)O)[C@@H](O)[C@]2(O)CF)c(=O)[nH]1,[N]1[CH]C=CN([CH]1)C2OCCC2,regression,strict,test,False,6.823908740944319,active
CHEMBL4210478,CNC(=O)c1c(-c2ccc(F)cc2)oc2cc3c(cc12)C(C)n1nnnc1CN3S(C)(=O)=O,n1nc2n(n1)Cc3cc4cc(oc4cc3NC2)-c5ccccc5,regression,strict,train,False,7.958607314841775,active
CHEMBL4593826,COP(=O)(Nc1nc(-c2ccc(-c3cc4nccc(N)n4n3)cc2)sc1C(=O)O)c1ccc(C)cc1C,n1cccn2nc(cc12)-c3ccc(cc3)-c4nc(cs4)NPc5ccccc5,regression,strict,test,False,7.286509456906058,active
CHEMBL193241,CN1CCN(C(=O)Cn2c(-c3ccccc3)c(C3CCCCC3)c3cc(C(=O)O)ccc32)CC1,c1ccc(cc1)-c2c(c3ccccc3n2CCN4CCNCC4)C5CCCCC5,regression,strict,test,False,6.348721986001856,active
CHEMBL2236417,COc1cc(CSc2nc(-c3cccc(C)c3)c(C#N)c(=O)[nH]2)cc(OC)c1,n1ccc(nc1SCc2ccccc2)-c3ccccc3,regression,strict,train,False,4.522878745280337,inactive
CHEMBL372235,O=C(O)c1ccc2c(C3CCCCC3)c(-c3ccccc3)n(CC(=O)N3CCS(=O)(=O)CC3)c2c1,S1CCN(CC1)CCn2c3ccccc3c(c2-c4ccccc4)C5CCCCC5,regression,strict,test,False,7.366531544420414,active
CHEMBL177733,O=C(N[C@@H](Cc1ccccc1)C(=O)O)c1ccc2c(c1)nc(-c1ccccn1)n2C1CCCCC1,n1ccccc1-c2nc3cc(ccc3n2C4CCCCC4)CNCCc5ccccc5,regression,strict,train,False,5.154901959985743,intermediate
CHEMBL196447,N#CCCCOc1ccc(O)cc1/C(O)=C/C(=O)C(=O)O,c1ccccc1,regression,strict,train,False,6.958607314841775,active
CHEMBL379305,CCCC1(C(=O)O)CCCc2c1[nH]c1c(Cl)ccc(Cl)c21,c1ccc2c(c1)[nH]c3c2CCCC3,regression,strict,test,False,5.494850021680094,intermediate
CHEMBL3970960,COC(=O)[C@H](C)NP(=O)(Oc1ccccc1)O[C@@H](C)[C@H]1O[C@@H](n2ccc3c(N)ncnc32)[C@](C)(O)[C@@H]1O,n1cnc2c(c1)ccn2C3OC(COPOc4ccccc4)CC3,regression,strict,train,False,4.0,inactive
CHEMBL2236423,CCCCCSc1nc(-c2cccc(C(F)(F)F)c2)c(C#N)c(=O)[nH]1,n1cnc(cc1)-c2ccccc2,regression,strict,train,False,4.920818753952375,inactive
CHEMBL4113831,COc1nc(N)nc2c1ncn2C1OC(CO)[C@@H](O)[C@]12CCCO2,n1cnc2c(ncn2C3OCCC43OCCC4)c1,regression,strict,test,False,4.698970004336019,inactive
CHEMBL207511,C=CCC1(C(=O)O)CCc2c1[nH]c1c(Cl)ccc(Cl)c21,c1ccc2c(c1)[nH]c3c2CCC3,regression,strict,train,False,5.920818753952375,intermediate
CHEMBL4469275,CNC(=O)c1c(-c2ccc(F)cc2)oc2cc(-c3ncoc3-c3ccc(B(O)O)c(F)c3)c(C3CC3)cc12,n1coc(-c2ccccc2)c1-c3cc4oc(cc4cc3C5CC5)-c6ccccc6,regression,strict,train,False,8.468521082957745,active
CHEMBL198349,CCCC1(CC(=O)O)OCCc2c1sc1c(Cl)ccc(Cl)c21,O1Cc2sc3ccccc3c2CC1,regression,strict,train,False,6.853871964321762,active
CHEMBL474496,N#Cc1c(Cl)cc(Cl)cc1COc1cccc(C(=O)/C=C(\O)C(=O)O)c1,O(c1ccccc1)Cc2ccccc2,regression,strict,test,False,4.346787486224656,inactive
CHEMBL175177,O=C(O)c1ccc2c(c1)nc(-c1ccoc1)n2C1CCCCC1,n1c2ccccc2n(c1-c3cocc3)C4CCCCC4,regression,strict,train,False,5.958607314841775,intermediate
CHEMBL185589,O=C(NS(=O)(=O)C(F)(F)F)c1nc(-c2cccs2)nc(O)c1O,n1cccnc1-c2sccc2,regression,strict,train,False,5.207608310501746,intermediate
CHEMBL175882,O=C(NCc1ccccc1Cl)Nc1ccsc1-c1nc(O)c(O)c(C(=O)O)n1,n1cccnc1-c2sccc2NCNCc3ccccc3,regression,strict,train,False,7.443697499232712,active
CHEMBL178881,CCCCNn1c(=O)c(C2=NS(=O)(=O)c3ccccc3N2)c(O)c2ccccc21,N=1Sc2ccccc2NC1C3=Cc4ccccc4NC3,regression,strict,train,False,6.79317412396815,active
CHEMBL196154,N#CCCCOc1ccccc1/C(O)=C/C(=O)C(=O)O,c1ccccc1,regression,strict,train,False,6.42021640338319,active
CHEMBL199809,O=C1/C(=C/c2cc(F)c(F)c(F)c2)SC(=S)N1NS(=O)(=O)c1ccccc1,S(NN1CSC(=Cc2ccccc2)C1)c3ccccc3,regression,strict,train,False,6.0,intermediate
CHEMBL214576,CC(C)c1ccc(CCC2(C3CCCC3)CC(=O)CC(=O)O2)cc1,O1CCCCC1(CCc2ccccc2)C3CCCC3,regression,strict,test,False,5.366531544420414,intermediate
CHEMBL199323,CCOC(=O)c1c(NC(=O)NS(=O)(=O)N2CCCCC2)sc2c1CCC(C)(C)C2,s1c(cc2c1CCCC2)NCNSN3CCCCC3,regression,strict,train,False,6.698970004336019,active
CHEMBL108253,O=C(O)C(=O)/C=C(\O)c1cccc(OCc2ccccc2)c1,O(c1ccccc1)Cc2ccccc2,regression,strict,test,False,5.096910013008056,intermediate
CHEMBL199678,CCOC(=O)c1c(NC(=O)NS(=O)(=O)c2ccc(C)cc2)sc2c1CC(C)CC2,S(NCNc1sc2c(c1)CCCC2)c3ccccc3,regression,strict,train,False,6.301029995663981,active
CHEMBL3932400,CCOC(=O)[C@H](C)NP(=O)(Oc1ccccc1)O[C@H](C)[C@H]1O[C@@H](n2ccc3c(N)ncnc32)[C@](C)(O)[C@@H]1O,n1cnc2c(c1)ccn2C3OC(COPOc4ccccc4)CC3,regression,strict,train,False,4.0,inactive
CHEMBL262732,O=C(O)C(=O)/C=C(\O)c1cc(I)cn1Cc1ccc(F)cc1,c1ccc(cc1)Cn2cccc2,regression,strict,train,False,4.7447274948966935,inactive
CHEMBL377240,O=c1c(C2=NS(=O)(=O)c3cc(Br)ccc3N2)c(O)c2cccnc2n1Cc1ccccc1,N=1Sc2ccccc2NC1C3=Cc4cccnc4N([CH]3)Cc5ccccc5,regression,strict,train,False,6.121478204498794,active
CHEMBL174838,O=C(O)c1ccc2c(c1)nc(-c1cccnc1)n2C1CCCCC1,n1cccc(c1)-c2nc3ccccc3n2C4CCCCC4,regression,strict,train,False,4.552841968657781,inactive
CHEMBL381033,CC(/C=C1\SC(=S)N(NS(=O)(=O)c2ccccc2)C1=O)=C\c1ccccc1,S(NN1CSC(=CC=Cc2ccccc2)C1)c3ccccc3,regression,strict,train,False,6.698970004336019,active
CHEMBL4286862,CCN(C)c1nc2oc(-c3ccc(F)cc3)c(C(=O)NC)c2cc1-c1cccc(C(=O)NC(C)(C)C)c1,n1cc(cc2cc(oc12)-c3ccccc3)-c4ccccc4,regression,strict,train,False,7.508638306165727,active
CHEMBL4451904,CNC(=O)c1c(-c2ccc(F)cc2)oc2cc(-n3ncnc3-c3ccc(B(O)O)c(F)c3)c(C3CC3)cc12,n1cnn(c1-c2ccccc2)-c3cc4oc(cc4cc3C5CC5)-c6ccccc6,regression,strict,test,False,8.958607314841775,active
CHEMBL180190,COc1ccccc1COc1ccc(C(=O)N(c2ncc(C(=O)O)s2)C2CCCCC2)cc1,n1ccsc1N(Cc2ccc(OCc3ccccc3)cc2)C4CCCCC4,regression,strict,train,False,5.070581074285707,intermediate
CHEMBL4108205,O=c1ccn(C2OC(CO)[C@@H](O)[C@@]23CCCO3)c(=O)[nH]1,[N]1[CH]C=CN([CH]1)C2OCCC32OCCC3,regression,strict,test,False,4.0,inactive
CHEMBL3908845,COC(=O)[C@H](C)NP(=O)(Oc1ccccc1)O[C@H](C)[C@H]1O[C@@H](n2cc(F)c3c(N)ncnc32)[C@](C)(O)[C@@H]1O,n1cnc2c(c1)ccn2C3OC(COPOc4ccccc4)CC3,regression,strict,train,False,4.431798275933005,inactive
CHEMBL194380,CSc1ccccc1Oc1ccc(/C=C(\NC(=O)c2ccccc2)C(=O)O)cc1,O(c1ccccc1)c2ccc(C=CNCc3ccccc3)cc2,regression,strict,train,False,5.7447274948966935,intermediate
CHEMBL4127030,C[C@@]1(O)[C@H](O)[C@@](F)(COP(=O)(O)OP(=O)(O)OP(=O)(O)O)O[C@H]1n1ccc(=O)[nH]c1=O,[N]1[CH]C=CN([CH]1)C2OCCC2,regression,strict,test,False,6.853871964321762,active
CHEMBL182338,CC1CCC(Nc2ncnc3nc(-c4ccc(F)cc4)c(-c4ccc(F)cc4)nc23)CC1,n1cnc(NC2CCCCC2)c3nc(-c4ccccc4)c(nc13)-c5ccccc5,regression,strict,train,False,5.886056647693163,intermediate
CHEMBL202310,CCOC(=O)CNc1ccc2c(c1)c(O)c(C1=NS(=O)(=O)c3ccccc3N1)c(=O)n2CCC(C)C,N=1Sc2ccccc2NC1C3=Cc4ccccc4NC3,regression,strict,train,False,6.939302159646388,active
CHEMBL3186678,CC(C)OC(=O)C(C)NP(=O)(OCC1OC(n2ccc(=O)[nH]c2=O)C(C)(F)C1O)Oc1ccccc1,[N]1[CH]C=CN([CH]1)C2OC(COPOc3ccccc3)CC2,regression,strict,train,False,5.6777807052660805,intermediate
CHEMBL215735,COc1ccc(CCC2(C3CCCC3)CC(=O)CC(=O)O2)cc1Cl,O1CCCCC1(CCc2ccccc2)C3CCCC3,regression,strict,test,False,6.0,intermediate
CHEMBL4637634,C[C@@]1(O)[C@H](O)[C@@](F)(COP(=O)(O)OP(=O)(O)OP(=O)(O)O)O[C@H]1n1cnc2c(=O)[nH]c(N)nc21,n1cnc2c(ncn2C3OCCC3)c1,regression,strict,train,False,6.853871964321762,active
CHEMBL365127,O=C(O)/C(=C/c1ncc(-c2ccccc2Cl)s1)NC(=O)c1ccccc1,n1cc(sc1C=CNCc2ccccc2)-c3ccccc3,regression,strict,train,False,5.2839966563652006,intermediate
CHEMBL214365,CCCNC(=O)c1ccc(-c2ccc(Cl)cc2)c(COc2ccc(-c3nc4cc(C(=O)O)ccc4n3C3CCCCC3)c(F)c2)c1,n1c2ccccc2n(c1-c3ccc(OCc4ccccc4-c5ccccc5)cc3)C6CCCCC6,regression,strict,train,False,7.67778070526608,active
CHEMBL187653,CN(C)C1CNC(C(=O)Cn2c(-c3ccccc3)c(C3CCCCC3)c3ccc(C(=O)O)cc32)C1,c1ccc(cc1)-c2c(c3ccccc3n2CCC4NCCC4)C5CCCCC5,regression,strict,train,False,7.1487416512809245,active
CHEMBL379015,Cc1ccsc1-c1nc(O)c(O)c(C(=O)O)n1,n1cccnc1-c2sccc2,regression,strict,train,False,5.251811972993799,intermediate
CHEMBL3968366,COc1nc(N)nc2c1ncn2C1O[C@H](COP(=O)(N[C@@H](C)C(=O)OCC(C)(C)C)Oc2ccccc2)[C@@H](O)[C@]12CCO2,n1cnc2c(ncn2C3OC(COPOc4ccccc4)CC53OCC5)c1,regression,strict,train,False,6.4089353929735005,active
CHEMBL205990,O=C(Nc1ccsc1-c1nc(O)c(O)c(C(=O)O)n1)OCc1c(Cl)cccc1Cl,n1cccnc1-c2sccc2NCOCc3ccccc3,regression,strict,train,False,6.760450279159527,active
CHEMBL209853,O=C(O)c1ccc2c(c1)nc(-c1ccc(OCc3cc(C(=O)NCc4ccccc4)ccc3-c3ccc(Cl)cc3)cc1)n2C1CCCCC1,n1c2ccccc2n(c1-c3ccc(OCc4cc(ccc4-c5ccccc5)CNCc6ccccc6)cc3)C7CCCCC7,regression,strict,train,False,7.5376020021010435,active
CHEMBL370081,CCc1ccccc1Oc1ccc(/C=C(\NC(=O)c2ccccc2)C(=O)O)cc1,O(c1ccccc1)c2ccc(C=CNCc3ccccc3)cc2,regression,strict,train,False,5.026872146400302,intermediate
CHEMBL182383,O=C(O)c1cnc(N(C(=O)c2ccc(Oc3cccc(Cl)c3)cc2)C2CCCCC2)s1,n1ccsc1N(Cc2ccc(Oc3ccccc3)cc2)C4CCCCC4,regression,strict,train,False,5.552841968657781,intermediate
CHEMBL4583513,CCN(c1cc2oc(-c3ccc(F)cc3)c(C(=O)NC)c2cc1-c1cc(F)c(OC)c(C(=O)NC2(c3ncccn3)CC2)c1)S(C)(=O)=O,n1cccnc1C2(NCc3cccc(c3)-c4ccc5oc(cc5c4)-c6ccccc6)CC2,regression,strict,train,False,8.05551732784983,active
CHEMBL382345,COc1ccc(/C=C2\SC(=S)N(NS(=O)(=O)c3ccccc3)C2=O)cc1,S(NN1CSC(=Cc2ccccc2)C1)c3ccccc3,regression,strict,train,False,5.301029995663981,intermediate
CHEMBL211649,COc1ccc(-c2ccc(Cl)cc2COc2ccc(-c3nc4cc(C(=O)O)ccc4n3C3CCCCC3)cc2)cc1,n1c2ccccc2n(c1-c3ccc(OCc4ccccc4-c5ccccc5)cc3)C6CCCCC6,regression,strict,train,False,7.0,active
CHEMBL202263,O=C1/C(=C/c2ccc([N+](=O)[O-])cc2)SC(=S)N1NS(=O)(=O)c1ccccc1,S(NN1CSC(=Cc2ccccc2)C1)c3ccccc3,regression,strict,train,False,5.698970004336019,intermediate
CHEMBL201928,CN(C)CCn1c(=O)c(C2=NS(=O)(=O)c3ccccc3N2)c(O)c2ccccc21,N=1Sc2ccccc2NC1C3=Cc4ccccc4NC3,regression,strict,train,False,5.0,inactive
CHEMBL4545438,COP(=O)(Nc1nn(-c2ccc(-c3cc4nccc(N)n4n3)cc2)cc1C(=O)O)c1ccc(C)cc1C,n1cccn2nc(cc12)-c3ccc(cc3)-n4nc(cc4)NPc5ccccc5,regression,strict,train,False,7.123205023799299,active
CHEMBL2236422,CC(C)c1ccc(-c2nc(SCc3cccc([N+](=O)[O-])c3)[nH]c(=O)c2C#N)cc1,n1ccc(nc1SCc2ccccc2)-c3ccccc3,regression,strict,train,False,5.0,inactive
CHEMBL4112165,CC(O)C1O[C@@H](n2cc(F)c3c(N)ncnc32)[C@](C)(F)[C@@H]1O,n1cnc2c(c1)ccn2C3OCCC3,regression,strict,train,False,4.0,inactive
CHEMBL382763,CS(=O)(=O)NN1C(=O)/C(=C/c2ccc(Cl)c(Cl)c2)SC1=S,S1C(=Cc2ccccc2)CNC1,regression,strict,train,False,5.698970004336019,intermediate
CHEMBL4560888,O=c1/c(=C\c2ccc(F)cc2)sc2n1CN(c1ccccc1)CN=2,N1=C2SC(=Cc3ccccc3)CN2CN(c4ccccc4)C1,regression,strict,test,False,5.6579999748624346,intermediate
CHEMBL378727,CC(C)CCn1c(=O)c(C2=NS(=O)(=O)c3cc(NS(=O)(=O)Nc4ccc(C(=O)O)cc4)ccc3N2)c(O)c2cccnc21,N=1Sc2cc(ccc2NC1c3cnc4ncccc4c3)NSNc5ccccc5,regression,strict,train,False,7.698970004336019,active
CHEMBL4460481,CNC(=O)c1c(-c2ccc(F)cc2)oc2cc(N(C3CCc4cc(B(O)O)ccc43)S(C)(=O)=O)c(C3CC3)cc12,o1c(cc2cc(c(cc12)NC3c4ccccc4CC3)C5CC5)-c6ccccc6,regression,strict,test,False,8.036212172654444,active
CHEMBL206487,O=C(O)c1ccc2c(c1)nc(-c1ccc(OC(c3ccccc3)c3ccccc3)cc1)n2C1CCCCC1,n1c2ccccc2n(c1-c3ccc(OC(c4ccccc4)c5ccccc5)cc3)C6CCCCC6,regression,strict,train,False,6.229147988357855,active
CHEMBL195087,CC(C)Oc1ccccc1Oc1ccc(/C=C(\NC(=O)c2ccccc2)C(=O)O)cc1,O(c1ccccc1)c2ccc(C=CNCc3ccccc3)cc2,regression,strict,train,False,4.356547323513812,inactive
CHEMBL384028,COc1c(C(=O)O)ccc2c(C3CCCC3)c(-c3ccoc3)n(C)c12,o1ccc(c1)-c2[nH]c3ccccc3c2C4CCCC4,regression,strict,test,False,6.468521082957745,active
CHEMBL4528253,COC[C@H]1C[C@@](CC(C)C)(C(=O)O)N(C(=O)c2ccc(C(C)(C)C)c(OC)c2)[C@H]1C(=O)OC,c1ccc(cc1)CN2CCCC2,regression,strict,train,False,5.154901959985743,intermediate
CHEMBL362957,O=C(O)c1ccc2c(C3CCCCC3)c(-c3ccoc3)n(CC(=O)N3CCC(N4CCC4)CC3)c2c1,o1ccc(c1)-c2c(c3ccccc3n2CCN4CCC(N5CCC5)CC4)C6CCCCC6,regression,strict,train,False,8.045757490560675,active
CHEMBL4548919,CNC(=O)c1c(-c2ccc(F)cc2)oc2cc(N(c3ccc(B(O)O)c(F)c3)S(C)(=O)=O)c(C3CC3)cc12,o1c(cc2cc(c(cc12)Nc3ccccc3)C4CC4)-c5ccccc5,regression,strict,train,False,9.0,active
CHEMBL183364,COc1ccc2c(C(=O)N(CC(=O)O)CC(=O)O)cccc2c1C(F)(F)F,c1ccc2ccccc2c1,regression,strict,train,False,6.045757490560675,active
CHEMBL175171,N#CCCCOc1ccccc1C(=O)CC(=O)C(=O)O,c1ccccc1,regression,strict,train,False,6.455931955649724,active
CHEMBL175011,Cc1ccc(C(=O)CC(=O)C(=O)O)cc1,c1ccccc1,regression,strict,train,False,5.301029995663981,intermediate
CHEMBL3916380,COc1nc(N)nc2c1ncn2C1OC(COP(=O)(N[C@@H](C)C(=O)OCC(C)C)Oc2ccccc2)[C@@H](O)[C@]12CCO2,n1cnc2c(ncn2C3OC(COPOc4ccccc4)CC53OCC5)c1,regression,strict,train,False,6.247183568811728,active
CHEMBL366842,O=C(N[C@@H](Cc1c[nH]c2ccc([N+](=O)[O-])cc12)C(=O)O)c1ccc2c(c1)nc(-c1ccoc1)n2C1CCCCC1,n1c2cc(ccc2n(c1-c3cocc3)C4CCCCC4)CNCCc5c[nH]c6ccccc65,regression,strict,train,False,5.698970004336019,intermediate
CHEMBL411712,O=C(O)c1ccc2c(c1)nc(-c1ccc(OCc3cc(C(=O)N4CCCCC4)ccc3-c3ccc(Cl)cc3)cc1F)n2C1CCCCC1,n1c2ccccc2n(c1-c3ccc(OCc4cc(ccc4-c5ccccc5)CN6CCCCC6)cc3)C7CCCCC7,regression,strict,train,False,7.744727494896693,active
CHEMBL4435563,COC[C@H]1C[C@@](CC(C)C)(C(=O)O)N(C(=O)c2ccc(C(C)(C)C)c(OC)c2)[C@H]1CNC(C)=O,c1ccc(cc1)CN2CCCC2,regression,strict,train,False,4.823908740944319,inactive
CHEMBL278785,O=C(O)[C@H](Cc1ccccc1)N(Cc1ccc(-c2cc3ccccc3o2)s1)C(=O)c1ccc(Cl)cc1Cl,o1c2ccccc2cc1-c3sc(cc3)CN(Cc4ccccc4)CCc5ccccc5,regression,strict,train,False,5.0655015487564325,intermediate
CHEMBL215708,O=C(O)c1ccc2c(C3CCCCC3)c3n(c2c1)CCSc1ccccc1-3,S1c2ccccc2-c3c(c4ccccc4n3CC1)C5CCCCC5,regression,strict,train,False,7.42021640338319,active
CHEMBL3651431,CNC(=O)c1c(-c2ccc(F)cc2)oc2ccc(-c3cc(C(=O)NC4(c5ccccc5)COC4)ccc3C)c(F)c12,o1c2ccc(cc2cc1-c3ccccc3)-c4cccc(c4)CNC5(c6ccccc6)COC5,regression,strict,train,False,7.244125144327507,active
CHEMBL371635,O=c1c(C2=NS(=O)(=O)c3ccccc3N2)c(O)c2ccccc2n1CC1CC1,N=1Sc2ccccc2NC1C3=Cc4ccccc4N(C3)CC5CC5,regression,strict,train,False,7.107905397309519,active
CHEMBL368481,O=C(O)C(=O)CC(=O)c1ccccc1OCc1ccccc1,O(c1ccccc1)Cc2ccccc2,regression,strict,test,False,4.356547323513812,inactive
CHEMBL174836,O=C(O)c1ccc2c(c1)nc(-c1ccncc1)n2C1CCCCC1,n1ccc(cc1)-c2nc3ccccc3n2C4CCCCC4,regression,strict,train,False,4.769551078621726,inactive
CHEMBL386726,O=C(O)c1ccc2c(C3CCCCC3)c3n(c2c1)CCOc1ccccc1-3,O1c2ccccc2-c3c(c4ccccc4n3CC1)C5CCCCC5,regression,strict,test,False,7.585026652029182,active
CHEMBL364321,O=C(O)c1nc(-c2cccc(O)c2)nc(O)c1O,n1cccnc1-c2ccccc2,regression,strict,train,False,6.221848749616356,active
CHEMBL209921,Cc1ncc(COc2ccc(-c3nc4cc(C(=O)O)ccc4n3C3CCCCC3)cc2)c(-c2ccc(Cl)cc2)n1,n1cnc(-c2ccccc2)c(c1)COc3ccc(cc3)-c4nc5ccccc5n4C6CCCCC6,regression,strict,train,False,6.72584215073632,active
CHEMBL180292,CC(Nn1c(=O)c(C2=NS(=O)(=O)c3ccccc3N2)c(O)c2ccccc21)c1ccccc1,N=1Sc2ccccc2NC1C3=Cc4ccccc4N(NCc5ccccc5)C3,regression,strict,train,False,5.826813731587726,intermediate
CHEMBL201567,N#CCCCn1c(=O)c(C2=NS(=O)(=O)c3ccccc3N2)c(O)c2ccccc21,N=1Sc2ccccc2NC1C3=Cc4ccccc4NC3,regression,strict,train,False,6.764471553092451,active
CHEMBL202498,Cc1ccc(S(=O)(=O)NN2C(=S)S/C(=C\c3ccc(Cl)c(Cl)c3)C2O)cc1,S(NN1CSC(=Cc2ccccc2)C1)c3ccccc3,regression,strict,train,False,6.221848749616356,active
CHEMBL4212080,CNC(=O)c1c(-c2ccc(F)cc2)oc2cc3c(cc12)[C@H](C)OCCN3S(C)(=O)=O,o1c(cc2cc3c(cc12)NCCOC3)-c4ccccc4,regression,strict,test,False,8.522878745280337,active
CHEMBL83762,COC(=O)N(CC(=O)O)C(=O)c1c(OC)ccc2c(C(F)(F)F)c(OC)ccc12,c1ccc2ccccc2c1,regression,strict,train,False,4.94692155651658,inactive
CHEMBL377394,CC(C)CCn1c(=O)c(C2=NS(=O)(=O)c3cc(NS(=O)(=O)Nc4cccc(C(N)=O)c4)ccc3N2)c(O)c2cccnc21,N=1Sc2cc(ccc2NC1c3cnc4ncccc4c3)NSNc5ccccc5,regression,strict,train,False,7.366531544420414,active
CHEMBL2236436,Cc1cccc(-c2nc(SCc3ccc(OC(F)(F)F)cc3)[nH]c(=O)c2C#N)c1,n1ccc(nc1SCc2ccccc2)-c3ccccc3,regression,strict,train,False,5.0655015487564325,intermediate
CHEMBL192804,O=C(O)/C(=C/c1ccc(Oc2ccccc2Br)cc1)NC(=O)c1cccc(F)c1,O(c1ccccc1)c2ccc(C=CNCc3ccccc3)cc2,regression,strict,train,False,7.045757490560675,active
CHEMBL23283,O=C(O)[C@H](Cc1ccccc1)N(Cc1cccc(Br)c1)C(=O)c1ccc(Cl)cc1Cl,c1ccc(cc1)CN(Cc2ccccc2)CCc3ccccc3,regression,strict,train,False,5.455931955649724,intermediate
CHEMBL4460355,CNC(=O)c1c(-c2ccc(F)cc2)oc2cc(-n3nnnc3-c3ccc(B(O)O)c(Cl)c3)c(C3CC3)cc12,n1nc(-c2ccccc2)n(n1)-c3cc4oc(cc4cc3C5CC5)-c6ccccc6,regression,strict,train,False,8.42021640338319,active
CHEMBL76105,C[C@@]1(O)[C@H](O)[C@@H](CO)O[C@H]1n1cnc2c(O)ncnc21,n1cnc2c(ncn2C3OCCC3)c1,regression,strict,train,False,5.3979400086720375,intermediate
CHEMBL4280902,CCCNc1nc2oc(-c3ccc(F)cc3)c(C(=O)NC)c2cc1-c1cccc(C(=O)NC(C)(C)C)c1,n1cc(cc2cc(oc12)-c3ccccc3)-c4ccccc4,regression,strict,train,False,7.455931955649724,active
CHEMBL4212819,CNC(=O)c1c(-c2ccc(F)cc2)oc2cc3c(cc12)[C@@H](C)CCCN3S(C)(=O)=O,o1c(cc2cc3c(cc12)NCCCC3)-c4ccccc4,regression,strict,train,False,7.337242168318426,active
CHEMBL197296,N#Cc1ccccc1Cn1cccc1/C(O)=C/C(=O)C(=O)O,c1ccc(cc1)Cn2cccc2,regression,strict,train,False,5.200659450546418,intermediate
CHEMBL24547,O=C(O)[C@H](Cc1ccccc1)N(Cc1cccc(C(F)(F)F)c1)C(=O)c1ccc(Cl)cc1Cl,c1ccc(cc1)CN(Cc2ccccc2)CCc3ccccc3,regression,strict,train,False,5.769551078621726,intermediate
CHEMBL381166,C=CCC1(C(=O)O)CCc2c1[nH]c1c(C)ccc(C#N)c21,c1ccc2c(c1)[nH]c3c2CCC3,regression,strict,train,False,4.958607314841775,inactive
CHEMBL181773,Fc1ccc(-c2nc3ncnc(N4CCCCC4)c3nc2-c2ccc(F)cc2)cc1,n1cnc(c2nc(-c3ccccc3)c(nc12)-c4ccccc4)N5CCCCC5,regression,strict,train,False,4.167491087293763,inactive
CHEMBL3672390,CNC(=O)c1c(-c2ccc(F)cc2)oc2nc(NCC(F)(F)F)c(-c3cccc(C(=O)NC4(c5nc(C)no5)CC4)c3)cc12,n1oc(nc1)C2(NCc3cccc(c3)-c4cnc5oc(cc5c4)-c6ccccc6)CC2,regression,strict,train,False,7.494850021680094,active
CHEMBL3978389,COC(=O)[C@H](C)NP(=O)(OCC1OC(n2cnc3c(OC)nc(N)nc32)[C@@]2(CCO2)[C@@H]1O)Oc1ccccc1,n1cnc2c(ncn2C3OC(COPOc4ccccc4)CC53OCC5)c1,regression,strict,train,False,5.809668301829708,intermediate
CHEMBL2387641,O=C(O)[C@H](Cc1ccccc1)N1C(=O)/C(=C/c2cccc(Oc3ccc(Cl)cc3)c2)SC1=S,O(c1ccccc1)c2cccc(c2)C=C3SCN(C3)CCc4ccccc4,regression,strict,train,False,5.443697499232712,intermediate
CHEMBL4106992,CC(C)OP1(=O)OC[C@H]2O[C@@H](c3cnn4c(N)ncnc34)[C@](C)(N)[C@@H]2O1,n1cnc2c(cnn2c1)C3OC4COPOC4C3,regression,strict,train,False,4.0,inactive
CHEMBL199403,CCOC(=O)c1c(NC(=O)NS(=O)(=O)c2ccnn2C)sc2c1CCC(C)(C)C2,n1ccc(SNCNc2sc3c(c2)CCCC3)[nH]1,regression,strict,train,False,7.301029995663981,active
CHEMBL4454584,Nc1nc2c(ncn2[C@@H]2O[C@H](CO)[C@@H](O)[C@]2(F)Br)c(=O)[nH]1,n1cnc2c(ncn2C3OCCC3)c1,regression,strict,train,False,5.0,inactive
CHEMBL210593,Cc1cc(S(=O)(=O)N2CCC[C@H]2C(=O)O)c(N)cc1Cl,S(c1ccccc1)N2CCCC2,regression,strict,train,False,5.508638306165727,intermediate
CHEMBL378114,O=S(=O)(c1cc(Cl)cc(Cl)c1O)N1CCC[C@H]1c1nn[nH]n1,n1nc(n[nH]1)C2N(Sc3ccccc3)CCC2,regression,strict,train,False,6.251811972993799,active
CHEMBL4475793,O=c1/c(=C\c2ccc(Cl)cc2)sc2n1CN(c1ccccc1)CN=2,N1=C2SC(=Cc3ccccc3)CN2CN(c4ccccc4)C1,regression,strict,test,False,6.920999747696151,active
CHEMBL189534,CN1CCN(C(=O)Cn2c(-c3ccccc3)c(C3CCCC3)c3ccc(C(=O)O)cc32)CC1,c1ccc(cc1)-c2c(c3ccccc3n2CCN4CCNCC4)C5CCCC5,regression,strict,train,False,7.167491087293763,active
CHEMBL363563,O=C(O)/C(=C/c1ccc(-c2ccccc2Cl)s1)NC(=O)c1ccccc1,s1c(C=CNCc2ccccc2)ccc1-c3ccccc3,regression,strict,train,False,6.180456064458132,active
CHEMBL3651435,CNC(=O)c1c(-c2ccc(F)cc2)oc2ccc(-c3cc(C(=O)NC4(c5ncccn5)COC4)ccc3C)c(F)c12,n1cccnc1C2(NCc3cccc(c3)-c4ccc5oc(cc5c4)-c6ccccc6)COC2,regression,strict,train,False,8.0,active
CHEMBL383278,C=CCC1(C(=O)O)CCc2c1[nH]c1c(F)ccc(C#N)c21,c1ccc2c(c1)[nH]c3c2CCC3,regression,strict,train,False,4.838631997765025,inactive
CHEMBL180546,Fc1ccc(CCNc2ncnc3nc(-c4ccc(F)cc4)c(-c4ccc(F)cc4)nc23)cc1,n1cnc(NCCc2ccccc2)c3nc(-c4ccccc4)c(nc13)-c5ccccc5,regression,strict,test,False,4.585026652029182,inactive
CHEMBL383733,CC(C)CCn1c(=O)c(C2=NS(=O)(=O)c3cc(NS(=O)(=O)Nc4ccccc4)ccc3N2)c(O)c2cccnc21,N=1Sc2cc(ccc2NC1c3cnc4ncccc4c3)NSNc5ccccc5,regression,strict,train,False,7.387216143280264,active
CHEMBL2311161,C[C@]1(O)[C@@H](CO)O[C@@H](n2cnc3c(N)ncnc32)[C@@H]1O,n1cnc2c(ncn2C3OCCC3)c1,regression,strict,train,False,4.301029995663981,inactive
CHEMBL378748,CC(C)CCn1c(=O)c(C2=NS(=O)(=O)c3cc(NS(=O)(=O)NC4CCCC4)ccc3N2)c(O)c2cccnc21,N=1Sc2cc(ccc2NC1c3cnc4ncccc4c3)NSNC5CCCC5,regression,strict,train,False,7.4089353929735005,active
CHEMBL362572,CS(=O)(=O)N1CCN(C(=O)Cn2c(-c3ccccc3)c(C3CCCCC3)c3ccc(C(=O)O)cc32)CC1,c1ccc(cc1)-c2c(c3ccccc3n2CCN4CCNCC4)C5CCCCC5,regression,strict,test,False,7.721246399047171,active
CHEMBL372590,N#Cc1cc(Cl)c(Cl)cc1COc1cccc(/C(O)=C/C(=O)C(=O)O)c1,O(c1ccccc1)Cc2ccccc2,regression,strict,test,False,7.251811972993799,active
CHEMBL2236438,Cc1cccc(CSc2nc(-c3cccc(C(F)(F)F)c3)c(C#N)c(=O)[nH]2)c1,n1ccc(nc1SCc2ccccc2)-c3ccccc3,regression,strict,train,False,4.853871964321762,inactive
CHEMBL180457,O=C(O)[C@H]1C[C@@H](C(=O)O)N(C(=O)c2ccc(Cl)c(Cl)c2)C1,c1ccc(cc1)CN2CCCC2,regression,strict,train,False,4.920818753952375,inactive
CHEMBL197815,CCOC(=O)c1c(NC(=O)NS(=O)(=O)c2ccccc2C(F)(F)F)sc2c1CCC(C)(C)C2,S(NCNc1sc2c(c1)CCCC2)c3ccccc3,regression,strict,train,False,7.301029995663981,active
CHEMBL2236443,Cc1cccc(CSc2nc(-c3cc(F)cc(F)c3)c(C#N)c(=O)[nH]2)c1,n1ccc(nc1SCc2ccccc2)-c3ccccc3,regression,strict,train,False,4.568636235841013,inactive
CHEMBL184447,COc1ccc2c(C(=O)NC(CC(=O)O)C(=O)O)cccc2c1C(F)(F)F,c1ccc2ccccc2c1,regression,strict,train,False,5.886056647693163,intermediate
CHEMBL386744,O=C(O)c1cc2[nH]c(-c3ccccc3)c(C3CCCCC3)c2s1,s1ccc2[nH]c(-c3ccccc3)c(c12)C4CCCCC4,regression,strict,train,False,7.180456064458132,active
CHEMBL378933,CCc1cccc(CCC2(C3CCCC3)CC(=O)CC(=O)O2)c1,O1CCCCC1(CCc2ccccc2)C3CCCC3,regression,strict,test,False,5.443697499232712,intermediate
CHEMBL239976,COc1cccc2c1NC(c1c(O)c3cccnc3n(CCC(C)C)c1=O)=NS2(=O)=O,N=1Sc2ccccc2NC1c3cnc4ncccc4c3,regression,strict,train,False,5.931814138253839,intermediate
CHEMBL4587907,CNC(=O)c1c(-c2ccc(F)cc2)oc2cc(-n3ccnc3-c3ccc(B(O)O)c(F)c3)c(C3CC3)cc12,n1ccn(c1-c2ccccc2)-c3cc4oc(cc4cc3C5CC5)-c6ccccc6,regression,strict,train,False,7.744727494896693,active
CHEMBL2236456,N#Cc1c(-c2ccc(Br)cc2)nc(SCCC(=O)Oc2ccccc2)[nH]c1=O,n1ccc(nc1SCCCOc2ccccc2)-c3ccccc3,regression,strict,test,False,4.522878745280337,inactive
CHEMBL3898846,CCCCOC(=O)[C@H](C)NP(=O)(Oc1cccc2ccccc12)O[C@H](C)[C@H]1O[C@@H](n2cnc3c(=O)[nH]c(N)nc32)[C@](C)(O)[C@@H]1O,n1cnc2c(ncn2C3OC(COPOc4cccc5ccccc45)CC3)c1,regression,strict,train,False,4.0,inactive
CHEMBL382819,CCCC1(CC(=O)O)CCCc2c1[nH]c1c(F)ccc(C#N)c21,c1ccc2c(c1)[nH]c3c2CCCC3,regression,strict,test,False,5.698970004336019,intermediate
CHEMBL383598,CC1(CC(=O)O)OCCc2c1oc1c(Cl)ccc(Cl)c21,o1c2ccccc2c3c1COCC3,regression,strict,train,False,4.698970004336019,inactive
CHEMBL188428,Oc1cccc(-c2ncc(O)c(O)n2)c1,n1cccnc1-c2ccccc2,regression,strict,train,False,4.301029995663981,inactive
CHEMBL195310,O=C(O)/C(=C/c1cncc(-c2ccccc2Cl)c1)NC(=O)c1ccccc1,n1cc(C=CNCc2ccccc2)cc(c1)-c3ccccc3,regression,strict,train,False,4.0,inactive
CHEMBL4212840,C#C[C@]1(O)[C@H](O)[C@@H](COP(=O)(O)OP(=O)(O)OP(=O)(O)O)O[C@H]1n1ccc(=O)[nH]c1=O.CCN(CC)CC.CCN(CC)CC.CCN(CC)CC.CCN(CC)CC,[N]1[CH]C=CN([CH]1)C2OCCC2,regression,strict,test,False,4.267606240177032,inactive
CHEMBL379470,O=C(NCCc1ccccc1)Nc1ccsc1-c1nc(O)c(O)c(C(=O)O)n1,n1cccnc1-c2sccc2NCNCCc3ccccc3,regression,strict,train,False,6.2076083105017466,active
CHEMBL427410,COc1ccc(CCC2(C3CCCC3)CC(=O)C(Sc3ccccc3)=C(O)O2)cc1Cl,O1C=C(Sc2ccccc2)CCC1(CCc3ccccc3)C4CCCC4,regression,strict,train,False,6.251811972993799,active
CHEMBL365977,O=C(O)CCC(=O)N/C(=C\c1ccc(Oc2ccccc2I)cc1)C(=O)O,O(c1ccccc1)c2ccccc2,regression,strict,train,False,6.102372908709558,active
CHEMBL3126847,CN(C)S(=O)(=O)NC(=O)c1ccc2c(C3CCCCC3)c3n(c2c1)CC1(C(=O)N2CCOCC2)CC1c1ccccc1-3,O1CCN(CC1)CC23Cn4c5ccccc5c(c4-c6ccccc6C3C2)C7CCCCC7,regression,strict,train,False,6.782516055786093,active
CHEMBL363426,O=C(O)/C(=C/c1ccc(Oc2ccccc2I)cc1)NC(=O)C(O)c1ccccc1,O(c1ccccc1)c2ccc(C=CNCCc3ccccc3)cc2,regression,strict,train,False,5.508638306165727,intermediate
CHEMBL4208088,CNC(=O)c1c(-c2ccc(F)cc2)oc2cc3c(cc12)C(C)OC(C)CN3S(C)(=O)=O,o1c(cc2cc3c(cc12)NCCOC3)-c4ccccc4,regression,strict,test,False,8.096910013008056,active
CHEMBL4211784,CNC(=O)c1c(-c2ccc(F)cc2)oc2cc3c(cc12)C(C)OC(CS(C)(=O)=O)CN3S(C)(=O)=O,o1c(cc2cc3c(cc12)NCCOC3)-c4ccccc4,regression,strict,test,False,8.154901959985743,active
CHEMBL176905,O=C(O)c1ccc2[nH]cc(C[C@H](NC(=O)c3ccc4c(c3)nc(-c3ccoc3)n4C3CCCCC3)C(=O)O)c2c1,n1c2cc(ccc2n(c1-c3cocc3)C4CCCCC4)CNCCc5c[nH]c6ccccc65,regression,strict,train,False,7.698970004336019,active
CHEMBL377275,CCC(C)CCn1c(=O)c(C2=NS(=O)(=O)c3ccccc3N2)c(O)c2ccccc21,N=1Sc2ccccc2NC1C3=Cc4ccccc4NC3,regression,strict,train,False,7.187086643357144,active
CHEMBL436119,Cc1ccccc1Cn1cccc1/C=C/C(O)=C/C(=O)C(=O)O,c1ccc(cc1)Cn2cccc2,regression,strict,train,False,4.7447274948966935,inactive
CHEMBL189319,CN(C)C1CNC(C(=O)Cn2c(-c3ccccc3)c(C3CCCCC3)c3cc(C(=O)O)ccc32)C1,c1ccc(cc1)-c2c(c3ccccc3n2CCC4NCCC4)C5CCCCC5,regression,strict,train,False,6.61261017366127,active
CHEMBL211004,CC(C)CCn1c(=O)c(C2=NS(=O)(=O)c3cc(NS(=O)(=O)NC(=O)OCc4ccccc4)ccc3N2)c(O)c2cccnc21,N=1Sc2cc(ccc2NC1c3cnc4ncccc4c3)NSNCOCc5ccccc5,regression,strict,test,False,7.236572006437063,active
CHEMBL203383,O=C(CCc1ccccc1)Nc1ccsc1-c1nc(O)c(O)c(C(=O)O)n1,n1cccnc1-c2sccc2NCCCc3ccccc3,regression,strict,train,False,6.236572006437063,active
CHEMBL46789,CC(=O)CC(=O)C(=O)O,NO_SCAFFOLD,regression,strict,train,False,4.301029995663981,inactive
CHEMBL4206056,CNC(=O)c1c(-c2ccc(F)cc2)oc2cc3c(cc12)C(C)OCC(CS(C)(=O)=O)N3S(C)(=O)=O,o1c(cc2cc3c(cc12)NCCOC3)-c4ccccc4,regression,strict,test,False,7.721246399047171,active
CHEMBL4590268,CNC(=O)c1c(-c2ccc(F)cc2)oc2cc(N(Cc3ccc(B(O)O)cc3C(F)(F)F)S(C)(=O)=O)c(C3CC3)cc12,o1c(cc2cc(c(cc12)NCc3ccccc3)C4CC4)-c5ccccc5,regression,strict,train,False,8.301029995663981,active
CHEMBL4214099,CNC(=O)c1c(-c2ccc(F)cc2)oc2cc3c(cc12)[C@@H]1C[C@@H]1CCN3S(C)(=O)=O,o1c(cc2cc3c(cc12)NCCC4CC34)-c5ccccc5,regression,strict,train,False,8.154901959985743,active
CHEMBL3906060,CCOC(=O)[C@H](C)NP(=O)(Oc1ccccc1Cl)OC(C)[C@H]1O[C@@H](n2ccc3c(N)ncnc32)[C@](C)(F)[C@@H]1O,n1cnc2c(c1)ccn2C3OC(COPOc4ccccc4)CC3,regression,strict,train,False,4.0,inactive
CHEMBL212728,CC(C)CCn1c(=O)c(C2=NS(=O)(=O)c3cc(NS(=O)(=O)NC(=O)OCCN)ccc3N2)c(O)c2cccnc21,N=1Sc2ccccc2NC1c3cnc4ncccc4c3,regression,strict,train,False,7.67778070526608,active
CHEMBL4464093,O=C(C/N=C1/S/C(=C\c2ccccc2)C(=O)N1c1ccccc1)Nc1ccccc1,N(=C1SC(=Cc2ccccc2)CN1c3ccccc3)CCNc4ccccc4,regression,strict,train,False,6.119186407719209,active
CHEMBL213807,O=C(O)c1ccc2c(c1)nc(-c1ccc(OCc3cc(C(=O)NCCO)ccc3-c3ccc(Cl)cc3)cc1F)n2C1CCCCC1,n1c2ccccc2n(c1-c3ccc(OCc4ccccc4-c5ccccc5)cc3)C6CCCCC6,regression,strict,train,False,7.67778070526608,active
CHEMBL177826,O=C(CC(O)C(=O)O)c1ccccc1,c1ccccc1,regression,strict,train,False,4.301029995663981,inactive
CHEMBL202423,CC(C)CCn1c(=O)c(C2=NS(=O)(=O)c3ccccc3N2)c(N)c2ccccc21,N=1Sc2ccccc2NC1C3=Cc4ccccc4NC3,regression,strict,train,False,5.0,inactive
CHEMBL361163,O=C(O)c1cnc(N(C(=O)c2ccc(OCc3cccs3)cc2)C2CCCCC2)s1,n1ccsc1N(Cc2ccc(OCc3sccc3)cc2)C4CCCCC4,regression,strict,train,False,5.154901959985743,intermediate
CHEMBL440391,CCOC(=O)c1c(NC(=O)NS(=O)(=O)c2ccccn2)sc2c1CCC(C)(C)C2,n1ccccc1SNCNc2sc3c(c2)CCCC3,regression,strict,train,False,7.397940008672037,active
CHEMBL368647,O=C(O)c1ccc2c(C3CCCCC3)c(-c3ccccc3)n(CCN3CCOCC3)c2c1,O1CCN(CC1)CCn2c3ccccc3c(c2-c4ccccc4)C5CCCCC5,regression,strict,train,False,8.337242168318426,active
CHEMBL382825,O=C1/C(=C/c2cc(F)ccc2F)SC(=S)N1NS(=O)(=O)c1ccccc1,S(NN1CSC(=Cc2ccccc2)C1)c3ccccc3,regression,strict,train,False,5.769551078621726,intermediate
CHEMBL3902303,C[C@H](O)[C@H]1O[C@@H](n2cnc3c(=O)[nH]c(N)nc32)[C@](C)(O)[C@@H]1O,n1cnc2c(ncn2C3OCCC3)c1,regression,strict,train,False,4.0,inactive
CHEMBL208803,O=C(O)[C@@H]1CCCCN1S(=O)(=O)c1cc(Cl)cc(Cl)c1O,S(c1ccccc1)N2CCCCC2,regression,strict,train,False,5.698970004336019,intermediate
CHEMBL210541,CC(C)CCn1c(=O)c(C2=NS(=O)(=O)c3cc(NS(=O)(=O)NC(=O)OCCCl)ccc3N2)c(O)c2cccnc21,N=1Sc2ccccc2NC1c3cnc4ncccc4c3,regression,strict,train,False,6.723538195826756,active
CHEMBL4576861,CNC(=O)c1c(-c2ccc(F)cc2)oc2cc(N(c3cccc(B(O)O)c3)S(C)(=O)=O)c(C3CC3)cc12,o1c(cc2cc(c(cc12)Nc3ccccc3)C4CC4)-c5ccccc5,regression,strict,train,False,8.657577319177793,active
CHEMBL4291952,CNC(=O)c1c(-c2ccc(F)cc2)oc2nc(CN)c(C3CC3)cc12,n1cc(cc2cc(oc12)-c3ccccc3)C4CC4,regression,strict,train,False,5.200000237109354,intermediate
CHEMBL208740,CC(C)CCn1c(=O)c(C2=NS(=O)(=O)c3cc(NS(N)(=O)=O)ccc3N2)c(O)c2cccnc21,N=1Sc2ccccc2NC1c3cnc4ncccc4c3,regression,strict,train,False,8.55284196865778,active
CHEMBL378164,CC(C)CCn1c(=O)c(C2=NS(=O)(=O)c3ccccc3N2)c(O)c2cc([N+](=O)[O-])ccc21,N=1Sc2ccccc2NC1C3=Cc4ccccc4NC3,regression,strict,train,False,6.341988603342887,active
CHEMBL217360,O=C(O)c1ccc2c(c1)S(=O)(=O)C(c1ccoc1)=C2C1CCCC1,o1ccc(c1)-c2sc3ccccc3c2C4CCCC4,regression,strict,train,False,4.0,inactive
CHEMBL176662,O=C(O)c1ccc2c(c1)nc(-c1ccc[nH]1)n2C1CCCCC1,n1c2ccccc2n(c1-c3ccc[nH]3)C4CCCCC4,regression,strict,test,False,5.229147988357856,intermediate
CHEMBL212223,CC(C)CCn1c(=O)c(C2=NS(=O)(=O)c3cc(NS(=O)(=O)NCCO)ccc3N2)c(O)c2cccnc21,N=1Sc2ccccc2NC1c3cnc4ncccc4c3,regression,strict,train,False,6.97061622231479,active
CHEMBL195211,O=C(CO)N/C(=C\c1ccc(Oc2ccccc2I)cc1)C(=O)O,O(c1ccccc1)c2ccccc2,regression,strict,train,False,5.698970004336019,intermediate
CHEMBL4217642,CNC(=O)c1c(-c2ccc(F)cc2)oc2cc3c(cc12)CCCN3S(C)(=O)=O,o1c(cc2cc3c(cc12)NCCC3)-c4ccccc4,regression,strict,train,False,6.345823458122039,active
CHEMBL180951,COC(=O)C1CCCN1Nc1ncnc2nc(-c3ccc(F)cc3)c(-c3ccc(F)cc3)nc12,n1cnc(NN2CCCC2)c3nc(-c4ccccc4)c(nc13)-c5ccccc5,regression,strict,train,False,4.292429823902063,inactive
CHEMBL426227,O=C(O)c1ccc2c(c1)nc(-c1ncc[nH]1)n2C1CCCCC1,n1cc[nH]c1-c2nc3ccccc3n2C4CCCCC4,regression,strict,train,False,5.0,inactive
CHEMBL202062,CC(C)CCn1c(=O)c(C2=NS(=O)(=O)c3ccccc3N2)c(O)c2cc(O)ccc21,N=1Sc2ccccc2NC1C3=Cc4ccccc4NC3,regression,strict,train,False,6.703334809738469,active
CHEMBL362796,NCCC[C@@]1(C(=O)O)C[C@H](C(=O)O)[C@H](c2ccccc2)N1C(=O)c1ccc(C(F)(F)F)cc1,c1ccc(cc1)CN2CCCC2c3ccccc3,regression,strict,train,False,4.698970004336019,inactive
CHEMBL24602,O=C(O)[C@H](Cc1ccccc1)N(Cc1cccc(F)c1)C(=O)c1ccc(Cl)cc1Cl,c1ccc(cc1)CN(Cc2ccccc2)CCc3ccccc3,regression,strict,train,False,5.494850021680094,intermediate
CHEMBL3291359,Nc1ncnc2c1ncn2[C@@H]1O[C@@]2(COP(=O)(O)OP(=O)(O)OP(=O)(O)O)CO[C@@H]1[C@@H]2O,n1cnc2c(ncn2C3OC4COC3C4)c1,regression,strict,train,False,4.06414020196212,inactive
CHEMBL4465752,COc1ccc(NC(=O)CN2C(=O)S/C(=C\c3ccccc3Cl)C2=O)cc1,S1C(=Cc2ccccc2)CN(C1)CCNc3ccccc3,regression,strict,train,False,5.920999747696151,intermediate
CHEMBL179279,O=c1c(C2=NS(=O)(=O)c3ccccc3N2)c(O)c2ccccc2n1NCc1ccoc1,N=1Sc2ccccc2NC1C3=Cc4ccccc4N(NCc5cocc5)C3,regression,strict,train,False,6.876148359032914,active
CHEMBL1203925,Cl.O=C(O)c1ccc2c(C3CCCCC3)c3n(c2c1)CCNc1ccccc1-3,c1ccc-2c(c1)NCCn3c4ccccc4c(c23)C5CCCCC5,regression,strict,train,False,7.67778070526608,active
CHEMBL378469,CN(C)S(=O)(=O)c1ccc(-c2ccc(Cl)cc2)c(COc2ccc(-c3nc4cc(C(=O)O)ccc4n3C3CCCCC3)cc2)c1,n1c2ccccc2n(c1-c3ccc(OCc4ccccc4-c5ccccc5)cc3)C6CCCCC6,regression,strict,train,False,7.638272163982407,active
CHEMBL4111604,CC(C)(O)[C@H]1O[C@@H](n2ccc3c(N)ncnc32)[C@](C)(O)[C@@H]1O,n1cnc2c(c1)ccn2C3OCCC3,regression,strict,train,False,4.0,inactive
CHEMBL4454742,C#C[C@@]1(F)[C@H](O)[C@@](F)(COP(=O)(O)OP(=O)(O)OP(=O)(O)O)O[C@H]1n1ccc(=O)[nH]c1=O,[N]1[CH]C=CN([CH]1)C2OCCC2,regression,strict,test,False,6.468521082957745,active
CHEMBL480143,C[C@@]1(O)[C@@H](CO)O[C@@H](n2cnc3c(N)ncnc32)[C@@H]1O,n1cnc2c(ncn2C3OCCC3)c1,regression,strict,train,False,4.301029995663981,inactive
CHEMBL110021,CCOC(=O)c1cc(=O)c(O)c(C(=O)OCC)o1,O1C=CCC=C1,regression,strict,test,False,5.3979400086720375,intermediate
CHEMBL200991,CCOC(=O)c1c(NC(=O)NS(C)(=O)=O)sc2c1CCCC2,s1ccc2c1CCCC2,regression,strict,train,False,5.42021640338319,intermediate
CHEMBL360050,CC(C)COn1c(=O)c(C2=NS(=O)(=O)c3ccccc3N2)c(O)c2cccnc21,N=1Sc2ccccc2NC1c3cnc4ncccc4c3,regression,strict,train,False,4.688246138944246,inactive
CHEMBL186437,COc1c(O)nc(-c2ccc(Cl)cc2)nc1C(=O)O,n1cccnc1-c2ccccc2,regression,strict,train,False,4.301029995663981,inactive
CHEMBL207299,CCCC1(C(=O)O)CCc2c1[nH]c1c(F)ccc(C#N)c21,c1ccc2c(c1)[nH]c3c2CCC3,regression,strict,train,False,5.091514981121351,intermediate
CHEMBL310174,COC(=O)N(CC(=O)O)C(=O)c1cccc2c(C(F)(F)F)c(OC)ccc12,c1ccc2ccccc2c1,regression,strict,train,False,4.585026652029182,inactive
CHEMBL191196,CS(=O)(=O)N1CCN(C(=O)Cn2c(-c3ccc(Cl)cc3)c(C3CCCCC3)c3ccc(C(=O)O)cc32)CC1,c1ccc(cc1)-c2c(c3ccccc3n2CCN4CCNCC4)C5CCCCC5,regression,strict,test,False,8.154901959985743,active
CHEMBL208050,CCCC1(CC(=O)O)CCCc2c1[nH]c1ccc(Cl)cc21,c1ccc2c(c1)[nH]c3c2CCCC3,regression,strict,test,False,4.481486060122112,inactive
CHEMBL192842,O=C(CCC1CCCC1)N/C(=C\c1ccc(Oc2ccccc2I)cc1)C(=O)O,O(c1ccccc1)c2ccc(C=CNCCCC3CCCC3)cc2,regression,strict,test,False,5.154901959985743,intermediate
CHEMBL195243,COc1ccccc1-c1ccc(/C=C(\NC(=O)c2ccccc2)C(=O)O)o1,o1c(C=CNCc2ccccc2)ccc1-c3ccccc3,regression,strict,train,False,4.698970004336019,inactive
CHEMBL377598,O=C(O)c1ccc2c(c1)nc(-c1ccc(OCc3ccccc3-c3ccccc3)cc1)n2C1CCCCC1,n1c2ccccc2n(c1-c3ccc(OCc4ccccc4-c5ccccc5)cc3)C6CCCCC6,regression,strict,train,False,6.522878745280337,active
CHEMBL370821,O=C(O)C(=O)/C=C(\O)c1ccsc1Sc1cccc(Cl)c1,s1cccc1Sc2ccccc2,regression,strict,train,False,5.1249387366083,intermediate
CHEMBL370203,O=c1c(C2=NS(=O)(=O)c3ccccc3N2)c(O)c2ccccc2n1Cc1ccoc1,N=1Sc2ccccc2NC1C3=Cc4ccccc4N(Cc5cocc5)C3,regression,strict,train,False,7.568636235841013,active
CHEMBL16281,O=C(O)C(=O)CCc1ccccc1,c1ccccc1,regression,strict,train,False,4.301029995663981,inactive
CHEMBL2236434,Cc1cccc(CSc2nc(-c3cccc(C)c3)c(C#N)c(=O)[nH]2)c1,n1ccc(nc1SCc2ccccc2)-c3ccccc3,regression,strict,train,False,4.657577319177793,inactive
CHEMBL283833,O=C(O)[C@H](Cc1ccccc1)N(Cc1cccnc1)C(=O)c1ccc(Cl)cc1Cl,n1cccc(c1)CN(Cc2ccccc2)CCc3ccccc3,regression,strict,train,False,4.958607314841775,inactive
CHEMBL383513,O=C(O)c1ccc2c(c1)nc(-c1ccc(OCCCc3ccccc3)cc1)n2C1CCCCC1,n1c2ccccc2n(c1-c3ccc(OCCCc4ccccc4)cc3)C5CCCCC5,regression,strict,train,False,6.096910013008056,active
CHEMBL378284,O=C(O)c1ccc2c(c1)nc(-c1ccc(OCc3cc(Cl)ccc3-c3cccc(Cl)c3)cc1)n2C1CCCCC1,n1c2ccccc2n(c1-c3ccc(OCc4ccccc4-c5ccccc5)cc3)C6CCCCC6,regression,strict,train,False,6.318758762624412,active
CHEMBL4225128,COc1cccc(-n2cc(Cn3ccc4nc(-c5ccccc5F)nc-4c3)nn2)c1,n1nn(cc1Cn2ccc-3nc(nc3c2)-c4ccccc4)-c5ccccc5,regression,strict,train,False,7.898252926053634,active
CHEMBL201722,CC(C)CCn1c(=O)c(C2=NS(=O)(=O)c3ccccc3N2)c(O)c2ccc(/C=C/C(N)=O)cc21,N=1Sc2ccccc2NC1C3=Cc4ccccc4NC3,regression,strict,train,False,5.0,inactive
CHEMBL182631,Fc1ccc(-c2nc3ncnc(NC4CCCCCC4)c3nc2-c2ccc(F)cc2)cc1,n1cnc(NC2CCCCCC2)c3nc(-c4ccccc4)c(nc13)-c5ccccc5,regression,strict,train,False,5.494850021680094,intermediate
CHEMBL4227316,O=c1ncccn1Cc1ccc(-n2cc(Cn3ccc4nc(-c5ccccc5F)nc-4c3)nn2)cc1,n1nn(cc1Cn2ccc-3nc(nc3c2)-c4ccccc4)-c5ccc(cc5)CN6[CH]N=CC=C6,regression,strict,train,False,7.016148281008528,active
CHEMBL183575,CCCOC(=O)N(CC(=O)O)C(=O)c1c(Br)ccc2c(C(F)(F)F)c(OC)ccc12,c1ccc2ccccc2c1,regression,strict,train,False,5.309803919971486,intermediate
CHEMBL72928,Nc1ncnc2c1ncn2[C@@H]1O[C@H](CO)[C@@H](F)[C@H]1O,n1cnc2c(ncn2C3OCCC3)c1,regression,strict,train,False,5.920818753952375,intermediate
CHEMBL200212,CCOC(=O)c1c(NC(=O)c2nccnc2C(=O)O)sc2c1CCCC2,n1ccnc(c1)CNc2sc3c(c2)CCCC3,regression,strict,train,False,5.3979400086720375,intermediate
CHEMBL4110729,CC[C@@H](O)[C@H]1O[C@@H](n2ccc3c(N)ncnc32)[C@](C)(O)[C@@H]1O,n1cnc2c(c1)ccn2C3OCCC3,regression,strict,train,False,4.0,inactive
CHEMBL4529667,COC[C@H]1C[C@@](CC(C)C)(C(=O)O)N(C(=O)c2ccc(C(C)(C)C)c(OC)c2)[C@H]1C(N)=O,c1ccc(cc1)CN2CCCC2,regression,strict,train,False,5.698970004336019,intermediate
CHEMBL3126848,COc1ccc2c(c1)C1CC1(C(=O)N1CCOCC1)Cn1c-2c(C2CCCCC2)c2ccc(C(=O)NS(=O)(=O)N(C)C)cc21,O1CCN(CC1)CC23Cn4c5ccccc5c(c4-c6ccccc6C3C2)C7CCCCC7,regression,strict,train,False,6.414539270491499,active
CHEMBL4635006,C[C@@]1(F)[C@H](F)[C@@H](COP(=O)(O)OP(=O)(O)OP(=O)(O)O)O[C@H]1n1cnc2c(=O)[nH]c(N)nc21,n1cnc2c(ncn2C3OCCC3)c1,regression,strict,train,False,6.508638306165727,active
CHEMBL177345,O=C(O)c1ccc2c(c1)nc(-c1c[nH]nc1-c1ccccc1)n2C1CCCCC1,n1[nH]cc(c1-c2ccccc2)-c3nc4ccccc4n3C5CCCCC5,regression,strict,train,False,4.522878745280337,inactive
CHEMBL180772,CCC(CC)Cn1c(=O)c(C2=NS(=O)(=O)c3ccccc3N2)c(O)c2cccnc21,N=1Sc2ccccc2NC1c3cnc4ncccc4c3,regression,strict,train,False,7.236572006437063,active
CHEMBL200034,CCOC(=O)c1c(NC(=O)NS(=O)(=O)c2ccc(C)cc2)sc2c1CCCC2,S(NCNc1sc2c(c1)CCCC2)c3ccccc3,regression,strict,train,False,6.0,intermediate
CHEMBL4639827,CC(C)OC(=O)[C@H](C)N[P@](=O)(OC[C@H]1O[C@@H](n2ccc(=O)[nH]c2=O)[C@](Cl)(Br)[C@@H]1OC(=O)[C@@H](N)C(C)C)Oc1ccccc1,[N]1[CH]C=CN([CH]1)C2OC(COPOc3ccccc3)CC2,regression,strict,train,False,6.806875401645538,active
CHEMBL24069,O=C(O)[C@H](Cc1ccccc1)N(Cc1ccc(Br)s1)C(=O)c1ccc(Cl)cc1Cl,s1cccc1CN(Cc2ccccc2)CCc3ccccc3,regression,strict,train,False,5.508638306165727,intermediate
CHEMBL3137312,COc1c(-c2ccc3cc(NS(C)(=O)=O)ccc3c2)cc(-n2ccc(=O)[nH]c2=O)cc1C(C)(C)C,[N]1[CH]C=CN([CH]1)c2cccc(c2)-c3ccc4ccccc4c3,regression,strict,train,False,8.744727494896694,active
CHEMBL4594122,O=c1/c(=C\c2ccccc2)sc2n1CN(c1ccccc1)CN=2,N1=C2SC(=Cc3ccccc3)CN2CN(c4ccccc4)C1,regression,strict,test,False,6.208000753744525,active
CHEMBL426671,Cc1ccc(COc2ccc(-c3nc4cc(C(=O)O)ccc4n3C3CCCC3)cc2)cc1,n1c2ccccc2n(c1-c3ccc(OCc4ccccc4)cc3)C5CCCC5,regression,strict,train,False,5.795880017344075,intermediate
CHEMBL380182,O=C(O)[C@H]1CCCN1S(=O)(=O)c1cc(Cl)cc(Cl)c1O,S(c1ccccc1)N2CCCC2,regression,strict,train,False,5.102372908709558,intermediate
CHEMBL176335,O=C(N[C@@H](Cc1c[nH]c2ccc(F)cc12)C(=O)O)c1ccc2c(c1)nc(-c1ccoc1)n2C1CCCCC1,n1c2cc(ccc2n(c1-c3cocc3)C4CCCCC4)CNCCc5c[nH]c6ccccc65,regression,strict,train,False,5.537602002101044,intermediate
CHEMBL194554,NC(=O)/C(=C/c1ccc(Oc2ccccc2Br)cc1)NC(=O)c1ccccc1,O(c1ccccc1)c2ccc(C=CNCc3ccccc3)cc2,regression,strict,train,False,6.301029995663981,active
CHEMBL4209040,CNC(=O)c1c(-c2ccc(F)cc2)oc2cc3c(cc12)C(C)N(C)C(=O)CN3S(C)(=O)=O,o1c(cc2cc3c(cc12)NCCNC3)-c4ccccc4,regression,strict,train,False,7.769551078621726,active
CHEMBL196821,O=C(O)C(=O)/C=C(\O)c1cccn1Cc1c(F)cccc1F,c1ccc(cc1)Cn2cccc2,regression,strict,train,False,5.130768280269024,intermediate
CHEMBL382327,CCOC(=O)c1c(NC(=O)NS(=O)(=O)c2ccccc2C)sc2c1CCCC2,S(NCNc1sc2c(c1)CCCC2)c3ccccc3,regression,strict,train,False,6.045757490560675,active
CHEMBL382395,CS(=O)(=O)c1nc(O)c(O)c(C(=O)O)n1,n1cnccc1,regression,strict,train,False,5.619788758288394,intermediate
CHEMBL193520,O=C(O)/C(=C/c1ccc(-c2ccc(CO)cc2)o1)NC(=O)c1ccccc1,o1c(C=CNCc2ccccc2)ccc1-c3ccccc3,regression,strict,train,False,4.0,inactive
CHEMBL4284747,CNC(=O)c1c(-c2ccc(F)cc2)oc2nc(CNC(=O)COC)c(C3CC3)cc12,n1cc(cc2cc(oc12)-c3ccccc3)C4CC4,regression,strict,train,False,5.499999678657065,intermediate
CHEMBL201237,COc1ccc(/C=C2\SC(=S)N(N)C2=O)cc1,S1C(=Cc2ccccc2)CNC1,regression,strict,train,False,4.522878745280337,inactive
CHEMBL3978278,CNC(=O)c1c(-c2ccc(F)cc2)oc2cc(N(C)S(C)(=O)=O)c(-c3cc(C)c4nnn(Cc5ccc(F)cc5)c(=O)c4c3)cc12,N1=NN([CH]c2cc(ccc12)-c3ccc4oc(cc4c3)-c5ccccc5)Cc6ccccc6,regression,strict,train,False,9.096910013008056,active
CHEMBL4462484,CC(C)OC(=O)[C@H](C)NP(=O)(OC[C@H]1O[C@@H](n2ccc(=O)[nH]c2=O)[C@](F)(Br)[C@H]1O)Oc1ccccc1,[N]1[CH]C=CN([CH]1)C2OC(COPOc3ccccc3)CC2,regression,strict,train,False,6.301029995663981,active
CHEMBL180619,O=C(O)CC[C@@]1(C(=O)O)C[C@H](C(=O)O)[C@H](c2ccccc2)N1C(=O)c1ccc(C(F)(F)F)cc1,c1ccc(cc1)CN2CCCC2c3ccccc3,regression,strict,train,False,4.698970004336019,inactive
CHEMBL178126,CN(C)C(=O)Cn1c(-c2ccccc2)c(C2CCCCC2)c2ccc(C(=O)O)cc21,c1ccc(cc1)-c2[nH]c3ccccc3c2C4CCCCC4,regression,strict,test,False,8.823908740944319,active
CHEMBL195492,N#Cc1ccccc1Oc1ccc(/C=C(\NC(=O)c2ccccc2)C(=O)O)cc1,O(c1ccccc1)c2ccc(C=CNCc3ccccc3)cc2,regression,strict,train,False,4.327902142064283,inactive
CHEMBL4114266,C[C@@]1(N)[C@H](O)[C@@H](CO)O[C@@]1(C#N)c1cnc2c(N)ncnn12,n1cnn2c(ncc2C3OCCC3)c1,regression,strict,train,False,4.0,inactive
CHEMBL426948,CCCCCOc1ccccc1C(=O)CC(=O)C(=O)O,c1ccccc1,regression,strict,train,False,4.6020599913279625,inactive
CHEMBL380960,Cc1ccc(/C=C2\SC(=S)N(NS(=O)(=O)c3ccccc3)C2=O)cc1,S(NN1CSC(=Cc2ccccc2)C1)c3ccccc3,regression,strict,train,False,5.0,inactive
CHEMBL182741,CCCCOCCCNc1ncnc2nc(-c3ccccc3)c(-c3ccccc3)nc12,n1cnc2nc(-c3ccccc3)c(nc2c1)-c4ccccc4,regression,strict,test,False,4.060480747381382,inactive
CHEMBL180998,CC(C)CNn1c(=O)c(C2=NS(=O)(=O)c3ccccc3N2)c(O)c2ccccc21,N=1Sc2ccccc2NC1C3=Cc4ccccc4NC3,regression,strict,train,False,6.995678626217358,active
CHEMBL385206,O=C(O)c1ccc2c(C3CCCCC3)c3n(c2c1)CCc1ccccc1-3,c1ccc2c(c1)c(c3-c4ccccc4CCn23)C5CCCCC5,regression,strict,train,False,6.853871964321762,active
CHEMBL3891663,CCOC(=O)[C@H](C)NP(=O)(Oc1cccc2ccccc12)OC(C)[C@H]1O[C@@H](n2ccc3c(N)ncnc32)[C@](C)(F)[C@@H]1O,n1cnc2c(c1)ccn2C3OC(COPOc4cccc5ccccc45)CC3,regression,strict,test,False,4.0,inactive
CHEMBL4441238,COP(=O)(Nc1nn(-c2ccc(-c3cc4nc(C)cc(N)n4n3)cc2)cc1C(=O)O)c1ccc(C)cc1C,n1cccn2nc(cc12)-c3ccc(cc3)-n4nc(cc4)NPc5ccccc5,regression,strict,train,False,7.590066876668706,active
CHEMBL202580,O=C1/C(=C/c2ccc(Cl)c(Cl)c2)SC(=S)N1NS(=O)(=O)c1ccccc1,S(NN1CSC(=Cc2ccccc2)C1)c3ccccc3,regression,strict,train,False,6.698970004336019,active
CHEMBL211712,O=C(O)c1ccc2cc(C3CCCCC3)c(-c3ccccc3)nc2c1,n1c2ccccc2cc(c1-c3ccccc3)C4CCCCC4,regression,strict,train,False,4.301029995663981,inactive
CHEMBL361772,Oc1ncnc2nc3c4ccccc4c4ccccc4c3nc12,n1cnc2nc3c(nc2c1)c4ccccc4c5ccccc35,regression,strict,train,False,4.0,inactive
CHEMBL215329,Cc1c(-c2ccoc2)n(C2CCCCC2)c2ccc(C(=O)O)cc12,o1ccc(c1)-c2cc3ccccc3n2C4CCCCC4,regression,strict,train,False,7.356547323513812,active
CHEMBL183968,COc1ccc2c(C(=O)N(CC(=O)O)C(=O)OCC(C)(C)C)c(Br)ccc2c1C(F)(F)F,c1ccc2ccccc2c1,regression,strict,train,False,5.1938200260161125,intermediate
CHEMBL195565,O=C(O)/C(=C/c1ccc(-c2ccc([N+](=O)[O-])cc2)o1)NC(=O)c1ccccc1,o1c(C=CNCc2ccccc2)ccc1-c3ccccc3,regression,strict,train,False,4.0,inactive
CHEMBL2236463,CC(C)c1ccc(-c2nc(SCC3CCCCO3)[nH]c(=O)c2C#N)cc1,n1ccc(nc1SCC2OCCCC2)-c3ccccc3,regression,strict,train,False,4.769999911123512,inactive
CHEMBL4443249,COC[C@H]1C[C@@](CC(C)C)(C(=O)O)N(C(=O)c2ccc(C(C)(C)C)c(OC)c2)[C@H]1COC,c1ccc(cc1)CN2CCCC2,regression,strict,train,False,6.221848749616356,active
CHEMBL188307,O=C(O)c1nc(-c2cccc(OCc3ccccc3)c2)nc(O)c1O,n1cccnc1-c2cccc(OCc3ccccc3)c2,regression,strict,train,False,6.0,intermediate
CHEMBL353561,O=C(N[C@@H](Cc1ccccc1)C(=O)O)c1ccc2c(c1)nc(-c1ccoc1)n2C1CCCCC1,n1c2cc(ccc2n(c1-c3cocc3)C4CCCCC4)CNCCc5ccccc5,regression,strict,test,False,5.3979400086720375,intermediate
CHEMBL177835,CC1CCC(n2c(-c3ccccn3)nc3cc(C(=O)O)ccc32)CC1,n1ccccc1-c2nc3ccccc3n2C4CCCCC4,regression,strict,test,False,4.301029995663981,inactive
CHEMBL372998,O=S(=O)(NN1C(=S)S/C(=C\c2ccc(Cl)c(Cl)c2)C1O)c1ccc(Cl)cc1,S(NN1CSC(=Cc2ccccc2)C1)c3ccccc3,regression,strict,train,False,6.301029995663981,active
CHEMBL363199,O=C(Cn1c(-c2ccc(Cl)cc2)c(C2CCCCC2)c2ccc(C(=O)O)cc21)NCC1CC1,c1ccc(cc1)-c2c(c3ccccc3n2CCNCC4CC4)C5CCCCC5,regression,strict,train,False,8.096910013008056,active
CHEMBL3916506,CNC(=O)c1c(-c2ccc(F)cc2)oc2cc(N(C)S(C)(=O)=O)c(-c3ccc4c(n3)-c3cc5c(F)cccc5n3C4)cc12,n1c(ccc2c1-c3cc4ccccc4n3C2)-c5ccc6oc(cc6c5)-c7ccccc7,regression,strict,train,False,8.657577319177793,active
CHEMBL186146,Cc1ccccc1S(=O)(=O)Nc1cc(-c2ccncc2)sc1C(=O)O,n1ccc(cc1)-c2scc(c2)NSc3ccccc3,regression,strict,train,False,5.3979400086720375,intermediate
CHEMBL174053,O=C(O)c1ccc2c(c1)nc(C(=O)c1ccccc1)n2C1CCCCC1,n1c2ccccc2n(c1Cc3ccccc3)C4CCCCC4,regression,strict,train,False,4.356547323513812,inactive
CHEMBL381218,CC(C)=CCn1c(=O)c(C2=NS(=O)(=O)c3ccccc3N2)c(O)c2ccccc21,N=1Sc2ccccc2NC1C3=Cc4ccccc4NC3,regression,strict,train,False,6.539102157243452,active
CHEMBL192137,CC(O)C(=O)N/C(=C\c1ccc(Oc2ccccc2I)cc1)C(=O)O,O(c1ccccc1)c2ccccc2,regression,strict,train,False,5.318758762624412,intermediate
CHEMBL359645,Cc1ccc(CNn2c(=O)c(C3=NS(=O)(=O)c4ccccc4N3)c(O)c3ccccc32)cc1,N=1Sc2ccccc2NC1C3=Cc4ccccc4N(NCc5ccccc5)C3,regression,strict,train,False,5.301029995663981,intermediate
CHEMBL4462166,O=c1/c(=C\c2ccccc2)sc2n1CN(c1ccc(Cl)cc1)CN=2,N1=C2SC(=Cc3ccccc3)CN2CN(c4ccccc4)C1,regression,strict,test,False,6.309998953116937,active
CHEMBL445663,CCCC1(C(=O)O)CCc2c1[nH]c1c(Cl)ccc(Cl)c21,c1ccc2c(c1)[nH]c3c2CCC3,regression,strict,train,False,6.259637310505756,active
CHEMBL3126845,CN(C)S(=O)(=O)NC(=O)c1ccc2c(C3CCCCC3)c3n(c2c1)CC(C(=O)N1CCOCC1)=Cc1ccccc1-3,O1CCN(CC2=Cc3ccccc3-c4c(c5ccccc5n4C2)C6CCCCC6)CC1,regression,strict,train,False,5.958607314841775,intermediate
CHEMBL378053,CNC(=O)c1ccc(-c2ccc(Cl)cc2)c(COc2ccc(-c3nc4cc(C(=O)O)ccc4n3C3CCCCC3)c(F)c2)c1,n1c2ccccc2n(c1-c3ccc(OCc4ccccc4-c5ccccc5)cc3)C6CCCCC6,regression,strict,train,False,7.920818753952375,active
CHEMBL192674,CCc1ccccc1Oc1ccc(/C=C(\NC(=O)CCC2CCCC2)C(=O)O)cc1,O(c1ccccc1)c2ccc(C=CNCCCC3CCCC3)cc2,regression,strict,test,False,5.1487416512809245,intermediate
CHEMBL1673159,CC1CCC(C(=O)N(c2cc(-c3ccccc3)sc2C(=O)[O-])C2CCC(O)CC2)CC1.[Na+],s1cc(cc1-c2ccccc2)N(CC3CCCCC3)C4CCCCC4,regression,strict,train,False,6.853871964321762,active
CHEMBL208507,O=C(O)c1ccc2c(c1)nc(-c1ccc(OCCc3ccccc3-c3ccccc3)cc1)n2C1CCCCC1,n1c2ccccc2n(c1-c3ccc(OCCc4ccccc4-c5ccccc5)cc3)C6CCCCC6,regression,strict,train,False,6.468521082957745,active
CHEMBL201600,CC(C)CCn1c(=O)c(C2=NS(=O)(=O)c3ccccc3N2)c(O)c2c(O)cccc21,N=1Sc2ccccc2NC1C3=Cc4ccccc4NC3,regression,strict,train,False,7.327902142064283,active
CHEMBL199195,O=C(O)C(=O)/C=C(\O)c1cccn1Cc1ccc(O)cc1,c1ccc(cc1)Cn2cccc2,regression,strict,train,False,4.886056647693163,inactive
CHEMBL377813,CCN(C(C)=O)c1ccc(-c2ccc(Cl)cc2)c(COc2ccc(-c3nc4cc(C(=O)O)ccc4n3C3CCCCC3)c(F)c2)c1,n1c2ccccc2n(c1-c3ccc(OCc4ccccc4-c5ccccc5)cc3)C6CCCCC6,regression,strict,train,False,7.721246399047171,active
CHEMBL438430,NC(=O)c1ccc(-c2ccc(Cl)cc2)c(COc2ccc(-c3nc4cc(C(=O)O)ccc4n3C3CCCCC3)cc2)c1,n1c2ccccc2n(c1-c3ccc(OCc4ccccc4-c5ccccc5)cc3)C6CCCCC6,regression,strict,train,False,7.886056647693163,active
CHEMBL203783,CC(C)(C)CCN1C(=O)C(C2=NS(=O)(=O)c3ccccc3N2)=C(O)[C@@H]1C1CCCCC1,N=1Sc2ccccc2NC1C3=CC(NC3)C4CCCCC4,regression,strict,train,False,6.313363730737707,active
CHEMBL206793,Cc1cccc(Cl)c1CNC(=O)Nc1ccsc1-c1nc(O)c(O)c(C(=O)O)n1,n1cccnc1-c2sccc2NCNCc3ccccc3,regression,strict,train,False,7.045757490560675,active
CHEMBL4209493,CNC(=O)c1c(-c2ccc(F)cc2)nn2cc3c(cc12)C(C)CCCN3S(C)(=O)=O,n1c(cc2cc3c(cn12)NCCCC3)-c4ccccc4,regression,strict,train,False,6.962573502059376,active
CHEMBL201942,Cc1ccc(/C=C2\SC(=S)N(NS(=O)(=O)c3ccccc3)C2=O)cc1C,S(NN1CSC(=Cc2ccccc2)C1)c3ccccc3,regression,strict,train,False,5.096910013008056,intermediate
CHEMBL188277,COC(=O)c1nc(-c2ccc(Cl)cc2)nc(O)c1O,n1cccnc1-c2ccccc2,regression,strict,train,False,4.522878745280337,inactive
CHEMBL371601,O=C(CCC1CCCCC1)N/C(=C\c1ccc(Oc2ccccc2Br)cc1)C(=O)O,O(c1ccccc1)c2ccc(C=CNCCCC3CCCCC3)cc2,regression,strict,train,False,4.886056647693163,inactive
CHEMBL201555,C=CCn1c(=O)c(C2=NS(=O)(=O)c3ccccc3N2)c(O)c2ccccc21,N=1Sc2ccccc2NC1C3=Cc4ccccc4NC3,regression,strict,train,False,5.0,inactive
CHEMBL175762,CCC(CC)n1c(-c2ccccn2)nc2cc(C(=O)O)ccc21,n1ccccc1-c2nc3ccccc3[nH]2,regression,strict,train,False,3.856985199745905,inactive
CHEMBL373183,CCCCC1(CC(=O)O)OCCc2c1oc1c(Cl)ccc(Cl)c21,o1c2ccccc2c3c1COCC3,regression,strict,train,False,5.350665141287858,intermediate
CHEMBL443828,O=C(NCCc1c[nH]c2ccc(O)cc12)c1ccc2c(c1)nc(-c1ccoc1)n2C1CCCCC1,n1c2cc(ccc2n(c1-c3cocc3)C4CCCCC4)CNCCc5c[nH]c6ccccc65,regression,strict,train,False,5.823908740944319,intermediate
CHEMBL3923491,CC(C)OC(=O)[C@H](C)NP(=O)(OC[C@H]1O[C@@H](c2cnc3c(N)ncnn23)[C@](C)(N)[C@@H]1O)Oc1ccccc1,n1cnn2c(ncc2C3OC(COPOc4ccccc4)CC3)c1,regression,strict,train,False,5.886056647693163,intermediate
CHEMBL4111741,C[C@@H](O)[C@H]1O[C@@H](n2ccc(N)nc2=O)[C@](C)(O)[C@@H]1O,N1=CC=CN([CH]1)C2OCCC2,regression,strict,train,False,4.0,inactive
CHEMBL378157,O=C(O)c1ccc2c(c1)nc(-c1ccc(OCc3ccc(C(F)(F)F)cc3)cc1)n2C1CCCC1,n1c2ccccc2n(c1-c3ccc(OCc4ccccc4)cc3)C5CCCC5,regression,strict,train,False,5.7447274948966935,intermediate
CHEMBL181158,CC(C)C[C@@]1(C(=O)O)C[C@H](C(=O)O)[C@H](c2cccs2)N1C(=O)c1ccncc1,n1ccc(cc1)CN2CCCC2c3sccc3,regression,strict,train,False,4.698970004336019,inactive
CHEMBL373241,CCOC(=O)c1c(NC(=O)NS(=O)(=O)N2CCc3ccccc32)sc2c1CCC(C)(C)C2,s1c(cc2c1CCCC2)NCNSN3c4ccccc4CC3,regression,strict,train,False,6.698970004336019,active
CHEMBL4109070,COc1nc(N)nc2c1ncn2C1OC2COP(=O)(OCC(C)(C)C)O[C@H]2[C@]12CCO2,n1cnc2c(ncn2C3OC4COPOC4C53OCC5)c1,regression,strict,train,False,4.698970004336019,inactive
CHEMBL202005,CC(C)CCn1c(=O)c(C2=NS(=O)(=O)c3ccccc3N2)c(O)c2cc(NC(=O)c3ccccc3)ccc21,N=1Sc2ccccc2NC1C3=Cc4cc(ccc4NC3)NCc5ccccc5,regression,strict,train,False,5.3731465853332745,intermediate
CHEMBL424973,CC(Sn1c(=O)c(C2=NS(=O)(=O)c3ccccc3N2)c(O)c2cccnc21)c1ccccc1,N=1Sc2ccccc2NC1C3=Cc4cccnc4N(SCc5ccccc5)[CH]3,regression,strict,train,False,5.334419008982047,intermediate
CHEMBL2236452,CCCCCSc1nc(-c2ccc(F)cc2F)c(C#N)c(=O)[nH]1,n1cnc(cc1)-c2ccccc2,regression,strict,train,False,4.920818753952375,inactive
CHEMBL1689390,O=C(CN1C(=O)S/C(=C\c2ccccc2)C1=O)Nc1ccccc1,S1C(=Cc2ccccc2)CN(C1)CCNc3ccccc3,regression,strict,train,False,5.319000406143307,intermediate
CHEMBL205341,CC(C)CCN1C(=O)C(C2=NS(=O)(=O)c3ccccc3N2)=C(O)[C@@H]1C(C)(C)C,N=1Sc2ccccc2NC1C3=CCNC3,regression,strict,test,False,7.744727494896693,active
CHEMBL4218648,CNC(=O)c1c(-c2ccc(F)cc2)oc2cc3c(cc12)CCCCN3S(C)(=O)=O,o1c(cc2cc3c(cc12)NCCCC3)-c4ccccc4,regression,strict,train,False,7.769551078621726,active
CHEMBL440017,O=c1c(C2=NS(=O)(=O)c3ccccc3N2)c(O)c2cccnc2n1CCc1ccccc1,N=1Sc2ccccc2NC1C3=Cc4cccnc4N([CH]3)CCc5ccccc5,regression,strict,train,False,5.826813731587726,intermediate
CHEMBL379033,COc1ccc2c(c1)c(O)c(C1=NS(=O)(=O)c3ccccc3N1)c(=O)n2CCC(C)C,N=1Sc2ccccc2NC1C3=Cc4ccccc4NC3,regression,strict,train,False,7.638272163982407,active
CHEMBL379432,Cc1cccc2c1N=C(c1c(O)c3cccnc3n(Cc3ccccc3)c1=O)NS2(=O)=O,n1cccc2C=C([CH]N(c12)Cc3ccccc3)C4=Nc5ccccc5SN4,regression,strict,train,False,7.017728766960431,active
CHEMBL217213,Cn1c(-c2ccc(OCc3ccccc3)cc2)c(C2CCCCC2)c2ccc(C(=O)O)cc21,O(c1ccc(cc1)-c2[nH]c3ccccc3c2C4CCCCC4)Cc5ccccc5,regression,strict,train,False,6.920818753952375,active
CHEMBL362701,CC(C)CCNn1c(=O)c(C2=NS(=O)(=O)c3ccccc3N2)c(O)c2ccccc21,N=1Sc2ccccc2NC1C3=Cc4ccccc4NC3,regression,strict,train,False,6.872895201635193,active
CHEMBL3672389,CNC(=O)c1c(-c2ccc(F)cc2)oc2nc(NCC(F)(F)F)c(-c3cccc(C(=O)NC(C)(C)c4nc(C)no4)c3)cc12,n1oc(nc1)CNCc2cccc(c2)-c3cnc4oc(cc4c3)-c5ccccc5,regression,strict,train,False,7.823908740944319,active
CHEMBL208843,Cc1nc(COc2ccc(-c3nc4cc(C(=O)O)ccc4n3C3CCCCC3)cc2)c(-c2ccc(Cl)cc2)o1,n1coc(-c2ccccc2)c1COc3ccc(cc3)-c4nc5ccccc5n4C6CCCCC6,regression,strict,train,False,6.236572006437063,active
CHEMBL191749,O=C(CCC1CCCC1)N/C(=C\c1ccc(Oc2ccccc2Br)cc1)C(=O)O,O(c1ccccc1)c2ccc(C=CNCCCC3CCCC3)cc2,regression,strict,test,False,5.221848749616356,intermediate
CHEMBL211766,O=C(O)c1ccc2c(C3CCCCC3)c(-c3ccccc3)cn2c1,c1ccc(cc1)-c2cn3ccccc3c2C4CCCCC4,regression,strict,train,False,7.026872146400302,active
CHEMBL182462,COc1cccc(Oc2ccc(C(=O)N(c3ncc(C(=O)O)s3)C3CCCCC3)cc2)c1,n1ccsc1N(Cc2ccc(Oc3ccccc3)cc2)C4CCCCC4,regression,strict,train,False,5.508638306165727,intermediate
CHEMBL371345,O=C(O)CNC(=O)/C(=C/c1ccc(Oc2ccccc2Br)cc1)NC(=O)c1ccccc1,O(c1ccccc1)c2ccc(C=CNCc3ccccc3)cc2,regression,strict,train,False,7.221848749616356,active
CHEMBL195576,NS(=O)(=O)c1cccc(-c2ccc(/C=C(\NC(=O)c3ccccc3)C(=O)O)o2)c1,o1c(C=CNCc2ccccc2)ccc1-c3ccccc3,regression,strict,train,False,4.0,inactive
CHEMBL201475,CCCC1(CC(=O)O)OCCc2c1sc1c(C)ccc(C#N)c21,O1Cc2sc3ccccc3c2CC1,regression,strict,train,False,6.494850021680094,active
CHEMBL380333,CCCC1(CC(=O)O)CCCc2c1[nH]c1c(F)ccc(F)c21,c1ccc2c(c1)[nH]c3c2CCCC3,regression,strict,test,False,4.481486060122112,inactive
CHEMBL369789,O=C(O)[C@H]1C[C@@](Cc2ccc(O)cc2)(C(=O)O)N(C(=O)c2ccc(C(F)(F)F)cc2)[C@H]1c1ccccc1,c1ccc(cc1)CN2C(c3ccccc3)CCC2Cc4ccccc4,regression,strict,test,False,4.698970004336019,inactive
CHEMBL381828,O=C(O)c1ccc2c(c1)nc(-c1ccc(OC(c3ccc(F)cc3)c3ccc(F)cc3)cc1F)n2C1CCCCC1,n1c2ccccc2n(c1-c3ccc(OC(c4ccccc4)c5ccccc5)cc3)C6CCCCC6,regression,strict,train,False,6.522878745280337,active
CHEMBL382305,CCC1(CC(=O)O)OCCc2c1sc1c(Cl)ccc(Cl)c21,O1Cc2sc3ccccc3c2CC1,regression,strict,train,False,5.721246399047171,intermediate
CHEMBL180404,CCC(CC)n1c(=O)c(C2=NS(=O)(=O)c3ccccc3N2)c(O)c2cccnc21,N=1Sc2ccccc2NC1c3cnc4ncccc4c3,regression,strict,train,False,4.87942606879415,inactive
CHEMBL209167,O=C(O)[C@H]1CCCCN1S(=O)(=O)c1cc(Cl)cc(Cl)c1O,S(c1ccccc1)N2CCCCC2,regression,strict,test,False,5.1487416512809245,intermediate
CHEMBL178557,CC(C)C[C@@]1(C(=O)O)C[C@H](C(=O)O)[C@H](c2cccs2)N1C(=O)c1ccc([N+](=O)[O-])cc1,s1cccc1C2N(Cc3ccccc3)CCC2,regression,strict,test,False,5.494850021680094,intermediate
CHEMBL214031,O=C(O)c1ccc2c(C3CCCCC3)c(-c3ccccn3)[nH]c2c1,n1ccccc1-c2[nH]c3ccccc3c2C4CCCCC4,regression,strict,train,False,6.638272163982407,active
CHEMBL446444,Cc1ccc(Cn2cccc2/C=C/C(O)=C/C(=O)C(=O)O)cc1,c1ccc(cc1)Cn2cccc2,regression,strict,train,False,4.552841968657781,inactive
CHEMBL4225925,Fc1ccccc1-c1nc2ccn(Cc3cn(-c4ccccc4F)nn3)cc-2n1,n1nn(cc1Cn2ccc-3nc(nc3c2)-c4ccccc4)-c5ccccc5,regression,strict,train,False,7.281166281696138,active
CHEMBL4641917,CS(=O)(=O)Nc1cccc(S(=O)(=O)NC(=O)c2c(-c3ccc[nH]c3=O)c3ccc(Cl)cc3n2Cc2ccnc(N)c2)c1,n1ccc(cc1)Cn2c3ccccc3c(C4=CC=CN[CH]4)c2CNSc5ccccc5,regression,strict,train,False,7.4089353929735005,active
CHEMBL109258,CCN(CC)C(=O)c1cc(=O)c(O)c(C(=O)O)o1,O1C=CCC=C1,regression,strict,test,False,4.0,inactive
CHEMBL24541,O=C(O)[C@H](Cc1ccccc1)N(Cc1ccc[n+]([O-])c1)C(=O)c1ccc(Cl)cc1Cl,n1cccc(c1)CN(Cc2ccccc2)CCc3ccccc3,regression,strict,test,False,5.568636235841013,intermediate
CHEMBL4107686,C[C@@H](O)[C@H]1O[C@@H](n2ccc3c(N)ncnc32)[C@](C)(O)[C@@H]1O,n1cnc2c(c1)ccn2C3OCCC3,regression,strict,train,False,4.214670164989233,inactive
CHEMBL418899,C[C@@]1(O)[C@H](O)[C@@H](CO)O[C@H]1n1cnc2c(=O)[nH]c(N)nc21,n1cnc2c(ncn2C3OCCC3)c1,regression,strict,train,False,6.886056647693163,active
CHEMBL425704,O=C(O)c1cnc(N(C(=O)c2ccc(Oc3cccc(OC(F)(F)F)c3)cc2)C2CCCCC2)s1,n1ccsc1N(Cc2ccc(Oc3ccccc3)cc2)C4CCCCC4,regression,strict,train,False,5.2839966563652006,intermediate
CHEMBL4112666,C[C@@]1(N=[N+]=[N-])[C@H](O)[C@@H](COP(=O)(O)OP(=O)(O)OP(=O)(O)O)O[C@H]1c1cnc2c(N)ncnn12,n1cnn2c(ncc2C3OCCC3)c1,regression,strict,train,False,6.031517051446065,active
CHEMBL4110104,CC(OP(=O)(O)OP(=O)(O)OP(=O)(O)O)[C@H]1O[C@@H](n2ccc3c(N)ncnc32)[C@](C)(F)[C@@H]1O,n1cnc2c(c1)ccn2C3OCCC3,regression,strict,train,False,4.698970004336019,inactive
CHEMBL183179,CCNc1ncnc2nc(-c3ccccc3)c(-c3ccccc3)nc12,n1cnc2nc(-c3ccccc3)c(nc2c1)-c4ccccc4,regression,strict,test,False,4.795880017344075,inactive
CHEMBL441355,O=C(O)c1nc(-c2sccc2NS(=O)(=O)c2ccc3ccccc3c2)nc(O)c1O,n1cccnc1-c2sccc2NSc3ccc4ccccc4c3,regression,strict,train,False,5.847711655616943,intermediate
CHEMBL323046,CCOCc1cc(=O)c(O)c(C(=O)O)o1,O1C=CCC=C1,regression,strict,test,False,6.096910013008056,active
CHEMBL4456569,COc1ccc(NC(=O)CN2C(=O)S/C(=C\c3ccc(F)cc3)C2=O)cc1,S1C(=Cc2ccccc2)CN(C1)CCNc3ccccc3,regression,strict,train,False,6.409002212649285,active
CHEMBL426302,CC(C)CCn1c(=O)c(C2=NS(=O)(=O)c3ccccc3N2)c(O)c2cc(N)ccc21,N=1Sc2ccccc2NC1C3=Cc4ccccc4NC3,regression,strict,train,False,7.207608310501746,active
CHEMBL201606,CCOC(=O)CCCn1c(=O)c(C2=NS(=O)(=O)c3ccccc3N2)c(O)c2ccccc21,N=1Sc2ccccc2NC1C3=Cc4ccccc4NC3,regression,strict,train,False,5.0,inactive
CHEMBL3672392,CNC(=O)c1c(-c2ccc(F)cc2)oc2nc(NCC(F)(F)F)c(-c3cccc(C(=O)NC(C)(C)c4ncon4)c3)cc12,n1ocnc1CNCc2cccc(c2)-c3cnc4oc(cc4c3)-c5ccccc5,regression,strict,train,False,8.045757490560675,active
CHEMBL439511,CC(C)(C)C(=O)Cn1c(=O)c(C2=NS(=O)(=O)c3ccccc3N2)c(O)c2cc(F)ccc21,N=1Sc2ccccc2NC1C3=Cc4ccccc4NC3,regression,strict,train,False,6.157390760389438,active
CHEMBL360256,O=c1c(C2=NS(=O)(=O)c3ccccc3N2)c(O)c2cccnc2n1OCc1ccccc1,N=1Sc2ccccc2NC1C3=Cc4cccnc4N(OCc5ccccc5)[CH]3,regression,strict,train,False,4.236572006437063,inactive
CHEMBL216044,COc1ccc(CCC2(C3CCCC3)CC(=O)C(Sc3ccc(O)cc3)=C(O)O2)cc1Cl,O1C=C(Sc2ccccc2)CCC1(CCc3ccccc3)C4CCCC4,regression,strict,train,False,6.886056647693163,active
CHEMBL2236450,CC(C)c1ccc(-c2nc(SCc3ccccc3Br)[nH]c(=O)c2C#N)cc1,n1ccc(nc1SCc2ccccc2)-c3ccccc3,regression,strict,train,False,5.42021640338319,intermediate
CHEMBL4636786,Nc1cc(Cn2c(C(=O)O)c(-c3ccc[nH]c3=O)c3ccc(Cl)cc32)ccn1,n1ccc(cc1)Cn2cc(C3=CC=CN[CH]3)c4ccccc42,regression,strict,train,False,7.275724130399211,active
CHEMBL430718,O=C(O)[C@H](Cc1ccccc1)N(Cc1cccc(Cl)c1)C(=O)c1ccc(Cl)cc1Cl,c1ccc(cc1)CN(Cc2ccccc2)CCc3ccccc3,regression,strict,train,False,5.853871964321762,intermediate
CHEMBL185085,COC(=O)N(CCC(=O)O)C(=O)c1c(Br)ccc2c(C(F)(F)F)c(OC)ccc12,c1ccc2ccccc2c1,regression,strict,train,False,5.0,inactive
CHEMBL4546969,COc1ccc(/C=c2/sc3n(c2=O)CN(c2ccc(OC)cc2)CN=3)cc1,N1=C2SC(=Cc3ccccc3)CN2CN(c4ccccc4)C1,regression,strict,test,False,6.268000501111618,active
CHEMBL177929,N#Cc1ccccc1COc1cccc(/C(O)=C/C(=O)C(=O)O)c1,O(c1ccccc1)Cc2ccccc2,regression,strict,test,False,6.638272163982407,active
CHEMBL3939811,CCCCOC(=O)[C@H](C)NP(=O)(OCC1OC(n2cnc3c(OC)nc(N)nc32)[C@@]2(CCO2)[C@@H]1O)Oc1ccccc1,n1cnc2c(ncn2C3OC(COPOc4ccccc4)CC53OCC5)c1,regression,strict,train,False,6.562249437179612,active
CHEMBL206511,C=CCn1c(-c2sccc2[N+](=O)[O-])nc(C(=O)O)c(O)c1=O,n1cccnc1-c2sccc2,regression,strict,train,False,4.159266765388193,inactive
CHEMBL109969,O=C(O)c1oc(COCc2ccccc2)cc(=O)c1O,O1C=CCC=C1COCc2ccccc2,regression,strict,train,False,4.0,inactive
CHEMBL211709,O=c1c(C2=NS(=O)(=O)c3cccc(O)c3N2)c(O)c2cccnc2n1Cc1ccccc1,N=1Sc2ccccc2NC1C3=Cc4cccnc4N([CH]3)Cc5ccccc5,regression,strict,train,False,7.267606240177032,active
CHEMBL215089,Cc1c(-c2ccccc2)n(C2CCCCC2)c2ccc(C(=O)O)cc12,c1ccc(cc1)-c2cc3ccccc3n2C4CCCCC4,regression,strict,train,False,6.7447274948966935,active
CHEMBL361161,O=C(O)c1cnc(N(C(=O)c2ccc(Oc3ccc(Cl)c(Cl)c3)cc2)C2CCCCC2)s1,n1ccsc1N(Cc2ccc(Oc3ccccc3)cc2)C4CCCCC4,regression,strict,train,False,5.585026652029182,intermediate
CHEMBL384169,O=C(O)/C=C/c1cc(-c2ccccn2)n(C2CCCCC2)n1,n1ccccc1-c2ccnn2C3CCCCC3,regression,strict,train,False,4.0,inactive
CHEMBL4546003,CC[C@@]1(O)[C@H](O)[C@@](F)(COP(=O)(O)OP(=O)(O)OP(=O)(O)O)O[C@H]1n1ccc(=O)[nH]c1=O,[N]1[CH]C=CN([CH]1)C2OCCC2,regression,strict,test,False,4.075720713938118,inactive
CHEMBL207221,CCCC1(CC(=O)O)CCCc2c1[nH]c1c(C)ccc(C#N)c21,c1ccc2c(c1)[nH]c3c2CCCC3,regression,strict,test,False,5.6777807052660805,intermediate
CHEMBL202895,O=C(NCc1ccccc1)Nc1ccsc1-c1nc(O)c(O)c(C(=O)O)n1,n1cccnc1-c2sccc2NCNCc3ccccc3,regression,strict,train,False,6.638272163982407,active
CHEMBL2043042,COc1ccc2c(c1)C[C@@H]1Cn3c-2c(C2CCCCC2)c2ccc(cc23)C(=O)NS(=O)(=O)N(C)CCOCCN(C)C1=O,O1CCNSNCc2ccc3c(c2)n4c(-c5ccccc5CC(CNCC1)C4)c3C6CCCCC6,regression,strict,train,False,6.275724130399211,active
CHEMBL200963,CC1(CC(=O)O)OCCc2c1sc1c(Cl)ccc(Cl)c21,O1Cc2sc3ccccc3c2CC1,regression,strict,train,False,4.7544873321858505,inactive
CHEMBL196421,O=C(O)C(=O)/C=C(\O)c1ccc(Cc2ccccc2)s1,s1cccc1Cc2ccccc2,regression,strict,train,False,4.167491087293763,inactive
CHEMBL3931672,CNC(=O)c1c(-c2ccc(F)cc2)oc2cc(N(C)S(C)(=O)=O)c(-c3ccc4c(n3)-c3cc5c(F)cccc5n3CO4)cc12,n1c(ccc2OCn3c4ccccc4cc3-c12)-c5ccc6oc(cc6c5)-c7ccccc7,regression,strict,train,False,9.0,active
CHEMBL193403,O=C(O)/C(=C/c1ccc(-c2ccccc2F)o1)NC(=O)c1ccccc1,o1c(C=CNCc2ccccc2)ccc1-c3ccccc3,regression,strict,train,False,5.508638306165727,intermediate
CHEMBL384453,O=C(O)c1ccc2c(C3CCCC3)c(-c3ccoc3)sc2c1,o1ccc(c1)-c2sc3ccccc3c2C4CCCC4,regression,strict,test,False,7.107905397309519,active
CHEMBL211849,CC(=O)c1ccc(-c2ccc(Cl)cc2)c(COc2ccc(-c3nc4cc(C(=O)O)ccc4n3C3CCCCC3)cc2)c1,n1c2ccccc2n(c1-c3ccc(OCc4ccccc4-c5ccccc5)cc3)C6CCCCC6,regression,strict,train,False,7.744727494896693,active
CHEMBL377889,NC(=O)c1ccc(-c2ccc(Cl)cc2COc2ccc(-c3nc4cc(C(=O)O)ccc4n3C3CCCCC3)cc2)cc1,n1c2ccccc2n(c1-c3ccc(OCc4ccccc4-c5ccccc5)cc3)C6CCCCC6,regression,strict,train,False,7.161150909262744,active
CHEMBL183818,O=C(O)c1cnc(N(C(=O)c2ccc(OCc3ccc(F)cc3)cc2)C2CCCCC2)s1,n1ccsc1N(Cc2ccc(OCc3ccccc3)cc2)C4CCCCC4,regression,strict,train,False,5.4089353929735005,intermediate
CHEMBL360316,O=C(O)c1cnc(N(C(=O)c2ccc(OCc3ccccc3F)cc2)C2CCCCC2)s1,n1ccsc1N(Cc2ccc(OCc3ccccc3)cc2)C4CCCCC4,regression,strict,train,False,5.3979400086720375,intermediate
CHEMBL2236460,CCCCCSc1nc(-c2ccccc2C)c(C#N)c(=O)[nH]1,n1cnc(cc1)-c2ccccc2,regression,strict,train,False,4.7447274948966935,inactive
CHEMBL4520744,COC[C@H]1C[C@@](CC(C)C)(C(=O)O)N(C(=O)c2ccc(C(C)(C)C)c(OC)c2)[C@H]1COC(C)=O,c1ccc(cc1)CN2CCCC2,regression,strict,train,False,4.522878745280337,inactive
CHEMBL192108,NS(=O)(=O)c1ccc(-c2ccc(/C=C(\NC(=O)c3ccccc3)C(=O)O)o2)cc1,o1c(C=CNCc2ccccc2)ccc1-c3ccccc3,regression,strict,train,False,4.0,inactive
CHEMBL3961836,CNC(=O)c1c(-c2ccc(F)cc2)oc2cc(N(C)S(C)(=O)=O)c(-c3ccc4nc(C)n(Cc5ccc(F)cc5)c(=O)c4c3)cc12,N1=CN([CH]c2cc(ccc12)-c3ccc4oc(cc4c3)-c5ccccc5)Cc6ccccc6,regression,strict,train,False,9.522878745280336,active
CHEMBL214600,O=C(O)c1ccc2c(c1)nc(-c1ccoc1)n2C1CCCC1,n1c2ccccc2n(c1-c3cocc3)C4CCCC4,regression,strict,train,False,5.657577319177793,intermediate
CHEMBL383063,CC(C)CCn1c(=O)c(C2=NS(=O)(=O)c3ccccc3N2)c(O)c2cc(NC(=O)CC(C)C)ccc21,N=1Sc2ccccc2NC1C3=Cc4ccccc4NC3,regression,strict,train,False,5.186886245992102,intermediate
CHEMBL179903,COc1cccc(-c2nc3ncnc(O)c3nc2-c2cccc(OC)c2)c1,n1cnc2nc(-c3ccccc3)c(nc2c1)-c4ccccc4,regression,strict,test,False,4.0,inactive
CHEMBL37541,Cc1cc(SC2=C(O)OC(CCc3ccc(O)cc3)(C3CCCC3)CC2=O)c(C(C)(C)C)cc1N,O1C=C(Sc2ccccc2)CCC1(CCc3ccccc3)C4CCCC4,regression,strict,train,False,6.036212172654444,active
CHEMBL373930,O=C(O)c1ccc(-c2ccc(Cl)cc2COc2ccc(-c3nc4cc(C(=O)O)ccc4n3C3CCCCC3)cc2)cc1,n1c2ccccc2n(c1-c3ccc(OCc4ccccc4-c5ccccc5)cc3)C6CCCCC6,regression,strict,train,False,7.236572006437063,active
CHEMBL4284172,CNC(=O)c1c(-c2ccc(F)cc2)oc2nc(NCC(F)(F)F)c(-c3cccc(C(=O)NC4(c5ccccc5)CC4)c3)cc12,n1cc(cc2cc(oc12)-c3ccccc3)-c4cccc(c4)CNC5(c6ccccc6)CC5,regression,strict,train,False,7.744727494896693,active
CHEMBL179884,CCC(CC)Nn1c(=O)c(C2=NS(=O)(=O)c3ccccc3N2)c(O)c2ccccc21,N=1Sc2ccccc2NC1C3=Cc4ccccc4NC3,regression,strict,train,False,6.920818753952375,active
CHEMBL202133,O=S(=O)(NN1C(=S)SC(Cc2ccc(Cl)c(Cl)c2)C1O)c1ccccc1,S(NN1CSC(Cc2ccccc2)C1)c3ccccc3,regression,strict,test,False,4.568636235841013,inactive
CHEMBL193981,O=C(O)/C(=C/c1ccc(Oc2ccccc2F)cc1)NC(=O)c1ccccc1,O(c1ccccc1)c2ccc(C=CNCc3ccccc3)cc2,regression,strict,train,False,5.161150909262744,intermediate
CHEMBL192269,O=C(O)/C(=C/c1ccc(Oc2ccccc2I)cc1)NC(=O)C1CC1,O(c1ccccc1)c2ccc(C=CNCC3CC3)cc2,regression,strict,train,False,5.552841968657781,intermediate
CHEMBL4113906,C[C@]1(O)C(n2ccc(=O)[nH]c2=O)OC(COP(=O)(O)OP(=O)(O)OP(=O)(O)O)[C@H]1O,[N]1[CH]C=CN([CH]1)C2OCCC2,regression,strict,test,False,5.853871964321762,intermediate
CHEMBL73809,C[C@@]1(O)[C@H](O)[C@@H](CO)O[C@H]1n1cnc2c(N)ncnc21,n1cnc2c(ncn2C3OCCC3)c1,regression,strict,train,False,6.522878745280337,active
CHEMBL203729,O=C(Cc1c[nH]c2ccccc12)Nc1ccsc1-c1nc(O)c(O)c(C(=O)O)n1,n1cccnc1-c2sccc2NCCc3c[nH]c4ccccc43,regression,strict,train,False,6.698970004336019,active
CHEMBL182203,CC(C)Nn1c(=O)c(C2=NS(=O)(=O)c3ccccc3N2)c(O)c2ccccc21,N=1Sc2ccccc2NC1C3=Cc4ccccc4NC3,regression,strict,train,False,6.1938200260161125,active
CHEMBL369909,O=C(O)C(=O)/C=C(\O)c1cccc(OCc2cccc3ccccc23)c1,O(c1ccccc1)Cc2cccc3ccccc32,regression,strict,train,False,6.173925197299173,active
CHEMBL371648,CCOC(=O)c1c(NC(=O)NS(=O)(=O)c2ccc(C)cn2)sc2c1CCC(C)(C)C2,n1ccccc1SNCNc2sc3c(c2)CCCC3,regression,strict,test,False,7.301029995663981,active
CHEMBL2021379,Nc1nc(O)c2ncn([C@@H]3O[C@H](CO)[C@H](O)[C@H]3O)c2n1,n1cnc2c(ncn2C3OCCC3)c1,regression,strict,train,False,4.698970004336019,inactive
CHEMBL201436,COC(C)CCn1c(=O)c(C2=NS(=O)(=O)c3ccccc3N2)c(O)c2ccccc21,N=1Sc2ccccc2NC1C3=Cc4ccccc4NC3,regression,strict,train,False,7.086186147616283,active
CHEMBL211455,COc1ccc2c(c1)S(=O)(=O)NC(c1c(O)c3cccnc3n(Cc3ccccc3)c1=O)=N2,n1cccc2C=C([CH]N(c12)Cc3ccccc3)C4=Nc5ccccc5SN4,regression,strict,train,False,7.119186407719209,active
CHEMBL367825,O=c1c(C2=NS(=O)(=O)c3ccccc3N2)c(O)c2ccccc2n1NCc1cccc(Br)c1,N=1Sc2ccccc2NC1C3=Cc4ccccc4N(NCc5ccccc5)C3,regression,strict,train,False,7.1249387366083,active
CHEMBL2296936,NC(=O)c1ccc(-c2ccc(Cl)cc2)c(COc2ccc(-c3nc4cc(C(=O)O)ccc4n3C3CCCCC3)c(F)c2)c1,n1c2ccccc2n(c1-c3ccc(OCc4ccccc4-c5ccccc5)cc3)C6CCCCC6,regression,strict,train,False,7.886056647693163,active
CHEMBL396311,CCOC(=O)c1cccc(NS(=O)(=O)Nc2ccc3c(c2)S(=O)(=O)N=C(c2c(O)c4cccnc4n(CCC(C)C)c2=O)N3)c1,N=1Sc2cc(ccc2NC1c3cnc4ncccc4c3)NSNc5ccccc5,regression,strict,train,False,6.87942606879415,active
CHEMBL326470,O=C(O)c1oc2ccccc2c(=O)c1O,O1C=CCc2ccccc12,regression,strict,train,False,4.721246399047171,inactive
CHEMBL4645241,CNC(=O)c1c(-c2ccc(F)cc2)oc2cc(N(C)S(C)(=O)=O)c(-c3ccc4nc(C)n([C@@H](COC)c5ccc(F)cc5)c(=O)c4c3)cc12,N1=CN([CH]c2cc(ccc12)-c3ccc4oc(cc4c3)-c5ccccc5)Cc6ccccc6,regression,strict,train,False,9.30102999566398,active
CHEMBL360033,O=C(O)c1cnc(N(C(=O)c2ccc(OCc3cccc(C(F)(F)F)c3)cc2)C2CCCCC2)s1,n1ccsc1N(Cc2ccc(OCc3ccccc3)cc2)C4CCCCC4,regression,strict,train,False,5.853871964321762,intermediate
CHEMBL2236419,Cc1ccccc1-c1nc(SCc2ccccc2Br)[nH]c(=O)c1C#N,n1ccc(nc1SCc2ccccc2)-c3ccccc3,regression,strict,train,False,4.494850021680094,inactive
CHEMBL203772,Cc1ccc(C(Oc2ccc(-c3nc4cc(C(=O)O)ccc4n3C3CCCCC3)cc2)c2ccc(C)cc2)cc1,n1c2ccccc2n(c1-c3ccc(OC(c4ccccc4)c5ccccc5)cc3)C6CCCCC6,regression,strict,train,False,5.920818753952375,intermediate
CHEMBL3958500,CNC(=O)c1c(-c2ccc(F)cc2)oc2cc(N(C)S(C)(=O)=O)c(-c3ccc4nc(CNC(C)=O)n(Cc5ccc(F)cc5)c(=O)c4c3)cc12,N1=CN([CH]c2cc(ccc12)-c3ccc4oc(cc4c3)-c5ccccc5)Cc6ccccc6,regression,strict,train,False,8.958607314841775,active
CHEMBL174683,O=C(O)c1ccc2c(c1)nc(-c1ccccn1)n2C1CCCCC1,n1ccccc1-c2nc3ccccc3n2C4CCCCC4,regression,strict,test,False,5.568636235841013,intermediate
CHEMBL4279139,CNC(=O)c1c(-c2ccc(F)cc2)oc2nc(CCC(F)(F)F)c(-c3cccc(C(=O)NC45CC(C4)C5)c3)cc12,n1cc(cc2cc(oc12)-c3ccccc3)-c4cccc(c4)CNC56CC(C5)C6,regression,strict,train,False,8.017728766960431,active
CHEMBL208817,CC(C)CCn1c(=O)c(C2=NS(=O)(=O)c3cc(NS(=O)(=O)Nc4ccc(C(N)=O)cc4)ccc3N2)c(O)c2cccnc21,N=1Sc2cc(ccc2NC1c3cnc4ncccc4c3)NSNc5ccccc5,regression,strict,train,False,7.744727494896693,active
CHEMBL4212138,CNC(=O)c1c(-c2ccc(F)cc2)oc2cc3c(cc12)C1CC1CCN3S(C)(=O)=O,o1c(cc2cc3c(cc12)NCCC4CC34)-c5ccccc5,regression,strict,train,False,8.045757490560675,active
CHEMBL239977,COc1ccc2c(c1)S(=O)(=O)N=C(c1c(O)c3cccnc3n(CCC(C)C)c1=O)N2,N=1Sc2ccccc2NC1c3cnc4ncccc4c3,regression,strict,train,False,7.187086643357144,active
CHEMBL383418,NC(=O)CCCn1c(=O)c(C2=NS(=O)(=O)c3ccccc3N2)c(O)c2ccccc21,N=1Sc2ccccc2NC1C3=Cc4ccccc4NC3,regression,strict,train,False,5.0,inactive
CHEMBL189927,O=C(O)/C(=C/c1ccc(Oc2ccccc2Br)cc1)NC(=O)c1ccccc1F,O(c1ccccc1)c2ccc(C=CNCc3ccccc3)cc2,regression,strict,train,False,6.7447274948966935,active
CHEMBL183772,Cc1ccc(CNc2ncnc3nc(-c4ccc(F)cc4)c(-c4ccc(F)cc4)nc23)cc1,n1cnc(NCc2ccccc2)c3nc(-c4ccccc4)c(nc13)-c5ccccc5,regression,strict,test,False,5.017728766960431,intermediate
CHEMBL208221,O=C(O)c1ccc2c(c1)nc(-c1ccc(OCc3cccc(Cl)c3)cc1)n2C1CCCC1,n1c2ccccc2n(c1-c3ccc(OCc4ccccc4)cc3)C5CCCC5,regression,strict,train,False,5.795880017344075,intermediate
CHEMBL4204337,CNC(=O)c1c(-c2ccc(F)cc2)oc2cc3c(cc12)C(C)NC(=O)CN3S(C)(=O)=O,o1c(cc2cc3c(cc12)NCCNC3)-c4ccccc4,regression,strict,train,False,7.823908740944319,active
CHEMBL210760,CNS(=O)(=O)Nc1ccc2c(c1)S(=O)(=O)NC(c1c(O)c3cccnc3n(CCC(C)C)c1=O)=N2,n1cccc2cc(cnc12)C3=Nc4ccccc4SN3,regression,strict,train,False,7.853871964321762,active
CHEMBL177851,Cc1[nH]cnc1-c1nc2cc(C(=O)O)ccc2n1C1CCCCC1,n1c[nH]cc1-c2nc3ccccc3n2C4CCCCC4,regression,strict,train,False,4.522878745280337,inactive
CHEMBL189744,CN1CCN(C(=O)Cn2c(-c3ccccc3)c(C3CCCCC3)c3ccc(C(=O)O)cc32)CC1,c1ccc(cc1)-c2c(c3ccccc3n2CCN4CCNCC4)C5CCCCC5,regression,strict,test,False,7.4089353929735005,active
CHEMBL210491,C=CCOC(=O)NS(=O)(=O)Nc1ccc2c(c1)S(=O)(=O)N=C(c1c(O)c3cccnc3n(CCC(C)C)c1=O)N2,N=1Sc2ccccc2NC1c3cnc4ncccc4c3,regression,strict,train,False,7.055517327849832,active
CHEMBL4289195,CNC(=O)c1c(-c2ccc(F)cc2)oc2nc(CCC(F)(F)F)c(-c3cccc(C(=O)NC(C)(C)C)c3)cc12,n1cc(cc2cc(oc12)-c3ccccc3)-c4ccccc4,regression,strict,train,False,8.0,active
CHEMBL4471056,O=C(CN1C(=O)S/C(=C\c2ccccc2)C1=O)Nc1ccc(Cl)cc1,S1C(=Cc2ccccc2)CN(C1)CCNc3ccccc3,regression,strict,train,False,6.853996066189131,active
CHEMBL4208902,CNC(=O)c1c(-c2ccc(F)cc2)oc2cc3c(cc12)C(C)OC(CO)CN3S(C)(=O)=O,o1c(cc2cc3c(cc12)NCCOC3)-c4ccccc4,regression,strict,test,False,7.920818753952375,active
CHEMBL213819,COC(=O)c1c(C(=O)O)ccc2c(C3CCCC3)c(-c3ccoc3)n(C)c12,o1ccc(c1)-c2[nH]c3ccccc3c2C4CCCC4,regression,strict,test,False,6.318758762624412,active
CHEMBL213354,COc1ccc2c(c1)NC(c1c(O)c3cccnc3n(Cc3ccccc3)c1=O)=NS2(=O)=O,N=1Sc2ccccc2NC1C3=Cc4cccnc4N([CH]3)Cc5ccccc5,regression,strict,train,False,5.4089353929735005,intermediate
CHEMBL4293007,CNC(=O)c1c(-c2ccc(F)cc2)oc2nc(CNC(C)=O)c(C3CC3)cc12,n1cc(cc2cc(oc12)-c3ccccc3)C4CC4,regression,strict,train,False,6.199998172182031,active
CHEMBL179318,O=C(O)c1ccc2c(C3CCCCC3)c(-c3ccccc3)n(S(=O)(=O)c3ccccc3)c2c1,S(c1ccccc1)n2c3ccccc3c(c2-c4ccccc4)C5CCCCC5,regression,strict,train,False,7.301029995663981,active
CHEMBL195549,O=C(CCc1ccc(Cl)cc1)N/C(=C\c1ccc(Oc2ccccc2Br)cc1)C(=O)O,O(c1ccccc1)c2ccc(C=CNCCCc3ccccc3)cc2,regression,strict,train,False,6.301029995663981,active
CHEMBL4290980,CNC(=O)c1c(-c2ccc(F)cc2)oc2nc(NCC(F)(F)F)c(-c3cccc(C(=O)NC4(c5ncccn5)CCC4)c3)cc12,n1cccnc1C2(NCc3cccc(c3)-c4cnc5oc(cc5c4)-c6ccccc6)CCC2,regression,strict,train,False,8.301029995663981,active
CHEMBL24489,O=C(O)[C@H](Cc1ccccc1)N(Cc1ccccc1)C(=O)c1ccc(Cl)cc1Cl,c1ccc(cc1)CN(Cc2ccccc2)CCc3ccccc3,regression,strict,train,False,5.096910013008056,intermediate
CHEMBL179673,Cc1ccc(-c2c(C3CCCCC3)c3ccc(C(=O)O)cc3n2CC(=O)N(C)C)cc1,c1ccc(cc1)-c2[nH]c3ccccc3c2C4CCCCC4,regression,strict,test,False,9.30102999566398,active
CHEMBL177930,N#Cc1cccc(COc2cccc(/C(O)=C/C(=O)C(=O)O)c2)c1,O(c1ccccc1)Cc2ccccc2,regression,strict,test,False,5.173925197299173,intermediate
CHEMBL4207727,CNC(=O)c1c(-c2ccc(F)cc2)oc2cc3c(cc12)[C@H]1C[C@H]1CCN3S(C)(=O)=O,o1c(cc2cc3c(cc12)NCCC4CC34)-c5ccccc5,regression,strict,train,False,5.698970004336019,intermediate
CHEMBL2236441,Cc1ccccc1-c1nc(SCc2cccc([N+](=O)[O-])c2)[nH]c(=O)c1C#N,n1ccc(nc1SCc2ccccc2)-c3ccccc3,regression,strict,train,False,4.431798275933005,inactive
CHEMBL4287556,CCCCc1nc2oc(-c3ccc(F)cc3)c(C(=O)NC)c2cc1-c1cccc(C(=O)NC(C)(C)C)c1,n1cc(cc2cc(oc12)-c3ccccc3)-c4ccccc4,regression,strict,train,False,7.180456064458132,active
CHEMBL377504,O=C(Nc1ccsc1-c1nc(O)c(O)c(C(=O)O)n1)OCc1cccc2ccccc12,n1cccnc1-c2sccc2NCOCc3cccc4ccccc43,regression,strict,train,False,6.853871964321762,active
CHEMBL179532,O=C(O)c1ccc2c(C3CCCCC3)c(-c3ccccc3)n(CC(=O)N3CCOCC3)c2c1,O1CCN(CC1)CCn2c3ccccc3c(c2-c4ccccc4)C5CCCCC5,regression,strict,train,False,9.096910013008056,active
CHEMBL178045,O=C(O)c1ccc2c(c1)nc(-c1ccc(CO)o1)n2C1CCCCC1,n1c2ccccc2n(c1-c3occc3)C4CCCCC4,regression,strict,train,False,4.522878745280337,inactive
CHEMBL209031,CC(C)CCn1c(=O)c(C2=NS(=O)(=O)c3cc(NS(=O)(=O)NCCc4ccccc4)ccc3N2)c(O)c2cccnc21,N=1Sc2cc(ccc2NC1c3cnc4ncccc4c3)NSNCCc5ccccc5,regression,strict,train,False,7.744727494896693,active
CHEMBL434136,O=C(O)c1ccc2c(c1)nc(-c1nccs1)n2C1CCCCC1,n1ccsc1-c2nc3ccccc3n2C4CCCCC4,regression,strict,train,False,5.337242168318426,intermediate
CHEMBL194300,O=C(O)C(=O)/C=C(\O)c1cccc(NC(=O)C(=O)O)c1,c1ccccc1,regression,strict,train,False,4.721246399047171,inactive
CHEMBL202165,CC(CCn1c(=O)c(C2=NS(=O)(=O)c3ccccc3N2)c(O)c2ccccc21)C(F)(F)F,N=1Sc2ccccc2NC1C3=Cc4ccccc4NC3,regression,strict,train,False,7.356547323513812,active
CHEMBL177701,CCOC(=O)c1nc2cc(C(=O)O)ccc2n1C1CCCCC1,n1cn(c2ccccc12)C3CCCCC3,regression,strict,train,False,4.207608310501746,inactive
CHEMBL198366,COc1ccc(Cn2cccc2/C=C/C(O)=C/C(=O)C(=O)O)cc1,c1ccc(cc1)Cn2cccc2,regression,strict,train,False,4.795880017344075,inactive
CHEMBL437897,CCOC(=O)c1c(NC(=O)NS(=O)(=O)c2ccc(C#N)cc2)sc2c1CCC(C)(C)C2,S(NCNc1sc2c(c1)CCCC2)c3ccccc3,regression,strict,train,False,7.045757490560675,active
CHEMBL184665,COc1ccc2c(C(=O)N(CC(=O)O)C(=O)OCC(C)C)c(Br)ccc2c1C(F)(F)F,c1ccc2ccccc2c1,regression,strict,train,False,5.113509274827518,intermediate
CHEMBL380341,O=c1c(C2=NS(=O)(=O)c3ccccc3N2)c(O)c2ccccc2n1CCCc1ccccc1,N=1Sc2ccccc2NC1C3=Cc4ccccc4N(C3)CCCc5ccccc5,regression,strict,train,False,5.0,inactive
CHEMBL181308,Cc1ccc([C@H]2[C@@H](C(=O)O)C[C@@](CC(C)C)(C(=O)O)N2C(=O)c2ccc(C(F)(F)F)cc2)cc1,c1ccc(cc1)CN2CCCC2c3ccccc3,regression,strict,train,False,6.0,intermediate
CHEMBL3893605,COC(=O)[C@H](C)NP(=O)(OCC1OC(n2ccc(=O)[nH]c2=O)[C@]2(CCCO2)[C@@H]1O)Oc1ccccc1,[N]1[CH]C=CN([CH]1)C2OC(COPOc3ccccc3)CC42OCCC4,regression,strict,test,False,4.685922008220787,inactive
CHEMBL202032,COc1cccc(S(=O)(=O)NN2C(=S)S/C(=C\c3ccc(Cl)c(Cl)c3)C2O)c1,S(NN1CSC(=Cc2ccccc2)C1)c3ccccc3,regression,strict,train,False,6.096910013008056,active
CHEMBL207979,O=C(O)[C@@H]1CCCN1S(=O)(=O)c1cc(Cl)cc(Cl)c1O,S(c1ccccc1)N2CCCC2,regression,strict,train,False,6.113509274827518,active
CHEMBL215001,O=C1CC(=O)OC(CCc2ccc(O)cc2)(C2CCCCC2)C1,O1CCCCC1(CCc2ccccc2)C3CCCCC3,regression,strict,train,False,4.2839966563652006,inactive
CHEMBL213078,COc1ccc(-c2nc3cc(C(=O)O)ccc3n2C2CCCCC2)cc1,n1c2ccccc2n(c1-c3ccccc3)C4CCCCC4,regression,strict,train,False,4.950781977329818,inactive
CHEMBL213695,CC(=O)Nc1ccc(-c2ccc(Cl)cc2)c(COc2ccc(-c3nc4cc(C(=O)O)ccc4n3C3CCCCC3)c(F)c2)c1,n1c2ccccc2n(c1-c3ccc(OCc4ccccc4-c5ccccc5)cc3)C6CCCCC6,regression,strict,train,False,7.853871964321762,active
CHEMBL177776,CC(C)(C)c1ccc(C(=O)CC(=O)C(=O)O)cc1,c1ccccc1,regression,strict,train,False,4.301029995663981,inactive
CHEMBL369320,O=C(O)c1ccc2c(C3CCCCC3)c(-c3ccccc3)n(Cc3ccccc3)c2c1,c1ccc(cc1)-c2c(c3ccccc3n2Cc4ccccc4)C5CCCCC5,regression,strict,train,False,7.847711655616943,active
CHEMBL4640290,C[C@@]1(F)[C@H](O)[C@@](F)(COP(=O)(O)OP(=O)(O)OP(=O)(O)O)O[C@H]1n1cnc2c(=O)[nH]c(N)nc21,n1cnc2c(ncn2C3OCCC3)c1,regression,strict,train,False,6.795880017344075,active
CHEMBL183402,Fc1ccc(-c2nc3ncnc(NCCc4ccccc4)c3nc2-c2ccc(F)cc2)cc1,n1cnc(NCCc2ccccc2)c3nc(-c4ccccc4)c(nc13)-c5ccccc5,regression,strict,test,False,4.886056647693163,inactive
CHEMBL365793,CN(C)C(=O)CN(C)C(=O)Cn1c(-c2ccccc2)c(C2CCCCC2)c2ccc(C(=O)O)cc21,c1ccc(cc1)-c2[nH]c3ccccc3c2C4CCCCC4,regression,strict,test,False,7.008773924307505,active
CHEMBL4282695,CNC(=O)c1c(-c2ccc(F)cc2)oc2nc(NCC(F)(F)F)c(-c3cccc(C(=O)NC(C)(C)c4ncccn4)c3)cc12,n1cccnc1CNCc2cccc(c2)-c3cnc4oc(cc4c3)-c5ccccc5,regression,strict,train,False,7.301029995663981,active
CHEMBL361600,c1ccc(-c2nc3ncnc(NC4CCCCCC4)c3nc2-c2ccccc2)cc1,n1cnc(NC2CCCCCC2)c3nc(-c4ccccc4)c(nc13)-c5ccccc5,regression,strict,test,False,4.537602002101044,inactive
CHEMBL214781,COc1ccc(CCC2(C3CCCC3)CC(=O)C(Sc3nnnn3C)=C(O)O2)cc1Cl,n1n[nH]c(n1)SC2=COC(CC2)(CCc3ccccc3)C4CCCC4,regression,strict,train,False,6.552841968657781,active
CHEMBL201435,O=c1c(C2=NS(=O)(=O)c3ccccc3N2)c(O)c2ccccc2n1CCc1ccccc1,N=1Sc2ccccc2NC1C3=Cc4ccccc4N(C3)CCc5ccccc5,regression,strict,train,False,5.0,inactive
CHEMBL361207,O=C(O)c1cnc(N(C(=O)c2ccc(OCc3ccccc3)cc2)C2CCCCC2)s1,n1ccsc1N(Cc2ccc(OCc3ccccc3)cc2)C4CCCCC4,regression,strict,train,False,5.187086643357144,intermediate
CHEMBL206937,CCCC1(CC(=O)O)CCCc2c1[nH]c1ccccc21,c1ccc2c(c1)[nH]c3c2CCCC3,regression,strict,test,False,4.481486060122112,inactive
CHEMBL177122,O=C(O)c1ccc2c(c1)ncn2C1CCCCC1,n1cn(c2ccccc12)C3CCCCC3,regression,strict,train,False,3.730487055782084,inactive
CHEMBL178067,Cc1cc(C)c(-c2nc3cc(C(=O)O)ccc3n2C2CCCCC2)c(C)c1,n1c2ccccc2n(c1-c3ccccc3)C4CCCCC4,regression,strict,train,False,3.9208187539523753,inactive
CHEMBL1090,Nc1ncnc2c1ncn2[C@@H]1O[C@H](CO)[C@@H](O)[C@@H]1O,n1cnc2c(ncn2C3OCCC3)c1,regression,strict,train,False,4.301029995663981,inactive
CHEMBL368217,O=C(O)c1cnc(N(C(=O)c2ccc(OCc3ccccc3C(F)(F)F)cc2)C2CCCCC2)s1,n1ccsc1N(Cc2ccc(OCc3ccccc3)cc2)C4CCCCC4,regression,strict,train,False,5.292429823902063,intermediate
CHEMBL201770,O=C(O)CCCn1c(=O)c(C2=NS(=O)(=O)c3ccccc3N2)c(O)c2ccccc21,N=1Sc2ccccc2NC1C3=Cc4ccccc4NC3,regression,strict,train,False,5.0,inactive
CHEMBL4208977,CNC(=O)c1c(-c2ccc(F)cc2OC)oc2cc3c(cc12)C(C)CCCN3S(C)(=O)=O,o1c(cc2cc3c(cc12)NCCCC3)-c4ccccc4,regression,strict,train,False,7.251811972993799,active
CHEMBL380825,CN(C)c1ccc(/C=C2\SC(=S)N(N)C2=O)cc1,S1C(=Cc2ccccc2)CNC1,regression,strict,train,False,4.522878745280337,inactive
CHEMBL214820,CC(C)Oc1ccc(CCC2(C3CCCC3)CC(=O)CC(=O)O2)cc1,O1CCCCC1(CCc2ccccc2)C3CCCC3,regression,strict,test,False,5.769551078621726,intermediate
CHEMBL206150,CCCCC1(C(=O)O)CCc2c1[nH]c1c(C)ccc(C#N)c21,c1ccc2c(c1)[nH]c3c2CCC3,regression,strict,train,False,5.337242168318426,intermediate
CHEMBL177283,COc1ccc([C@H](NC(=O)c2ccc3c(c2)nc(-c2ccoc2)n3C2CCCCC2)C(=O)O)cc1OC,n1c2cc(ccc2n(c1-c3cocc3)C4CCCCC4)CNCc5ccccc5,regression,strict,train,False,6.3979400086720375,active
CHEMBL4437513,O=c1/c(=C\c2ccc(Cl)cc2Cl)sc2n1CN(c1ccccc1)CN=2,N1=C2SC(=Cc3ccccc3)CN2CN(c4ccccc4)C1,regression,strict,test,False,5.863279432843593,intermediate
CHEMBL187480,O=C(O)c1sc(-c2ccccc2)cc1NS(=O)(=O)c1ccc(C(F)(F)F)cn1,n1ccccc1SNc2csc(c2)-c3ccccc3,regression,strict,test,False,4.823908740944319,inactive
CHEMBL2017861,Nc1nc2c(s1)CCCn1c-2c(C2CCCCC2)c2ccc(C(=O)NC3(C(=O)Nc4ccc(/C=C/C(=O)O)cc4)CCCC3)cc21,n1csc2c1-c3c(c4ccc(cc4n3CCC2)CNC5(CNc6ccccc6)CCCC5)C7CCCCC7,regression,strict,test,False,5.315154638355588,intermediate
CHEMBL2236445,Cc1cccc(CSc2nc(-c3ccccc3C(F)(F)F)c(C#N)c(=O)[nH]2)c1,n1ccc(nc1SCc2ccccc2)-c3ccccc3,regression,strict,train,False,4.853871964321762,inactive
CHEMBL360224,CC(C)C[C@@]1(C(=O)O)C[C@H](C(=O)O)[C@@H](c2cccs2)N1C(=O)c1ccc(C(F)(F)F)cc1,s1cccc1C2N(Cc3ccccc3)CCC2,regression,strict,test,False,4.7447274948966935,inactive
CHEMBL177073,CS(=O)(=O)Nc1ccc2[nH]cc(C[C@H](NC(=O)c3ccc4c(c3)nc(-c3ccoc3)n4C3CCCCC3)C(=O)O)c2c1,n1c2cc(ccc2n(c1-c3cocc3)C4CCCCC4)CNCCc5c[nH]c6ccccc65,regression,strict,train,False,6.920818753952375,active
CHEMBL364942,CN(C)C(=O)Cn1c(-c2cccc(CN3CCCC(F)(F)C3)c2)c(C2CCCCC2)c2ccc(C(=O)O)cc21,c1ccc2c(c1)[nH]c(-c3cccc(c3)CN4CCCCC4)c2C5CCCCC5,regression,strict,train,False,7.744727494896693,active
CHEMBL3977780,CCOC(=O)[C@H](C)NP(=O)(Oc1ccc(Cl)cc1)OC(C)[C@H]1O[C@@H](n2ccc3c(N)ncnc32)[C@](C)(F)[C@@H]1O,n1cnc2c(c1)ccn2C3OC(COPOc4ccccc4)CC3,regression,strict,train,False,4.0,inactive
CHEMBL370754,C#Cc1c(C2CCCCC2)c2ccc(C(=O)O)cc2n1CC(=O)N1CCC(N(C)C)CC1,c1ccc2c(c1)c(cn2CCN3CCCCC3)C4CCCCC4,regression,strict,train,False,6.642065152999546,active
CHEMBL4469782,CCN(c1cc2oc(-c3ccc(F)cc3)c(C(=O)NC)c2cc1-c1cc(C)c(OC)c(C(=O)NC2(c3ncccn3)CC2)c1)S(C)(=O)=O,n1cccnc1C2(NCc3cccc(c3)-c4ccc5oc(cc5c4)-c6ccccc6)CC2,regression,strict,train,False,7.795880017344075,active
CHEMBL353546,O=C(O)c1ccc2c(c1)nc(C1CCCCC1)n2C1CCCCC1,n1c2ccccc2n(c1C3CCCCC3)C4CCCCC4,regression,strict,train,False,4.698970004336019,inactive
CHEMBL201457,O=c1c(C2=NS(=O)(=O)c3ccccc3N2)c(O)c2ccccc2n1CCc1cccs1,N=1Sc2ccccc2NC1C3=Cc4ccccc4N(C3)CCc5sccc5,regression,strict,train,False,5.0,inactive
CHEMBL361657,COc1ccc2c(C(=O)NC(CC(=O)O)C(=O)O)c(Br)ccc2c1C(F)(F)F,c1ccc2ccccc2c1,regression,strict,train,False,6.040958607678906,active
CHEMBL19332,O=C(O)C(=O)CC(=O)c1ccccc1,c1ccccc1,regression,strict,train,False,5.2441251443275085,intermediate
CHEMBL360456,CC(C)C[C@@]1(C(=O)O)C[C@H](C(=O)O)[C@H](C(C)C)N1C(=O)c1ccc(C(F)(F)F)cc1,c1ccc(cc1)CN2CCCC2,regression,strict,train,False,6.301029995663981,active
CHEMBL3121386,O=c1ccn([C@@H]2O[C@H](CO)[C@@H](O)[C@@]23CCO3)c(=O)[nH]1,[N]1[CH]C=CN([CH]1)C2OCCC32OCC3,regression,strict,train,False,4.0,inactive
CHEMBL4537114,CNC(=O)c1c(-c2ccc(F)cc2)oc2cc(N(c3ccc(B(O)O)c(C(F)(F)F)c3)S(C)(=O)=O)c(C3CC3)cc12,o1c(cc2cc(c(cc12)Nc3ccccc3)C4CC4)-c5ccccc5,regression,strict,train,False,8.958607314841775,active
CHEMBL4442797,COc1ccc(N2CN=c3s/c(=C/c4ccccc4Cl)c(=O)n3C2)cc1,N1=C2SC(=Cc3ccccc3)CN2CN(c4ccccc4)C1,regression,strict,test,False,5.899998417198648,intermediate
CHEMBL360365,O=c1c(C2=NS(=O)(=O)c3ccccc3N2)c(O)c2ccccc2n1NCc1ccco1,N=1Sc2ccccc2NC1C3=Cc4ccccc4N(NCc5occc5)C3,regression,strict,train,False,6.515700160653214,active
CHEMBL210693,CNS(=O)(=O)Nc1ccc2c(c1)S(=O)(=O)NC(c1c(O)c3ccccc3n(NC3CCC3)c1=O)=N2,N=1c2ccccc2SNC1C3=Cc4ccccc4N(NC5CCC5)C3,regression,strict,test,False,8.060480747381382,active
CHEMBL175095,O=C(O)C(=O)CC(=O)c1cccc(COc2ccccc2)c1,O(c1ccccc1)Cc2ccccc2,regression,strict,test,False,4.522878745280337,inactive
CHEMBL202261,CC(C)CCn1c(=O)c(C2=NS(=O)(=O)c3ccccc3N2)c(O)c2ccc(Br)cc21,N=1Sc2ccccc2NC1C3=Cc4ccccc4NC3,regression,strict,train,False,5.0,inactive
CHEMBL4579787,O=c1/c(=C\c2ccc(Cl)cc2Cl)sc2n1CN(c1ccc(Cl)cc1)CN=2,N1=C2SC(=Cc3ccccc3)CN2CN(c4ccccc4)C1,regression,strict,test,False,6.268000501111618,active
CHEMBL222231,COc1cc(OC)c(CCC2(C3CCCC3)CC(O)=C(Sc3nc4nc(C)cc(C)n4n3)C(=O)O2)cc1Cl,n1cccn2nc(nc12)SC3=CCC(OC3)(CCc4ccccc4)C5CCCC5,regression,strict,train,False,7.853871964321762,active
CHEMBL202319,O=c1c(C2=NS(=O)(=O)c3ccccc3N2)c(O)c2ccccc2n1CCC1CC1,N=1Sc2ccccc2NC1C3=Cc4ccccc4N(C3)CCC5CC5,regression,strict,test,False,7.886056647693163,active
CHEMBL3944097,COc1ccc2c(c1)CC1Cn3c-2c(C2CCCCC2)c2ccc(cc23)C(=O)NS(=O)(=O)N(C)CCOCCN(C)C1=O,O1CCNSNCc2ccc3c(c2)n4c(-c5ccccc5CC(CNCC1)C4)c3C6CCCCC6,regression,strict,train,False,6.3872161432802645,active
CHEMBL2236421,Cc1cccc(CSc2nc(-c3ccc(C(C)C)cc3)c(C#N)c(=O)[nH]2)c1,n1ccc(nc1SCc2ccccc2)-c3ccccc3,regression,strict,train,False,4.920818753952375,inactive
CHEMBL24548,Cc1cccc(CN(C(=O)c2ccc(Cl)cc2Cl)[C@@H](Cc2ccccc2)C(=O)O)c1,c1ccc(cc1)CN(Cc2ccccc2)CCc3ccccc3,regression,strict,train,False,5.7447274948966935,intermediate
CHEMBL4210678,CNC(=O)c1c(-c2ccc(F)cc2)oc2cc3c(cc12)C(=O)CCCN3S(C)(=O)=O,o1c(cc2cc3c(cc12)NCCCC3)-c4ccccc4,regression,strict,train,False,7.107905397309519,active
CHEMBL198098,Cc1coc(C)c1/C(O)=C/C(=O)C(=O)O,o1cccc1,regression,strict,train,False,4.318758762624412,inactive
CHEMBL199199,O=C(O)C(=O)/C=C(\O)c1ccccc1OCc1ccccc1,O(c1ccccc1)Cc2ccccc2,regression,strict,test,False,4.356547323513812,inactive
CHEMBL198878,O=C(O)C(=O)/C=C(\O)c1cc2c(s1)-c1cc(F)ccc1OC2,O1c2ccccc2-c3sccc3C1,regression,strict,train,False,4.568636235841013,inactive
CHEMBL364460,O=C(O)/C(=C/c1ccc(-c2cccc([N+](=O)[O-])c2)o1)NC(=O)c1ccccc1,o1c(C=CNCc2ccccc2)ccc1-c3ccccc3,regression,strict,train,False,4.6020599913279625,inactive
CHEMBL425221,CC(C)CCn1c(=O)c(C2=NS(=O)(=O)c3ccccc3N2)c(O)c2cc(NCC(=O)O)ccc21,N=1Sc2ccccc2NC1C3=Cc4ccccc4NC3,regression,strict,train,False,7.67778070526608,active
CHEMBL360543,CC(C)C[C@@]1(C(=O)O)C[C@H](C(=O)O)[C@H](c2ccccn2)N1C(=O)c1ccc(C(F)(F)F)cc1,n1ccccc1C2N(Cc3ccccc3)CCC2,regression,strict,train,False,6.154901959985743,active
CHEMBL3930991,CNC(=O)c1c(-c2ccc(F)cc2)oc2cc(N(C)S(C)(=O)=O)c(-c3ccc4nc(COC)n(Cc5ccc(F)cc5)c(=O)c4c3)cc12,N1=CN([CH]c2cc(ccc12)-c3ccc4oc(cc4c3)-c5ccccc5)Cc6ccccc6,regression,strict,train,False,9.096910013008056,active
CHEMBL4534885,CNC(=O)c1c(-c2ccc(F)cc2)oc2cc(N(CCO)S(C)(=O)=O)c(-c3cccc(C(=O)NC4(c5ccccc5)CC4)c3)cc12,o1c2ccc(cc2cc1-c3ccccc3)-c4cccc(c4)CNC5(c6ccccc6)CC5,regression,strict,train,False,8.244125144327509,active
CHEMBL2236453,CCCCCSc1nc(-c2ccc(Cl)cc2Cl)c(C#N)c(=O)[nH]1,n1cnc(cc1)-c2ccccc2,regression,strict,train,False,4.769999911123512,inactive
CHEMBL363846,CN(C)Cc1ccc(-c2c(C3CCCCC3)c3ccc(C(=O)O)cc3n2CC(=O)N(C)C)cc1,c1ccc(cc1)-c2[nH]c3ccccc3c2C4CCCCC4,regression,strict,test,False,6.036212172654444,active
CHEMBL4218362,CNC(=O)c1c(-c2ccc(F)cc2)oc2cc3c(cc12)C(C)n1ccnc1CN3S(C)(=O)=O,n1ccn2c1CNc3cc4oc(cc4cc3C2)-c5ccccc5,regression,strict,train,False,7.130768280269024,active
CHEMBL264034,COc1ccc(CCNC(=O)c2ccc3c(c2)nc(-c2ccc(OCC(=O)NCCCN(C)C)cc2)n3C2CCCCC2)cc1OC,n1c2cc(ccc2n(c1-c3ccccc3)C4CCCCC4)CNCCc5ccccc5,regression,strict,train,False,4.853871964321762,inactive
CHEMBL263310,COc1ccc(-c2nc3ncnc(O)c3nc2-c2ccc(OC)cc2)cc1,n1cnc2nc(-c3ccccc3)c(nc2c1)-c4ccccc4,regression,strict,test,False,4.0,inactive
CHEMBL374931,C[C@@]1(O)[C@H](O)[C@@H](COP(=O)(O)OP(=O)(O)OP(=O)(O)O)O[C@H]1n1cnc2c(N)ncnc21,n1cnc2c(ncn2C3OCCC3)c1,regression,strict,train,False,4.0,inactive
CHEMBL369552,CN(C)C(=O)Cn1c(-c2ccccc2Cl)c(C2CCCCC2)c2ccc(C(=O)O)cc21,c1ccc(cc1)-c2[nH]c3ccccc3c2C4CCCCC4,regression,strict,test,False,6.429457060118103,active
CHEMBL3902813,O=C(Nc1c(OCc2ccc(Cl)cc2)cccc1C(=O)O)c1ccccc1,O(c1ccccc1NCc2ccccc2)Cc3ccccc3,regression,strict,train,False,4.301029995663981,inactive
CHEMBL201406,CC(C)CCn1c(=O)c(C2=NS(=O)(=O)c3ccccc3N2)c(O)c2cc(Cl)ccc21,N=1Sc2ccccc2NC1C3=Cc4ccccc4NC3,regression,strict,train,False,7.366531544420414,active
CHEMBL362227,CCCC(C)Nc1ncnc2nc(-c3ccc(F)cc3)c(-c3ccc(F)cc3)nc12,n1cnc2nc(-c3ccccc3)c(nc2c1)-c4ccccc4,regression,strict,test,False,5.823908740944319,intermediate
CHEMBL4206116,CNC(=O)c1c(-c2ccc(F)cc2)oc2cc3c(cc12)[C@H](C)n1nncc1CN3S(C)(=O)=O,n1nn2c(c1)CNc3cc4oc(cc4cc3C2)-c5ccccc5,regression,strict,train,False,8.522878745280337,active
CHEMBL174542,CC1CCCCC1n1c(-c2ccccn2)nc2cc(C(=O)O)ccc21,n1ccccc1-c2nc3ccccc3n2C4CCCCC4,regression,strict,test,False,4.886056647693163,inactive
CHEMBL379796,O=C(O)c1ccc2c(c1)nc(-c1ccc(OCc3ccccc3-c3ccccc3)cc1Cl)n2C1CCCCC1,n1c2ccccc2n(c1-c3ccc(OCc4ccccc4-c5ccccc5)cc3)C6CCCCC6,regression,strict,train,False,6.455931955649724,active
CHEMBL4083322,CCCC(=O)Nc1ccn([C@@H]2O[C@H](CO[P@@](=O)(N[C@@H](C)C(=O)OC(C)C)Oc3ccccc3)[C@@H](O)[C@@]2(C)F)c(=O)n1,N1=CC=CN([CH]1)C2OC(COPOc3ccccc3)CC2,regression,strict,train,False,6.436518914605589,active
CHEMBL2387643,O=C(O)[C@H](Cc1ccccc1)N1C(=O)/C(=C/c2cccc(Oc3ccc(Cl)c(Cl)c3)c2)SC1=S,O(c1ccccc1)c2cccc(c2)C=C3SCN(C3)CCc4ccccc4,regression,strict,test,False,5.552841968657781,intermediate
CHEMBL4632955,C#C[C@@]1(O)[C@H](O)[C@@](F)(COP(=O)(O)OP(=O)(O)OP(=O)(O)O)O[C@H]1n1cnc2c(=O)[nH]c(N)nc21,n1cnc2c(ncn2C3OCCC3)c1,regression,strict,train,False,6.886056647693163,active
CHEMBL1092581,CNC(=O)c1c(-c2ccc(F)cc2)oc2cc(N(CCO)S(C)(=O)=O)c(C3CC3)cc12,o1c2ccc(cc2cc1-c3ccccc3)C4CC4,regression,strict,train,False,8.045757490560675,active
CHEMBL208585,CN(C)C(=O)Nc1ccc(-c2ccc(Cl)cc2)c(COc2ccc(-c3nc4cc(C(=O)O)ccc4n3C3CCCCC3)c(F)c2)c1,n1c2ccccc2n(c1-c3ccc(OCc4ccccc4-c5ccccc5)cc3)C6CCCCC6,regression,strict,train,False,7.657577319177793,active
CHEMBL4228807,Fc1ccccc1-c1nc2ccn(Cc3cn(Cc4cn5cccnc5n4)nn3)cc-2n1,n1nn(cc1Cn2ccc-3nc(nc3c2)-c4ccccc4)Cc5nc6ncccn6c5,regression,strict,test,False,7.670398751643481,active
CHEMBL178087,O=C(O)c1ccc2c(c1)cc(-c1ccc(O)cc1)n2C1CCCCC1,c1ccc(cc1)-c2cc3ccccc3n2C4CCCCC4,regression,strict,test,False,6.468521082957745,active
CHEMBL209444,CC(C)CCn1c(=O)c(C2=NS(=O)(=O)c3cc(NCC#N)ccc3N2)c(O)c2cccnc21,N=1Sc2ccccc2NC1c3cnc4ncccc4c3,regression,strict,train,False,7.619788758288394,active
CHEMBL212094,CC(C)CCn1c(=O)c(C2=NS(=O)(=O)c3cc(NS(=O)(=O)NN4CCCCC4)ccc3N2)c(O)c2cccnc21,N=1Sc2cc(ccc2NC1c3cnc4ncccc4c3)NSNN5CCCCC5,regression,strict,train,False,7.346787486224656,active
CHEMBL378218,CN(C)C(=O)c1ccc(COc2ccc(-c3nc4cc(C(=O)O)ccc4n3C3CCCCC3)cc2)c(-c2ccc(Cl)cc2)c1,n1c2ccccc2n(c1-c3ccc(OCc4ccccc4-c5ccccc5)cc3)C6CCCCC6,regression,strict,train,False,7.494850021680094,active
CHEMBL207508,CCCCC1(C(=O)O)CCc2c1[nH]c1c(Cl)ccc(Cl)c21,c1ccc2c(c1)[nH]c3c2CCC3,regression,strict,train,False,5.721246399047171,intermediate
CHEMBL361811,O=c1c(C2=NS(=O)(=O)c3ccccc3N2)c(O)c2ccccc2n1NCc1ccccc1Br,N=1Sc2ccccc2NC1C3=Cc4ccccc4N(NCc5ccccc5)C3,regression,strict,train,False,6.328827157284917,active
CHEMBL3126842,COc1ccc2c(c1)[C@@H]1C[C@]1(C(=O)N1C3CCC1CN(C)C3)Cn1c-2c(C2CCCCC2)c2ccc(C(=O)NS(=O)(=O)N(C)C)cc21,c1ccc2c(c1)c(c3-c4ccccc4C5CC5(Cn23)CN6C7CNCC6CC7)C8CCCCC8,regression,strict,train,False,6.721246399047171,active
CHEMBL176034,O=C(O)c1ccc2c(c1)nc(-c1ccc(Br)o1)n2C1CCCCC1,n1c2ccccc2n(c1-c3occc3)C4CCCCC4,regression,strict,train,False,4.522878745280337,inactive
CHEMBL194466,O=C(O)C(=O)/C=C(\O)c1cccn1Cc1ccc2ccccc2c1,c1ccc2cc(ccc2c1)Cn3cccc3,regression,strict,train,False,4.886056647693163,inactive
CHEMBL202271,C#CCCn1c(=O)c(C2=NS(=O)(=O)c3ccccc3N2)c(O)c2ccccc21,N=1Sc2ccccc2NC1C3=Cc4ccccc4NC3,regression,strict,train,False,6.928117992693875,active
CHEMBL4228677,Fc1ccccc1-c1nc2ccn(Cc3cn(-c4ccccc4)nn3)cc-2n1,n1nn(cc1Cn2ccc-3nc(nc3c2)-c4ccccc4)-c5ccccc5,regression,strict,train,False,7.641494088509765,active
CHEMBL175002,Nc1ccc2[nH]cc(C[C@H](NC(=O)c3ccc4c(c3)nc(-c3ccoc3)n4C3CCCCC3)C(=O)O)c2c1,n1c2cc(ccc2n(c1-c3cocc3)C4CCCCC4)CNCCc5c[nH]c6ccccc65,regression,strict,train,False,7.045757490560675,active
CHEMBL66064,O=C1NC(=S)S/C1=C\c1ccc([N+](=O)[O-])cc1,S1C(=Cc2ccccc2)CNC1,regression,strict,train,False,4.657577319177793,inactive
CHEMBL4204025,CNC(=O)c1c(-c2ccc(F)cc2)oc2cc3c(cc12)[C@H](C)O[C@H](CO)CN3S(C)(=O)=O,o1c(cc2cc3c(cc12)NCCOC3)-c4ccccc4,regression,strict,test,False,8.522878745280337,active
CHEMBL184121,COc1ccc2ccccc2c1C(=O)NC(CC(=O)O)C(=O)O,c1ccc2ccccc2c1,regression,strict,train,False,5.0,inactive
CHEMBL364668,O=C(O)/C(=C/c1ccc(-c2ccccc2CO)s1)NC(=O)c1ccccc1,s1c(C=CNCc2ccccc2)ccc1-c3ccccc3,regression,strict,train,False,4.698970004336019,inactive
CHEMBL381699,CS(=O)(=O)CCn1c(=O)c(C2=NS(=O)(=O)c3ccccc3N2)c(O)c2ccccc21,N=1Sc2ccccc2NC1C3=Cc4ccccc4NC3,regression,strict,train,False,5.634137784597445,intermediate
CHEMBL181570,CCCCCCC(=O)N1[C@@H](c2cccs2)[C@@H](C(=O)O)C[C@@]1(CC(C)C)C(=O)O,s1cccc1C2NCCC2,regression,strict,train,False,4.698970004336019,inactive
CHEMBL2236458,CCCCCSc1nc(-c2cccc(C)c2)c(C#N)c(=O)[nH]1,n1cnc(cc1)-c2ccccc2,regression,strict,train,False,4.7447274948966935,inactive
CHEMBL383960,O=C(O)c1ccc2c(C3CCCC3)c(-c3ccoc3)[nH]c2c1,o1ccc(c1)-c2[nH]c3ccccc3c2C4CCCC4,regression,strict,test,False,7.602059991327962,active
CHEMBL3286449,CC(OP(=O)(O)OP(=O)(O)OP(=O)(O)O)[C@]12CO[C@H]([C@@H]1O)[C@H](n1cnc3c(=O)[nH]c(N)nc31)O2,n1cnc2c(ncn2C3OC4COC3C4)c1,regression,strict,train,False,4.600153287287077,inactive
CHEMBL205029,O=C(O)c1ccc2c(c1)nc(-c1ccc(OCc3ccncc3)cc1)n2C1CCCC1,n1ccc(cc1)COc2ccc(cc2)-c3nc4ccccc4n3C5CCCC5,regression,strict,train,False,5.376750709602099,intermediate
CHEMBL4449238,CNC(=O)c1c(-c2ccc(F)cc2)oc2cc(-c3ncnn3-c3ccc(B(O)O)c(F)c3)c(C3CC3)cc12,n1cnn(-c2ccccc2)c1-c3cc4oc(cc4cc3C5CC5)-c6ccccc6,regression,strict,train,False,8.920818753952375,active
CHEMBL363342,CC(C)N(C)Cc1cccc(-c2c(C3CCCCC3)c3ccc(C(=O)O)cc3n2CC(=O)N(C)C)c1,c1ccc(cc1)-c2[nH]c3ccccc3c2C4CCCCC4,regression,strict,test,False,7.107905397309519,active
CHEMBL382984,CCCCS(=O)(=O)NC(=O)Nc1sc2c(c1C(=O)OCC)CCCC2,s1ccc2c1CCCC2,regression,strict,test,False,5.309803919971486,intermediate
CHEMBL183281,O=C(O)c1csc(N(C(=O)c2ccc(Oc3ccccc3)cc2)C2CCCCC2)n1,n1ccsc1N(Cc2ccc(Oc3ccccc3)cc2)C4CCCCC4,regression,strict,train,False,5.0,inactive
CHEMBL188442,O=C(O)/C(=C/c1ccc(Oc2ccccc2Br)cc1)NC(=O)c1ccccc1,O(c1ccccc1)c2ccc(C=CNCc3ccccc3)cc2,regression,strict,train,False,7.0,active
CHEMBL4213893,CNC(=O)c1c(-c2ccc(Oc3ccc(F)cc3)cc2)oc2cc3c(cc12)C(C)CCCN3S(C)(=O)=O,O(c1ccccc1)c2ccc(cc2)-c3oc4cc5NCCCCc5cc4c3,regression,strict,train,False,7.853871964321762,active
CHEMBL180948,CC(C)C[C@@]1(C(=O)O)C[C@H](C(=O)O)[C@H](c2cccs2)N1C(=O)c1ccc(C(F)(F)F)cc1,s1cccc1C2N(Cc3ccccc3)CCC2,regression,strict,test,False,6.721246399047171,active
CHEMBL2092825,C[C@H]1CC[C@H](N(C(=O)c2ccc(Oc3ccccc3)cc2)c2ncc(C(=O)O)s2)CC1,n1ccsc1N(Cc2ccc(Oc3ccccc3)cc2)C4CCCCC4,regression,strict,train,False,5.301029995663981,intermediate
CHEMBL4110895,Nc1ccn(C2OC(CO)[C@@H](O)[C@]23CCCO3)c(=O)n1,N1=CC=CN([CH]1)C2OCCC32OCCC3,regression,strict,test,False,4.343901797987168,inactive
CHEMBL194448,O=C(O)CCCC(=O)N/C(=C\c1ccc(Oc2ccccc2I)cc1)C(=O)O,O(c1ccccc1)c2ccccc2,regression,strict,train,False,6.080921907623926,active
CHEMBL175364,N#CCCCOc1ccc(OCc2ccccc2C#N)cc1/C(O)=C/C(=O)C(=O)O,O(c1ccccc1)Cc2ccccc2,regression,strict,test,False,4.301029995663981,inactive
CHEMBL379184,CCOC(=O)COC(=O)NS(=O)(=O)Nc1ccc2c(c1)S(=O)(=O)NC(c1c(O)c3cccnc3n(CCC(C)C)c1=O)=N2,n1cccc2cc(cnc12)C3=Nc4ccccc4SN3,regression,strict,train,False,7.214670164989233,active
CHEMBL375133,CC(C)NC(=O)c1ccc(-c2ccc(Cl)cc2)c(COc2ccc(-c3nc4cc(C(=O)O)ccc4n3C3CCCCC3)c(F)c2)c1,n1c2ccccc2n(c1-c3ccc(OCc4ccccc4-c5ccccc5)cc3)C6CCCCC6,regression,strict,train,False,7.886056647693163,active
CHEMBL362834,CN(C)C(=O)Cn1c(-c2cccc(Cl)c2)c(C2CCCCC2)c2ccc(C(=O)O)cc21,c1ccc(cc1)-c2[nH]c3ccccc3c2C4CCCCC4,regression,strict,test,False,8.346787486224656,active
CHEMBL556442,O=C(CN1C(=O)S/C(=C\c2ccc(Cl)cc2)C1=O)Nc1ccc(Cl)cc1,S1C(=Cc2ccccc2)CN(C1)CCNc3ccccc3,regression,strict,train,False,6.678008252452735,active
CHEMBL199153,O=C(O)C(=O)/C=C(\O)c1ccsc1Cc1ccc(F)cc1,s1cccc1Cc2ccccc2,regression,strict,train,False,4.7447274948966935,inactive
CHEMBL369640,CC(C)n1c(-c2ccccn2)nc2cc(C(=O)O)ccc21,n1ccccc1-c2nc3ccccc3[nH]2,regression,strict,train,False,3.38933983691012,inactive
CHEMBL201601,CC(C)CCn1c(=O)c(C2=NS(=O)(=O)c3ccccc3N2)c(O)c2cc(I)ccc21,N=1Sc2ccccc2NC1C3=Cc4ccccc4NC3,regression,strict,train,False,5.0,inactive
CHEMBL276969,O=C(O)CN(Cc1cccc(Br)c1)C(=O)c1ccc(Cl)cc1Cl,c1ccc(cc1)CNCc2ccccc2,regression,strict,train,False,4.275724130399211,inactive
CHEMBL4112523,C[C@@]1(N)[C@H](O)[C@@H](COP(=O)(O)OP(=O)(O)OP(=O)(O)O)O[C@H]1c1ccc2c(N)ncnn12,n1cnn2c(c1)ccc2C3OCCC3,regression,strict,train,False,5.958607314841775,intermediate
CHEMBL4474552,CCN(c1cc2oc(-c3ccc(F)cc3)c(C(=O)NC)c2cc1-c1cc(F)c(F)c(C(=O)NC2(c3ncccn3)CC2)c1)S(C)(=O)=O,n1cccnc1C2(NCc3cccc(c3)-c4ccc5oc(cc5c4)-c6ccccc6)CC2,regression,strict,train,False,8.045757490560675,active
CHEMBL359523,O=C(O)c1ncnc2c1nc(-c1ccoc1)n2C1CCCCC1,n1cnc2c(nc(-c3cocc3)n2C4CCCCC4)c1,regression,strict,train,False,5.795880017344075,intermediate
CHEMBL183722,CCCC(C)Nc1ncnc2nc(-c3ccccc3)c(-c3ccccc3)nc12,n1cnc2nc(-c3ccccc3)c(nc2c1)-c4ccccc4,regression,strict,test,False,5.221848749616356,intermediate
CHEMBL309579,Nc1ncnc2c1ncn2[C@@H]1O[C@H](CO)[C@@H](O)[C@H]1F,n1cnc2c(ncn2C3OCCC3)c1,regression,strict,train,False,4.301029995663981,inactive
CHEMBL3121492,Nc1ccn([C@@H]2O[C@H](COP(=O)(O)OP(=O)(O)OP(=O)(O)O)[C@@H](O)[C@]23CCO3)c(=O)n1,N1=CC=CN([CH]1)C2OCCC32OCC3,regression,strict,train,False,4.0,inactive
CHEMBL215351,CCCC1(CCc2ccc(OC)cc2)CC(=O)CC(=O)O1,O1CCCCC1CCc2ccccc2,regression,strict,test,False,4.301029995663981,inactive
CHEMBL201332,O=c1c(C2=NS(=O)(=O)c3ccccc3N2)c(O)c2ccccc2n1Cc1cccc(Br)c1,N=1Sc2ccccc2NC1C3=Cc4ccccc4N(Cc5ccccc5)C3,regression,strict,train,False,7.443697499232712,active
CHEMBL4209334,CNC(=O)c1c(-c2ccc(F)cc2)oc2cc3c(cc12)[C@@H](C)O[C@@H](CS(C)(=O)=O)CN3S(C)(=O)=O,o1c(cc2cc3c(cc12)NCCOC3)-c4ccccc4,regression,strict,test,False,5.917933065714887,intermediate
CHEMBL363830,CN(C)C(=O)Cn1c(-c2cccnc2)c(C2CCCCC2)c2ccc(C(=O)O)cc21,n1cccc(c1)-c2[nH]c3ccccc3c2C4CCCCC4,regression,strict,train,False,6.478861916295964,active
CHEMBL210674,CC(C)CCn1c(=O)c(C2=NS(=O)(=O)c3cc(NS(=O)(=O)NN4CCC4)ccc3N2)c(O)c2cccnc21,N=1Sc2cc(ccc2NC1c3cnc4ncccc4c3)NSNN5CCC5,regression,strict,train,False,7.619788758288394,active
CHEMBL4213075,CCCCCCN(C)C.CCCCCCN(C)C.CCCCCCN(C)C.CCCCCCN(C)C.C[C@@]1(F)[C@H](O)[C@@H](COP(=O)(O)OP(=O)(O)OP(=O)(O)O)O[C@H]1n1ccc(=O)[nH]c1=O,[N]1[CH]C=CN([CH]1)C2OCCC2,regression,strict,test,False,5.958607314841775,intermediate
CHEMBL2017857,O=C(O)/C=C/c1ccc(NC(=O)C2(NC(=O)c3ccc4c(C5CCCCC5)c5n(c4c3)CCCc3ocnc3-5)CCCC2)cc1,n1coc2c1-c3c(c4ccc(cc4n3CCC2)CNC5(CNc6ccccc6)CCCC5)C7CCCCC7,regression,strict,train,False,5.232844133917819,intermediate
CHEMBL205026,O=C(O)c1nc(-c2ccco2)nc(O)c1O,n1cccnc1-c2occc2,regression,strict,train,False,6.619788758288394,active
CHEMBL3930798,COc1nc(N)nc2c1ncn2C1OC(COP(=O)(N[C@@H](C)C(=O)OC2CCCC2)Oc2ccccc2)[C@@H](O)[C@]12CCO2,n1cnc2c(ncn2C3OC(COP(Oc4ccccc4)NCCOC5CCCC5)CC63OCC6)c1,regression,strict,train,False,6.346787486224656,active
CHEMBL203426,Nc1ccc2c(c1)c(O)c(C1=NS(=O)(=O)c3ccccc3N1)c(=O)n2CCC1CC1,N=1Sc2ccccc2NC1C3=Cc4ccccc4N(C3)CCC5CC5,regression,strict,test,False,7.494850021680094,active
CHEMBL4644026,CNC(=O)c1c(-c2ccc(F)cc2)oc2cc(N(C)S(C)(=O)=O)c(-c3ccc4nc(C)n([C@H](COC)c5ccc(F)cc5)c(=O)c4c3)cc12,N1=CN([CH]c2cc(ccc12)-c3ccc4oc(cc4c3)-c5ccccc5)Cc6ccccc6,regression,strict,train,False,9.221848749616356,active
CHEMBL379855,O=S(=O)(c1cc(Cl)cc(Cl)c1O)N1CCCC1,S(c1ccccc1)N2CCCC2,regression,strict,train,False,5.318758762624412,intermediate
CHEMBL3902137,CCCCOC(=O)[C@H](C)NP(=O)(Oc1cccc2ccccc12)O[C@H](C)[C@H]1O[C@@H](n2cc(F)c3c(N)ncnc32)[C@](C)(O)[C@@H]1O,n1cnc2c(c1)ccn2C3OC(COPOc4cccc5ccccc45)CC3,regression,strict,test,False,4.0,inactive
CHEMBL4203126,CNC(=O)c1c(-c2ccc(F)cc2)oc2cc3c(cc12)CCCCCCN3S(C)(=O)=O,o1c(cc2cc3c(cc12)NCCCCCC3)-c4ccccc4,regression,strict,train,False,7.585026652029182,active
CHEMBL2236446,N#Cc1c(-c2ccccc2C(F)(F)F)nc(SCc2ccc(OC(F)(F)F)cc2)[nH]c1=O,n1ccc(nc1SCc2ccccc2)-c3ccccc3,regression,strict,train,False,5.036212172654444,intermediate
CHEMBL4107955,CC(O)[C@H]1O[C@@H](n2cnc3c(OCc4ccccc4)nc(NC(=O)c4ccccc4)nc32)[C@](C)(F)[C@@H]1O,n1cn(c2nc(nc(OCc3ccccc3)c12)NCc4ccccc4)C5OCCC5,regression,strict,train,False,4.853871964321762,inactive
CHEMBL199039,O=C(O)C(=O)/C=C(\O)c1ccco1,o1cccc1,regression,strict,train,False,4.301029995663981,inactive
CHEMBL369319,CN(C)C(=O)Cn1c(-c2ccc(OCc3ccccc3)cc2)c(C2CCCCC2)c2ccc(C(=O)O)cc21,O(c1ccc(cc1)-c2[nH]c3ccccc3c2C4CCCCC4)Cc5ccccc5,regression,strict,test,False,8.585026652029182,active
CHEMBL4107549,CC(O)[C@H]1O[C@@H](n2ccc3c(N)ncnc32)[C@](C)(F)[C@@H]1O,n1cnc2c(c1)ccn2C3OCCC3,regression,strict,train,False,4.0,inactive
CHEMBL216865,O=C(O)c1ccc2c(C3CCCCC3)c3n(c2c1)CCN(CCc1ccccc1)c1ccccc1-3,c1ccc(cc1)CCN2c3ccccc3-c4c(c5ccccc5n4CC2)C6CCCCC6,regression,strict,train,False,7.585026652029182,active
CHEMBL2236416,N#Cc1c(-c2ccc(Br)cc2)nc(SCc2ccccc2Br)[nH]c1=O,n1ccc(nc1SCc2ccccc2)-c3ccccc3,regression,strict,train,False,5.0,inactive
CHEMBL4215462,C#C[C@@]1(O)[C@H](O)[C@@H](COP(=O)(O)OP(=O)(O)OP(=O)(O)O)O[C@H]1n1ccc(=O)[nH]c1=O.CCN(CC)CC.CCN(CC)CC.CCN(CC)CC.CCN(CC)CC,[N]1[CH]C=CN([CH]1)C2OCCC2,regression,strict,test,False,7.045757490560675,active
CHEMBL3286448,C[C@]12OC[C@](COP(=O)(O)OP(=O)(O)OP(=O)(O)O)(O[C@H]1n1cnc3c(=O)[nH]c(N)nc31)[C@H]2O,n1cnc2c(ncn2C3OC4COC3C4)c1,regression,strict,train,False,6.318758762624412,active
CHEMBL178443,CC(C)C[C@@]1(C(=O)O)C[C@H](C(=O)O)[C@H](c2cccs2)N1C(=O)c1ccccc1C(F)(F)F,s1cccc1C2N(Cc3ccccc3)CCC2,regression,strict,test,False,4.698970004336019,inactive
CHEMBL206047,CCCC1(CC(=O)O)CCCc2c1[nH]c1cc(F)cc(F)c21,c1ccc2c(c1)[nH]c3c2CCCC3,regression,strict,test,False,4.522878745280337,inactive
CHEMBL378524,O=C(O)c1ccc2c(c1)nc(-c1ccc(OCc3ncccc3-c3ccc(Cl)cc3)cc1)n2C1CCCCC1,n1cccc(-c2ccccc2)c1COc3ccc(cc3)-c4nc5ccccc5n4C6CCCCC6,regression,strict,train,False,6.823908740944319,active
CHEMBL3917174,CCCCOC(=O)[C@H](C)NP(=O)(Oc1cccc2ccccc12)O[C@H](C)[C@H]1O[C@@H](n2ccc(N)nc2=O)[C@](C)(O)[C@@H]1O,N1=CC=CN([CH]1)C2OC(COPOc3cccc4ccccc34)CC2,regression,strict,test,False,5.0,inactive
CHEMBL4208697,CONC(=O)c1c(-c2ccc(F)cc2)oc2cc3c(cc12)CCCCN3S(C)(=O)=O,o1c(cc2cc3c(cc12)NCCCC3)-c4ccccc4,regression,strict,train,False,7.508638306165727,active
CHEMBL368163,Cc1[nH]c2ccc(O)cc2c1C[C@H](NC(=O)c1ccc2c(c1)nc(-c1ccoc1)n2C1CCCCC1)C(=O)O,n1c2cc(ccc2n(c1-c3cocc3)C4CCCCC4)CNCCc5c[nH]c6ccccc65,regression,strict,train,False,6.337242168318426,active
CHEMBL4213964,CNC(=O)c1c(-c2ccc(F)cc2)oc2cc3c(cc12)[C@H](C)N(C)C(=O)CN3S(C)(=O)=O,o1c(cc2cc3c(cc12)NCCNC3)-c4ccccc4,regression,strict,train,False,7.886056647693163,active
CHEMBL183403,O=C(O)c1cnc(N(C(=O)c2ccc(Oc3ccccc3)cc2)C2CCS(=O)(=O)CC2)s1,n1ccsc1N(Cc2ccc(Oc3ccccc3)cc2)C4CCSCC4,regression,strict,train,False,4.301029995663981,inactive
CHEMBL4641335,CC(C)OC(=O)[C@H](C)N[P@](=O)(OC[C@H]1O[C@@H](n2ccc(=O)[nH]c2=O)[C@](Cl)(Br)[C@@H]1O)Oc1cccc2ccccc12,[N]1[CH]C=CN([CH]1)C2OC(COPOc3cccc4ccccc34)CC2,regression,strict,train,False,6.97469413473523,active
CHEMBL191813,COc1ccccc1Oc1ccc(/C=C(\NC(=O)c2ccccc2)C(=O)O)cc1,O(c1ccccc1)c2ccc(C=CNCc3ccccc3)cc2,regression,strict,train,False,4.823908740944319,inactive
CHEMBL425607,CNC(=O)COc1ccc2c(c1)S(=O)(=O)NC(c1c(O)c3cccnc3n(CCC(C)C)c1=O)=N2,n1cccc2cc(cnc12)C3=Nc4ccccc4SN3,regression,strict,train,False,7.096910013008056,active
CHEMBL2296656,Cc1ncc(COc2ccc(-c3nc4cc(C(=O)O)ccc4n3C3CCCCC3)c(F)c2)c(-c2ccc(Cl)cc2)n1,n1cnc(-c2ccccc2)c(c1)COc3ccc(cc3)-c4nc5ccccc5n4C6CCCCC6,regression,strict,test,False,6.72584215073632,active
CHEMBL202304,CC(C)CCn1c(=O)c(C2=NS(=O)(=O)c3ccccc3N2)c(O)c2cccc([N+](=O)[O-])c21,N=1Sc2ccccc2NC1C3=Cc4ccccc4NC3,regression,strict,train,False,5.0,inactive
CHEMBL201533,O=C1/C(=C/c2ccccc2)SC(=S)N1NS(=O)(=O)c1ccccc1,S(NN1CSC(=Cc2ccccc2)C1)c3ccccc3,regression,strict,train,False,4.522878745280337,inactive
CHEMBL3954120,CCCCOC(=O)[C@H](C)NP(=O)(Oc1cccc2ccccc12)OC(C)[C@H]1O[C@@H](n2ccc3c(N)ncnc32)[C@](C)(O)[C@@H]1O,n1cnc2c(c1)ccn2C3OC(COPOc4cccc5ccccc45)CC3,regression,strict,test,False,5.698970004336019,intermediate
CHEMBL4279640,CNC(=O)c1c(-c2ccc(F)cc2)oc2nc(C(C)C)c(-c3cccc(C(=O)NC(C)(C)C)c3)cc12,n1cc(cc2cc(oc12)-c3ccccc3)-c4ccccc4,regression,strict,train,False,7.1938200260161125,active
CHEMBL2236791,Cc1cccc(CSc2nc(-c3ccc(Cl)cc3Cl)c(C#N)c(=O)[nH]2)c1,n1ccc(nc1SCc2ccccc2)-c3ccccc3,regression,strict,train,False,4.481486060122112,inactive
CHEMBL4460709,O=C(CN1C(=O)S/C(=C\c2ccccc2Cl)C1=O)Nc1ccc(Cl)cc1,S1C(=Cc2ccccc2)CN(C1)CCNc3ccccc3,regression,strict,train,False,5.52432881167557,intermediate
CHEMBL4114131,Nc1nc2c(ncn2C2OC(CO)[C@@H](O)[C@]23CCO3)c(=O)[nH]1,n1cnc2c(ncn2C3OCCC43OCC4)c1,regression,strict,train,False,4.698970004336019,inactive
CHEMBL196012,O=C(O)C(=O)/C=C(\O)c1ccccc1Cc1ccc(F)cc1,c1ccc(cc1)Cc2ccccc2,regression,strict,train,False,5.080921907623926,intermediate
CHEMBL4217481,CNC(=O)c1c(-c2ccc(F)cc2)oc2cc3c(cc12)[C@H](C)O[C@@H](CS(C)(=O)=O)CN3S(C)(=O)=O,o1c(cc2cc3c(cc12)NCCOC3)-c4ccccc4,regression,strict,test,False,7.886056647693163,active
CHEMBL4204634,CNC(=O)c1c(-c2ccc(F)cc2)nc2cc3c(cn12)C(C)CCCN3S(C)(=O)=O,n1c(cn2cc3c(cc12)NCCCC3)-c4ccccc4,regression,strict,train,False,6.739928612014925,active
CHEMBL3955887,CNC(=O)c1c(-c2ccc(F)cc2)oc2cc(N(C)S(C)(=O)=O)c(-c3ccc4c(n3)C(=O)N(Cc3ccc(F)cc3)CO4)cc12,n1c(ccc2OCN(Cc3ccccc3)Cc12)-c4ccc5oc(cc5c4)-c6ccccc6,regression,strict,train,False,9.522878745280336,active
CHEMBL4107076,CC(O)[C@H]1O[C@@H](n2cc(-c3cc[nH]n3)c3c(N)ncnc32)[C@](C)(F)[C@@H]1O,n1cnc2c(c1)c(cn2C3OCCC3)-c4n[nH]cc4,regression,strict,train,False,4.0,inactive
CHEMBL206461,O=C(O)c1ccc2c(c1)nc(-c1ccc(OCc3ccccc3)cc1)n2C1CCCC1,n1c2ccccc2n(c1-c3ccc(OCc4ccccc4)cc3)C5CCCC5,regression,strict,train,False,5.494850021680094,intermediate
CHEMBL364684,O=C(Cc1ccc(C(F)(F)F)cc1)N/C(=C\c1ccc(Oc2ccccc2Br)cc1)C(=O)O,O(c1ccccc1)c2ccc(C=CNCCc3ccccc3)cc2,regression,strict,train,False,6.0,intermediate
CHEMBL3922869,CNC(=O)c1c(-c2ccc(F)cc2)oc2cc(N(C)S(C)(=O)=O)c(-c3ccc4c(n3)C(=O)N(c3ccc(F)cc3)CO4)cc12,n1c(ccc2OCN(c3ccccc3)Cc12)-c4ccc5oc(cc5c4)-c6ccccc6,regression,strict,train,False,8.823908740944319,active
CHEMBL394033,COc1ccccc1CNS(=O)(=O)Nc1ccc2c(c1)S(=O)(=O)N=C(c1c(O)c3cccnc3n(CCC(C)C)c1=O)N2,N=1Sc2cc(ccc2NC1c3cnc4ncccc4c3)NSNCc5ccccc5,regression,strict,train,False,7.244125144327507,active
CHEMBL211336,CC(C)CCn1c(=O)c(C2=NS(=O)(=O)c3cc(NS(=O)(=O)C(C)C)ccc3N2)c(O)c2cccnc21,N=1Sc2ccccc2NC1c3cnc4ncccc4c3,regression,strict,train,False,8.522878745280337,active
CHEMBL4451879,CNC(=O)c1c(-c2ccc(F)cc2)oc2cc(N(CCO)S(C)(=O)=O)c(-c3cccc(C(=O)NC4(c5ccccn5)CC4)c3)cc12,n1ccccc1C2(NCc3cccc(c3)-c4ccc5oc(cc5c4)-c6ccccc6)CC2,regression,strict,train,False,7.657577319177793,active
CHEMBL198813,O=C(O)C(=O)/C=C(\O)c1cccc(NS(=O)(=O)c2cc(Cl)cc(Cl)c2)c1,S(Nc1ccccc1)c2ccccc2,regression,strict,test,False,6.853871964321762,active
CHEMBL4451951,O=c1/c(=C\c2ccc(Cl)cc2)sc2n1CN(c1ccc(Cl)cc1)CN=2,N1=C2SC(=Cc3ccccc3)CN2CN(c4ccccc4)C1,regression,strict,test,False,5.740000204918113,intermediate
CHEMBL3651437,CNC(=O)c1c(-c2ccc(F)cc2)oc2ccc(-c3cc(C(=O)NC4(c5ncccn5)COC4)cc(F)c3C)c(F)c12,n1cccnc1C2(NCc3cccc(c3)-c4ccc5oc(cc5c4)-c6ccccc6)COC2,regression,strict,train,False,8.221848749616356,active
CHEMBL426830,O=C(O)C(=O)/C=C(\O)c1cc(O)cc(OCc2ccccc2)c1,O(c1ccccc1)Cc2ccccc2,regression,strict,test,False,5.853871964321762,intermediate
CHEMBL4640738,CCCC1(CC(=O)O)OCCC2c3c(CC)ccc(Cl)c3NC21,O1CCC2c3ccccc3NC2C1,regression,strict,train,False,5.522878745280337,intermediate
CHEMBL372685,O=C(CCC1CCCC1)N/C(=C\c1ccc(Oc2ccccc2C(F)(F)F)cc1)C(=O)O,O(c1ccccc1)c2ccc(C=CNCCCC3CCCC3)cc2,regression,strict,test,False,5.200659450546418,intermediate
CHEMBL2236457,N#Cc1c(-c2ccc(Br)cc2)nc(SCC2CCCCO2)[nH]c1=O,n1ccc(nc1SCC2OCCCC2)-c3ccccc3,regression,strict,test,False,4.301029995663981,inactive
CHEMBL201350,CC(C)(C)c1ccc(Cn2c(=O)c(C3=NS(=O)(=O)c4ccccc4N3)c(O)c3ccccc32)cc1,N=1Sc2ccccc2NC1C3=Cc4ccccc4N(Cc5ccccc5)C3,regression,strict,train,False,5.0,inactive
CHEMBL191059,CN(C)C(=O)CN(C)C(=O)Cn1c(-c2ccc(Cl)cc2)c(C2CCCCC2)c2ccc(C(=O)O)cc21,c1ccc(cc1)-c2[nH]c3ccccc3c2C4CCCCC4,regression,strict,test,False,7.769551078621726,active
CHEMBL190428,COc1ccc(-c2c(C3CCCCC3)c3ccc(C(=O)O)cc3n2CC(=O)N2CCC(N(C)C)CC2)cc1,c1ccc(cc1)-c2c(c3ccccc3n2CCN4CCCCC4)C5CCCCC5,regression,strict,train,False,8.045757490560675,active
CHEMBL4643882,CNC(=O)c1c(-c2ccc(F)cc2)oc2cc(N(C)S(C)(=O)=O)c(-c3ccc4nc(C)n(Cc5ccc(F)cc5OC)c(=O)c4c3)cc12,N1=CN([CH]c2cc(ccc12)-c3ccc4oc(cc4c3)-c5ccccc5)Cc6ccccc6,regression,strict,train,False,9.0,active
CHEMBL377720,O=C1/C(=C/c2ccc(Cl)cc2)SC(=S)N1NS(=O)(=O)c1ccccc1,S(NN1CSC(=Cc2ccccc2)C1)c3ccccc3,regression,strict,train,False,5.823908740944319,intermediate
CHEMBL75343,C[C@@]1(O)[C@H](O)[C@@H](CO)O[C@H]1n1cnc2cncnc21,n1cnc2c(ncn2C3OCCC3)c1,regression,strict,train,False,4.301029995663981,inactive
CHEMBL360715,Oc1ncnc2nc3c(nc12)C1CCCCC31,n1cnc2nc3c(nc2c1)C4CCCCC34,regression,strict,train,False,4.0,inactive
CHEMBL367225,O=C(N[C@@H](Cc1c[nH]c2ccc(O)cc12)C(=O)O)c1ccc2c(c1)nc(-c1ccoc1)n2C1CCCCC1,n1c2cc(ccc2n(c1-c3cocc3)C4CCCCC4)CNCCc5c[nH]c6ccccc65,regression,strict,train,False,7.301029995663981,active
CHEMBL192112,Nc1ccc(Oc2ccc(/C=C(\NC(=O)CCC3CCCC3)C(=O)O)cc2)c(C(F)(F)F)c1,O(c1ccccc1)c2ccc(C=CNCCCC3CCCC3)cc2,regression,strict,test,False,4.853871964321762,inactive
CHEMBL383501,CC(C)(C)[C@H]1C(O)=C(C2=NS(=O)(=O)c3ccccc3N2)C(=O)N1CCC1CC1,N=1Sc2ccccc2NC1C3=CCN(C3)CCC4CC4,regression,strict,train,False,6.275724130399211,active
CHEMBL195802,O=C(CCc1ccc(F)cc1)N/C(=C\c1ccc(Oc2ccccc2Br)cc1)C(=O)O,O(c1ccccc1)c2ccc(C=CNCCCc3ccccc3)cc2,regression,strict,train,False,6.221848749616356,active
CHEMBL201814,C=CCCn1c(=O)c(C2=NS(=O)(=O)c3ccccc3N2)c(O)c2ccccc21,N=1Sc2ccccc2NC1C3=Cc4ccccc4NC3,regression,strict,train,False,7.045757490560675,active
CHEMBL362617,O=C(O)c1cnc(N(C(=O)c2ccc(OC3CCCCC3)cc2)C2CCCCC2)s1,n1ccsc1N(Cc2ccc(OC3CCCCC3)cc2)C4CCCCC4,regression,strict,train,False,5.259637310505756,intermediate
CHEMBL372984,O=C(O)C(=O)/C=C(\O)c1cccn1Cc1ccccc1Cl,c1ccc(cc1)Cn2cccc2,regression,strict,train,False,4.619788758288394,inactive
CHEMBL223482,C[C@@]1(F)[C@H](O)[C@@H](CO)O[C@H]1n1ccc(N)nc1=O,N1=CC=CN([CH]1)C2OCCC2,regression,strict,train,False,4.246416941107094,inactive
CHEMBL425788,O=C(O)/C=C/c1cc(C2CCCCC2)c(-c2ccccn2)[nH]1,n1ccccc1-c2[nH]ccc2C3CCCCC3,regression,strict,train,False,4.301029995663981,inactive
CHEMBL4111623,C[C@@H](O)C1O[C@@H](n2ccc3c(N)ncnc32)[C@](C)(O)[C@@H]1O,n1cnc2c(c1)ccn2C3OCCC3,regression,strict,train,False,4.0,inactive
CHEMBL280721,O=C(O)[C@H](Cc1ccccc1)N(Cc1cccc(Br)c1)C(=O)c1ccccc1Cl,c1ccc(cc1)CN(Cc2ccccc2)CCc3ccccc3,regression,strict,train,False,4.823908740944319,inactive
CHEMBL175533,O=C(O)C(=O)CC(=O)c1cccc(NS(=O)(=O)c2ccccc2)c1,S(Nc1ccccc1)c2ccccc2,regression,strict,test,False,4.795880017344075,inactive
CHEMBL305890,C[C@@]1(O)[C@H](O)[C@@H](CO)O[C@H]1n1cnc2c(N)nc(N)nc21,n1cnc2c(ncn2C3OCCC3)c1,regression,strict,train,False,5.585026652029182,intermediate
CHEMBL3936801,COC(=O)[C@H](C)NP(=O)(Oc1ccccc1)O[C@@H](C)[C@H]1O[C@@H](n2cc(F)c3c(N)ncnc32)[C@](C)(O)[C@@H]1O,n1cnc2c(c1)ccn2C3OC(COPOc4ccccc4)CC3,regression,strict,train,False,4.4089353929735005,inactive
CHEMBL4278546,CCNc1nc2oc(-c3ccc(F)cc3)c(C(=O)NC)c2cc1-c1cccc(C(=O)NC(C)(C)C)c1,n1cc(cc2cc(oc12)-c3ccccc3)-c4ccccc4,regression,strict,train,False,7.795880017344075,active
CHEMBL239863,COC(=O)c1ccccc1NS(=O)(=O)Nc1ccc2c(c1)S(=O)(=O)N=C(c1c(O)c3cccnc3n(CCC(C)C)c1=O)N2,N=1Sc2cc(ccc2NC1c3cnc4ncccc4c3)NSNc5ccccc5,regression,strict,train,False,6.889410289700751,active
CHEMBL174564,O=C(O)c1ccc2c(c1)nc(-c1ccsc1)n2C1CCCCC1,n1c2ccccc2n(c1-c3cscc3)C4CCCCC4,regression,strict,train,False,5.198596289982645,intermediate
CHEMBL202448,CC(C)CCn1c(=O)c(C2=NS(=O)(=O)c3ccccc3N2)cc2ccccc21,N=1Sc2ccccc2NC1C3=Cc4ccccc4NC3,regression,strict,train,False,5.0,inactive
CHEMBL4558013,COC[C@H]1C[C@@](CC(C)C)(C(=O)O)N(C(=O)c2ccc(C(C)(C)C)c(OC)c2)[C@H]1[C@H]1COC(=O)O1,O1COC(C1)C2N(Cc3ccccc3)CCC2,regression,strict,train,False,5.698970004336019,intermediate
CHEMBL185249,COc1ccc2c(C(=O)NC(CC(=O)O)C(=O)O)c(F)ccc2c1C(F)(F)F,c1ccc2ccccc2c1,regression,strict,train,False,5.6777807052660805,intermediate
CHEMBL4464932,COc1ccc(N2CN=c3s/c(=C/c4ccccc4)c(=O)n3C2)cc1,N1=C2SC(=Cc3ccccc3)CN2CN(c4ccccc4)C1,regression,strict,test,False,6.125002437803848,active
CHEMBL211408,CC(C)CCn1c(=O)c(C2=NS(=O)(=O)c3cc(NS(=O)(=O)c4ccccc4)ccc3N2)c(O)c2cccnc21,N=1Sc2cc(ccc2NC1c3cnc4ncccc4c3)NSc5ccccc5,regression,strict,train,False,8.154901959985743,active
CHEMBL2403318,Cn1c(C2(NC(=O)c3ccc4c(C5CCCC5)c(-c5ncc(Br)cn5)n(C)c4c3)CCC2)nc2ccc(/C=C/C(=O)O)cc21,n1cccnc1-c2[nH]c3cc(ccc3c2C4CCCC4)CNC5(c6nc7ccccc7[nH]6)CCC5,regression,strict,train,False,7.958607314841775,active
CHEMBL373305,Cc1ccccc1Oc1ccc(/C=C(\NC(=O)c2ccccc2)C(=O)O)cc1,O(c1ccccc1)c2ccc(C=CNCc3ccccc3)cc2,regression,strict,train,False,6.236572006437063,active
CHEMBL196397,N#Cc1cccc(Cn2ccc(/C(O)=C/C(=O)C(=O)O)c2)c1,c1ccc(cc1)Cn2cccc2,regression,strict,train,False,5.337242168318426,intermediate
CHEMBL3946716,C[C@H](O)C1O[C@@H](n2ccc3c(N)ncnc32)[C@](C)(O)[C@@H]1O,n1cnc2c(c1)ccn2C3OCCC3,regression,strict,train,False,4.0,inactive
CHEMBL4112457,COc1nc(N)nc2c1ncn2C1OC2COP(=O)(OC(C)C)O[C@H]2[C@]12CCO2,n1cnc2c(ncn2C3OC4COPOC4C53OCC5)c1,regression,strict,test,False,4.698970004336019,inactive
CHEMBL4205249,CC#C[C@@]1(O)[C@H](O)[C@@H](COP(=O)(O)OP(=O)(O)OP(=O)(O)O)O[C@H]1n1ccc(=O)[nH]c1=O.CCN(CC)CC.CCN(CC)CC.CCN(CC)CC.CCN(CC)CC,[N]1[CH]C=CN([CH]1)C2OCCC2,regression,strict,test,False,6.795880017344075,active
CHEMBL180099,CC(C)C[C@@]1(C(=O)O)C[C@H](C(=O)O)[C@H](c2cccs2)N1C(=O)c1cccc(C(F)(F)F)c1,s1cccc1C2N(Cc3ccccc3)CCC2,regression,strict,test,False,6.221848749616356,active
CHEMBL4467419,CNC(=O)c1c(-c2ccc(F)cc2)oc2cc(N3C(=O)OC[C@@H]3c3cccc(F)c3)c(C3CC3)cc12,o1c(cc2cc(c(cc12)N3COCC3c4ccccc4)C5CC5)-c6ccccc6,regression,strict,train,False,6.537602002101044,active
CHEMBL201236,C/C(=C1/SC(=S)N(NS(=O)(=O)c2ccccc2)C1=O)c1ccc(Cl)c(Cl)c1,S(NN1CSC(=Cc2ccccc2)C1)c3ccccc3,regression,strict,train,False,6.221848749616356,active
CHEMBL308759,Nc1nc(O)c2ncn([C@@H]3O[C@H](CO)[C@@H](O)[C@H]3F)c2n1,n1cnc2c(ncn2C3OCCC3)c1,regression,strict,train,False,4.301029995663981,inactive
CHEMBL1957270,O=c1c(C2=NS(=O)(=O)c3ccccc3N2)c(O)c2ccccc2n1NC1CCCCC1,N=1Sc2ccccc2NC1C3=Cc4ccccc4N(NC5CCCCC5)C3,regression,strict,train,False,7.221848749616356,active
CHEMBL209282,O=C(O)c1ccc2c(c1)nc(-c1ccc(OCc3cc(Cl)ccc3-c3cccnc3)cc1)n2C1CCCCC1,n1cccc(c1)-c2ccccc2COc3ccc(cc3)-c4nc5ccccc5n4C6CCCCC6,regression,strict,train,False,6.537602002101044,active
CHEMBL194438,Cc1cccc(Cl)c1Oc1ccc(/C=C(\NC(=O)c2ccccc2)C(=O)O)cc1,O(c1ccccc1)c2ccc(C=CNCc3ccccc3)cc2,regression,strict,train,False,6.698970004336019,active
CHEMBL4106882,O=c1ccn(C2OC(CO)[C@@H](O)[C@]23CCO3)c(=O)[nH]1,[N]1[CH]C=CN([CH]1)C2OCCC32OCC3,regression,strict,train,False,4.404503778174426,inactive
CHEMBL3923359,CC(C)OC(=O)[C@H](C)NP(=O)(Oc1cccc2ccccc12)OC(C)(C)[C@H]1O[C@@H](n2ccc3c(N)ncnc32)[C@](C)(F)[C@@H]1O,n1cnc2c(c1)ccn2C3OC(COPOc4cccc5ccccc45)CC3,regression,strict,test,False,4.698970004336019,inactive
CHEMBL1630001,C[C@@]1(F)[C@H](O)[C@@H](COP(=O)(O)OP(=O)(O)OP(=O)(O)O)O[C@H]1n1cnc2c(=O)[nH]c(N)nc21,n1cnc2c(ncn2C3OCCC3)c1,regression,strict,train,False,7.00436480540245,active
CHEMBL373180,CCOC(=O)c1c(NC(=O)NS(=O)(=O)c2ccc(F)cc2)sc2c1CCC(C)(C)C2,S(NCNc1sc2c(c1)CCCC2)c3ccccc3,regression,strict,train,False,7.221848749616356,active
CHEMBL194572,Cn1cc(/C(O)=C/C(=O)C(=O)O)cc1Cc1cccc(F)c1,c1ccc(cc1)Cc2ccc[nH]2,regression,strict,train,False,4.6777807052660805,inactive
CHEMBL217807,O=C(O)c1ccc2c(C3CCCCC3)c3n(c2c1)Cc1ccccc1-3,c1ccc2c(c1)c(c3-c4ccccc4Cn23)C5CCCCC5,regression,strict,train,False,6.6777807052660805,active
CHEMBL2236433,N#Cc1c(-c2ccc(Br)cc2)nc(SCc2ccc(OC(F)(F)F)cc2)[nH]c1=O,n1ccc(nc1SCc2ccccc2)-c3ccccc3,regression,strict,train,False,5.060480747381382,intermediate
CHEMBL195149,CONC(=O)/C(=C/c1ccc(Oc2ccccc2Br)cc1)NC(=O)c1ccccc1,O(c1ccccc1)c2ccc(C=CNCc3ccccc3)cc2,regression,strict,train,False,6.096910013008056,active
CHEMBL4551328,CCOC(=O)c1csc([C@H]2[C@@H](COC)C[C@@](CC(C)C)(C(=O)O)N2C(=O)c2ccc(C(C)(C)C)c(OC)c2)n1,n1ccsc1C2N(Cc3ccccc3)CCC2,regression,strict,train,False,4.221848749616356,inactive
CHEMBL382505,N#Cc1ccc(/C=C2\SC(=S)N(N)C2=O)cc1,S1C(=Cc2ccccc2)CNC1,regression,strict,train,False,5.154901959985743,intermediate
CHEMBL4455224,COc1ccc(NC(=O)CN2C(=O)S/C(=C\c3ccc(Cl)cc3)C2=O)cc1,S1C(=Cc2ccccc2)CN(C1)CCNc3ccccc3,regression,strict,train,False,6.431997862495385,active
CHEMBL4462319,COc1ccc(NC(=O)CN2C(=O)S/C(=C\c3ccc(Cl)cc3Cl)C2=O)cc1,S1C(=Cc2ccccc2)CN(C1)CCNc3ccccc3,regression,strict,train,False,6.49499933607313,active
CHEMBL174910,CCCOc1ccccc1C(=O)CC(=O)C(=O)O,c1ccccc1,regression,strict,train,False,5.4089353929735005,intermediate
CHEMBL192358,O=C(O)/C(=C/c1ccc(Oc2ccccc2Br)cc1)NC(=O)C1CC2CCC1C2,O(c1ccccc1)c2ccc(C=CNCC3CC4CCC3C4)cc2,regression,strict,train,False,7.0,active
CHEMBL382504,NN1C(=O)/C(=C/c2ccccc2)SC1=S,S1C(=Cc2ccccc2)CNC1,regression,strict,train,False,4.522878745280337,inactive
CHEMBL3617579,O=C(NCCCc1ccccc1)c1nc2ccccc2c(=O)n1O,n1cc2ccccc2nc1CNCCCc3ccccc3,regression,strict,train,False,5.055517327849831,intermediate
CHEMBL2236428,COc1cc(CSc2nc(-c3ccc(Cl)cc3Cl)c(C#N)c(=O)[nH]2)cc(OC)c1,n1ccc(nc1SCc2ccccc2)-c3ccccc3,regression,strict,train,False,4.468521082957745,inactive
CHEMBL181882,CCCCOCCCNc1ncnc2nc(-c3ccc(F)cc3)c(-c3ccc(F)cc3)nc12,n1cnc2nc(-c3ccccc3)c(nc2c1)-c4ccccc4,regression,strict,test,False,4.136677139879544,inactive
CHEMBL3952695,COC(=O)[C@H](C)NP(=O)(OCC1OC(n2ccc(=O)[nH]c2=O)[C@@]2(CCO2)[C@@H]1O)Oc1ccccc1,[N]1[CH]C=CN([CH]1)C2OC(COPOc3ccccc3)CC42OCC4,regression,strict,train,False,4.777023550106609,inactive
CHEMBL4464682,COc1ccc(N2CN=c3s/c(=C/c4ccc(Cl)cc4)c(=O)n3C2)cc1,N1=C2SC(=Cc3ccccc3)CN2CN(c4ccccc4)C1,regression,strict,test,False,5.452225294612178,intermediate
CHEMBL4443410,CNC(=O)c1c(-c2ccc(F)cc2)oc2cc(N3C(=O)NCC3c3ccc(B(O)O)cc3)c(C3CC3)cc12,o1c(cc2cc(c(cc12)N3CNCC3c4ccccc4)C5CC5)-c6ccccc6,regression,strict,train,False,6.6020599913279625,active
CHEMBL195476,O=C(O)/C(=C/c1ccc(Oc2ccccc2Cl)cc1)NC(=O)c1ccccc1,O(c1ccccc1)c2ccc(C=CNCc3ccccc3)cc2,regression,strict,train,False,6.698970004336019,active
CHEMBL362597,c1ccc(-c2nc3ncnc(N4CCCCC4)c3nc2-c2ccccc2)cc1,n1cnc(c2nc(-c3ccccc3)c(nc12)-c4ccccc4)N5CCCCC5,regression,strict,test,False,4.0,inactive
CHEMBL4125966,C#C[C@@]1(O)[C@H](O)[C@@](F)(COP(=O)(O)OP(=O)(O)OP(=O)(O)O)O[C@H]1n1ccc(=O)[nH]c1=O,[N]1[CH]C=CN([CH]1)C2OCCC2,regression,strict,test,False,7.4089353929735005,active
CHEMBL194178,O=C(O)/C(=C/c1ccc(-c2ccccc2)s1)NC(=O)c1ccccc1,s1c(C=CNCc2ccccc2)ccc1-c3ccccc3,regression,strict,train,False,5.823908740944319,intermediate
CHEMBL4107109,CC[C@@H](O)[C@H]1O[C@@H](n2cc(F)c3c(N)ncnc32)[C@](C)(O)[C@@H]1O,n1cnc2c(c1)ccn2C3OCCC3,regression,strict,train,False,4.638272163982407,inactive
CHEMBL178016,CC(C)(C)C(=O)CC(=O)C(=O)O,NO_SCAFFOLD,regression,strict,test,False,4.301029995663981,inactive
CHEMBL4467711,COC[C@H]1C[C@@](CC(C)C)(C(=O)O)N(C(=O)c2ccc(C(C)(C)C)c(OC)c2)[C@H]1CF,c1ccc(cc1)CN2CCCC2,regression,strict,train,False,4.346787486224656,inactive
CHEMBL427512,O=C(O)c1sc(-c2ccc(F)cc2)cc1NS(=O)(=O)c1ccccn1,n1ccccc1SNc2csc(c2)-c3ccccc3,regression,strict,test,False,5.3979400086720375,intermediate
CHEMBL369000,CC(C)(Oc1ccc2[nH]cc(C[C@H](NC(=O)c3ccc4c(c3)nc(-c3ccoc3)n4C3CCCCC3)C(=O)O)c2c1)C(=O)O,n1c2cc(ccc2n(c1-c3cocc3)C4CCCCC4)CNCCc5c[nH]c6ccccc65,regression,strict,train,False,7.0,active
CHEMBL214171,CC(C)Oc1ccc(CCC2(C3CCCC3)CC(=O)CC(=O)O2)cc1F,O1CCCCC1(CCc2ccccc2)C3CCCC3,regression,strict,test,False,6.275724130399211,active
CHEMBL208325,CC(C)CCN1C(=O)C(C2=NS(=O)(=O)c3ccccc3N2)=C(O)[C@@H]1Cc1ccccc1,N=1Sc2ccccc2NC1C3=CC(NC3)Cc4ccccc4,regression,strict,train,False,5.447696890661646,intermediate
CHEMBL201912,CCOC(=O)c1ccc2c(O)c(C3=NS(=O)(=O)c4ccccc4N3)c(=O)n(CCC(C)C)c2c1,N=1Sc2ccccc2NC1C3=Cc4ccccc4NC3,regression,strict,train,False,5.0,inactive
CHEMBL368884,O=C(O)c1ccc2c(C3CCCCC3)c(-c3ccccc3)[nH]c2c1,c1ccc(cc1)-c2[nH]c3ccccc3c2C4CCCCC4,regression,strict,test,False,8.173925197299173,active
CHEMBL379677,O=C(O)c1ccc2c(c1)nc(-c1ccc(OCc3ccccc3)cc1)n2C1CCCCC1,n1c2ccccc2n(c1-c3ccc(OCc4ccccc4)cc3)C5CCCCC5,regression,strict,train,False,5.853871964321762,intermediate
CHEMBL199198,O=C(O)C(=O)/C=C(\O)c1ccc(-c2ccc(F)c(Cl)c2)o1,o1cccc1-c2ccccc2,regression,strict,train,False,4.3872161432802645,inactive
CHEMBL3957774,COc1ccc2c(c1)C(C)=C1Cn3c-2c(C2CCCCC2)c2ccc(cc23)C(=O)NS(=O)(=O)N(C)CCOCCN(C)C1=O,O1CCNSNCc2ccc3c(c2)n4c(-c5ccccc5C=C(CNCC1)C4)c3C6CCCCC6,regression,strict,test,False,7.397940008672037,active
CHEMBL4216526,CNC(=O)c1c(-c2ccc(F)cc2)oc2cc3c(cc12)C(C)NCCN3S(C)(=O)=O,o1c(cc2cc3c(cc12)NCCNC3)-c4ccccc4,regression,strict,train,False,7.366531544420414,active
CHEMBL194900,Cc1ccc(/C(O)=C/C(=O)C(=O)O)o1,o1cccc1,regression,strict,train,False,4.236572006437063,inactive
CHEMBL215233,Cn1c(-c2ccccn2)c(C2CCCCC2)c2ccc(C(=O)O)cc21,n1ccccc1-c2[nH]c3ccccc3c2C4CCCCC4,regression,strict,test,False,7.045757490560675,active
CHEMBL3651436,CNC(=O)c1c(-c2ccc(F)cc2)oc2ccc(-c3cc(C(=O)NC4(c5ncccn5)COC4)c(OC)cc3C)c(F)c12,n1cccnc1C2(NCc3cccc(c3)-c4ccc5oc(cc5c4)-c6ccccc6)COC2,regression,strict,train,False,7.657577319177793,active
CHEMBL4212616,CC#C[C@@]1(F)[C@H](O)[C@@H](COP(=O)(O)OP(=O)(O)OP(=O)(O)O)O[C@H]1n1ccc(=O)[nH]c1=O.CCN(CC)CC.CCN(CC)CC.CCN(CC)CC.CCN(CC)CC,[N]1[CH]C=CN([CH]1)C2OCCC2,regression,strict,test,False,5.00436480540245,intermediate
CHEMBL426850,O=C(O)c1ccc2c(c1)nc(-c1ccc(OC(c3ccc(Cl)cc3)c3ccc(Cl)cc3)cc1)n2C1CCCCC1,n1c2ccccc2n(c1-c3ccc(OC(c4ccccc4)c5ccccc5)cc3)C6CCCCC6,regression,strict,train,False,6.031517051446065,active
CHEMBL197626,O=C(O)C(=O)/C=C(O)/C=C/c1cccn1Cc1cccc(F)c1,c1ccc(cc1)Cn2cccc2,regression,strict,train,False,4.7447274948966935,inactive
CHEMBL371410,O=C(O)/C(=C/c1ccc(Oc2ccccc2C(F)(F)F)cc1)NC(=O)c1ccccc1,O(c1ccccc1)c2ccc(C=CNCc3ccccc3)cc2,regression,strict,train,False,5.886056647693163,intermediate
CHEMBL380002,CC(=O)N(c1ccc(-c2ccc(Cl)cc2)c(COc2ccc(-c3nc4cc(C(=O)O)ccc4n3C3CCCCC3)c(F)c2)c1)C(C)C,n1c2ccccc2n(c1-c3ccc(OCc4ccccc4-c5ccccc5)cc3)C6CCCCC6,regression,strict,train,False,7.67778070526608,active
CHEMBL372060,O=C(O)/C(=C/c1ccc(-c2ccccc2Cl)o1)NC(=O)c1ccccc1,o1c(C=CNCc2ccccc2)ccc1-c3ccccc3,regression,strict,train,False,5.886056647693163,intermediate
CHEMBL179934,O=c1c(C2=NS(=O)(=O)c3ccccc3N2)c(O)c2ccccc2n1NCC1CCCCCC1,N=1Sc2ccccc2NC1C3=Cc4ccccc4N(NCC5CCCCCC5)C3,regression,strict,train,False,6.66354026615147,active
CHEMBL373786,N#Cc1ccc(-c2ccc(Cl)cc2)c(COc2ccc(-c3nc4cc(C(=O)O)ccc4n3C3CCCCC3)cc2)c1,n1c2ccccc2n(c1-c3ccc(OCc4ccccc4-c5ccccc5)cc3)C6CCCCC6,regression,strict,train,False,7.387216143280264,active
CHEMBL4212453,CNC(=O)c1c(-c2ccc(F)cc2)oc2cc3c(cc12)C(C)CCCN3S(C)(=O)=O,o1c(cc2cc3c(cc12)NCCCC3)-c4ccccc4,regression,strict,train,False,8.522878745280337,active
CHEMBL198134,CCOC(=O)c1c(NC(=O)NS(=O)(=O)N2CCOCC2)sc2c1CCC(C)(C)C2,O1CCN(SNCNc2sc3c(c2)CCCC3)CC1,regression,strict,train,False,6.522878745280337,active
CHEMBL180773,COc1ccccc1Oc1ccc(C(=O)N(c2ncc(C(=O)O)s2)C2CCCCC2)cc1,n1ccsc1N(Cc2ccc(Oc3ccccc3)cc2)C4CCCCC4,regression,strict,train,False,5.070581074285707,intermediate
CHEMBL201360,O=c1c(C2=NS(=O)(=O)c3ccccc3N2)c(O)c2ccccc2n1CCO,N=1Sc2ccccc2NC1C3=Cc4ccccc4NC3,regression,strict,train,False,5.0,inactive
CHEMBL239524,COc1cccc2c1NC(c1c(O)c3cccnc3n(Cc3ccccc3)c1=O)=NS2(=O)=O,N=1Sc2ccccc2NC1C3=Cc4cccnc4N([CH]3)Cc5ccccc5,regression,strict,train,False,5.673664139071248,intermediate
CHEMBL201140,O=c1c(C2=NS(=O)(=O)c3ccccc3N2)c(O)c2ccccc2n1CC1CCCO1,N=1Sc2ccccc2NC1C3=Cc4ccccc4N(C3)CC5OCCC5,regression,strict,train,False,6.277366077466188,active
CHEMBL209681,N#Cc1ccc(-c2ccc(Cl)cc2COc2ccc(-c3nc4cc(C(=O)O)ccc4n3C3CCCCC3)cc2)cc1,n1c2ccccc2n(c1-c3ccc(OCc4ccccc4-c5ccccc5)cc3)C6CCCCC6,regression,strict,train,False,7.259637310505756,active
CHEMBL311635,CC[C@@]1(O)[C@H](O)[C@@H](CO)O[C@H]1n1cnc2c(N)ncnc21,n1cnc2c(ncn2C3OCCC3)c1,regression,strict,train,False,4.301029995663981,inactive
CHEMBL195832,O=C(Nc1ccccc1C(=O)O)/C(=C/c1ccc(Oc2ccccc2Br)cc1)NC(=O)c1ccccc1,O(c1ccccc1)c2ccc(cc2)C=C(NCc3ccccc3)CNc4ccccc4,regression,strict,train,False,6.3979400086720375,active
CHEMBL4203973,CNC(=O)c1c(-c2ccc(F)cc2)oc2cc3c(cc12)C(C)OC1(CC1)CN3S(C)(=O)=O,o1c(cc2cc3c(cc12)NCC4(OC3)CC4)-c5ccccc5,regression,strict,train,False,7.721246399047171,active
CHEMBL387301,O=C(O)c1ccc2c(c1)nc(-c1ccc(OCc3ccccc3-c3ccccc3)cc1F)n2C1CCCCC1,n1c2ccccc2n(c1-c3ccc(OCc4ccccc4-c5ccccc5)cc3)C6CCCCC6,regression,strict,train,False,7.0,active
CHEMBL368852,O=C(N[C@@H](Cc1c[nH]c2ccc(NS(=O)(=O)C(F)(F)F)cc12)C(=O)O)c1ccc2c(c1)nc(-c1ccoc1)n2C1CCCCC1,n1c2cc(ccc2n(c1-c3cocc3)C4CCCCC4)CNCCc5c[nH]c6ccccc65,regression,strict,train,False,6.823908740944319,active
CHEMBL201660,O=c1c(C2=NS(=O)(=O)c3ccccc3N2)c(O)c2ccccc2n1Cc1ccc(Br)cc1,N=1Sc2ccccc2NC1C3=Cc4ccccc4N(Cc5ccccc5)C3,regression,strict,train,False,7.022276394711152,active
CHEMBL4540766,CC(C)OC(=O)[C@H](C)NP(=O)(OC[C@H]1O[C@@H](n2cnc3c(=O)[nH]c(N)nc32)[C@](F)(Br)[C@H]1O)Oc1ccccc1,n1cnc2c(ncn2C3OC(COPOc4ccccc4)CC3)c1,regression,strict,test,False,6.221848749616356,active
CHEMBL201467,O=C1NC(=S)S/C1=C\c1ccc(Cl)cc1,S1C(=Cc2ccccc2)CNC1,regression,strict,train,False,4.522878745280337,inactive
CHEMBL210050,CC(C)CCn1c(=O)c(C2=NS(=O)(=O)c3cc(NS(=O)(=O)NCc4ccccc4)ccc3N2)c(O)c2cccnc21,N=1Sc2cc(ccc2NC1c3cnc4ncccc4c3)NSNCc5ccccc5,regression,strict,train,False,8.259637310505756,active
CHEMBL208024,CCCC1(C(=O)O)CCCc2c1[nH]c1c(C)ccc(C#N)c21,c1ccc2c(c1)[nH]c3c2CCCC3,regression,strict,test,False,4.823908740944319,inactive
CHEMBL368583,Cc1c(-c2nc3cc(C(=O)O)ccc3n2C2CCCCC2)[nH]c2ccccc12,n1c2ccccc2n(c1-c3cc4ccccc4[nH]3)C5CCCCC5,regression,strict,train,False,4.522878745280337,inactive
CHEMBL190945,CC(C)N(C)C(=O)Cn1c(-c2ccc(Cl)cc2)c(C2CCCCC2)c2ccc(C(=O)O)cc21,c1ccc(cc1)-c2[nH]c3ccccc3c2C4CCCCC4,regression,strict,test,False,7.958607314841775,active
CHEMBL362481,COc1ccc2c(C(=O)NC(CCC(=O)O)C(=O)O)c(F)ccc2c1C(F)(F)F,c1ccc2ccccc2c1,regression,strict,train,False,5.853871964321762,intermediate
CHEMBL3651433,CNC(=O)c1c(-c2ccc(F)cc2)oc2ccc(-c3cc(C(=O)NC4(c5ccccn5)COC4)c(OC)cc3C)c(F)c12,n1ccccc1C2(NCc3cccc(c3)-c4ccc5oc(cc5c4)-c6ccccc6)COC2,regression,strict,test,False,7.769551078621726,active
CHEMBL4518864,O=C(CN1C(=O)S/C(=C\c2ccc(F)cc2)C1=O)Nc1ccccc1,S1C(=Cc2ccccc2)CN(C1)CCNc3ccccc3,regression,strict,train,False,6.853996066189131,active
CHEMBL188448,O=C(O)c1nc(-c2ccc(Cl)cc2)nc(O)c1O,n1cccnc1-c2ccccc2,regression,strict,train,False,5.853871964321762,intermediate
CHEMBL377075,O=c1c(C2=NS(=O)(=O)c3ccccc3N2)c(O)c2ccccc2n1-c1ccccc1,N=1Sc2ccccc2NC1C3=Cc4ccccc4N(c5ccccc5)C3,regression,strict,train,False,6.111259039317107,active
CHEMBL371696,CCOC(=O)c1c(NC(=O)NS(=O)(=O)c2ccccc2)sc2c1CCCC2,S(NCNc1sc2c(c1)CCCC2)c3ccccc3,regression,strict,train,False,6.154901959985743,active
CHEMBL361434,O=C(O)c1ccc2c(c1)nc(-c1ccccc1)n2C1CCCCC1,n1c2ccccc2n(c1-c3ccccc3)C4CCCCC4,regression,strict,train,False,5.508638306165727,intermediate
CHEMBL180974,CCCCn1c(=O)c(C2=NS(=O)(=O)c3ccccc3N2)c(O)c2ccccc21,N=1Sc2ccccc2NC1C3=Cc4ccccc4NC3,regression,strict,train,False,7.0,active
CHEMBL279214,O=C(O)[C@H](Cc1ccccc1)N(Cc1ccc(Br)cc1)C(=O)c1ccc(Cl)cc1Cl,c1ccc(cc1)CN(Cc2ccccc2)CCc3ccccc3,regression,strict,train,False,5.040958607678906,intermediate
CHEMBL201501,O=C1/C(=C/c2cc(F)c(F)cc2F)SC(=S)N1NS(=O)(=O)c1ccccc1,S(NN1CSC(=Cc2ccccc2)C1)c3ccccc3,regression,strict,train,False,6.698970004336019,active
CHEMBL208945,CC(C)CCn1c(=O)c(C2=NS(=O)(=O)c3cc(NS(=O)(=O)NCCC(N)=O)ccc3N2)c(O)c2cccnc21,N=1Sc2ccccc2NC1c3cnc4ncccc4c3,regression,strict,train,False,7.698970004336019,active
CHEMBL368626,O=C(O)c1ccc2c(c1)nc(-c1ccccn1)n2C1CCCC1,n1ccccc1-c2nc3ccccc3n2C4CCCC4,regression,strict,train,False,4.920818753952375,inactive
CHEMBL424769,NC(=O)c1ccc2[nH]cc(C[C@H](NC(=O)c3ccc4c(c3)nc(-c3ccoc3)n4C3CCCCC3)C(=O)O)c2c1,n1c2cc(ccc2n(c1-c3cocc3)C4CCCCC4)CNCCc5c[nH]c6ccccc65,regression,strict,train,False,7.431798275933005,active
CHEMBL413358,CC(C)C[C@@]1(C(=O)O)C[C@H](C(=O)O)[C@H](c2ccc(Cl)cc2)N1C(=O)c1ccc(C(F)(F)F)cc1,c1ccc(cc1)CN2CCCC2c3ccccc3,regression,strict,train,False,6.045757490560675,active
CHEMBL4467629,COc1ccc(/C=C2\SC(=O)N(CC(=O)Nc3ccc(Cl)cc3)C2=O)cc1,S1C(=Cc2ccccc2)CN(C1)CCNc3ccccc3,regression,strict,train,False,6.552997101533838,active
CHEMBL3904975,C[C@H](OP(=O)(O)OP(=O)(O)OP(=O)(O)O)[C@H]1O[C@@H](n2ccc3c(N)ncnc32)[C@](C)(O)[C@@H]1O,n1cnc2c(c1)ccn2C3OCCC3,regression,strict,train,False,4.3979400086720375,inactive
CHEMBL4277494,CNC(=O)c1c(-c2ccc(F)cc2)oc2nc(NCC(C)(F)F)c(-c3cccc(C(=O)NC(C)(C)C)c3)cc12,n1cc(cc2cc(oc12)-c3ccccc3)-c4ccccc4,regression,strict,train,False,7.017728766960431,active
CHEMBL264217,O=S(=O)(NN1C(=S)S/C(=C\c2ccc(Cl)c(Cl)c2)C1O)c1ccc(F)cc1,S(NN1CSC(=Cc2ccccc2)C1)c3ccccc3,regression,strict,train,False,6.154901959985743,active
CHEMBL4435877,CNC(=O)c1c(-c2ccc(F)cc2)oc2cc(N(C)S(C)(=O)=O)c(-c3ccc4c(n3)-c3cc5c(F)cccc5n3CN4)cc12,n1c(ccc2NCn3c4ccccc4cc3-c12)-c5ccc6oc(cc6c5)-c7ccccc7,regression,strict,train,False,9.045757490560677,active
CHEMBL372075,O=C1/C(=C/c2ccc(C(F)(F)F)cc2)SC(=S)N1NS(=O)(=O)c1ccccc1,S(NN1CSC(=Cc2ccccc2)C1)c3ccccc3,regression,strict,train,False,6.0,intermediate
CHEMBL308370,CO[C@@H]1[C@H](O)[C@@H](CO)O[C@H]1n1cnc2c(O)nc(N)nc21,n1cnc2c(ncn2C3OCCC3)c1,regression,strict,train,False,5.795880017344075,intermediate
CHEMBL177968,O=C(O)C(=O)CC(=O)c1cccnc1,n1ccccc1,regression,strict,test,False,4.301029995663981,inactive
CHEMBL363178,O=C(O)/C(=C/c1ccc(-c2cccc(OC(F)(F)F)c2)o1)NC(=O)c1ccccc1,o1c(C=CNCc2ccccc2)ccc1-c3ccccc3,regression,strict,train,False,4.180456064458132,inactive
CHEMBL84152,COC(=O)N(CC(=O)O)C(=O)c1c(F)ccc2c(C(F)(F)F)c(OC)ccc12,c1ccc2ccccc2c1,regression,strict,train,False,4.818156412055227,inactive
CHEMBL197649,O=C1/C(=C/c2cccnc2)SC(=S)N1NS(=O)(=O)c1ccccc1,n1cccc(c1)C=C2SCN(NSc3ccccc3)C2,regression,strict,train,False,4.823908740944319,inactive
CHEMBL607288,C[C@@H]1C[C@@H](N(C(=O)c2ccc(Oc3ccccc3)cc2)c2nc(C(=O)O)cs2)CC(C)(C)C1,n1ccsc1N(Cc2ccc(Oc3ccccc3)cc2)C4CCCCC4,regression,strict,train,False,5.259637310505756,intermediate
CHEMBL84384,COC(=O)N(CC(=O)O)C(=O)c1c(Cl)ccc2c(C(F)(F)F)c(OC)ccc12,c1ccc2ccccc2c1,regression,strict,train,False,5.301029995663981,intermediate
CHEMBL201456,CSCCn1c(=O)c(C2=NS(=O)(=O)c3ccccc3N2)c(O)c2ccccc21,N=1Sc2ccccc2NC1C3=Cc4ccccc4NC3,regression,strict,train,False,7.275724130399211,active
CHEMBL177588,O=C(O)c1ccc2c(c1)nc(-c1ccccn1)n2C1CCCCCC1,n1ccccc1-c2nc3ccccc3n2C4CCCCCC4,regression,strict,train,False,4.309803919971486,inactive
CHEMBL4645615,C#C[C@@]1(F)[C@H](O)[C@@](F)(COP(=O)(O)OP(=O)(O)OP(=O)(O)O)O[C@H]1n1cnc2c(=O)[nH]c(N)nc21,n1cnc2c(ncn2C3OCCC3)c1,regression,strict,train,False,6.823908740944319,active
CHEMBL181908,O=[N+]([O-])c1ccc(-c2nc3ncnc(O)c3nc2-c2ccccc2)cc1,n1cnc2nc(-c3ccccc3)c(nc2c1)-c4ccccc4,regression,strict,test,False,4.522878745280337,inactive
CHEMBL321642,CCNC(=O)c1cc(=O)c(O)c(C(=O)O)o1,O1C=CCC=C1,regression,strict,test,False,4.619788758288394,inactive
CHEMBL182991,Oc1ncnc2nc(-c3ccc(Br)cc3)c(-c3ccc(Br)cc3)nc12,n1cnc2nc(-c3ccccc3)c(nc2c1)-c4ccccc4,regression,strict,test,False,5.522878745280337,intermediate
CHEMBL382966,O=C(O)C(=O)/C=C(\O)c1cccc(OCc2ccc(-c3ccccc3)cc2)c1,O(c1ccccc1)Cc2ccc(cc2)-c3ccccc3,regression,strict,train,False,4.301029995663981,inactive
CHEMBL4641646,C[C@@]1(Cl)[C@H](O)[C@@H](COP(=O)(O)OP(=O)(O)OP(=O)(O)O)O[C@H]1n1cnc2c(=O)[nH]c(N)nc21,n1cnc2c(ncn2C3OCCC3)c1,regression,strict,train,False,7.1938200260161125,active
CHEMBL3763201,O=C(Cc1ccc(F)c(Cl)c1)Nc1cnc(C(=O)NO)c(O)c1CO,n1cccc(c1)NCCc2ccccc2,regression,strict,train,False,4.301029995663981,inactive
CHEMBL383449,CCOC(=O)c1ccc2c(c1)c(O)c(C1=NS(=O)(=O)c3ccccc3N1)c(=O)n2CCC(C)C,N=1Sc2ccccc2NC1C3=Cc4ccccc4NC3,regression,strict,train,False,5.0,inactive
CHEMBL202191,N#Cc1ccccc1Cn1c(=O)c(C2=NS(=O)(=O)c3ccccc3N2)c(O)c2ccccc21,N=1Sc2ccccc2NC1C3=Cc4ccccc4N(Cc5ccccc5)C3,regression,strict,train,False,6.107905397309519,active
CHEMBL372525,O=C(O)C(=O)/C=C(O)/C=C/c1c[nH]c2ccc(Cl)cc12,c1ccc2[nH]ccc2c1,regression,strict,train,False,4.7447274948966935,inactive
CHEMBL179681,O=C(O)C(=O)CC(=O)c1ccsc1,s1cccc1,regression,strict,train,False,5.346787486224656,intermediate
CHEMBL2236420,N#Cc1c(-c2ccccc2C(F)(F)F)nc(SCc2ccccc2Br)[nH]c1=O,n1ccc(nc1SCc2ccccc2)-c3ccccc3,regression,strict,train,False,4.6777807052660805,inactive
CHEMBL369958,CCOC(=O)c1c(NC(=O)NS(=O)(=O)c2cccc(C)c2)sc2c1CCCC2,S(NCNc1sc2c(c1)CCCC2)c3ccccc3,regression,strict,train,False,6.045757490560675,active
CHEMBL202987,O=c1c(-c2nc(O)c3ccccc3n2)c(O)c2cc(F)ccc2n1CCC1CC1,n1cc2ccccc2nc1C3=Cc4ccccc4N(C3)CCC5CC5,regression,strict,train,False,5.0,inactive
CHEMBL201305,CCn1c(=O)c(C2=NS(=O)(=O)c3ccccc3N2)c(O)c2ccccc21,N=1Sc2ccccc2NC1C3=Cc4ccccc4NC3,regression,strict,train,False,5.653647025549361,intermediate
CHEMBL367758,Cc1cccc(-c2nc3cc(C(=O)O)ccc3n2C2CCCCC2)n1,n1ccccc1-c2nc3ccccc3n2C4CCCCC4,regression,strict,test,False,4.522878745280337,inactive
CHEMBL373278,CCOC(=O)c1c(NC(=O)NS(=O)(=O)c2ccc(F)cc2)sc2c1CCCC2,S(NCNc1sc2c(c1)CCCC2)c3ccccc3,regression,strict,train,False,5.769551078621726,intermediate
CHEMBL201341,C/C=C/Cn1c(=O)c(C2=NS(=O)(=O)c3ccccc3N2)c(O)c2ccccc21,N=1Sc2ccccc2NC1C3=Cc4ccccc4NC3,regression,strict,train,False,6.823908740944319,active
CHEMBL205353,CCCC1(CC(=O)O)CCCc2c1[nH]c1c(F)c(F)ccc21,c1ccc2c(c1)[nH]c3c2CCCC3,regression,strict,test,False,4.481486060122112,inactive
CHEMBL425017,O=C(O)/C(=C/c1ccc(-c2ccc(C(F)(F)F)cc2)o1)NC(=O)c1ccccc1,o1c(C=CNCc2ccccc2)ccc1-c3ccccc3,regression,strict,train,False,4.886056647693163,inactive
CHEMBL202250,CCCn1c(=O)c(C2=NS(=O)(=O)c3ccccc3N2)c(O)c2ccccc21,N=1Sc2ccccc2NC1C3=Cc4ccccc4NC3,regression,strict,train,False,5.809668301829708,intermediate
CHEMBL4554145,O=C(CN1C(=O)S/C(=C\c2ccc(F)cc2)C1=O)Nc1ccc(Cl)cc1,S1C(=Cc2ccccc2)CN(C1)CCNc3ccccc3,regression,strict,train,False,7.0,active
CHEMBL179257,O=C(O)c1ccc2c(c1)nc(-c1ccc(O)cc1)n2C1CCCCC1,n1c2ccccc2n(c1-c3ccccc3)C4CCCCC4,regression,strict,train,False,8.522878745280337,active
CHEMBL371719,O=C(O)C(=O)/C=C(\O)c1cccc(NCc2ccccc2)c1,c1ccc(cc1)NCc2ccccc2,regression,strict,test,False,4.769551078621726,inactive
CHEMBL365185,O=C(O)C(=O)/C=C(\O)c1sccc1Cc1cccc(F)c1,s1ccc(c1)Cc2ccccc2,regression,strict,train,False,5.00436480540245,intermediate
CHEMBL361429,CC(C)C[C@@]1(C(=O)O)C[C@H](C(=O)O)[C@H](c2cccs2)N1C(=O)c1ccc(Cl)cc1,s1cccc1C2N(Cc3ccccc3)CCC2,regression,strict,test,False,5.769551078621726,intermediate
CHEMBL381318,O=C(O)c1ccc2c(c1)nc(-c1ccc(OCc3ccc(Cl)cc3)cc1)n2C1CCCC1,n1c2ccccc2n(c1-c3ccc(OCc4ccccc4)cc3)C5CCCC5,regression,strict,train,False,5.920818753952375,intermediate
CHEMBL3947779,CNC(=O)c1c(-c2ccc(F)cc2)oc2cc(N(C)S(C)(=O)=O)c(-c3ccc4c(n3)-c3cc5c(F)cccc5n3CC4)cc12,n1c(ccc2c1-c3cc4ccccc4n3CC2)-c5ccc6oc(cc6c5)-c7ccccc7,regression,strict,train,False,9.065501548756432,active
CHEMBL3291363,Nc1nc2c(ncn2[C@@H]2O[C@@]3(COP(=O)(O)OP(=O)(O)OP(=O)(O)O)CCO[C@@H]2[C@@H]3O)c(=O)[nH]1,n1cnc2c(ncn2C3OC4CCOC3C4)c1,regression,strict,train,False,4.0,inactive
CHEMBL179943,O=c1c(C2=NS(=O)(=O)c3ccccc3N2)c(O)c2cccnc2n1Cc1ccccc1,N=1Sc2ccccc2NC1C3=Cc4cccnc4N([CH]3)Cc5ccccc5,regression,strict,train,False,7.080921907623926,active
CHEMBL4109922,COc1ccc2c(c1)C=C1Cn3c-2c(C2CCCCC2)c2ccc(cc23)C(=O)NS(=O)(=O)N(C)C/C=C/CNC1=O,S1NCC=CCNCC2=Cc3ccccc3-c4c(c5ccc(cc5n4C2)CN1)C6CCCCC6,regression,strict,train,False,6.721246399047171,active
CHEMBL201681,CCCCC1(CC(=O)O)OCCc2c1sc1c(Cl)ccc(Cl)c21,O1Cc2sc3ccccc3c2CC1,regression,strict,train,False,6.1249387366083,active
CHEMBL211710,O=c1c(C2=NS(=O)(=O)c3ccc(O)cc3N2)c(O)c2cccnc2n1Cc1ccccc1,N=1Sc2ccccc2NC1C3=Cc4cccnc4N([CH]3)Cc5ccccc5,regression,strict,train,False,5.600326278518962,intermediate
CHEMBL3981944,CC(C)OC(=O)[C@H](C)NP(=O)(Oc1ccccc1)OC(C)[C@H]1O[C@@H](n2ccc3c(N)ncnc32)[C@](C)(O)[C@@H]1O,n1cnc2c(c1)ccn2C3OC(COPOc4ccccc4)CC3,regression,strict,train,False,4.853871964321762,inactive
CHEMBL207436,CCCCC1(C(=O)O)CCc2c1[nH]c1c(C)cc(F)c(C#N)c21,c1ccc2c(c1)[nH]c3c2CCC3,regression,strict,train,False,5.823908740944319,intermediate
CHEMBL4105584,COc1ccc2c(c1)[C@@H]1C[C@]1(C(=O)N1[C@H]3CC[C@@H]1CN(C)C3)Cn1c-2c(C2CCCCC2)c2ccc(C(=O)NS(=O)(=O)N(C)C)cc21,c1ccc2c(c1)c(c3-c4ccccc4C5CC5(Cn23)CN6C7CNCC6CC7)C8CCCCC8,regression,strict,test,False,7.698970004336019,active
CHEMBL23164,O=C(O)[C@H](Cc1ccccc1)N(Cc1ccccc1Br)C(=O)c1ccc(Cl)cc1Cl,c1ccc(cc1)CN(Cc2ccccc2)CCc3ccccc3,regression,strict,train,False,5.096910013008056,intermediate
CHEMBL4243096,CN(C)S(=O)(=O)NC(=O)c1ccc2c(C3CCCCC3)c(-c3ccccc3)n3c2c1OCC3,O1c2cccc3c2n(c(-c4ccccc4)c3C5CCCCC5)CC1,regression,strict,train,False,5.0,inactive
CHEMBL201603,Cc1cccc2c1c(O)c(C1=NS(=O)(=O)c3ccccc3N1)c(=O)n2CCC(C)C,N=1Sc2ccccc2NC1C3=Cc4ccccc4NC3,regression,strict,train,False,6.686132779630847,active
CHEMBL378026,CN(C)C(=O)c1ccc(-c2ccc(Cl)cc2)c(COc2ccc(-c3nc4cc(C(=O)O)ccc4n3C3CCCCC3)c(F)c2)c1,n1c2ccccc2n(c1-c3ccc(OCc4ccccc4-c5ccccc5)cc3)C6CCCCC6,regression,strict,train,False,7.920818753952375,active
CHEMBL181491,CS(=O)(=O)c1nc(-c2cccs2)nc(C(=O)O)c1O,n1cccnc1-c2sccc2,regression,strict,train,False,4.309803919971486,inactive
CHEMBL433957,O=c1c(C2=NS(=O)(=O)c3ccccc3N2)c(O)c2ccccc2n1NCc1ccc(Cl)s1,N=1Sc2ccccc2NC1C3=Cc4ccccc4N(NCc5sccc5)C3,regression,strict,train,False,5.838631997765025,intermediate
CHEMBL177456,O=C(O)c1ccc2c(c1)nc(-c1ccc(C(=O)O)o1)n2C1CCCCC1,n1c2ccccc2n(c1-c3occc3)C4CCCCC4,regression,strict,train,False,4.522878745280337,inactive
CHEMBL209425,O=C(O)c1ccc2c(c1)nc(-c1ccc(OCc3ccccc3-c3ccc(Cl)cc3)cc1)n2C1CCCCC1,n1c2ccccc2n(c1-c3ccc(OCc4ccccc4-c5ccccc5)cc3)C6CCCCC6,regression,strict,train,False,7.301029995663981,active
CHEMBL205130,O=C(O)c1nc(-c2cnccn2)nc(O)c1O,n1ccnc(c1)-c2ncccn2,regression,strict,train,False,5.275724130399211,intermediate
CHEMBL360438,O=c1c(C2=NS(=O)(=O)c3ccccc3N2)c(O)c2ccccc2n1NCC1CCC1,N=1Sc2ccccc2NC1C3=Cc4ccccc4N(NCC5CCC5)C3,regression,strict,train,False,6.966576244513051,active
CHEMBL210297,O=C(O)c1ccc2c(c1)nc(-c1ccc(OCc3cc(N4CCCC4=O)ccc3-c3ccc(Cl)cc3)cc1F)n2C1CCCCC1,n1c2ccccc2n(c1-c3ccc(OCc4cc(ccc4-c5ccccc5)N6CCCC6)cc3)C7CCCCC7,regression,strict,train,False,7.920818753952375,active
CHEMBL2236435,Cc1cccc(-c2nc(SCc3cccc([N+](=O)[O-])c3)[nH]c(=O)c2C#N)c1,n1ccc(nc1SCc2ccccc2)-c3ccccc3,regression,strict,train,False,4.698970004336019,inactive
CHEMBL382093,CCOC(=O)c1c(NC(=O)NS(=O)(=O)c2cccc3ccccc23)sc2c1CCCC2,S(NCNc1sc2c(c1)CCCC2)c3cccc4ccccc34,regression,strict,train,False,6.154901959985743,active
CHEMBL181724,O=C(O)c1cnc(N(C(=O)c2ccc(Oc3ccccc3)cc2)C2CCSCC2)s1,n1ccsc1N(Cc2ccc(Oc3ccccc3)cc2)C4CCSCC4,regression,strict,test,False,4.886056647693163,inactive
CHEMBL210596,O=C(O)[C@@H]1CCCN1S(=O)(=O)c1cc(Cl)cc(Br)c1O,S(c1ccccc1)N2CCCC2,regression,strict,train,False,6.585026652029182,active
CHEMBL2236439,N#Cc1c(-c2cccc(C(F)(F)F)c2)nc(SCc2cccc([N+](=O)[O-])c2)[nH]c1=O,n1ccc(nc1SCc2ccccc2)-c3ccccc3,regression,strict,train,False,4.886056647693163,inactive
CHEMBL440760,CCOC(=O)c1c(NC(=O)NS(=O)(=O)N2CCN(C(C)=O)CC2)sc2c1CCC(C)(C)C2,S(NCNc1sc2c(c1)CCCC2)N3CCNCC3,regression,strict,test,False,6.522878745280337,active
CHEMBL382995,O=C(O)[C@H]1CSCN1S(=O)(=O)c1cc(Cl)cc(Cl)c1O,S(c1ccccc1)N2CSCC2,regression,strict,test,False,5.769551078621726,intermediate
CHEMBL208343,Nc1ccccc1S(=O)(=O)N1CCC[C@H]1C(=O)O,S(c1ccccc1)N2CCCC2,regression,strict,train,False,4.698970004336019,inactive
CHEMBL4528923,COC[C@H]1C[C@@](CC(C)C)(C(=O)O)N(C(=O)c2ccc(C(C)(C)C)c(OC)c2)[C@H]1COC(=O)OC,c1ccc(cc1)CN2CCCC2,regression,strict,train,False,4.522878745280337,inactive
CHEMBL214864,Cn1c(-c2ccoc2)c(C2CCCC2)c2ccc(C(=O)O)cc21,o1ccc(c1)-c2[nH]c3ccccc3c2C4CCCC4,regression,strict,test,False,7.67778070526608,active
CHEMBL394002,COc1ccc(CNS(=O)(=O)Nc2ccc3c(c2)S(=O)(=O)N=C(c2c(O)c4cccnc4n(CCC(C)C)c2=O)N3)cc1,N=1Sc2cc(ccc2NC1c3cnc4ncccc4c3)NSNCc5ccccc5,regression,strict,train,False,8.0,active
CHEMBL381497,O=c1c(C2=NS(=O)(=O)c3ccccc3N2)c(O)c2ccccc2n1Cc1ccc([N+](=O)[O-])cc1,N=1Sc2ccccc2NC1C3=Cc4ccccc4N(Cc5ccccc5)C3,regression,strict,train,False,5.612254340391137,intermediate
CHEMBL202068,NN1C(=O)/C(=C/c2ccc(Cl)cc2)SC1=S,S1C(=Cc2ccccc2)CNC1,regression,strict,train,False,4.795880017344075,inactive
CHEMBL4207194,CNC(=O)c1c(-c2ccc(F)cc2)oc2cc3c(cc12)C(C)OCCN3S(C)(=O)=O,o1c(cc2cc3c(cc12)NCCOC3)-c4ccccc4,regression,strict,test,False,7.958607314841775,active
CHEMBL185682,O=C(O)c1sc(-c2ccccc2)cc1NS(=O)(=O)c1ccccn1,n1ccccc1SNc2csc(c2)-c3ccccc3,regression,strict,test,False,4.6020599913279625,inactive
CHEMBL184072,COc1ccc2c(C(=O)NC(CCC(=O)O)C(=O)O)c(Br)ccc2c1C(F)(F)F,c1ccc2ccccc2c1,regression,strict,train,False,6.920818753952375,active
CHEMBL373120,Cc1ccccc1-c1ccc(/C=C(\NC(=O)c2ccccc2)C(=O)O)s1,s1c(C=CNCc2ccccc2)ccc1-c3ccccc3,regression,strict,train,False,5.853871964321762,intermediate
CHEMBL4448077,O=c1/c(=C\c2ccccc2Cl)sc2n1CN(c1ccc(Cl)cc1)CN=2,N1=C2SC(=Cc3ccccc3)CN2CN(c4ccccc4)C1,regression,strict,test,False,7.04599883231843,active
CHEMBL209396,Cc1nc(-c2ccc(Cl)cc2)c(COc2ccc(-c3nc4cc(C(=O)O)ccc4n3C3CCCCC3)cc2)s1,n1csc(c1-c2ccccc2)COc3ccc(cc3)-c4nc5ccccc5n4C6CCCCC6,regression,strict,train,False,7.045757490560675,active
CHEMBL4229151,COc1ccc(-n2cc(Cn3ccc4nc(-c5ccccc5F)nc-4c3)nn2)cc1,n1nn(cc1Cn2ccc-3nc(nc3c2)-c4ccccc4)-c5ccccc5,regression,strict,train,False,8.934420285271552,active
CHEMBL426503,N#C[C@@H]1CCCN1S(=O)(=O)c1cc(Cl)cc(Cl)c1O,S(c1ccccc1)N2CCCC2,regression,strict,train,False,5.853871964321762,intermediate
CHEMBL361981,C[C@@]1(C(=O)O)C[C@H](C(=O)O)[C@H](c2ccccc2)N1C(=O)c1ccc(C(F)(F)F)cc1,c1ccc(cc1)CN2CCCC2c3ccccc3,regression,strict,train,False,4.698970004336019,inactive
CHEMBL208822,COCCOC(=O)NS(=O)(=O)Nc1ccc2c(c1)S(=O)(=O)NC(c1c(O)c3cccnc3n(CCC(C)C)c1=O)=N2,n1cccc2cc(cnc12)C3=Nc4ccccc4SN3,regression,strict,train,False,7.060480747381382,active
CHEMBL3914808,CCCCOC(=O)[C@H](C)NP(=O)(Oc1cccc2ccccc12)O[C@H](C)[C@H]1O[C@@H](n2ccc(=O)[nH]c2=O)[C@](C)(O)[C@@H]1O,[N]1[CH]C=CN([CH]1)C2OC(COPOc3cccc4ccccc34)CC2,regression,strict,train,False,4.0,inactive
CHEMBL3953857,COC(=O)[C@H](C)NP(=O)(OCC1OC(n2ccc(=O)[nH]c2=O)[C@]2(CCO2)[C@@H]1O)Oc1ccccc1,[N]1[CH]C=CN([CH]1)C2OC(COPOc3ccccc3)CC42OCC4,regression,strict,test,False,4.54515513999149,inactive
CHEMBL376462,O=C(O)c1ccc(-c2ccc(Cl)cc2)c(COc2ccc(-c3nc4cc(C(=O)O)ccc4n3C3CCCCC3)cc2)c1,n1c2ccccc2n(c1-c3ccc(OCc4ccccc4-c5ccccc5)cc3)C6CCCCC6,regression,strict,train,False,7.619788758288394,active
CHEMBL4637129,Cn1c(C2(NC(=O)c3ccc(NCC4CCCCC4)nc3)CCC2)nc2ccc(/C=C/C(=O)O)cc21,n1cc(ccc1NCC2CCCCC2)CNC3(c4nc5ccccc5[nH]4)CCC3,regression,strict,train,False,8.301029995663981,active
CHEMBL183588,O=c1c(C2=NS(=O)(=O)c3ccccc3N2)c(O)c2ccccc2n1NCC1CC1,N=1Sc2ccccc2NC1C3=Cc4ccccc4N(NCC5CC5)C3,regression,strict,train,False,6.838631997765025,active
CHEMBL280861,N#Cc1ccccc1CN(C(=O)c1ccc(Cl)cc1Cl)[C@@H](Cc1ccccc1)C(=O)O,c1ccc(cc1)CN(Cc2ccccc2)CCc3ccccc3,regression,strict,train,False,5.221848749616356,intermediate
CHEMBL200326,CCOC(=O)c1c(NC(=O)NS(=O)(=O)c2cccc(OC)c2)sc2c1CCCC2,S(NCNc1sc2c(c1)CCCC2)c3ccccc3,regression,strict,train,False,5.920818753952375,intermediate
CHEMBL192896,O=C(O)/C(=C/c1ccc(Oc2ccccc2Br)cc1)NC(=O)c1ccccc1O,O(c1ccccc1)c2ccc(C=CNCc3ccccc3)cc2,regression,strict,train,False,7.096910013008056,active
CHEMBL204321,O=C(Nc1ccsc1-c1nc(O)c(O)c(C(=O)O)n1)OCc1ccccc1,n1cccnc1-c2sccc2NCOCc3ccccc3,regression,strict,train,False,6.537602002101044,active
CHEMBL426277,O=C(CCc1ccc(C(F)(F)F)cc1)N/C(=C\c1ccc(Oc2ccccc2Br)cc1)C(=O)O,O(c1ccccc1)c2ccc(C=CNCCCc3ccccc3)cc2,regression,strict,train,False,6.431798275933005,active
CHEMBL374567,CC(=O)N(C)c1ccc(-c2ccc(Cl)cc2)c(COc2ccc(-c3nc4cc(C(=O)O)ccc4n3C3CCCCC3)c(F)c2)c1,n1c2ccccc2n(c1-c3ccc(OCc4ccccc4-c5ccccc5)cc3)C6CCCCC6,regression,strict,train,False,7.795880017344075,active
CHEMBL174955,CCc1ccc(-c2nc3cc(C(=O)O)ccc3n2C2CCCCC2)s1,n1c2ccccc2n(c1-c3sccc3)C4CCCCC4,regression,strict,train,False,4.522878745280337,inactive
CHEMBL206048,CCCC1(C(=O)O)CCc2c1[nH]c1c(C)cc(F)c(C#N)c21,c1ccc2c(c1)[nH]c3c2CCC3,regression,strict,train,False,5.7447274948966935,intermediate
CHEMBL2017858,O=C(O)/C=C/c1ccc(NC(=O)C2(NC(=O)c3ccc4c(C5CCCCC5)c5n(c4c3)CCCc3occc3-5)CCCC2)cc1,o1ccc-2c1CCCn3c4cc(ccc4c(c23)C5CCCCC5)CNC6(CNc7ccccc7)CCCC6,regression,strict,train,False,5.429457060118103,intermediate
CHEMBL4544375,COc1ccc(NC(=O)CN2C(=O)S/C(=C\c3ccccc3)C2=O)cc1,S1C(=Cc2ccccc2)CN(C1)CCNc3ccccc3,regression,strict,train,False,6.346999859889158,active
CHEMBL238897,COc1cccc(CNS(=O)(=O)Nc2ccc3c(c2)S(=O)(=O)N=C(c2c(O)c4cccnc4n(CCC(C)C)c2=O)N3)c1,N=1Sc2cc(ccc2NC1c3cnc4ncccc4c3)NSNCc5ccccc5,regression,strict,train,False,7.823908740944319,active
CHEMBL3941379,COC(=O)[C@H](C)NP(=O)(Oc1ccccc1)O[C@H](C)[C@H]1O[C@@H](n2ccc3c(N)ncnc32)[C@](C)(O)[C@@H]1O,n1cnc2c(c1)ccn2C3OC(COPOc4ccccc4)CC3,regression,strict,train,False,4.0,inactive
CHEMBL4279843,CNC(=O)c1c(-c2ccc(F)cc2)oc2nc(NCC(F)(F)F)c(-c3cccc(C(=O)NC4(C)CCC4)c3)cc12,n1cc(cc2cc(oc12)-c3ccccc3)-c4cccc(c4)CNC5CCC5,regression,strict,train,False,7.958607314841775,active
CHEMBL440573,O=C1/C(=C/c2ccc(Br)c(Br)c2)SC(=S)N1NS(=O)(=O)c1ccccc1,S(NN1CSC(=Cc2ccccc2)C1)c3ccccc3,regression,strict,train,False,6.698970004336019,active
CHEMBL202325,C[S+]([O-])CCn1c(=O)c(C2=NS(=O)(=O)c3ccccc3N2)c(O)c2ccccc21,N=1Sc2ccccc2NC1C3=Cc4ccccc4NC3,regression,strict,train,False,5.595679532778269,intermediate
CHEMBL3938685,COc1ccc2c(c1)C1CC13Cn1c-2c(C2CCCCC2)c2ccc(cc21)C(=O)NS(=O)(=O)N(C)CCN1CCN(CC1)C3=O,S1NCc2ccc3c(c2)n4c(-c5ccccc5C6CC6(C4)CN7CCN(CCN1)CC7)c3C8CCCCC8,regression,strict,train,False,6.657577319177793,active
CHEMBL4588304,CNC(=O)c1c(-c2ccc(F)cc2)oc2cc(N3C(=O)CCC3c3ccc(B(O)O)cc3)c(C3CC3)cc12,o1c(cc2cc(c(cc12)N3CCCC3c4ccccc4)C5CC5)-c6ccccc6,regression,strict,train,False,7.200659450546418,active
CHEMBL179256,O=C(O)c1ccc2c(c1)nc(-c1ccc(O)cc1F)n2C1CCCCC1,n1c2ccccc2n(c1-c3ccccc3)C4CCCCC4,regression,strict,train,False,8.853871964321762,active
CHEMBL175174,NC(=O)c1ccc2c(c1)nc(-c1ccccn1)n2C1CCCCC1,n1ccccc1-c2nc3ccccc3n2C4CCCCC4,regression,strict,test,False,4.568636235841013,inactive
CHEMBL4216234,CNC(=O)c1c(-c2ccc(F)cc2)oc2cc3c(cc12)[C@@H](C)O[C@H](CO)CN3S(C)(=O)=O,o1c(cc2cc3c(cc12)NCCOC3)-c4ccccc4,regression,strict,test,False,7.161150909262744,active
CHEMBL182233,Fc1ccc(-c2nc3ncnc(NCc4ccco4)c3nc2-c2ccc(F)cc2)cc1,n1cnc(NCc2occc2)c3nc(c(nc13)-c4ccccc4)-c5ccccc5,regression,strict,train,False,5.537602002101044,intermediate
CHEMBL212417,CC(C)CCn1c(=O)c(C2=NS(=O)(=O)c3cc(OCC(=O)O)ccc3N2)c(O)c2cccnc21,N=1Sc2ccccc2NC1c3cnc4ncccc4c3,regression,strict,train,False,7.244125144327507,active
CHEMBL4568969,CNC(=O)c1c(-c2ccc(F)cc2)oc2cc(N(C)S(C)(=O)=O)c(-c3cc4n(c(=O)c3)CCn3c-4cc4c(F)cccc43)cc12,o1c2ccc(cc2cc1-c3ccccc3)C=4C=C5c6cc7ccccc7n6CCN5CC4,regression,strict,train,False,9.214670164989233,active
CHEMBL4114109,CC(O)[C@H]1O[C@@H](n2ccc(NC(=O)c3ccccc3)nc2=O)[C@](C)(F)[C@@H]1O,N=1[CH]N(C=CC1NCc2ccccc2)C3OCCC3,regression,strict,train,False,4.0,inactive
CHEMBL1789968,Cc1c(-c2ccoc2)n(C2CCCC2)c2cc(C(=O)O)ccc12,o1ccc(c1)-c2cc3ccccc3n2C4CCCC4,regression,strict,train,False,6.823908740944319,active
CHEMBL3952645,CNC(=O)c1c(-c2ccc(F)cc2)oc2cc(N(C)S(C)(=O)=O)c(-c3ccc4c(n3)-c3cc5c(F)cccc5n3CCCC4)cc12,n1c(ccc2c1-c3cc4ccccc4n3CCCC2)-c5ccc6oc(cc6c5)-c7ccccc7,regression,strict,train,False,8.721246399047171,active
CHEMBL3651434,CNC(=O)c1c(-c2ccc(F)cc2)oc2ccc(-c3cc(C(=O)NC4(c5ccccn5)COC4)cc(F)c3C)c(F)c12,n1ccccc1C2(NCc3cccc(c3)-c4ccc5oc(cc5c4)-c6ccccc6)COC2,regression,strict,test,False,7.795880017344075,active
CHEMBL367430,O=C(N[C@@H](Cc1c[nH]c2ccc(O)cc12)C(=O)O)c1ccc2c(c1)nc(-c1ccccn1)n2C1CCCCC1,n1ccccc1-c2nc3cc(ccc3n2C4CCCCC4)CNCCc5c[nH]c6ccccc65,regression,strict,test,False,6.853871964321762,active
CHEMBL383468,O=C(O)c1ccc2c(c1)nc(-c1ccc(OCCOc3ccccc3)cc1)n2C1CCCCC1,n1c2ccccc2n(c1-c3ccc(OCCOc4ccccc4)cc3)C5CCCCC5,regression,strict,train,False,5.920818753952375,intermediate
CHEMBL204628,CC(C)(C)[C@H]1C(O)=C(C2=NS(=O)(=O)c3ccccc3N2)C(=O)N1Cc1ccccc1,N=1Sc2ccccc2NC1C3=CCN(Cc4ccccc4)C3,regression,strict,train,False,7.657577319177793,active
CHEMBL202317,CC(C)CCn1c(=O)c(C2=NS(=O)(=O)c3ccccc3N2)c(O)c2cc(F)ccc21,N=1Sc2ccccc2NC1C3=Cc4ccccc4NC3,regression,strict,train,False,7.698970004336019,active
CHEMBL202326,CC(C)CCn1c(=O)c(C2=NS(=O)(=O)c3ccccc3N2)c(O)c2ccc(Cl)cc21,N=1Sc2ccccc2NC1C3=Cc4ccccc4NC3,regression,strict,train,False,5.0,inactive
CHEMBL4293302,CNC(=O)c1c(-c2ccc(F)cc2)oc2nc(NCC(F)(F)F)c(-c3cccc(C(=O)NC4(c5ncccn5)COC4)c3)cc12,n1cccnc1C2(NCc3cccc(c3)-c4cnc5oc(cc5c4)-c6ccccc6)COC2,regression,strict,train,False,7.366531544420414,active
CHEMBL181754,O=C(O)c1cnc(N(C(=O)c2ccc(OCc3ccccn3)cc2)C2CCCCC2)s1,n1ccsc1N(Cc2ccc(OCc3ncccc3)cc2)C4CCCCC4,regression,strict,train,False,4.823908740944319,inactive
CHEMBL201550,O=C1/C(=C/c2ccc(Cl)c(Cl)c2)SC(=S)N1NS(=O)(=O)c1cccs1,s1cccc1SNN2CSC(=Cc3ccccc3)C2,regression,strict,train,False,6.698970004336019,active
CHEMBL213235,O=C(O)c1ccc2nc(-c3ccccc3)c(C3CCCCC3)cc2c1,n1c2ccccc2cc(c1-c3ccccc3)C4CCCCC4,regression,strict,test,False,5.318758762624412,intermediate
CHEMBL4291164,CNC(=O)c1c(-c2ccc(F)cc2)oc2nc(NCC(F)(F)F)c(-c3cccc(C(=O)NC4(C)CC4)c3)cc12,n1cc(cc2cc(oc12)-c3ccccc3)-c4cccc(c4)CNC5CC5,regression,strict,train,False,6.515700160653214,active
CHEMBL4248257,COC(=O)NC(C(=O)N1CCCC1c1ncc(-c2ccc3c(c2)OCn2c-3c(F)c3cc(-c4cnc(C5CCCN5C(=O)C(NC(=O)OC)C(C)C)[nH]4)ccc32)[nH]1)C(C)C,N=1C=C([N]C1C2NCCC2)c3ccc4c(c3)cc5-c6ccc(cc6OCn45)-c7cnc([nH]7)C8NCCC8,regression,strict,train,False,12.0,active
CHEMBL3920673,CC(C)OC(=O)[C@H](C)NP(=O)(OC[C@H]1O[C@@H](c2cnn3c(N)ncnc23)[C@](C)(N)[C@@H]1O)Oc1ccccc1,n1cnc2c(cnn2c1)C3OC(COPOc4ccccc4)CC3,regression,strict,train,False,4.552841968657781,inactive
CHEMBL4452503,COC[C@H]1C[C@@](CC(C)C)(C(=O)O)N(C(=O)c2ccc(C(C)(C)C)c(OC)c2)[C@H]1[C@H]1COC(C)(C)O1,O1COC(C1)C2N(Cc3ccccc3)CCC2,regression,strict,test,False,4.221848749616356,inactive
CHEMBL4110694,Nc1ccn(C2OC(CO)[C@@H](O)[C@@]23CCCO3)c(=O)n1,N1=CC=CN([CH]1)C2OCCC32OCCC3,regression,strict,test,False,4.0,inactive
CHEMBL362058,O=C(O)c1ccc2c(c1)nc(-c1ccco1)n2C1CCCCC1,n1c2ccccc2n(c1-c3occc3)C4CCCCC4,regression,strict,train,False,5.431798275933005,intermediate
CHEMBL180626,O=c1c(C2=NS(=O)(=O)c3ccccc3N2)c(O)c2ccccc2n1NCc1ccc(Br)cc1,N=1Sc2ccccc2NC1C3=Cc4ccccc4N(NCc5ccccc5)C3,regression,strict,train,False,5.328827157284917,intermediate
CHEMBL199961,CCOC(=O)c1c(NC(=O)NS(=O)(=O)c2nccn2C)sc2c1CCC(C)(C)C2,n1cc[nH]c1SNCNc2sc3c(c2)CCCC3,regression,strict,train,False,7.096910013008056,active
CHEMBL4591382,CNC(=O)c1c(-c2ccc(F)cc2)oc2cc(N3C(=O)OCC3c3cccc(B(O)O)c3)c(C3CC3)cc12,o1c(cc2cc(c(cc12)N3COCC3c4ccccc4)C5CC5)-c6ccccc6,regression,strict,train,False,7.0,active
CHEMBL426298,CCOC(=O)c1c(NC(=O)NS(=O)(=O)c2ncccn2)sc2c1CCC(C)(C)C2,n1cccnc1SNCNc2sc3c(c2)CCCC3,regression,strict,train,False,7.301029995663981,active
CHEMBL195798,O=C(O)/C(=C/c1cccc(-c2ccccc2Cl)c1)NC(=O)c1ccccc1,c1ccc(cc1)-c2cccc(C=CNCc3ccccc3)c2,regression,strict,train,False,5.886056647693163,intermediate
CHEMBL4635092,CC(C)OC(=O)[C@H](C)N[P@](=O)(OC[C@H]1O[C@@H](n2ccc(=O)[nH]c2=O)[C@](Cl)(Br)[C@@H]1OC(=O)[C@@H](N)C(C)C)Oc1cccc2ccccc12,[N]1[CH]C=CN([CH]1)C2OC(COPOc3cccc4ccccc34)CC2,regression,strict,train,False,7.026872146400302,active
CHEMBL370124,N#CCCCCn1cccc1/C(O)=C/C(=O)C(=O)O,c1cc[nH]c1,regression,strict,train,False,4.886056647693163,inactive
CHEMBL421353,O=C(O)C(=O)/C=C(\O)c1cccn1Cc1ccc(F)cc1,c1ccc(cc1)Cn2cccc2,regression,strict,train,False,4.031517051446065,inactive
CHEMBL2236427,N#Cc1c(-c2ccc(F)cc2F)nc(SCc2cccc([N+](=O)[O-])c2)[nH]c1=O,n1ccc(nc1SCc2ccccc2)-c3ccccc3,regression,strict,train,False,4.494850021680094,inactive
CHEMBL4470883,N=C1S/C(=C\c2ccccc2)C(=O)N1c1ccccc1,S1C(=Cc2ccccc2)CN(c3ccccc3)C1,regression,strict,train,False,6.236572006437063,active
CHEMBL201634,O=c1c(C2=NS(=O)(=O)c3ccccc3N2)c(O)c2ccccc2n1CCN1CCCC1,N=1Sc2ccccc2NC1C3=Cc4ccccc4N(C3)CCN5CCCC5,regression,strict,train,False,5.0,inactive
CHEMBL211874,CC(C)CCn1c(=O)c(C2=NS(=O)(=O)c3cc(OCC(N)=O)ccc3N2)c(O)c2cccnc21,N=1Sc2ccccc2NC1c3cnc4ncccc4c3,regression,strict,train,False,7.795880017344075,active
CHEMBL4644867,COCC(C)C(=O)OC[C@H](C)NP(=O)(OC[C@H]1O[C@@H](n2ccc(=O)[nH]c2=O)[C@](Cl)(Br)[C@@H]1O)Oc1ccccc1,[N]1[CH]C=CN([CH]1)C2OC(COPOc3ccccc3)CC2,regression,strict,train,False,6.282329496997738,active
CHEMBL202315,CC(C)CCn1c(=O)c(C2=NS(=O)(=O)c3ccccc3N2)c(O)c2c([N+](=O)[O-])cccc21,N=1Sc2ccccc2NC1C3=Cc4ccccc4NC3,regression,strict,train,False,6.471083299722345,active
CHEMBL380899,CN1C(=O)/C(=C/c2ccc(Cl)cc2)SC1=S,S1C(=Cc2ccccc2)CNC1,regression,strict,train,False,4.522878745280337,inactive
CHEMBL204932,O=C(O)c1ccc2c(c1)nc(-c1ccc(OCc3ccc(Cl)c(Cl)c3)cc1)n2C1CCCC1,n1c2ccccc2n(c1-c3ccc(OCc4ccccc4)cc3)C5CCCC5,regression,strict,train,False,5.886056647693163,intermediate
CHEMBL26052,O=C(O)[C@H](Cc1ccccc1)N(Cc1cccc(Br)c1)C(=O)c1ccc(Cl)cc1,c1ccc(cc1)CN(Cc2ccccc2)CCc3ccccc3,regression,strict,train,False,4.958607314841775,inactive
CHEMBL213199,COc1ccc(CCC2(C3CCCC3)CC(=O)CC(=O)O2)cc1,O1CCCCC1(CCc2ccccc2)C3CCCC3,regression,strict,test,False,5.013228265733755,intermediate
CHEMBL4111873,Nc1ccn(C2OC(CO)[C@@H](O)[C@@]23CCO3)c(=O)n1,N1=CC=CN([CH]1)C2OCCC32OCC3,regression,strict,train,False,4.0,inactive
CHEMBL3907598,CCCCOC(=O)[C@H](C)NP(=O)(Oc1cccc2ccccc12)O[C@H](CC)[C@H]1O[C@@H](n2ccc3c(N)ncnc32)[C@](C)(O)[C@@H]1O,n1cnc2c(c1)ccn2C3OC(COPOc4cccc5ccccc45)CC3,regression,strict,test,False,4.886056647693163,inactive
CHEMBL217670,CC(=O)N1CCn2c(c(C3CCCCC3)c3ccc(C(=O)O)cc32)-c2ccccc21,c1ccc-2c(c1)NCCn3c4ccccc4c(c23)C5CCCCC5,regression,strict,train,False,6.920818753952375,active
CHEMBL3964459,CNC(=O)c1c(-c2ccc(F)cc2)oc2cc(N(C)S(C)(=O)=O)c(-c3ccc4nnn(Cc5ccc(F)cn5)c(=O)c4c3)cc12,N1=NN([CH]c2cc(ccc12)-c3ccc4oc(cc4c3)-c5ccccc5)Cc6ncccc6,regression,strict,train,False,8.958607314841775,active
CHEMBL426226,COc1ccc([C@@H](C)NC(=O)c2ccc3c(c2)nc(-c2ccccn2)n3C2CCCCC2)cc1OC,n1ccccc1-c2nc3cc(ccc3n2C4CCCCC4)CNCc5ccccc5,regression,strict,train,False,5.522878745280337,intermediate
CHEMBL4211447,CNC(=O)c1c(-c2ccc(F)cc2)oc2cc3c(cc12)C(C)OCC(CO)N3S(C)(=O)=O,o1c(cc2cc3c(cc12)NCCOC3)-c4ccccc4,regression,strict,test,False,7.481486060122112,active
CHEMBL2092823,C[C@H]1CCCC[C@@H]1N(C(=O)c1ccc(Oc2ccccc2)cc1)c1ncc(C(=O)O)s1,n1ccsc1N(Cc2ccc(Oc3ccccc3)cc2)C4CCCCC4,regression,strict,train,False,5.214670164989233,intermediate
CHEMBL362571,COc1nc(-c2cccc(O)c2)nc(C(=O)O)c1O,n1cccnc1-c2ccccc2,regression,strict,train,False,4.301029995663981,inactive
CHEMBL4439859,CCN(C(=O)OC)c1cc2oc(-c3ccc(F)cc3)c(C(=O)NC)c2cc1-c1ccc(OC)c(C(=O)NC2(c3ncccn3)CC2)c1,n1cccnc1C2(NCc3cccc(c3)-c4ccc5oc(cc5c4)-c6ccccc6)CC2,regression,strict,train,False,7.823908740944319,active
CHEMBL2236461,CCCCCSc1nc(-c2ccccc2C(F)(F)F)c(C#N)c(=O)[nH]1,n1cnc(cc1)-c2ccccc2,regression,strict,train,False,4.70000006855703,inactive
CHEMBL372433,CN1CCCC(CN(C)C(=O)Cn2c(-c3ccc(Cl)cc3)c(C3CCCCC3)c3ccc(C(=O)O)cc32)C1,c1ccc(cc1)-c2c(c3ccccc3n2CCNCC4CNCCC4)C5CCCCC5,regression,strict,test,False,7.920818753952375,active
CHEMBL370542,CN(C)C(=O)Cn1c(-c2ccncc2)c(C2CCCCC2)c2ccc(C(=O)O)cc21,n1ccc(cc1)-c2[nH]c3ccccc3c2C4CCCCC4,regression,strict,train,False,6.872895201635193,active
CHEMBL3121193,CNC(=O)c1c(-c2ccc(F)cc2)oc2cc(N(Cc3ccc(B(O)O)c(F)c3)S(C)(=O)=O)c(C3CC3)cc12,o1c(cc2cc(c(cc12)NCc3ccccc3)C4CC4)-c5ccccc5,regression,strict,test,False,6.886056647693163,active
CHEMBL376966,CCCC1(C(=O)O)CCCc2c1[nH]c1c(Cl)ccc(C(F)(F)F)c21,c1ccc2c(c1)[nH]c3c2CCCC3,regression,strict,test,False,5.236572006437063,intermediate
CHEMBL4204771,CNC(=O)c1c(-c2ccc(F)cc2)oc2cc3c(cc12)CCCCN3S(=O)(=O)C1CC1,o1c(cc2cc3c(cc12)N(SC4CC4)CCCC3)-c5ccccc5,regression,strict,train,False,7.136677139879544,active
CHEMBL2017856,O=C(O)/C=C/c1ccc(NC(=O)C2(NC(=O)c3ccc4c(C5CCCCC5)c5n(c4c3)CCCc3ccccc3-5)CCCC2)cc1,c1ccc(cc1)NCC2(NCc3ccc4c(c3)n5c(-c6ccccc6CCC5)c4C7CCCCC7)CCCC2,regression,strict,train,False,5.4698003017969175,intermediate
CHEMBL179508,CC(C)C[C@@]1(C(=O)O)C[C@H](C(=O)O)[C@H](c2ccco2)N1C(=O)c1ccc(C(F)(F)F)cc1,o1cccc1C2N(Cc3ccccc3)CCC2,regression,strict,train,False,6.096910013008056,active
CHEMBL386515,CN(C)C(C)(C)c1nc(O)c(O)c(C(=O)NCc2ccc(F)cc2)n1,n1cnc(cc1)CNCc2ccccc2,regression,strict,train,False,5.0,inactive
CHEMBL204488,CCCCc1nc(O)c(O)c(C(=O)O)n1,n1cnccc1,regression,strict,test,False,4.301029995663981,inactive
CHEMBL378495,O=C(O)c1cc2nc(-c3ccccc3)n(C3CCCCC3)c2s1,n1c2ccsc2n(c1-c3ccccc3)C4CCCCC4,regression,strict,train,False,4.764471553092451,inactive
CHEMBL199578,CCOC(=O)c1c(NC(=O)NS(=O)(=O)N2CCCCCC2)sc2c1CCC(C)(C)C2,s1c(cc2c1CCCC2)NCNSN3CCCCCC3,regression,strict,train,False,6.301029995663981,active
CHEMBL3291361,O=c1ccn([C@@H]2O[C@@]3(COP(=O)(O)OP(=O)(O)OP(=O)(O)O)CO[C@@H]2[C@@H]3O)c(=O)[nH]1,[N]1[CH]C=CN([CH]1)C2OC3COC2C3,regression,strict,train,False,4.892790030352131,inactive
CHEMBL4278943,CNC(=O)c1c(-c2ccc(F)cc2)oc2nc(C)c(-c3cccc(C(=O)NC(C)(C)C)c3)cc12,n1cc(cc2cc(oc12)-c3ccccc3)-c4ccccc4,regression,strict,train,False,6.441291429466834,active
CHEMBL201873,Cc1nc(Cn2c(=O)c(C3=NS(=O)(=O)c4ccccc4N3)c(O)c3ccccc32)cs1,N=1Sc2ccccc2NC1C3=Cc4ccccc4N(Cc5ncsc5)C3,regression,strict,train,False,6.517126416391246,active
CHEMBL206290,O=C(Nc1csc(-c2nc(O)c(O)c(C(=O)O)n2)c1)c1cccs1,n1cccnc1-c2scc(c2)NCc3sccc3,regression,strict,train,False,4.860120913598763,inactive
CHEMBL2296935,CC(=O)NC(=O)c1ccc(-c2ccc(Cl)cc2)c(COc2ccc(-c3nc4cc(C(=O)O)ccc4n3C3CCCCC3)c(F)c2)c1,n1c2ccccc2n(c1-c3ccc(OCc4ccccc4-c5ccccc5)cc3)C6CCCCC6,regression,strict,train,False,7.853871964321762,active
CHEMBL3899419,COC(=O)[C@H](C)NP(=O)(Oc1ccccc1)OC(C)[C@H]1O[C@@H](n2ccc3c(N)ncnc32)[C@](C)(O)[C@@H]1O,n1cnc2c(c1)ccn2C3OC(COPOc4ccccc4)CC3,regression,strict,train,False,4.6777807052660805,inactive
CHEMBL184977,COC(=O)N(CC(=O)O)C(=O)c1c(-c2ccc(Cl)cc2)ccc2c(C(F)(F)F)c(OC)ccc12,c1ccc(cc1)-c2ccc3ccccc3c2,regression,strict,train,False,4.698970004336019,inactive
CHEMBL2236792,Cc1cccc(CSc2nc(-c3ccc(Br)cc3)c(C#N)c(=O)[nH]2)c1,n1ccc(nc1SCc2ccccc2)-c3ccccc3,regression,strict,train,False,4.958607314841775,inactive
CHEMBL377721,CC(C)CCn1c(=O)c(C2=NS(=O)(=O)c3ccccc3N2)c(O)c2ccc([N+](=O)[O-])cc21,N=1Sc2ccccc2NC1C3=Cc4ccccc4NC3,regression,strict,train,False,5.0,inactive
CHEMBL197897,Cc1cc(/C(O)=C/C(=O)C(=O)O)c(C)o1,o1cccc1,regression,strict,train,False,4.853871964321762,inactive
CHEMBL182020,Oc1ncnc2nc(-c3ccc(F)cc3)c(-c3ccc(F)cc3)nc12,n1cnc2nc(-c3ccccc3)c(nc2c1)-c4ccccc4,regression,strict,test,False,6.301029995663981,active
CHEMBL382628,CC(C)Cn1c(=O)c(C2=NS(=O)(=O)c3ccccc3N2)c(O)c2ccccc21,N=1Sc2ccccc2NC1C3=Cc4ccccc4NC3,regression,strict,train,False,6.966576244513051,active
CHEMBL203449,CN(C)C(=O)c1ccc(C(Oc2ccc(-c3nc4cc(C(=O)O)ccc4n3C3CCCCC3)c(F)c2)c2ccc(C(=O)N(C)C)cc2)cc1,n1c2ccccc2n(c1-c3ccc(OC(c4ccccc4)c5ccccc5)cc3)C6CCCCC6,regression,strict,train,False,6.1938200260161125,active
CHEMBL2236425,Cc1cccc(CSc2nc(-c3ccc(F)cc3F)c(C#N)c(=O)[nH]2)c1,n1ccc(nc1SCc2ccccc2)-c3ccccc3,regression,strict,train,False,4.2441251443275085,inactive
CHEMBL4641600,CNC(=O)c1c(-c2ccc(F)cc2)oc2cc(N(C)S(C)(=O)=O)c(-c3ccc4nc(C)n(Cc5ccc(F)cc5F)c(=O)c4c3)cc12,N1=CN([CH]c2cc(ccc12)-c3ccc4oc(cc4c3)-c5ccccc5)Cc6ccccc6,regression,strict,train,False,9.30102999566398,active
CHEMBL4471005,COP(=O)(Nc1nn(-c2ccc(-c3cc4nc(C)ccn4n3)cc2)cc1C(=O)O)c1ccc(C)cc1C,n1cccn2nc(cc12)-c3ccc(cc3)-n4nc(cc4)NPc5ccccc5,regression,strict,train,False,6.706416486503883,active
CHEMBL4286659,CNC(=O)c1c(-c2ccc(F)cc2)oc2nc(NCC(F)(F)F)c(-c3cccc(C(=O)NC(C)(C)c4nnc(C)o4)c3)cc12,n1nc(oc1)CNCc2cccc(c2)-c3cnc4oc(cc4c3)-c5ccccc5,regression,strict,train,False,7.568636235841013,active
CHEMBL4640222,COCC(=O)OC[C@H](C)NP(=O)(OC[C@H]1O[C@@H](n2ccc(=O)[nH]c2=O)[C@](Cl)(Br)[C@@H]1O)Oc1ccccc1,[N]1[CH]C=CN([CH]1)C2OC(COPOc3ccccc3)CC2,regression,strict,train,False,5.6020599913279625,intermediate
CHEMBL215925,O=C1CC(=O)OC(CCc2ccc(O)cc2)(C2CCC2)C1,O1CCCCC1(CCc2ccccc2)C3CCC3,regression,strict,train,False,4.031517051446065,inactive
CHEMBL2017864,O=C(O)/C=C/c1ccc(NC(=O)C2(NC(=O)c3ccc4c(C5CCCCC5)c5n(c4c3)CC(=O)Nc3cccnc3-5)CCCC2)cc1,n1cccc2NCCn3c4cc(ccc4c(c3-c12)C5CCCCC5)CNC6(CNc7ccccc7)CCCC6,regression,strict,train,False,5.508638306165727,intermediate
CHEMBL206052,O=C(O)c1nc(-c2ccc([N+](=O)[O-])s2)nc(O)c1O,n1cccnc1-c2sccc2,regression,strict,train,False,4.795880017344075,inactive
CHEMBL278580,O=C(O)[C@@H](Cc1ccccc1)N(Cc1cccc(Br)c1)C(=O)c1ccc(Cl)cc1Cl,c1ccc(cc1)CN(Cc2ccccc2)CCc3ccccc3,regression,strict,train,False,5.0655015487564325,intermediate
CHEMBL183587,Cc1ccccc1CNn1c(=O)c(C2=NS(=O)(=O)c3ccccc3N2)c(O)c2ccccc21,N=1Sc2ccccc2NC1C3=Cc4ccccc4N(NCc5ccccc5)C3,regression,strict,train,False,6.317854923626168,active
CHEMBL4107423,C[C@]1(N=[N+]=[N-])[C@H](c2cnn3c(N)ncnc23)O[C@H](CO)[C@H]1O,n1cnc2c(cnn2c1)C3OCCC3,regression,strict,test,False,4.0,inactive
CHEMBL212226,COc1cc(OCc2ccccc2-c2ccccc2)ccc1-c1nc2cc(C(=O)O)ccc2n1C1CCCCC1,n1c2ccccc2n(c1-c3ccc(OCc4ccccc4-c5ccccc5)cc3)C6CCCCC6,regression,strict,train,False,5.958607314841775,intermediate
CHEMBL4209098,CS(=O)(=O)N1CCCCc2cc3c(-c4ncc[nH]4)c(-c4ccc(F)cc4)oc3cc21,n1cc[nH]c1-c2c(oc3cc4NCCCCc4cc32)-c5ccccc5,regression,strict,train,False,8.301029995663981,active
CHEMBL215736,COc1ccc(CCC2(C3CCCC3)CC(=O)CC(=O)O2)cc1F,O1CCCCC1(CCc2ccccc2)C3CCCC3,regression,strict,test,False,6.050609993355087,active
CHEMBL3121384,Nc1nc2c(ncn2[C@@H]2O[C@H](COP(=O)(O)OP(=O)(O)OP(=O)(O)O)[C@@H](O)[C@]23CCO3)c(=O)[nH]1,n1cnc2c(ncn2C3OCCC43OCC4)c1,regression,strict,train,False,4.982966660701219,inactive
CHEMBL216143,CC(C)N1CCn2c(c(C3CCCCC3)c3ccc(C(=O)O)cc32)-c2ccccc21,c1ccc-2c(c1)NCCn3c4ccccc4c(c23)C5CCCCC5,regression,strict,train,False,7.443697499232712,active
CHEMBL201558,CC(C)CCn1c(=O)c(C2=NS(=O)(=O)c3ccccc3N2)c(O)c2c(Cl)cccc21,N=1Sc2ccccc2NC1C3=Cc4ccccc4NC3,regression,strict,train,False,7.481486060122112,active
CHEMBL199200,O=C(O)C(=O)/C=C(\O)c1cccn1Cc1cccc(F)c1,c1ccc(cc1)Cn2cccc2,regression,strict,train,False,4.522878745280337,inactive
CHEMBL3893857,COc1nc(N)nc2c1ncn2C1OC(COP(=O)(N[C@@H](C)C(=O)OCC(C)(C)C)Oc2cccc3ccccc23)[C@@H](O)[C@]12CCO2,n1cnc2c(ncn2C3OC(COPOc4cccc5ccccc45)CC63OCC6)c1,regression,strict,train,False,6.508638306165727,active
CHEMBL1950240,COP(=O)(OC)OP(=O)(OC)OP(=O)(OC)OC[C@H]1O[C@@H](n2ccc3c(N)ncnc32)[C@](C)(F)[C@@H]1O,n1cnc2c(c1)ccn2C3OCCC3,regression,strict,train,False,4.823908740944319,inactive
CHEMBL368589,O=C(O)c1ccc2c(c1)nc(-c1ccc(OCc3cc(C(=O)N4CCC(O)CC4)ccc3-c3ccc(Cl)cc3)cc1F)n2C1CCCCC1,n1c2ccccc2n(c1-c3ccc(OCc4cc(ccc4-c5ccccc5)CN6CCCCC6)cc3)C7CCCCC7,regression,strict,test,False,8.221848749616356,active
CHEMBL200046,CCOC(=O)c1c(NC(=O)NS(=O)(=O)N2CCCC2)sc2c1CCC(C)(C)C2,s1c(cc2c1CCCC2)NCNSN3CCCC3,regression,strict,train,False,6.698970004336019,active
CHEMBL3901713,CNC(=O)c1c(-c2ccc(F)cc2)oc2cc(N(C)S(C)(=O)=O)c(-c3ccc4ccn5c6cccc(F)c6cc5c4n3)cc12,n1c(ccc2C=Cn3c4ccccc4cc3-c12)-c5ccc6oc(cc6c5)-c7ccccc7,regression,strict,train,False,9.022276394711152,active
CHEMBL439848,COc1ccc(-c2c(C3CCCCC3)c3ccc(C(=O)O)cc3n2CC(=O)N(C)C)cn1,n1cccc(c1)-c2[nH]c3ccccc3c2C4CCCCC4,regression,strict,test,False,7.161150909262744,active
CHEMBL167790,Cc1ccc(S(=O)(=O)Nc2cc(-c3ccccc3)sc2C(=O)O)c(C)c1,s1cc(cc1-c2ccccc2)NSc3ccccc3,regression,strict,train,False,6.0,intermediate
CHEMBL440562,O=C(O)c1nc(-c2ccccc2)nc(O)c1O,n1cccnc1-c2ccccc2,regression,strict,train,False,5.638272163982407,intermediate
CHEMBL204401,CC(C)CCn1c(=O)c(C2=NS(=O)(=O)c3ccccc3N2)c(O)c2cc(NC(=O)CN(C)C)ccc21,N=1Sc2ccccc2NC1C3=Cc4ccccc4NC3,regression,strict,train,False,5.236197775925407,intermediate
CHEMBL214015,CCCOc1ccc2c(c1)S(=O)(=O)NC(c1c(O)c3cccnc3n(CCC(C)C)c1=O)=N2,n1cccc2cc(cnc12)C3=Nc4ccccc4SN3,regression,strict,train,False,6.031517051446065,active
CHEMBL4287762,CNC(=O)c1c(-c2ccc(F)cc2)oc2nc(NCC(F)(F)F)c(-c3cccc(C(=O)NC45CC(C4)C5)c3)cc12,n1cc(cc2cc(oc12)-c3ccccc3)-c4cccc(c4)CNC56CC(C5)C6,regression,strict,test,False,7.823908740944319,active
CHEMBL201927,O=c1c(C2=NS(=O)(=O)c3ccccc3N2)c(O)c2ccccc2n1CCCCO,N=1Sc2ccccc2NC1C3=Cc4ccccc4NC3,regression,strict,train,False,5.885722703438414,intermediate
CHEMBL109448,O=C(O)c1occc(=O)c1O,O1C=CCC=C1,regression,strict,test,False,4.292429823902063,inactive
CHEMBL2236448,Cc1cccc(CSc2nc(-c3cc(Cl)cc(Cl)c3)c(C#N)c(=O)[nH]2)c1,n1ccc(nc1SCc2ccccc2)-c3ccccc3,regression,strict,train,False,4.537602002101044,inactive
CHEMBL380997,CCC[C@]1(CC(=O)O)OCCc2c1sc1c(C)cc(F)c(C#N)c21,O1Cc2sc3ccccc3c2CC1,regression,strict,train,False,7.301029995663981,active
CHEMBL3914527,COc1ccc2c(c1)C1CC13Cn1c-2c(C2CCCCC2)c2ccc(cc21)C(=O)NS(=O)(=O)N(C)CCCCNC3=O,S1NCc2ccc3c(c2)n4c(-c5ccccc5C6CC6(CNCCCCN1)C4)c3C7CCCCC7,regression,strict,train,False,6.552841968657781,active
CHEMBL4217837,CNC(=O)c1c(-c2ccc(F)cc2)oc2cc3c(cc12)C(C)n1nncc1CN3S(C)(=O)=O,n1nn2c(c1)CNc3cc4oc(cc4cc3C2)-c5ccccc5,regression,strict,train,False,8.221848749616356,active
CHEMBL359981,Cn1c(-c2cccc(O)c2)nc(C(=O)O)c(O)c1=O,n1cccnc1-c2ccccc2,regression,strict,train,False,6.0,intermediate
CHEMBL365951,CCN(CC)CC1CN(C(=O)Cn2c(-c3ccc(OC)cc3)c(C3CCCCC3)c3ccc(C(=O)O)cc32)CCO1,O1CCN(CC1)CCn2c3ccccc3c(c2-c4ccccc4)C5CCCCC5,regression,strict,train,False,8.045757490560675,active
CHEMBL379236,CCCC1(CC(=O)O)OCCc2c1sc1c(C)cc(F)cc21,O1Cc2sc3ccccc3c2CC1,regression,strict,train,False,4.698970004336019,inactive
CHEMBL387310,Cc1c(-c2ccccn2)n(C2CCCCC2)c2ccc(C(=O)O)cc12,n1ccccc1-c2cc3ccccc3n2C4CCCCC4,regression,strict,train,False,6.086186147616283,active
CHEMBL204900,O=C(O)c1nc(Cc2ccccc2)nc(O)c1O,n1cccnc1Cc2ccccc2,regression,strict,train,False,4.301029995663981,inactive
CHEMBL370679,O=C(O)/C(=C/c1ccc(Oc2ccccc2I)cc1)NC(=O)c1ccccc1,O(c1ccccc1)c2ccc(C=CNCc3ccccc3)cc2,regression,strict,train,False,7.397940008672037,active
CHEMBL3909564,CC(C)OC(=O)[C@H](C)NP(=O)(Oc1ccc(Cl)cc1)OC(C)[C@H]1O[C@@H](n2ccc3c(N)ncnc32)[C@](C)(F)[C@@H]1O,n1cnc2c(c1)ccn2C3OC(COPOc4ccccc4)CC3,regression,strict,train,False,4.0,inactive
CHEMBL212200,CC(C)CCn1c(=O)c(C2=NS(=O)(=O)c3cc(NS(=O)(=O)NN4CCCC4)ccc3N2)c(O)c2cccnc21,N=1Sc2cc(ccc2NC1c3cnc4ncccc4c3)NSNN5CCCC5,regression,strict,train,False,7.568636235841013,active
CHEMBL4211675,CNC(=O)c1c(-c2ccc(F)cc2)oc2cc3c(cc12)CCN3S(C)(=O)=O,o1c(cc2cc3c(cc12)NCC3)-c4ccccc4,regression,strict,train,False,6.517126416391246,active
CHEMBL3960796,CNC(=O)c1c(-c2ccc(F)cc2)oc2cc(N(C)S(C)(=O)=O)c(-c3ccc4nnn(Cc5ccc(F)cc5)c(=O)c4c3)cc12,N1=NN([CH]c2cc(ccc12)-c3ccc4oc(cc4c3)-c5ccccc5)Cc6ccccc6,regression,strict,train,False,9.096910013008056,active
CHEMBL4546784,CNC(=O)c1c(-c2ccc(F)cc2)oc2ccc(-c3cccc(C(=O)NC4(c5ccccn5)CC4)c3)cc12,n1ccccc1C2(NCc3cccc(c3)-c4ccc5oc(cc5c4)-c6ccccc6)CC2,regression,strict,test,False,8.42021640338319,active
CHEMBL75667,C[C@]1(O)[C@H](O)[C@@H](CO)O[C@H]1n1cnc2c(N)ncnc21,n1cnc2c(ncn2C3OCCC3)c1,regression,strict,train,False,4.301029995663981,inactive
CHEMBL174007,Cc1ccc2[nH]cc(C[C@H](NC(=O)c3ccc4c(c3)nc(-c3ccoc3)n4C3CCCCC3)C(=O)O)c2c1,n1c2cc(ccc2n(c1-c3cocc3)C4CCCCC4)CNCCc5c[nH]c6ccccc65,regression,strict,train,False,5.657577319177793,intermediate
CHEMBL177566,CCc1ccc(-c2nc3cc(C(=O)O)ccc3n2C2CCCCC2)o1,n1c2ccccc2n(c1-c3occc3)C4CCCCC4,regression,strict,train,False,4.522878745280337,inactive
CHEMBL178076,COc1ccc(CCNC(=O)c2ccc3c(c2)nc(-c2ccccn2)n3C2CCCCC2)cc1OC,n1ccccc1-c2nc3cc(ccc3n2C4CCCCC4)CNCCc5ccccc5,regression,strict,train,False,4.920818753952375,inactive
CHEMBL223585,C[C@@]1(O)[C@H](O)[C@@H](COP(=O)(O)OP(=O)(O)OP(=O)(O)O)O[C@H]1n1ccc(N)nc1=O,N1=CC=CN([CH]1)C2OCCC2,regression,strict,train,False,4.292429823902063,inactive
CHEMBL202595,CC(C)(C)CCn1c(=O)c(C2=NS(=O)(=O)c3ccccc3N2)c(O)c2cc(NCCO)ccc21,N=1Sc2ccccc2NC1C3=Cc4ccccc4NC3,regression,strict,train,False,7.318758762624412,active
CHEMBL182281,CCCCC(CC)CNc1ncnc2nc(-c3ccc(F)cc3)c(-c3ccc(F)cc3)nc12,n1cnc2nc(-c3ccccc3)c(nc2c1)-c4ccccc4,regression,strict,test,False,5.0,inactive
CHEMBL196211,COc1cccc(/C(O)=C/C(=O)C(=O)O)c1,c1ccccc1,regression,strict,train,False,4.3979400086720375,inactive
CHEMBL191832,NNC(=O)/C(=C/c1ccc(Oc2ccccc2Br)cc1)NC(=O)c1ccccc1,O(c1ccccc1)c2ccc(C=CNCc3ccccc3)cc2,regression,strict,train,False,6.0,intermediate
CHEMBL174392,O=C(O)c1ccc2c(c1)nc(-c1ccc(C(=O)O)s1)n2C1CCCCC1,n1c2ccccc2n(c1-c3sccc3)C4CCCCC4,regression,strict,train,False,4.522878745280337,inactive
CHEMBL2376577,Cc1ccc(S(=O)(=O)Nc2ccc(Oc3ccccc3)cc2C(=O)O)cc1,O(c1ccccc1)c2ccc(cc2)NSc3ccccc3,regression,strict,test,False,6.769551078621726,active
CHEMBL3916157,CC(C)OC(=O)[C@H](C)NP(=O)(Oc1ccccc1)OC(C)[C@H]1O[C@@H](n2ccc3c(N)ncnc32)[C@](C)(F)[C@@H]1O,n1cnc2c(c1)ccn2C3OC(COPOc4ccccc4)CC3,regression,strict,train,False,4.0,inactive
CHEMBL209633,CC(C)CCn1c(=O)c(C2=NS(=O)(=O)c3cc(OCc4ccccc4)ccc3N2)c(O)c2cccnc21,N=1Sc2cc(OCc3ccccc3)ccc2NC1c4cnc5ncccc5c4,regression,strict,train,False,5.826813731587726,intermediate
CHEMBL201337,O=c1c(C2=NS(=O)(=O)c3ccccc3N2)c(O)c2ccccc2n1Cc1ccncc1,n1ccc(cc1)CN2c3ccccc3C=C(C4=NSc5ccccc5N4)C2,regression,strict,train,False,7.214670164989233,active
CHEMBL2236449,COc1cc(CSc2nc(-c3ccc(C(C)C)cc3)c(C#N)c(=O)[nH]2)cc(OC)c1,n1ccc(nc1SCc2ccccc2)-c3ccccc3,regression,strict,train,False,4.6020599913279625,inactive
CHEMBL4545962,Nc1ncnc2c1ncn2[C@@H]1O[C@H](CO)[C@H](O)[C@@]1(F)Br,n1cnc2c(ncn2C3OCCC3)c1,regression,strict,train,False,5.0,inactive
CHEMBL4279412,CNC(=O)c1c(-c2ccc(F)cc2)oc2nc(NCC(F)(F)F)c(-c3cccc(C(=O)NC(C)(C)c4noc(C)n4)c3)cc12,n1ocnc1CNCc2cccc(c2)-c3cnc4oc(cc4c3)-c5ccccc5,regression,strict,train,False,7.769551078621726,active
CHEMBL4115514,C[C@@]1(N=[N+]=[N-])[C@H](O)[C@@H](CO)O[C@H]1c1cnc2c(N)ncnn12,n1cnn2c(ncc2C3OCCC3)c1,regression,strict,train,False,4.0,inactive
CHEMBL202195,CCCCn1c(=O)c(-c2nc3ccccc3[nH]2)c(O)c2ccccc21,n1c2ccccc2[nH]c1C3=Cc4ccccc4NC3,regression,strict,train,False,5.0,inactive
CHEMBL191207,CCc1c(C2CCCCC2)c2ccc(C(=O)O)cc2n1CC(=O)N1CCC(N(C)C)CC1,c1ccc2c(c1)c(cn2CCN3CCCCC3)C4CCCCC4,regression,strict,train,False,6.548213564475709,active
CHEMBL561360,CC(C)N(c1cc(-c2ccccc2)sc1C(=O)O)C(=O)[C@H]1CC[C@H](C)CC1,s1cc(cc1-c2ccccc2)NCC3CCCCC3,regression,strict,train,False,7.795880017344075,active
CHEMBL1689375,O=C(CN1C(=O)S/C(=C\c2ccccc2Cl)C1=O)Nc1ccccc1,S1C(=Cc2ccccc2)CN(C1)CCNc3ccccc3,regression,strict,train,False,7.456056057517093,active
CHEMBL208997,CC(C)CCn1c(=O)c(C2=NS(=O)(=O)c3cc(OCC(=O)N(C)C)ccc3N2)c(O)c2cccnc21,N=1Sc2ccccc2NC1c3cnc4ncccc4c3,regression,strict,train,False,7.154901959985743,active
CHEMBL4127092,C#C[C@@]1(O)[C@H](O)[C@@H](COP(=O)(O)OP(=O)(O)OP(=O)(O)O)O[C@H]1n1ccc(=O)[nH]c1=O,[N]1[CH]C=CN([CH]1)C2OCCC2,regression,strict,test,False,7.568636235841013,active
CHEMBL387405,Cn1c(-c2ccoc2)c(C2CCCC2)c2ccc(C(=O)O)c(O)c21,o1ccc(c1)-c2[nH]c3ccccc3c2C4CCCC4,regression,strict,test,False,7.1249387366083,active
CHEMBL188218,CN1CCCC(CN(C)C(=O)Cn2c(-c3ccccc3)c(C3CCCC3)c3ccc(C(=O)O)cc32)C1,c1ccc(cc1)-c2c(c3ccccc3n2CCNCC4CNCCC4)C5CCCC5,regression,strict,train,False,7.327902142064283,active
CHEMBL201815,CC(Br)CCn1c(=O)c(C2=NS(=O)(=O)c3ccccc3N2)c(O)c2ccccc21,N=1Sc2ccccc2NC1C3=Cc4ccccc4NC3,regression,strict,train,False,6.537602002101044,active
CHEMBL4112983,COc1nc(N)nc2c1ncn2C1OC(CO)[C@@H](O)[C@]12CCO2,n1cnc2c(ncn2C3OCCC43OCC4)c1,regression,strict,train,False,4.0,inactive
CHEMBL3126843,CN(C)S(=O)(=O)NC(=O)c1ccc2c(C3CCCCC3)c3n(c2c1)C[C@@]1(C(=O)N2CCOCC2)C[C@H]1c1ccccc1-3,O1CCN(CC1)CC23Cn4c5ccccc5c(c4-c6ccccc6C3C2)C7CCCCC7,regression,strict,train,False,6.619788758288394,active
CHEMBL3126844,O=C(O)c1ccc2c(C3CCCCC3)c3n(c2c1)CC(C(=O)N1CCOCC1)=Cc1ccccc1-3,O1CCN(CC2=Cc3ccccc3-c4c(c5ccccc5n4C2)C6CCCCC6)CC1,regression,strict,train,False,5.468521082957745,intermediate
CHEMBL426088,O=C(Cc1ccc(Br)cc1)N/C(=C\c1ccc(Oc2ccccc2Br)cc1)C(=O)O,O(c1ccccc1)c2ccc(C=CNCCc3ccccc3)cc2,regression,strict,train,False,6.086186147616283,active
CHEMBL240779,COC(=O)c1ccc(NS(=O)(=O)Nc2ccc3c(c2)S(=O)(=O)N=C(c2c(O)c4cccnc4n(CCC(C)C)c2=O)N3)cc1,N=1Sc2cc(ccc2NC1c3cnc4ncccc4c3)NSNc5ccccc5,regression,strict,train,False,7.318758762624412,active
CHEMBL2236431,N#Cc1c(-c2ccc(Br)cc2)nc(SCc2cccc([N+](=O)[O-])c2)[nH]c1=O,n1ccc(nc1SCc2ccccc2)-c3ccccc3,regression,strict,train,False,4.853871964321762,inactive
CHEMBL2011266,Cc1cc2c(-c3ccc[nH]c3=O)c(C(=O)NS(=O)(=O)C3CC3)n(Cc3cc(F)ccc3F)c2cc1F,S(NCc1c(c2ccccc2n1Cc3ccccc3)C4=CC=CNC4)C5CC5,regression,strict,test,False,8.096910013008056,active
CHEMBL372277,O=C(NCc1ccccc1)/C(=C/c1ccc(Oc2ccccc2Br)cc1)NC(=O)c1ccccc1,O(c1ccccc1)c2ccc(cc2)C=C(NCc3ccccc3)CNCc4ccccc4,regression,strict,train,False,4.0,inactive
CHEMBL4648683,CNC(=O)c1c(-c2ccc(F)cc2)oc2cc(N(C)S(C)(=O)=O)c(-c3ccc4nc(C)n(Cc5ccc(F)cn5)c(=O)c4c3)cc12,n1ccccc1CN2C=Nc3ccc(cc3[CH]2)-c4ccc5oc(cc5c4)-c6ccccc6,regression,strict,train,False,8.886056647693163,active
CHEMBL378174,CC(C)CCn1c(=O)c(C2=NS(=O)(=O)c3cc(O)ccc3N2)c(O)c2cccnc21,N=1Sc2ccccc2NC1c3cnc4ncccc4c3,regression,strict,train,False,7.376750709602099,active
CHEMBL201469,O=C(NN1C(=O)/C(=C/c2ccc(Cl)cc2)SC1=S)c1ccccc1,S1C(=Cc2ccccc2)CN(NCc3ccccc3)C1,regression,strict,train,False,4.522878745280337,inactive
CHEMBL183046,CC(C)CCn1c(=O)c(C2=NS(=O)(=O)c3ccccc3N2)c(O)c2cccnc21,N=1Sc2ccccc2NC1c3cnc4ncccc4c3,regression,strict,train,False,7.387216143280264,active
CHEMBL370569,CCCC1(CC(=O)O)OCCc2c1oc1ccccc21,o1c2ccccc2c3c1COCC3,regression,strict,train,False,4.698970004336019,inactive
CHEMBL371388,O=C(O)/C(=C/c1ccc(-c2ccc(F)cc2)o1)NC(=O)c1ccccc1,o1c(C=CNCc2ccccc2)ccc1-c3ccccc3,regression,strict,train,False,4.920818753952375,inactive
CHEMBL213360,O=C1CC(=O)OC(CCc2cccc(Cl)c2)(C2CCCC2)C1,O1CCCCC1(CCc2ccccc2)C3CCCC3,regression,strict,test,False,5.301029995663981,intermediate
CHEMBL206022,O=C(O)c1ccc(COc2ccc(-c3nc4cc(C(=O)O)ccc4n3C3CCCC3)cc2)cc1,n1c2ccccc2n(c1-c3ccc(OCc4ccccc4)cc3)C5CCCC5,regression,strict,train,False,5.173925197299173,intermediate
CHEMBL361156,CN(C)C(=O)Cn1c(-c2cccc(F)c2)c(C2CCCCC2)c2ccc(C(=O)O)cc21,c1ccc(cc1)-c2[nH]c3ccccc3c2C4CCCCC4,regression,strict,test,False,9.221848749616356,active
CHEMBL3961240,CNC(=O)c1c(-c2ccc(F)cc2)oc2cc(N(C)S(C)(=O)=O)c(-c3cc(OC)c4nnn(Cc5ccc(F)cc5)c(=O)c4c3)cc12,N1=NN([CH]c2cc(ccc12)-c3ccc4oc(cc4c3)-c5ccccc5)Cc6ccccc6,regression,strict,train,False,9.397940008672036,active
CHEMBL201999,NN1C(=O)/C(=C/c2ccc([N+](=O)[O-])cc2)SC1=S,S1C(=Cc2ccccc2)CNC1,regression,strict,train,False,6.0,intermediate
CHEMBL364269,O=C(Cn1c(-c2ccccc2)c(C2CCCCC2)c2ccc(C(=O)O)cc21)NCC1CC1,c1ccc(cc1)-c2c(c3ccccc3n2CCNCC4CC4)C5CCCCC5,regression,strict,test,False,7.200659450546418,active
CHEMBL425754,Cc1cccc(/C=C2\SC(=S)N(NS(=O)(=O)c3ccccc3)C2=O)c1,S(NN1CSC(=Cc2ccccc2)C1)c3ccccc3,regression,strict,train,False,4.6020599913279625,inactive
CHEMBL202043,O=C1/C(=C/c2ccc(F)cc2)SC(=S)N1NS(=O)(=O)c1ccccc1,S(NN1CSC(=Cc2ccccc2)C1)c3ccccc3,regression,strict,train,False,6.0,intermediate
CHEMBL4471318,C=CCOC[C@H]1[C@@H](COC)C[C@@](CC(C)C)(C(=O)O)N1C(=O)c1ccc(C(C)(C)C)c(OC)c1,c1ccc(cc1)CN2CCCC2,regression,strict,train,False,5.1249387366083,intermediate
CHEMBL4476375,CC[C@H]1[C@@H](COC)C[C@@](CC(C)C)(C(=O)O)N1C(=O)c1ccc(C(C)(C)C)c(OC)c1,c1ccc(cc1)CN2CCCC2,regression,strict,train,False,4.3979400086720375,inactive
CHEMBL202606,CCOC(=O)n1c(=O)c(C2=NS(=O)(=O)c3ccccc3N2)c(O)c2ccccc21,N=1Sc2ccccc2NC1C3=Cc4ccccc4NC3,regression,strict,train,False,5.691222226335279,intermediate
CHEMBL366941,COc1ccc(CNC(=O)c2ccc3c(c2)nc(-c2ccccn2)n3C2CCCCC2)cc1OC,n1ccccc1-c2nc3cc(ccc3n2C4CCCCC4)CNCc5ccccc5,regression,strict,train,False,5.154901959985743,intermediate
CHEMBL372675,O=C(O)C(=O)/C=C(\O)c1ccsc1Cc1cccc(F)c1,s1cccc1Cc2ccccc2,regression,strict,train,False,4.096910013008056,inactive
CHEMBL4439082,CNC(=O)c1c(-c2ccc(F)cc2)oc2cc(-n3nccc3-c3ccc(B(O)O)c(F)c3)c(C3CC3)cc12,n1ccc(-c2ccccc2)n1-c3cc4oc(cc4cc3C5CC5)-c6ccccc6,regression,strict,train,False,8.638272163982407,active
CHEMBL382191,CC(C)(C)CCN1C(=O)C(C2=NS(=O)(=O)c3ccccc3N2)=C(O)[C@@H]1c1ccc(F)cc1,N=1Sc2ccccc2NC1C3=CC(NC3)c4ccccc4,regression,strict,train,False,6.126098402135539,active
CHEMBL203976,O=C(O)c1nc(C2CCCCC2)nc(O)c1O,n1cccnc1C2CCCCC2,regression,strict,train,False,4.6020599913279625,inactive
CHEMBL4107380,CC(C)(C)COP1(=O)OC[C@H]2O[C@@H](c3ccc4c(N)ncnn34)[C@](C)(N)[C@@H]2O1,n1cnn2c(c1)ccc2C3OC4COPOC4C3,regression,strict,train,False,4.0,inactive
CHEMBL193596,O=C(Nc1ccc(O)cc1)/C(=C/c1ccc(Oc2ccccc2Br)cc1)NC(=O)c1ccccc1,O(c1ccccc1)c2ccc(cc2)C=C(NCc3ccccc3)CNc4ccccc4,regression,strict,train,False,4.920818753952375,inactive
CHEMBL378758,CN(C)C(=O)Cn1c(-c2ccccc2)c(C2CCCCC2)c2ccc(C(=O)O)nc21,n1cccc2c1[nH]c(-c3ccccc3)c2C4CCCCC4,regression,strict,train,False,6.494850021680094,active
CHEMBL367243,O=C(N[C@H](Cc1c[nH]c2ccc(O)cc12)C(=O)O)c1ccc2c(c1)nc(-c1ccoc1)n2C1CCCCC1,n1c2cc(ccc2n(c1-c3cocc3)C4CCCCC4)CNCCc5c[nH]c6ccccc65,regression,strict,train,False,6.154901959985743,active
CHEMBL176017,COc1ccc([C@H](NC(=O)c2ccc3c(c2)nc(-c2ccccn2)n3C2CCCCC2)C(=O)O)cc1OC,n1ccccc1-c2nc3cc(ccc3n2C4CCCCC4)CNCc5ccccc5,regression,strict,train,False,5.698970004336019,intermediate
CHEMBL360125,O=C(Nc1ncc(C(=O)O)s1)c1ccc(Oc2ccccc2)cc1,n1ccsc1NCc2ccc(Oc3ccccc3)cc2,regression,strict,train,False,4.301029995663981,inactive
CHEMBL4467259,CNC(=O)c1c(-c2ccc(F)cc2)oc2cc(N(c3cc(Cl)c4c(c3)COB4O)S(C)(=O)=O)c(C3CC3)cc12,O1Bc2ccc(cc2C1)Nc3cc4oc(cc4cc3C5CC5)-c6ccccc6,regression,strict,train,False,8.886056647693163,active
CHEMBL197557,Cc1cc(C)c(/C(O)=C/C(=O)C(=O)O)s1,s1cccc1,regression,strict,train,False,5.086186147616283,intermediate
CHEMBL200696,CCC[C@@]1(CC(=O)O)OCCc2c1sc1c(C)ccc(C#N)c21,O1Cc2sc3ccccc3c2CC1,regression,strict,train,False,5.54515513999149,intermediate
CHEMBL4209204,CNC(=O)c1c(-c2ccc(F)cc2)oc2cc3c(cc12)C(C)N(C)CCN3S(C)(=O)=O,o1c(cc2cc3c(cc12)NCCNC3)-c4ccccc4,regression,strict,train,False,7.853871964321762,active
CHEMBL3953212,CCCCOC(=O)[C@H](C)NP(=O)(Oc1cccc2ccccc12)O[C@H](C)[C@H]1O[C@@H](n2ccc3c(N)ncnc32)[C@](C)(O)[C@@H]1O,n1cnc2c(c1)ccn2C3OC(COPOc4cccc5ccccc45)CC3,regression,strict,test,False,4.481486060122112,inactive
CHEMBL206019,O=C(O)c1ccc2c(c1)nc(-c1ccc(OCc3cc(Cl)cc(Cl)c3)cc1)n2C1CCCC1,n1c2ccccc2n(c1-c3ccc(OCc4ccccc4)cc3)C5CCCC5,regression,strict,train,False,5.769551078621726,intermediate
CHEMBL193630,O=C(O)/C(=C/c1ccc(-c2ccccc2F)s1)NC(=O)c1ccccc1,s1c(C=CNCc2ccccc2)ccc1-c3ccccc3,regression,strict,train,False,5.585026652029182,intermediate
CHEMBL4555315,C[C@]1(Cl)[C@H](n2ccc(=O)[nH]c2=O)O[C@](F)(COP(=O)(O)OP(=O)(O)OP(=O)(O)O)[C@H]1O,[N]1[CH]C=CN([CH]1)C2OCCC2,regression,strict,test,False,6.958607314841775,active
CHEMBL363165,CC(C)(C)c1ccccc1Oc1ccc(/C=C(\NC(=O)c2ccccc2)C(=O)O)cc1,O(c1ccccc1)c2ccc(C=CNCc3ccccc3)cc2,regression,strict,train,False,4.0,inactive
CHEMBL204517,CCCC1(CC(=O)O)CCCc2c1[nH]c1c(C#N)ccc(C#N)c21,c1ccc2c(c1)[nH]c3c2CCCC3,regression,strict,test,False,5.638272163982407,intermediate
CHEMBL379931,CC(=O)Nc1ccc(-c2ccc(Cl)cc2)c(COc2ccc(-c3nc4cc(C(=O)O)ccc4n3C3CCCCC3)cc2)c1,n1c2ccccc2n(c1-c3ccc(OCc4ccccc4-c5ccccc5)cc3)C6CCCCC6,regression,strict,train,False,7.657577319177793,active
CHEMBL3927591,CNC(=O)c1c(-c2ccc(F)cc2)oc2cc(N(C)S(C)(=O)=O)c(-c3ccc4nnn(Cc5ccccc5)c(=O)c4c3)cc12,N1=NN([CH]c2cc(ccc12)-c3ccc4oc(cc4c3)-c5ccccc5)Cc6ccccc6,regression,strict,train,False,9.0,active
CHEMBL215056,CN1CCn2c(c(C3CCCCC3)c3ccc(C(=O)O)cc32)-c2ccccc21,c1ccc-2c(c1)NCCn3c4ccccc4c(c23)C5CCCCC5,regression,strict,train,False,7.721246399047171,active
CHEMBL211142,CN(C)C(=O)Cn1c(-c2ccccc2)c(C2CCCCC2)c2ncc(C(=O)O)cc21,n1cccc2[nH]c(-c3ccccc3)c(c12)C4CCCCC4,regression,strict,train,False,5.657577319177793,intermediate
CHEMBL4213916,CN(O)C(=O)c1c(-c2ccc(F)cc2)oc2cc3c(cc12)CCCCN3S(C)(=O)=O,o1c(cc2cc3c(cc12)NCCCC3)-c4ccccc4,regression,strict,train,False,6.525783735923745,active
CHEMBL381529,CC(C)CCn1c(=O)c(C2=NS(=O)(=O)c3ccccc3N2)c(O)c2c(Br)cccc21,N=1Sc2ccccc2NC1C3=Cc4ccccc4NC3,regression,strict,train,False,6.978810700930062,active
CHEMBL4082363,CC(C)OC(=O)[C@H](C)N[P@](=O)(OC[C@H]1O[C@@H](n2ccc(N)nc2=O)[C@](C)(F)[C@@H]1O)Oc1ccccc1,N1=CC=CN([CH]1)C2OC(COPOc3ccccc3)CC2,regression,strict,train,False,6.0670191780768015,active
CHEMBL360946,COc1ccccc1[C@H]1[C@@H](C(=O)O)C[C@@](CC(C)C)(C(=O)O)N1C(=O)c1ccc(C(F)(F)F)cc1,c1ccc(cc1)CN2CCCC2c3ccccc3,regression,strict,train,False,5.292429823902063,intermediate
CHEMBL213509,CC(C)CCn1c(=O)c(C2=NS(=O)(=O)c3cc(N)ccc3N2)c(O)c2cccnc21,N=1Sc2ccccc2NC1c3cnc4ncccc4c3,regression,strict,train,False,7.638272163982407,active
CHEMBL176924,Cn1cc(C[C@@H](NC(=O)c2ccc3c(c2)nc(-c2ccoc2)n3C2CCCCC2)C(=O)O)c2cc(O)ccc21,n1c2cc(ccc2n(c1-c3cocc3)C4CCCCC4)CNCCc5c[nH]c6ccccc65,regression,strict,train,False,6.795880017344075,active
CHEMBL195772,O=C(O)/C(=C/c1ccc(Oc2ccccc2)cc1)NC(=O)c1ccccc1,O(c1ccccc1)c2ccc(C=CNCc3ccccc3)cc2,regression,strict,train,False,4.769551078621726,inactive
CHEMBL3291360,Nc1ccn([C@@H]2O[C@@]3(COP(=O)(O)OP(=O)(O)OP(=O)(O)O)CO[C@@H]2[C@@H]3O)c(=O)n1,N1=CC=CN([CH]1)C2OC3COC2C3,regression,strict,train,False,5.841637507904751,intermediate
CHEMBL209796,O=C(O)c1ccc2c(C3CCCCC3)c(-c3ccccc3)[nH]c2n1,n1cccc2c1[nH]c(-c3ccccc3)c2C4CCCCC4,regression,strict,train,False,6.823908740944319,active
CHEMBL3126864,CN(C)S(=O)(=O)NC(=O)c1ccc2c(C3CCCCC3)c3n(c2c1)C[C@]1(C(=O)N2CCOCC2)C[C@@H]1c1ccccc1-3,O1CCN(CC1)CC23Cn4c5ccccc5c(c4-c6ccccc6C3C2)C7CCCCC7,regression,strict,train,False,6.200659450546418,active
CHEMBL4555125,COc1ccc(/C=c2/sc3n(c2=O)CN(c2ccc(Cl)cc2)CN=3)cc1,N1=C2SC(=Cc3ccccc3)CN2CN(c4ccccc4)C1,regression,strict,test,False,6.00436480540245,active
CHEMBL382997,CC(C)CCn1c(=O)c(C2=NS(=O)(=O)c3cc(NS(=O)(=O)Nc4cccc(C(=O)O)c4)ccc3N2)c(O)c2cccnc21,N=1Sc2cc(ccc2NC1c3cnc4ncccc4c3)NSNc5ccccc5,regression,strict,train,False,6.939302159646388,active
CHEMBL443044,CN(C)C1CNC(C(=O)Cn2c(-c3ccc(Cl)cc3)c(C3CCCCC3)c3ccc(C(=O)O)cc32)C1,c1ccc(cc1)-c2c(c3ccccc3n2CCC4NCCC4)C5CCCCC5,regression,strict,train,False,7.886056647693163,active
CHEMBL4107429,C[C@]1(N)[C@H](c2cnn3c(N)ncnc23)O[C@H](COP(=O)(O)OP(=O)(O)OP(=O)(O)O)[C@H]1O,n1cnc2c(cnn2c1)C3OCCC3,regression,strict,test,False,4.292429823902063,inactive
CHEMBL379210,CCCC1(C(=O)O)CCCc2c1[nH]c1c(F)ccc(C#N)c21,c1ccc2c(c1)[nH]c3c2CCCC3,regression,strict,test,False,5.0,inactive
CHEMBL2043025,COc1ccc2c(c1)C=C1Cn3c-2c(C2CCCCC2)c2ccc(cc23)C(=O)NS(=O)(=O)N(C)CCOCCN(C)C1=O,O1CCNSNCc2ccc3c(c2)n4c(-c5ccccc5C=C(CNCC1)C4)c3C6CCCCC6,regression,strict,test,False,7.42021640338319,active
CHEMBL192215,O=C(Cc1ccc(I)cc1)N/C(=C\c1ccc(Oc2ccccc2Br)cc1)C(=O)O,O(c1ccccc1)c2ccc(C=CNCCc3ccccc3)cc2,regression,strict,train,False,6.0,intermediate
CHEMBL366574,O=C(O)COc1ccc2[nH]cc(C[C@H](NC(=O)c3ccc4c(c3)nc(-c3ccoc3)n4C3CCCCC3)C(=O)O)c2c1,n1c2cc(ccc2n(c1-c3cocc3)C4CCCCC4)CNCCc5c[nH]c6ccccc65,regression,strict,train,False,7.721246399047171,active
CHEMBL3949897,CNC(=O)c1c(-c2ccc(F)cc2)oc2cc(N(C)S(C)(=O)=O)c(-c3ccc4ncn(Cc5ccccc5)c(=O)c4c3)cc12,N1=CN([CH]c2cc(ccc12)-c3ccc4oc(cc4c3)-c5ccccc5)Cc6ccccc6,regression,strict,train,False,8.920818753952375,active
CHEMBL179389,CC(C)C[C@@]1(C(=O)O)C[C@H](C(=O)O)[C@H](c2cccs2)N1C(=O)c1ccc(Cl)c(Cl)c1,s1cccc1C2N(Cc3ccccc3)CCC2,regression,strict,test,False,6.221848749616356,active
CHEMBL439523,CCOC(=O)c1c(NC(=O)NS(=O)(=O)c2ccc(Cl)cc2)sc2c1CCCC2,S(NCNc1sc2c(c1)CCCC2)c3ccccc3,regression,strict,train,False,6.0,intermediate
CHEMBL203254,CC1CC1Cn1c(=O)c(C2=NS(=O)(=O)c3ccccc3N2)c(O)c2ccccc21,N=1Sc2ccccc2NC1C3=Cc4ccccc4N(C3)CC5CC5,regression,strict,test,False,7.387216143280264,active
CHEMBL369127,COc1cccc(COc2ccc(C(=O)N(c3ncc(C(=O)O)s3)C3CCCCC3)cc2)c1,n1ccsc1N(Cc2ccc(OCc3ccccc3)cc2)C4CCCCC4,regression,strict,train,False,5.494850021680094,intermediate
CHEMBL425352,COc1ccc2c(C(=O)NC(CCC(=O)O)C(=O)O)cccc2c1Br,c1ccc2ccccc2c1,regression,strict,train,False,6.229147988357855,active
CHEMBL193242,CN(C)C1CCN(C(=O)Cn2c(C3=CCCCC3)c(C3CCCCC3)c3ccc(C(=O)O)cc32)CC1,c1ccc2c(c1)c(c(C3=CCCCC3)n2CCN4CCCCC4)C5CCCCC5,regression,strict,train,False,7.744727494896693,active
CHEMBL201040,O=c1c(C2=NS(=O)(=O)c3ccccc3N2)c(O)c2ccccc2n1CCCO,N=1Sc2ccccc2NC1C3=Cc4ccccc4NC3,regression,strict,train,False,5.550521600812635,intermediate
CHEMBL381101,O=C1/C(=C/c2ccc(-c3cc(C(F)(F)F)ccc3Cl)o2)SC(=S)N1NS(=O)(=O)c1ccccc1,o1c(ccc1-c2ccccc2)C=C3SCN(NSc4ccccc4)C3,regression,strict,train,False,7.0,active
CHEMBL365135,CCc1ccccc1C(=O)N/C(=C\c1ccc(Oc2ccccc2Br)cc1)C(=O)O,O(c1ccccc1)c2ccc(C=CNCc3ccccc3)cc2,regression,strict,train,False,7.301029995663981,active
CHEMBL182285,Fc1ccc(-c2nc3ncnc(NC4CCC4)c3nc2-c2ccc(F)cc2)cc1,n1cnc(NC2CCC2)c3nc(-c4ccccc4)c(nc13)-c5ccccc5,regression,strict,train,False,5.6777807052660805,intermediate
CHEMBL173466,O=C(O)C(=O)Nc1ccc2[nH]cc(C[C@H](NC(=O)c3ccc4c(c3)nc(-c3ccoc3)n4C3CCCCC3)C(=O)O)c2c1,n1c2cc(ccc2n(c1-c3cocc3)C4CCCCC4)CNCCc5c[nH]c6ccccc65,regression,strict,train,False,8.096910013008056,active
CHEMBL203312,C#CCCCn1c(=O)c(C2=NS(=O)(=O)c3ccccc3N2)c(O)c2ccccc21,N=1Sc2ccccc2NC1C3=Cc4ccccc4NC3,regression,strict,train,False,6.747146969020107,active
CHEMBL371573,Nc1cccc(Cl)c1Oc1ccc(/C=C(\NC(=O)c2ccccc2)C(=O)O)cc1,O(c1ccccc1)c2ccc(C=CNCc3ccccc3)cc2,regression,strict,train,False,6.508638306165727,active
CHEMBL381613,CC(C)(C)[C@H]1C(O)=C(C2=NS(=O)(=O)c3ccccc3N2)C(=O)N1Cc1ccc(F)cc1,N=1Sc2ccccc2NC1C3=CCN(Cc4ccccc4)C3,regression,strict,train,False,7.229147988357855,active
CHEMBL202587,CC(C)CCn1c(=O)c(C2=NS(=O)(=O)c3ccccc3N2)c(O)c2ccc(C(=O)O)cc21,N=1Sc2ccccc2NC1C3=Cc4ccccc4NC3,regression,strict,train,False,5.0,inactive
CHEMBL362909,CCN(CC)C1CCN(C(=O)Cn2c(-c3ccc(Cl)cc3)c(C3CCCCC3)c3ccc(C(=O)O)cc32)CC1,c1ccc(cc1)-c2c(c3ccccc3n2CCN4CCCCC4)C5CCCCC5,regression,strict,train,False,8.045757490560675,active
CHEMBL24396,COc1ccc(-c2ccc(Cl)cc2)c(COc2ccc(-c3nc4cc(C(=O)O)ccc4n3C3CCCCC3)cc2)c1,n1c2ccccc2n(c1-c3ccc(OCc4ccccc4-c5ccccc5)cc3)C6CCCCC6,regression,strict,train,False,7.431798275933005,active
CHEMBL359910,O=c1c(C2=NS(=O)(=O)c3ccccc3N2)c(O)c2cccnc2n1C1CCCCC1,N=1Sc2ccccc2NC1C3=Cc4cccnc4N([CH]3)C5CCCCC5,regression,strict,train,False,4.301029995663981,inactive
CHEMBL3126846,COc1ccc2c(c1)C=C(C(=O)N1CCOCC1)Cn1c-2c(C2CCCCC2)c2ccc(C(=O)NS(=O)(=O)N(C)C)cc21,O1CCN(CC2=Cc3ccccc3-c4c(c5ccccc5n4C2)C6CCCCC6)CC1,regression,strict,train,False,6.621602099051862,active
CHEMBL194064,O=C(O)/C(=C/c1ccc(-c2ccc(Cl)cc2)o1)NC(=O)c1ccccc1,o1c(C=CNCc2ccccc2)ccc1-c3ccccc3,regression,strict,train,False,5.337242168318426,intermediate
CHEMBL200965,O=C1/C(=C/c2ccc(Br)cc2)SC(=S)N1NS(=O)(=O)c1ccccc1,S(NN1CSC(=Cc2ccccc2)C1)c3ccccc3,regression,strict,train,False,6.154901959985743,active
CHEMBL425286,O=C(O)c1ccc2c(C3CCCCC3)c3n(c2c1)COc1ccccc1-3,O1c2ccccc2-c3c(c4ccccc4n3C1)C5CCCCC5,regression,strict,train,False,6.853871964321762,active
CHEMBL214084,CC(C)CCn1c(=O)c(C2=NS(=O)(=O)c3cc(OCC(=O)OC(C)(C)C)ccc3N2)c(O)c2cccnc21,N=1Sc2ccccc2NC1c3cnc4ncccc4c3,regression,strict,train,False,6.070581074285707,active
CHEMBL4215104,CNC(=O)c1c(-c2ccc(F)cc2)oc2cc3c(cc12)[C@H](C)CCCN3S(C)(=O)=O,o1c(cc2cc3c(cc12)NCCCC3)-c4ccccc4,regression,strict,train,False,8.397940008672037,active
CHEMBL4543460,CNC(=O)c1c(-c2ccc(F)cc2)oc2cc(N3C(=O)OCCC3c3ccc(B(O)O)cc3)c(C3CC3)cc12,o1c(cc2cc(c(cc12)N3COCCC3c4ccccc4)C5CC5)-c6ccccc6,regression,strict,train,False,7.301029995663981,active
CHEMBL214680,O=C1CC(=O)OC(CCc2ccccc2)(C2CCCC2)C1,O1CCCCC1(CCc2ccccc2)C3CCCC3,regression,strict,test,False,4.318758762624412,inactive
CHEMBL383304,O=C(O)c1ccc2c(c1)nc(-c1ccc(OC(c3cccnc3)c3cccnc3)cc1F)n2C1CCCCC1,n1cccc(c1)C(Oc2ccc(cc2)-c3nc4ccccc4n3C5CCCCC5)c6cnccc6,regression,strict,train,False,5.958607314841775,intermediate
CHEMBL426866,CC(C)CCn1c(=O)c(C2=NS(=O)(=O)c3cc(OCCN)ccc3N2)c(O)c2cccnc21,N=1Sc2ccccc2NC1c3cnc4ncccc4c3,regression,strict,train,False,7.292429823902063,active
CHEMBL2017862,O=C(O)/C=C/c1ccc(NC(=O)C2(NC(=O)c3ccc4c(C5CCCCC5)c5n(c4c3)CCCc3nccnc3-5)CCCC2)cc1,n1ccnc2c1-c3c(c4ccc(cc4n3CCC2)CNC5(CNc6ccccc6)CCCC5)C7CCCCC7,regression,strict,train,False,5.642065152999546,intermediate
CHEMBL2043043,COc1ccc2c(c1)C[C@H]1Cn3c-2c(C2CCCCC2)c2ccc(cc23)C(=O)NS(=O)(=O)N(C)CCOCCN(C)C1=O,O1CCNSNCc2ccc3c(c2)n4c(-c5ccccc5CC(CNCC1)C4)c3C6CCCCC6,regression,strict,train,False,5.616184634019569,intermediate
CHEMBL202581,CC(C)CCn1c(=O)c(C2=NS(=O)(=O)c3ccccc3N2)c(O)c2ccc(F)cc21,N=1Sc2ccccc2NC1C3=Cc4ccccc4NC3,regression,strict,train,False,6.2564902352715706,active
CHEMBL2043034,CN1CCOCCN(C)S(=O)(=O)NC(=O)c2ccc3c(C4CCCCC4)c4n(c3c2)CC(=Cc2cc(F)ccc2-4)C1=O,O1CCNSNCc2ccc3c(c2)n4c(-c5ccccc5C=C(CNCC1)C4)c3C6CCCCC6,regression,strict,test,False,7.508638306165727,active
CHEMBL4592781,CNC(=O)c1c(-c2ccc(F)cc2)oc2cc(N(c3ccc(B(O)O)cc3)S(C)(=O)=O)c(C3CC3)cc12,o1c(cc2cc(c(cc12)Nc3ccccc3)C4CC4)-c5ccccc5,regression,strict,train,False,9.045757490560677,active
CHEMBL176038,O=C(O)c1ccc2c(c1)nc(-c1cc3ccccc3o1)n2C1CCCCC1,n1c2ccccc2n(c1-c3oc4ccccc4c3)C5CCCCC5,regression,strict,train,False,4.236572006437063,inactive
CHEMBL4290092,CNC(=O)c1c(-c2ccc(F)cc2)oc2nc(NCC(F)(F)F)c(-c3cccc(C(=O)NC(C)(C)c4noc(C(F)(F)F)n4)c3)cc12,n1ocnc1CNCc2cccc(c2)-c3cnc4oc(cc4c3)-c5ccccc5,regression,strict,train,False,7.00436480540245,active
CHEMBL174670,CC(=O)Nc1ccc2[nH]cc(C[C@H](NC(=O)c3ccc4c(c3)nc(-c3ccoc3)n4C3CCCCC3)C(=O)O)c2c1,n1c2cc(ccc2n(c1-c3cocc3)C4CCCCC4)CNCCc5c[nH]c6ccccc65,regression,strict,train,False,7.221848749616356,active
CHEMBL4282015,CCOc1nc2oc(-c3ccc(F)cc3)c(C(=O)NC)c2cc1-c1cccc(C(=O)NC(C)(C)C)c1,n1cc(cc2cc(oc12)-c3ccccc3)-c4ccccc4,regression,strict,train,False,7.214670164989233,active
CHEMBL3672387,CNC(=O)c1c(-c2ccc(F)cc2)oc2nc(CCC(F)(F)F)c(-c3cccc(C(=O)NC(C)(C)c4ncon4)c3)cc12,n1ocnc1CNCc2cccc(c2)-c3cnc4oc(cc4c3)-c5ccccc5,regression,strict,train,False,8.221848749616356,active
CHEMBL2043032,COc1ccc2c(c1)C=C1Cn3c-2c(C2CCCCC2)c2ccc(cc23)C(=O)NS(=O)(=O)N2CCN(CCNC1=O)CC2,S1NCc2ccc3c(c2)n4c(-c5ccccc5C=C(CNCCN6CCN1CC6)C4)c3C7CCCCC7,regression,strict,train,False,6.537602002101044,active
