molecule_chembl_id,canonical_smiles,murcko_fragment,problem_type,strategy,train_test,drop_intermediate,pIC50,bioactivity_class
CHEMBL480,Cc1c(OCC(F)(F)F)ccnc1C[S+]([O-])c1nc2ccccc2[nH]1,n1ccccc1CSc2nc3ccccc3[nH]2,regression,strict,train,False,6.002176919254275,active
CHEMBL178459,Cc1c(-c2cnccn2)ssc1=S,n1ccnc(c1)C=2SSCC2,regression,strict,train,False,6.381951903287908,active
CHEMBL3545157,O=c1sn(-c2cccc3ccccc23)c(=O)n1Cc1ccccc1,S1[CH]N([CH]N1c2cccc3ccccc32)Cc4ccccc4,regression,strict,train,False,6.03687237697304,active
CHEMBL297453,O=C(O[C@@H]1Cc2c(O)cc(O)cc2O[C@@H]1c1cc(O)c(O)c(O)c1)c1cc(O)c(O)c(O)c1,O1c2ccccc2CC(OCc3ccccc3)C1c4ccccc4,regression,strict,train,False,5.939302159646388,intermediate
CHEMBL4303595,O=C1C=Cc2cc(Br)ccc2C1=O,c1ccc2c(c1)C=CCC2,regression,strict,train,False,7.0,active
CHEMBL444186,CC(CN1CC(=O)NC(=O)C1)N1CC(=O)NC(=O)C1,N1CCN(CC1)CCN2CCNCC2,regression,strict,train,False,5.496209316942819,intermediate
CHEMBL55400,Nc1ccc2cc3ccc(N)cc3nc2c1,n1c2ccccc2cc3ccccc13,regression,strict,train,False,5.935542010773082,intermediate
CHEMBL1886408,CCOC(=O)Cc1ccc(-c2ccccc2)cc1,c1ccc(cc1)-c2ccccc2,regression,strict,train,False,6.698970004336019,active
CHEMBL505670,O=[N+]([O-])c1ccc(Sc2cccc[n+]2[O-])c2nonc12,n1onc2c1cccc2Sc3ncccc3,regression,strict,train,False,7.0,active
CHEMBL460499,CCCCCCNC(=O)n1cc(F)c(=O)[nH]c1=O,n1cnccc1,regression,strict,train,False,5.9016183635808765,intermediate
CHEMBL1271993,O=C1C(Cl)=C(N2CCOCC2)C(=O)N1c1ccc(Cl)c(Cl)c1,O1CCN(C2=CCN(c3ccccc3)C2)CC1,regression,strict,train,False,5.547446936771075,intermediate
CHEMBL3665060,CN1CCN(C(=O)c2ccc(-c3ccc4c(C=O)c(O)ccc4c3)s2)CC1,s1c(ccc1CN2CCNCC2)-c3ccc4ccccc4c3,regression,strict,train,False,5.876148359032914,intermediate
CHEMBL1096979,NC(CO)C(=O)NNCc1ccc(O)c(O)c1O,c1ccccc1,regression,strict,train,False,6.853871964321762,active
CHEMBL164,O=c1c(O)c(-c2cc(O)c(O)c(O)c2)oc2cc(O)cc(O)c12,O1c2ccccc2CC=C1c3ccccc3,regression,strict,train,False,6.067526235322847,active
CHEMBL1422849,CCN1CCN(C(c2ccc(C(F)(F)F)cc2)c2ccc3cccnc3c2O)CC1,n1cccc2ccc(cc12)C(c3ccccc3)N4CCNCC4,regression,strict,train,False,6.823908740944319,active
CHEMBL284861,Cn1sc(=O)n(Cc2ccccc2)c1=O,[N]1S[CH]N([CH]1)Cc2ccccc2,regression,strict,train,False,5.87942606879415,intermediate
CHEMBL286080,Oc1cc2c(cc1O)C(c1ccccc1)CNCC2,c1ccc(cc1)C2c3ccccc3CCNC2,regression,strict,train,False,5.552841968657781,intermediate
CHEMBL3963349,COC(=O)CC[C@H](NC(=O)[C@H](CC(=O)OC)NC(=O)OCc1ccccc1)C(=O)N[C@H](C(=O)N[C@@H](CC(=O)OC)C(=O)CF)C(C)C,c1ccccc1,regression,strict,train,False,8.0,active
CHEMBL3797437,Oc1cc2c(cc1C(c1ccc(C(F)(F)F)cc1)N1CCOCC1)OCO2,O1c2ccc(cc2OC1)C(c3ccccc3)N4CCOCC4,regression,strict,train,False,6.267606240177032,active
CHEMBL289356,Sc1nnc(Nc2ccccc2)s1,n1nc(sc1)Nc2ccccc2,regression,strict,train,False,6.4089353929735005,active
CHEMBL1725120,Cc1ccc(C)c(-n2sc3cc(F)ccc3c2=O)c1,S1c2ccccc2[CH]N1c3ccccc3,regression,strict,train,False,7.698970004336019,active
CHEMBL1356238,[O-][n+]1ccccc1S,n1ccccc1,regression,strict,train,False,7.301029995663981,active
CHEMBL105712,O=C(CCl)c1ccccc1,c1ccccc1,regression,strict,train,False,6.721246399047171,active
CHEMBL508112,c1ccc2sc(SSc3nc4ccccc4s3)nc2c1,n1c(SSc2nc3ccccc3s2)sc4ccccc14,regression,strict,train,False,6.795880017344075,active
CHEMBL1397952,CCOc1cc(C(Nc2cc(C)ccn2)c2ccc3cccnc3c2O)ccc1OC,n1ccccc1NC(c2ccccc2)c3ccc4cccnc4c3,regression,strict,train,False,6.568636235841013,active
CHEMBL192627,O=C1C(Cl)=C(Cl)C(=O)C(Cl)=C1Cl,C1=CCC=CC1,regression,strict,train,False,7.698970004336019,active
CHEMBL243652,O=C(CC1Sc2ncnn2C1=O)Nc1ccc(Br)cc1,n1cnn2c1SC(C2)CCNc3ccccc3,regression,strict,train,False,5.690369832574101,intermediate
CHEMBL259018,CC(C)(C)OC(=O)NCCc1nnc(S(=O)(=O)Cc2ccc(Cl)cc2Cl)o1,n1nc(oc1)SCc2ccccc2,regression,strict,train,False,5.374687549038326,intermediate
CHEMBL1271764,CN1CCN(C2=C(Cl)C(=O)N(c3ccc(Cl)c(Cl)c3)C2=O)CC1,c1ccc(cc1)N2CC=C(N3CCNCC3)C2,regression,strict,train,False,5.910094888560602,intermediate
CHEMBL449298,Nc1ccc(O)c2ncccc12,n1cccc2ccccc12,regression,strict,train,False,5.688246138944246,intermediate
CHEMBL566136,CCOC(=O)c1c(N)sc(-c2ccccc2)c1C,s1cccc1-c2ccccc2,regression,strict,train,False,5.496209316942819,intermediate
CHEMBL1608472,Cc1cc(C)cc(N2C(=O)CC(Sc3nc[nH]n3)C2=O)c1,n1c[nH]nc1SC2CN(c3ccccc3)CC2,regression,strict,train,False,5.498940737782249,intermediate
CHEMBL60718,Cc1ccc(S(=O)(=O)N[C@@H](Cc2ccccc2)C(=O)CCl)cc1,S(NCCc1ccccc1)c2ccccc2,regression,strict,train,False,5.863279432843593,intermediate
CHEMBL1917204,Cc1ccc(-n2sc(=O)n(Cc3ccc(F)cc3)c2=O)cc1,S1[CH]N([CH]N1c2ccccc2)Cc3ccccc3,regression,strict,train,False,6.721246399047171,active
CHEMBL226652,Sc1nnnn1-c1ccccc1,n1ncn(n1)-c2ccccc2,regression,strict,train,False,5.627087997029894,intermediate
CHEMBL119171,Nc1nc(S)c2ncn(C3OC(CO)C(O)C3O)c2n1,n1cnc2c(ncn2C3OCCC3)c1,regression,strict,train,False,5.966576244513051,intermediate
CHEMBL66953,O=c1c(O)cccc2cc(O)c(O)c(O)c12,c1ccc2c(c1)C=CC=CC2,regression,strict,train,False,5.33913452199613,intermediate
CHEMBL4303154,C/C=C1\C(OC2OC(CO)C(O)C(O)C2O)OC=C(C(=O)OC)C1CC(=O)OCCc1ccc(O)c(O)c1,O1C=CC(CCOCCc2ccccc2)CC1OC3OCCCC3,regression,strict,train,False,5.471083299722345,intermediate
CHEMBL4303503,C=C1C(=O)[C@]23[C@H](O)[C@H]1CC[C@@H]2[C@@]12CO[C@]3(O)C[C@@H]1C(C)(C)CC[C@@H]2O,O1CC23CCCCC3CC1C45CCC(CCC24)C5,regression,strict,train,False,5.590066876668706,intermediate
CHEMBL2368547,O=C(O)c1cc(O)c2c(c1)[C@H]([C@H]1c3cc(C(=O)O)cc(O)c3C(=O)c3c(O[C@@H]4O[C@H](CO)[C@@H](O)[C@H](O)[C@H]4O)cccc31)c1cccc(O[C@@H]3O[C@H](CO)[C@@H](O)[C@H](O)[C@H]3O)c1C2=O,O(c1cccc2c1Cc3ccccc3C2C4c5ccccc5Cc6c(OC7OCCCC7)cccc64)C8OCCCC8,regression,strict,train,False,5.798602875679548,intermediate
CHEMBL1200930,COCCCOc1ccnc(C[S+]([O-])c2nc3ccccc3[n-]2)c1C.[Na+],n1ccccc1CSc2nc3ccccc3[nH]2,regression,strict,test,False,6.130768280269024,active
CHEMBL1475252,COc1ccc2[nH]c([S+]([O-])Cc3ncc(C)c(OC)c3C)nc2n1,n1cccc2[nH]c(nc12)SCc3ncccc3,regression,strict,train,False,6.013228265733755,active
CHEMBL271023,[O-][S+](c1ccccc1)c1ccc2nnnn2n1,n1nc2ccc(nn2n1)Sc3ccccc3,regression,strict,train,False,5.950781977329818,intermediate
CHEMBL406050,CCC(C)SSc1ncc[nH]1,n1cc[nH]c1,regression,strict,train,False,4.905430952760613,inactive
CHEMBL1255778,Cl.NC(CO)C(=O)NNCc1ccc(O)c(O)c1O,c1ccccc1,regression,strict,train,False,6.853871964321762,active
CHEMBL1201236,C[C@@](Cc1ccc(O)c(O)c1)(NN)C(=O)O,c1ccccc1,regression,strict,train,False,5.449771646944906,intermediate
CHEMBL388676,O=C1C2CC=CCC2C(=O)N1SC(Cl)(Cl)Cl,C1=CCC2CNCC2C1,regression,strict,train,False,6.173925197299173,active
CHEMBL52,CC(Cc1ccc(O)c(O)c1)C(C)Cc1ccc(O)c(O)c1,c1ccc(cc1)CCCCc2ccccc2,regression,strict,train,False,5.586700235918748,intermediate
CHEMBL505308,Br.Oc1cc2c(cc1O)C(c1ccccc1)CNCC2,c1ccc(cc1)C2c3ccccc3CCNC2,regression,strict,test,False,5.580044251510242,intermediate
CHEMBL4303376,Cc1ccccc1N(C)C(=O)c1ccc([S+]([O-])c2nccs2)c([N+](=O)[O-])c1,n1ccsc1Sc2ccc(cc2)CNc3ccccc3,regression,strict,train,False,5.728158393463501,intermediate
CHEMBL28,O=c1cc(-c2ccc(O)cc2)oc2cc(O)cc(O)c12,O1c2ccccc2CC=C1c3ccccc3,regression,strict,train,False,5.519993057042849,intermediate
CHEMBL3348861,O=C1c2c(O)cc(O)cc2O[C@H](c2cc(O)c(O)c(O)c2)[C@H]1O,O1c2ccccc2CCC1c3ccccc3,regression,strict,train,False,6.7447274948966935,active
CHEMBL488755,CN(C)CCNc1nc2cc(O)ccc2c2c1C(=O)c1ccccc1-2,n1cc2c(c3ccccc13)-c4ccccc4C2,regression,strict,train,False,5.52432881167557,intermediate
CHEMBL1256915,CN1CC[C@@]2(C)c3cc(O)ccc3N(C)[C@@H]12.O=C(O)/C=C/C(=O)O,c1ccc2c(c1)NC3NCCC23,regression,strict,train,False,5.701146923590294,intermediate
CHEMBL3545085,CC(C)c1cc(CNc2nc(Nc3cc(C4CC4)[nH]n3)cc(N3CCN(C)CC3)n2)on1,n1oc(cc1)CNc2nc(cc(n2)N3CCNCC3)Nc4n[nH]c(c4)C5CC5,regression,strict,train,False,5.826813731587726,intermediate
CHEMBL403183,Cc1ccc(S(=O)(=O)/C=C/C#N)cc1,c1ccccc1,regression,strict,train,False,6.086186147616283,active
CHEMBL1200471,[O-][n+]1ccccc1[S-].[O-][n+]1ccccc1[S-].[Zn+2],n1ccccc1.n1ccccc1,regression,strict,train,False,5.609064892896621,intermediate
CHEMBL3747259,O=C(/C=C/c1ccc(O)c2c1[C@@H](C(=O)O[C@H](Cc1ccc(O)c(O)c1)C(=O)O)[C@H](c1ccc(O)c(O)c1)O2)O[C@H](Cc1ccc(O)c(O)c1)C(=O)O,O1c2cccc(C=CCOCCc3ccccc3)c2C(COCCc4ccccc4)C1c5ccccc5,regression,strict,train,False,5.465973893943865,intermediate
CHEMBL324842,O=C(/C=C/c1ccc(O)c(O)c1)O[C@H](Cc1ccc(O)c(O)c1)C(=O)O,O(CC=Cc1ccccc1)CCc2ccccc2,regression,strict,train,False,5.413412695328245,intermediate
CHEMBL1380480,COc1cc(C(=S)N2CCOCC2)ccc1O,O1CCN(Cc2ccccc2)CC1,regression,strict,train,False,5.87942606879415,intermediate
CHEMBL1161936,O=C(O)c1ccc(SSc2ccc(C(=O)O)cn2)nc1,n1ccccc1SSc2ncccc2,regression,strict,train,False,6.619788758288394,active
CHEMBL120563,CN(C)C(=S)SSC(=S)N(C)C,NO_SCAFFOLD,regression,strict,test,False,7.301029995663981,active
CHEMBL51085,O=c1c2ccccc2[se]n1-c1ccccc1,[Se]1c2ccccc2CN1c3ccccc3,regression,strict,train,False,6.14974467999933,active
CHEMBL1188627,C/N=c1/nc(-c2ccccc2)n(-c2ccccc2)s1,N=1[CH]SN(c2ccccc2)C1c3ccccc3,regression,strict,test,False,6.008773924307505,active
CHEMBL4303331,C[C@@H]1O[C@@H](Oc2c(-c3cc(O)c(O)c(O)c3)oc3cc(O)cc(O)c3c2=O)[C@@H](O)[C@H](O)[C@H]1O,O1c2ccccc2CC(OC3OCCCC3)=C1c4ccccc4,regression,strict,train,False,5.436518914605589,intermediate
CHEMBL1256832,Cl.Oc1cc2c(cc1O)[C@H]1c3ccccc3CN[C@@H]1CC2,c1ccc2c(c1)CNC3CCc4ccccc4C23,regression,strict,train,False,5.978810700930062,intermediate
CHEMBL510038,Nc1nnc(Sc2ncc([N+](=O)[O-])s2)s1,n1nc(sc1)Sc2nccs2,regression,strict,train,False,7.522878745280337,active
CHEMBL964,CCN(CC)C(=S)SSC(=S)N(CC)CC,NO_SCAFFOLD,regression,strict,train,False,5.096801181590896,intermediate
CHEMBL1474701,O=C1C=CC(=O)C2=C1C1c3ccccc3C2c2ccccc21,c1ccc2c(c1)C3c4ccccc4C2C5=C3CC=CC5,regression,strict,train,False,6.619788758288394,active
CHEMBL1408862,O=[N+]([O-])C(Br)(CO)CO,NO_SCAFFOLD,regression,strict,train,False,6.376750709602099,active
CHEMBL929,CC(C)Nc1cccnc1N1CCN(C(=O)c2cc3cc(NS(C)(=O)=O)ccc3[nH]2)CC1.CS(=O)(=O)O,n1ccccc1N2CCN(Cc3cc4ccccc4[nH]3)CC2,regression,strict,train,False,5.399027104313252,intermediate
CHEMBL444478,C[C@@H]1O[C@@H](O[C@@H]2[C@@H](O)[C@H](OCCc3ccc(O)c(O)c3)O[C@H](CO)[C@H]2OC(=O)/C=C/c2ccc(O)c(O)c2)[C@H](O)[C@H](O)[C@H]1O,O(CCc1ccccc1)C2OCC(OCC=Cc3ccccc3)C(OC4OCCCC4)C2,regression,strict,train,False,5.342944147142896,intermediate
CHEMBL571700,CN(C)C(=S)SC(=S)N(C)C,NO_SCAFFOLD,regression,strict,train,False,6.026872146400302,active
CHEMBL472940,Oc1ccc2ccccc2c1SSc1c(O)ccc2ccccc12,S(Sc1cccc2ccccc12)c3cccc4ccccc34,regression,strict,train,False,5.7602835314201375,intermediate
CHEMBL1374426,CCC(=O)OCN1C(=O)C=CC1=O,C1=CCNC1,regression,strict,train,False,6.537602002101044,active
CHEMBL518800,CC[C@H](CO)Nc1nc(NCc2ccc(-c3ccccn3)cc2)c2ncn(C(C)C)c2n1,n1cnc(NCc2ccc(cc2)-c3ncccc3)c4nc[nH]c14,regression,strict,train,False,6.075720713938118,active
CHEMBL596674,CC(C)N(CCC(=O)c1ccc2ccccc2c1)Cc1ccccc1,c1ccc(cc1)CNCCCc2ccc3ccccc3c2,regression,strict,train,False,6.236572006437063,active
CHEMBL270299,CC(C)(C)c1ccc(S(=O)(=O)/C=C/C#N)cc1,c1ccccc1,regression,strict,train,False,6.075720713938118,active
CHEMBL4303312,Oc1c(I)cc(I)c(O)c1I,c1ccccc1,regression,strict,train,False,6.481486060122113,active
CHEMBL188434,CCn1c(-c2nonc2N)nc2cncc(CNC3CCNCC3)c21,n1onc(c1)-c2nc3cncc(c3[nH]2)CNC4CCNCC4,regression,strict,train,False,5.684029654543083,intermediate
CHEMBL4303618,CCc1ccc(/C=C/C(=O)Nc2ccc(C(C)=O)cc2)o1,o1cccc1C=CCNc2ccccc2,regression,strict,train,False,5.305394801066432,intermediate
CHEMBL128251,O=C(O)CCCCCCCCCCCCCCc1ccc(I)cc1,c1ccccc1,regression,strict,train,False,5.647817481888637,intermediate
CHEMBL4303361,Oc1cc(CNC(=S)/C=C/c2cc(O)c(O)c(Br)c2)cc(O)c1O,c1ccc(cc1)C=CCNCc2ccccc2,regression,strict,train,False,6.318758762624412,active
CHEMBL4303622,N#CSc1cc(SC#N)c(N)nc1N,n1ccccc1,regression,strict,train,False,6.3872161432802645,active
CHEMBL111654,Sc1nc2ccccc2s1,n1csc2ccccc12,regression,strict,train,False,5.7594507517174005,intermediate
CHEMBL9116,CNC(=O)ON(C(C)=O)C(=O)NC,NO_SCAFFOLD,regression,strict,train,False,5.876148359032914,intermediate
CHEMBL1591074,c1ccc2sc(SNC3CCCCC3)nc2c1,n1c(SNC2CCCCC2)sc3ccccc13,regression,strict,train,False,6.113509274827518,active
CHEMBL329522,O=C(c1cc(O)c(O)c(O)c1)c1ccc(O)c(O)c1O,c1ccc(cc1)Cc2ccccc2,regression,strict,train,False,5.3585258894959,intermediate
CHEMBL465704,Nc1ccc2cc3ccc(N)cc3nc2c1.Nc1ccc2cc3ccc(N)cc3nc2c1.O=S(=O)(O)O,n1c2ccccc2cc3ccccc13.n1c2ccccc2cc3ccccc13,regression,strict,train,False,6.080921907623926,active
CHEMBL2107818,COc1cccc2c1C(=O)c1c(O)c3c(c(O)c1C2=O)C[C@@](O)(/C(CO)=N/NC(=O)CCCCCN1C(=O)C=CC1=O)C[C@@H]3O[C@H]1C[C@H](N)[C@H](O)[C@H](C)O1,N(=CC1Cc2cc3c(cc2C(OC4OCCCC4)C1)Cc5ccccc5C3)NCCCCCCN6CC=CC6,regression,strict,train,False,6.236572006437063,active
CHEMBL8260,O=c1cc(-c2ccccc2)oc2cc(O)c(O)c(O)c12,O1c2ccccc2CC=C1c3ccccc3,regression,strict,train,False,5.372298550453381,intermediate
CHEMBL2354521,COc1cccc(C(=O)CCN[C@@H](C)[C@H](O)c2ccccc2)c1.Cl,c1ccc(cc1)CCNCCCc2ccccc2,regression,strict,train,False,5.628932137728263,intermediate
CHEMBL508280,O=[N+]([O-])c1cnc(Sc2nnc(O)n2-c2ccc3c(c2)OCCO3)s1,n1nc(Sc2nccs2)n(c1)-c3ccc4OCCOc4c3,regression,strict,train,False,6.522878745280337,active
CHEMBL3187985,CN1CCc2cccc3c2[C@H]1Cc1ccc(O)c(O)c1-3.CN1CCc2cccc3c2[C@H]1Cc1ccc(O)c(O)c1-3.Cl.Cl.O,c1ccc2c(c1)-c3cccc4c3C(NCC4)C2.c1ccc2c(c1)-c3cccc4c3C(NCC4)C2,regression,strict,train,False,6.2839966563652006,active
CHEMBL477197,Oc1cc2c(cc1O)[C@@H]1c3ccc(O)c(O)c3OC[C@]1(O)C2,O1c2ccccc2C3c4ccccc4CC3C1,regression,strict,train,False,6.657577319177793,active
CHEMBL1449651,N.S=C(S)N1CCCC1,N1CCCC1,regression,strict,train,False,6.6777807052660805,active
CHEMBL1201073,O=C(O)[C@@H](S)[C@@H](S)C(=O)O,NO_SCAFFOLD,regression,strict,train,False,5.764471553092451,intermediate
CHEMBL376488,COc1nc2ccc(Br)cc2cc1[C@@H](c1ccccc1)[C@@](O)(CCN(C)C)c1cccc2ccccc12,n1cc(cc2ccccc12)C(c3ccccc3)Cc4cccc5ccccc54,regression,strict,train,False,5.360513510731414,intermediate
CHEMBL154580,C=CC(=O)c1ccc2ccccc2c1,c1ccc2ccccc2c1,regression,strict,train,False,5.906578314837765,intermediate
CHEMBL354349,C[n+]1c2cc(N)ccc2cc2ccc(N)cc21.[Cl-],n1c2ccccc2cc3ccccc13,regression,strict,train,False,5.276544327964814,intermediate
CHEMBL1382627,Nc1ccc(S(=O)(=O)[N-]c2ncccn2)cc1.[Ag+],n1cccnc1NSc2ccccc2,regression,strict,train,False,6.1249387366083,active
CHEMBL2316746,CC(C)C[C@H](NC(=O)[C@@H](NC(=O)OCc1ccccc1)C(C)C)C(=O)N[C@@H](C[C@@H]1CCNC1=O)C(=O)c1nc2ccccc2s1,n1c(sc2ccccc12)CC(NCCNCCNCOCc3ccccc3)CC4CNCC4,regression,strict,train,False,7.026872146400302,active
CHEMBL213543,CCOC(=O)/C=C/[C@H](C[C@@H]1CCNC1=O)NC(=O)[C@H](CC(C)C)NC(=O)[C@@H](NC(=O)OCc1ccccc1)C(C)C,O(CNCCNCCNCCC1CNCC1)Cc2ccccc2,regression,strict,train,False,6.543633966870957,active
CHEMBL4796938,O=C[C@H](C[C@@H]1CCNC1=O)NC(=O)[C@H](CC1CCCCC1)NC(=O)c1cc2ccccc2[nH]1,c1ccc2[nH]c(cc2c1)CNC(CNCCC3CNCC3)CC4CCCCC4,regression,strict,train,False,7.095104212144794,active
CHEMBL4764751,O=C[C@H](C[C@@H]1CCNC1=O)NC(=O)[C@H](Cc1cccc(F)c1)NC(=O)c1cc2ccccc2[nH]1,c1ccc(cc1)CC(NCc2cc3ccccc3[nH]2)CNCCC4CNCC4,regression,strict,test,False,6.971632116302938,active
CHEMBL4857345,CC(C)C[C@H](NC(=O)OCc1ccccc1)C(=O)N[C@@H](CC(C)C)C(=O)N[C@@H](C[C@@H]1CCNC1=O)C(=O)C(=O)NC(C)C,O(CNCCNCCNCCC1CNCC1)Cc2ccccc2,regression,strict,train,False,7.187086643357144,active
CHEMBL2402501,CC(C)C[C@H](NC(=O)OCc1ccccc1)C(=O)N[C@@H](C[C@@H]1CCNC1=O)C(=O)c1nc2ccccc2s1,n1c(sc2ccccc12)CC(NCCNCOCc3ccccc3)CC4CNCC4,regression,strict,train,False,5.0,inactive
CHEMBL4868590,CC(C)(C)C(=O)N[C@H](C(=O)N1C[C@H]2[C@@H]([C@H]1C(=O)NC(CC1CCC1)C(=O)C(N)=O)C2(C)C)C(C)(C)C,N(CCC1CCC1)CC2NCC3CC23,regression,strict,train,False,5.150887833815423,intermediate
CHEMBL92708,CCCC[C@@H](C=O)NC(=O)[C@H](CC(C)C)NC(=O)OCc1ccccc1,c1ccccc1,regression,strict,train,False,5.08521140379181,intermediate
CHEMBL4850298,CC(C)C[C@H](NC(=O)OCc1ccccc1)C(=O)N[C@H](C=O)C[C@@H]1CCNC1=O,O(CNCCNCCC1CNCC1)Cc2ccccc2,regression,strict,train,False,6.514988785421427,active
CHEMBL3559293,CC(C)C[C@H](NC(=O)OCc1ccccc1)C(=O)N[C@@H](C[C@@H]1CCNC1=O)C(O)S(=O)(=O)O,O(CNCCNCCC1CNCC1)Cc2ccccc2,regression,strict,train,False,7.601296304886921,active
CHEMBL4518490,CCC[C@@H](C=O)NC(=O)[C@H](CC(C)C)NC(=O)[C@H](CC(C)C)NC(=O)OCc1ccccc1,c1ccccc1,regression,strict,train,False,5.31379936064385,intermediate
CHEMBL64925,CC(C)C[C@@H](C=O)NC(=O)[C@H](CC(C)C)NC(=O)[C@H](CC(C)C)NC(=O)OCc1ccccc1,c1ccccc1,regression,strict,train,False,5.259644943627365,intermediate
CHEMBL4777223,COc1cccc2[nH]c(C(=O)N[C@@H](CC(C)C)C(=O)N[C@@H](C[C@@H]3CCNC3=O)C(=O)CO)cc12,c1ccc2[nH]c(cc2c1)CNCCNCCC3CNCC3,regression,strict,train,False,7.648235892879221,active
CHEMBL231813,CCC[C@H](NC(=O)[C@@H]1[C@H]2CCC[C@H]2CN1C(=O)[C@@H](NC(=O)[C@@H](NC(=O)c1cnccn1)C1CCCCC1)C(C)(C)C)C(=O)C(=O)NC1CC1,n1ccnc(c1)CNC(CNCCN2CC3CCCC3C2CNCCCNC4CC4)C5CCCCC5,regression,strict,train,False,4.969670193817692,inactive
CHEMBL4852855,C[C@@H](OC(C)(C)C)[C@H](NC(=O)OCc1ccccc1)C(=O)N[C@@H](CC1CCCCC1)C(=O)N[C@H](C=O)C[C@@H]1CCNC1=O,O(CNCCNC(CNCCC1CNCC1)CC2CCCCC2)Cc3ccccc3,regression,strict,test,False,7.244125144327507,active
CHEMBL4868572,CC(C)C[C@@H]1NC(=O)[C@H](C(C)C)NC(=O)[C@H](C(C)C)NC(=O)[C@@H]2CSC(=N2)c2cc(ccn2)C[C@@H](C(N)=O)NC(=O)[C@H](CCC(N)=O)NC1=O,n1ccc2cc1C3=NC(CS3)CNCCNCCNCCNCCNCC2,regression,strict,test,False,4.0,inactive
CHEMBL4859153,CC(C)C[C@@H]1NC(=O)[C@H](CCCNC(=N)N)NC(=O)[C@H](C)NC(=O)[C@@H]2CSC(=N2)c2cc(ccn2)C[C@@H](C(N)=O)NC(=O)[C@H](CCC(N)=O)NC1=O,n1ccc2cc1C3=NC(CS3)CNCCNCCNCCNCCNCC2,regression,strict,test,False,4.0,inactive
CHEMBL4846937,CC[C@@H]1NC(=O)[C@@H]2CSC(=N2)c2cc(ccn2)C[C@@H](C(N)=O)NC(=O)[C@H](CCC(N)=O)NC(=O)[C@H](CC2CC2)NC(=O)[C@H](C(C)(C)C)NC1=O,n1ccc2cc1C3=NC(CS3)CNCCNCCNC(CNCCNCC2)CC4CC4,regression,strict,train,False,4.0,inactive
CHEMBL4873791,C[C@@H](O)[C@@H]1NC(=O)[C@@H]2CSC(=N2)c2cc(ccn2)C[C@@H](C(N)=O)NC(=O)[C@H](CCC(N)=O)NC(=O)[C@H](CC2CC2)NC(=O)[C@H]([C@@H](C)O)NC1=O,n1ccc2cc1C3=NC(CS3)CNCCNCCNC(CNCCNCC2)CC4CC4,regression,strict,test,False,4.0,inactive
CHEMBL4871930,CC(C)C[C@@H]1NC(=O)[C@H](CCC(N)=O)NC(=O)[C@@H]2CSC(=N2)c2cc(ccn2)C[C@@H](C(N)=O)NC(=O)[C@H](C(C)C)NC(=O)[C@H](C(C)C)NC1=O,n1ccc2cc1C3=NC(CS3)CNCCNCCNCCNCCNCC2,regression,strict,test,False,4.0,inactive
CHEMBL4855260,CC(C)C[C@@H]1NC(=O)[C@H](C(C)C)NC(=O)[C@@H]2CSC(=N2)c2cc(ccn2)C[C@@H](C(N)=O)NC(=O)[C@H](CO)NC(=O)[C@H](CCC(N)=O)NC1=O,n1ccc2cc1C3=NC(CS3)CNCCNCCNCCNCCNCC2,regression,strict,test,False,4.0,inactive
CHEMBL4864163,CC(C)C[C@@H]1NC(=O)[C@H](C(C)C)NC(=O)[C@H](C)NC(=O)[C@H](C)NC(=O)[C@@H]2CSC(=N2)c2cc(ccn2)C[C@@H](C(N)=O)NC(=O)[C@H](C)NC(=O)[C@H](CCC(N)=O)NC1=O,n1ccc2cc1C3=NC(CS3)CNCCNCCNCCNCCNCCNCCNCC2,regression,strict,test,False,4.0,inactive
CHEMBL4867088,CC[C@@H]1NC(=O)[C@H](C)NC(=O)[C@@H]2CSC(=N2)c2cc(ccn2)C[C@@H](C(N)=O)NC(=O)[C@H](C)NC(=O)[C@H](CCC(N)=O)NC(=O)[C@H](CC2CC2)NC(=O)[C@H](C(C)(C)C)NC1=O,n1ccc2cc1C3=NC(CS3)CNCCNCCNCCNC(CNCCNCCNCC2)CC4CC4,regression,strict,train,False,4.0,inactive
CHEMBL4872397,CC[C@@H]1NC(=O)[C@@H]2CSC(=N2)c2cc(ccn2)C[C@@H](C(N)=O)NC(=O)[C@H](CO)NC(=O)[C@H](CCC(N)=O)NC(=O)[C@H](CC2CC2)NC(=O)[C@H](C(C)(C)C)NC1=O,n1ccc2cc1C3=NC(CS3)CNCCNCCNC(CNCCNCCNCC2)CC4CC4,regression,strict,train,False,4.0,inactive
CHEMBL4851348,CC(C)C[C@@H]1NC(=O)[C@H](C(C)C)NC(=O)[C@H](C)NC(=O)[C@H](C)NC(=O)[C@@H]2CSC(=N2)c2cc(ccn2)C[C@@H](C(N)=O)NC(=O)[C@H](C)NC(=O)[C@H](C)NC(=O)[C@H](CCC(N)=O)NC1=O,n1ccc2cc1C3=NC(CS3)CNCCNCCNCCNCCNCCNCCNCCNCC2,regression,strict,train,False,4.0,inactive
CHEMBL4851196,CC(C)C[C@@H]1NC(=O)[C@H](C(C)C)NC(=O)[C@H](C)NC(=O)[C@H](C)NC(=O)[C@@H]2CSC(=N2)c2cc(ccn2)C[C@@H](C(N)=O)NC(=O)[C@H](CO)NC(=O)[C@H](CCC(N)=O)NC1=O,n1ccc2cc1C3=NC(CS3)CNCCNCCNCCNCCNCCNCCNCC2,regression,strict,test,False,4.0,inactive
CHEMBL4876522,CC(C)C[C@@H]1NC(=O)[C@H](C(C)C)NC(=O)[C@H](C(C)C)NC(=O)[C@@H]2CSC(=N2)c2cc(ccn2)C[C@@H](C(N)=O)NC(=O)[C@H](CCC(=O)O)NC1=O,n1ccc2cc1C3=NC(CS3)CNCCNCCNCCNCCNCC2,regression,strict,test,False,4.0,inactive
CHEMBL4858748,CC(C)C[C@@H]1NC(=O)[C@H](CCCNC(=N)N)NC(=O)[C@H](C)NC(=O)[C@@H]2CSC(=N2)c2cc(ccn2)C[C@@H](C(N)=O)NC(=O)[C@H](CCC(=O)O)NC1=O,n1ccc2cc1C3=NC(CS3)CNCCNCCNCCNCCNCC2,regression,strict,test,False,4.0,inactive
CHEMBL4848940,CC(C)C[C@@H]1NC(=O)[C@H](C(C)C)NC(=O)[C@H](C)NC(=O)[C@H](C)NC(=O)[C@@H]2CSC(=N2)c2cc(ccn2)C[C@@H](C(N)=O)NC(=O)[C@H](C)NC(=O)[C@H](CC(N)=O)NC1=O,n1ccc2cc1C3=NC(CS3)CNCCNCCNCCNCCNCCNCCNCC2,regression,strict,test,False,4.0,inactive
CHEMBL4847752,NCCCC[C@@H]1NC(=O)[C@H](CO)NC(=O)[C@H](CCC(N)=O)NC(=O)[C@H](Cc2ccccc2)NC(=O)[C@@H]2CSC(=N2)c2cc(ccn2)C[C@@H](C(N)=O)NC1=O,n1ccc2cc1C3=NC(CS3)CNC(CNCCNCCNCCNCC2)Cc4ccccc4,regression,strict,train,False,4.0,inactive
CHEMBL4873945,CC(C)C[C@@H]1NC(=O)[C@H](C(C)C)NC(=O)[C@H](C)NC(=O)[C@H](CO)NC(=O)[C@H]([C@@H](C)O)NC(=O)[C@@H]2CSC(=N2)c2cc(ccn2)C[C@@H](C(N)=O)NC(=O)[C@H](CCCCN)NC(=O)[C@H](CCCNC(=N)N)NC(=O)[C@H](Cc2ccccc2)NC(=O)CNC(=O)[C@H](CO)NC(=O)[C@H](CCC(N)=O)NC1=O,n1ccc2cc1C3=NC(CS3)CNCCNCCNCCNCCNCCNCCNCCNCCNC(CNCCNCCNCC2)Cc4ccccc4,regression,strict,train,False,4.0,inactive
CHEMBL4846266,CC[C@@H]1NC(=O)[C@@H](N)CCNC(=O)[C@@H]2CSC(=N2)c2cccc(n2)C2=N[C@@H](CS2)C(=O)NCCCC[C@@H](C(N)=O)NC(=O)[C@H](CCC(N)=O)NC(=O)[C@H](CC(C)C)NC(=O)[C@H](C(C)(C)C)NC1=O,n1c2cccc1C3=NC(CS3)CNCCCCCNCCNCCNCCNCCNCCCCNCC4N=C2SC4,regression,strict,train,False,4.0,inactive
CHEMBL4877763,CC[C@H](N)C(=O)N[C@H](C(=O)N[C@@H](CC1CC1)C(=O)N[C@@H](CCC(N)=O)C(=O)N[C@@H](Cc1ccnc(C#N)c1)C(N)=O)C(C)(C)C,n1ccc(cc1)CCNCCNCCCC2CC2,regression,strict,train,False,4.0,inactive
CHEMBL4877806,CC[C@H](NC(C)=O)C(=O)N[C@H](C(=O)N[C@@H](CC(C)C)C(=O)N[C@@H](CCC(N)=O)C(N)=O)C(C)(C)C,NO_SCAFFOLD,regression,strict,train,False,4.0,inactive
CHEMBL4873357,CC(C)C[C@H](NC(=O)[C@@H](NC(=O)[C@H](C)NC(=O)[C@H](C)NC(=O)[C@@H]1CSCN1)C(C)C)C(=O)N[C@@H](CCC(N)=O)C(=O)N[C@@H](C)C(=O)N[C@@H](Cc1ccnc(C#N)c1)C(N)=O,n1ccc(cc1)CCNCCNCCNCCNCCNCCNCCNCC2NCSC2,regression,strict,train,False,4.0,inactive
CHEMBL4875501,CC(=O)N[C@@H](CO)C(=O)N[C@H](C(=O)N[C@@H](CO)C(=O)N[C@@H](C)C(=O)N[C@H](C(=O)N[C@@H](CC(C)C)C(=O)N[C@@H](CCC(N)=O)C(=O)N[C@@H](CO)C(=O)NCC(=O)N[C@@H](Cc1ccccc1)C(=O)N[C@@H](CCCNC(=N)N)C(=O)N[C@@H](CCCCN)C(=O)N[C@@H](Cc1ccccc1)C(N)=O)C(C)C)[C@@H](C)O,c1ccc(cc1)CCNCCNCCNCCCc2ccccc2,regression,strict,train,False,4.1487416512809245,inactive
CHEMBL4877358,N=C(N/N=C/c1ccccc1O)c1nonc1NCNc1nonc1C(=N)N/N=C/c1ccccc1O,n1onc(c1NCNc2nonc2CNN=Cc3ccccc3)CNN=Cc4ccccc4,regression,strict,train,False,7.062983892535186,active
CHEMBL4869416,COc1cc(C(NC2=NC(=O)C(CC(=O)Nc3ccc(C(=O)O)cc3)S2)c2c(O)[nH]c(=O)[nH]c2=O)ccc1O,n1cncc(c1)C(NC2=NCC(S2)CCNc3ccccc3)c4ccccc4,regression,strict,train,False,6.572676213642753,active
CHEMBL4848534,Cn1cc(SCC(=O)NCc2ccccc2)c2ccccc21,S(c1c[nH]c2ccccc12)CCNCc3ccccc3,regression,strict,train,False,4.5699249444480605,inactive
CHEMBL4864930,Cn1cc(SCC(=O)N(Cc2ccccc2)Cc2ccccc2)c2ccccc21,S(c1c[nH]c2ccccc12)CCN(Cc3ccccc3)Cc4ccccc4,regression,strict,train,False,4.910094888560602,inactive
CHEMBL4850314,CN(C)CCOc1ccc(CNC(=O)CSc2cn(C)c3ccccc23)cc1,S(c1c[nH]c2ccccc12)CCNCc3ccccc3,regression,strict,train,False,5.050122295963125,intermediate
CHEMBL4851261,COc1ccccc1CNC(=O)CSc1cn(C)c2ccccc12,S(c1c[nH]c2ccccc12)CCNCc3ccccc3,regression,strict,train,False,5.00788851221305,intermediate
CHEMBL4860368,Cn1cc(SCC(=O)NCc2ccc(Cl)c(Cl)c2)c2ccccc21,S(c1c[nH]c2ccccc12)CCNCc3ccccc3,regression,strict,train,False,5.1249387366083,intermediate
CHEMBL4854844,O=C(CSc1c[nH]c2ccccc12)NCc1ccccc1,S(c1c[nH]c2ccccc12)CCNCc3ccccc3,regression,strict,train,False,5.166852888087215,intermediate
CHEMBL4863973,O=C(CSc1c[nH]c2ccccc12)NCc1ccc(C(F)(F)F)cc1,S(c1c[nH]c2ccccc12)CCNCc3ccccc3,regression,strict,train,False,5.100179497572904,intermediate
CHEMBL4855167,CN(C)CCOc1ccc(CNC(=O)CSc2c[nH]c3ccccc23)cc1,S(c1c[nH]c2ccccc12)CCNCc3ccccc3,regression,strict,train,False,5.041914151478915,intermediate
CHEMBL4852069,COc1ccccc1CN(C)C(=O)CSc1c[nH]c2ccccc12,S(c1c[nH]c2ccccc12)CCNCc3ccccc3,regression,strict,train,False,5.11690664142431,intermediate
CHEMBL4877143,C[C@@H](NC(=O)CSc1c[nH]c2ccccc12)c1ccccc1,S(c1c[nH]c2ccccc12)CCNCc3ccccc3,regression,strict,train,False,5.175223537524454,intermediate
CHEMBL4857654,COc1ccccc1CNC(=O)CSc1c[nH]c2cccc(Br)c12,S(c1c[nH]c2ccccc12)CCNCc3ccccc3,regression,strict,train,False,5.059981844992337,intermediate
CHEMBL4870400,O=C(CSc1c[nH]c2cccc(Br)c12)NCc1ccc(Cl)c(Cl)c1,S(c1c[nH]c2ccccc12)CCNCc3ccccc3,regression,strict,train,False,5.142064735280571,intermediate
CHEMBL4854494,COc1ccccc1CNC(=O)CSc1c[nH]c2ccc(Br)cc12,S(c1c[nH]c2ccccc12)CCNCc3ccccc3,regression,strict,train,False,4.969805214643249,inactive
CHEMBL4874978,O=C(CSc1c[nH]c2ccc(Br)cc12)NCc1ccc(Cl)c(Cl)c1,S(c1c[nH]c2ccccc12)CCNCc3ccccc3,regression,strict,train,False,5.0101054362812265,intermediate
CHEMBL4852238,COc1ccccc1CNC(=O)CSc1c[nH]c2cc(Br)ccc12,S(c1c[nH]c2ccccc12)CCNCc3ccccc3,regression,strict,train,False,4.999565922520682,inactive
CHEMBL4846173,O=C(CSc1c[nH]c2cc(Br)ccc12)NCc1ccc(Cl)c(Cl)c1,S(c1c[nH]c2ccccc12)CCNCc3ccccc3,regression,strict,train,False,5.059981844992337,intermediate
CHEMBL4875555,COc1ccccc1CNC(=O)CSc1c[nH]c2c(Br)cccc12,S(c1c[nH]c2ccccc12)CCNCc3ccccc3,regression,strict,train,False,5.149966742310231,intermediate
CHEMBL4863334,O=C(CSc1c[nH]c2c(Br)cccc12)NCc1ccc(Cl)c(Cl)c1,S(c1c[nH]c2ccccc12)CCNCc3ccccc3,regression,strict,train,False,5.341988603342887,intermediate
CHEMBL4065616,CCC(CC)COC(=O)[C@H](C)N[P@](=O)(OC[C@H]1O[C@@](C#N)(c2ccc3c(N)ncnn23)[C@H](O)[C@@H]1O)Oc1ccccc1,n1cnn2c(c1)ccc2C3OC(COPOc4ccccc4)CC3,regression,strict,train,False,5.726998727936262,intermediate
CHEMBL4865625,CN(Cc1ccccc1)C(=O)CSc1c[nH]c2cccc(Br)c12,S(c1c[nH]c2ccccc12)CCNCc3ccccc3,regression,strict,train,False,5.325138859262188,intermediate
CHEMBL4854368,CN(Cc1ccccc1)C(=O)CSc1c[nH]c2c(Br)cccc12,S(c1c[nH]c2ccccc12)CCNCc3ccccc3,regression,strict,train,False,4.680061560019691,inactive
CHEMBL4874748,O=C(CSc1c[nH]c2c(Br)cccc12)N(Cc1ccccc1)Cc1ccccc1,S(c1c[nH]c2ccccc12)CCN(Cc3ccccc3)Cc4ccccc4,regression,strict,train,False,5.149966742310231,intermediate
CHEMBL4870398,O=C(CSc1c[nH]c2ccccc12)N(Cc1ccccc1)Cc1ccccc1,S(c1c[nH]c2ccccc12)CCN(Cc3ccccc3)Cc4ccccc4,regression,strict,train,False,5.434152181326482,intermediate
CHEMBL4878063,CN(Cc1ccccc1)C(=O)CSc1c[nH]c2ccccc12,S(c1c[nH]c2ccccc12)CCNCc3ccccc3,regression,strict,train,False,5.304518323509803,intermediate
CHEMBL4845924,COc1ccccc1CNC(=O)CSc1c[nH]c2c(-c3ccccc3)cccc12,S(c1c[nH]c2c1cccc2-c3ccccc3)CCNCc4ccccc4,regression,strict,train,False,5.717831221695358,intermediate
CHEMBL4869436,O=C(CSc1c[nH]c2cccc(Br)c12)N(Cc1ccccc1)Cc1ccccc1,S(c1c[nH]c2ccccc12)CCN(Cc3ccccc3)Cc4ccccc4,regression,strict,train,False,5.4196453388934085,intermediate
CHEMBL4857861,CCOc1ccccc1CN(OC)C(=O)CSc1c[nH]c2cccc(Br)c12,S(c1c[nH]c2ccccc12)CCNCc3ccccc3,regression,strict,train,False,5.823908740944319,intermediate
CHEMBL5179067,CC(C)(C)OC(=O)Nc1cccn([C@H](CC2CCCCC2)C(=O)N[C@H](C[C@@H]2CCNC2=O)C(=O)C(=O)NC2CC2)c1=O,C=1C=CCN(C1)C(CNC(CCNC2CC2)CC3CNCC3)CC4CCCCC4,regression,strict,train,False,5.735902073555161,intermediate
CHEMBL5207860,O=C(/C=C/c1ccccc1)N[C@H](CC1CCCCC1)C(=O)N[C@H](C[C@@H]1CCNC1=O)C(=O)C(=O)NCc1ccccc1,c1ccc(cc1)C=CCNC(CNC(CCNCc2ccccc2)CC3CNCC3)CC4CCCCC4,regression,strict,train,False,6.135208675850912,active
CHEMBL5208812,CC(C)(C)OC(=O)Nc1cccn([C@H](CC2CC2)C(=O)N[C@H](C[C@@H]2CCNC2=O)C(=O)C(=O)NCc2ccccc2)c1=O,c1ccc(cc1)CNCCC(NCC(N2C=CC=CC2)CC3CC3)CC4CNCC4,regression,strict,train,False,6.261639674097752,active
CHEMBL18786,CN(C)CCCSc1ccccc1NC(=O)/C=C/c1ccccc1,c1ccc(cc1)C=CCNc2ccccc2,regression,strict,train,False,3.9032221484334846,inactive
CHEMBL9470,CC(C)=CC[C@@H](O)C1=CC(=O)c2c(O)ccc(O)c2C1=O,c1ccc2c(c1)CC=CC2,regression,strict,train,False,4.936560319212985,inactive
CHEMBL485818,O=C(O)[C@H]1O[C@@H](Oc2cc3oc(-c4ccccc4)cc(=O)c3c(O)c2O)[C@H](O)[C@@H](O)[C@@H]1O,O1c2cc(OC3OCCCC3)ccc2CC=C1c4ccccc4,regression,strict,train,False,5.193106401796885,intermediate
CHEMBL218394,CC(C)(C)NC(=O)N[C@H](C(=O)N1C[C@H]2[C@@H]([C@H]1C(=O)NC(CC1CCC1)C(=O)C(N)=O)C2(C)C)C(C)(C)C,N(CCC1CCC1)CC2NCC3CC23,regression,strict,test,False,5.1964713272569085,intermediate
CHEMBL3427166,CC(C)C[C@H](NC(=O)OCc1ccccc1)C(=O)N[C@@H](C[C@@H]1CCNC1=O)C(O)S(=O)(=O)[O-].[Na+],O(CNCCNCCC1CNCC1)Cc2ccccc2,regression,strict,train,False,5.275843372894316,intermediate
CHEMBL5180554,CSCC[C@H](C=O)NC(=O)[C@@H](CC(C)C)NC(=O)[C@@H](CC(C)C)NC(C)=O,NO_SCAFFOLD,regression,strict,train,False,6.013152158936812,active
CHEMBL5196922,CCC[C@@H](NC(=O)[C@@H](CC(C)C)NC(=O)OCc1ccccc1)C(=O)C(=O)NCc1ccccn1,n1ccccc1CNCCCNCCNCOCc2ccccc2,regression,strict,train,False,6.346858265907616,active
CHEMBL5184946,O=C[C@@H](C[C@@H]1CCNC1=O)NC(=O)[C@@H](CC1CCCCC1)NC(=O)c1cc2ccccc2[nH]1,c1ccc2[nH]c(cc2c1)CNC(CNCCC3CNCC3)CC4CCCCC4,regression,strict,test,False,7.275806080485671,active
CHEMBL5187773,O=C[C@@H](C[C@@H]1CCNC1=O)NC(=O)[C@@H](Cc1cccc(F)c1)NC(=O)c1cc2ccccc2[nH]1,c1ccc(cc1)CC(NCc2cc3ccccc3[nH]2)CNCCC4CNCC4,regression,strict,test,False,7.397976201386913,active
CHEMBL1255891,CCCC[C@H](NC(=O)[C@@H]1[C@@H]2[C@H](CN1C(=O)[C@@H](NC(=O)NC1(CS(=O)(=O)C(C)(C)C)CCCCC1)C(C)(C)C)C2(C)C)C(=O)C(=O)NC1CC1,N(CNC1CCCCC1)CCN2CC3CC3C2CNCCCNC4CC4,regression,strict,train,False,5.241922693879695,intermediate
CHEMBL304784,CCCC[C@@H](C=O)NC(=O)[C@H](CC(C)C)NC(=O)[C@H](CC(C)C)NC(C)=O,NO_SCAFFOLD,regression,strict,train,False,5.218002062462289,intermediate
CHEMBL286722,CC(C)[C@H](NC(=O)OCc1ccccc1)C(=O)N[C@H](C=O)Cc1ccccc1,O(CNCCNCCc1ccccc1)Cc2ccccc2,regression,strict,train,False,4.698970004336019,inactive
CHEMBL288365,CC(C)C[C@@H](C=O)NC(=O)[C@@H](NS(=O)(=O)c1ccc(F)cc1)C(C)C,c1ccccc1,regression,strict,train,False,4.698970004336019,inactive
CHEMBL20210,CCOC(=O)/C=C/[C@H](C[C@@H]1CCNC1=O)NC(=O)[C@@H](CC(=O)[C@@H](NC(=O)c1cc(C)on1)C(C)C)Cc1ccc(F)cc1,n1occc1CNCCCC(CNCCC2CNCC2)Cc3ccccc3,regression,strict,train,False,4.698970004336019,inactive
CHEMBL590799,CN(C)C(=O)COC(=O)Cc1ccc(OC(=O)c2ccc(NC(=N)N)cc2)cc1,O(c1ccccc1)Cc2ccccc2,regression,strict,train,False,4.698970004336019,inactive
CHEMBL729,Cc1cccc(C)c1OCC(=O)N[C@@H](Cc1ccccc1)[C@@H](O)C[C@H](Cc1ccccc1)NC(=O)[C@H](C(C)C)N1CCCNC1=O,O(c1ccccc1)CCNC(Cc2ccccc2)CCC(NCCN3CNCCC3)Cc4ccccc4,regression,strict,train,False,4.836838625022982,inactive
CHEMBL163,CC(C)c1nc(CN(C)C(=O)N[C@H](C(=O)N[C@@H](Cc2ccccc2)C[C@H](O)[C@H](Cc2ccccc2)NC(=O)OCc2cncs2)C(C)C)cs1,n1csc(c1)COCNC(Cc2ccccc2)CCC(NCCNCNCc3ncsc3)Cc4ccccc4,regression,strict,train,False,4.698970004336019,inactive
CHEMBL5201546,Cc1ccc(N)cc1C(=O)N[C@@H](C)c1cccc2ccccc12,c1ccc(cc1)CNCc2cccc3ccccc32,regression,strict,train,False,5.619788758288394,intermediate
CHEMBL5171214,CC(=O)Nc1ccc(C)c(C(=O)N[C@@H](C)c2cccc3ccccc23)c1,c1ccc(cc1)CNCc2cccc3ccccc32,regression,strict,train,False,5.301029995663981,intermediate
CHEMBL562121,Cc1ccccc1C(=O)NC(C)c1ccc2ccccc2c1,c1ccc(cc1)CNCc2ccc3ccccc3c2,regression,strict,train,False,4.628932137728263,inactive
CHEMBL1173049,COc1ccc(CNC(=O)C2CCN(Cc3cccc4ccccc34)CC2)cc1,c1ccc(cc1)CNCC2CCN(Cc3cccc4ccccc43)CC2,regression,strict,train,False,3.996970529446382,inactive
CHEMBL445978,COc1ccc(-c2cc(=O)c3c(O)c(OC)c(O[C@@H]4O[C@H](CO[C@@H]5O[C@@H](C)[C@H](O)[C@@H](O)[C@H]5O)[C@@H](O)[C@H](O)[C@H]4O)cc3o2)cc1,O1c2cc(OC3OC(COC4OCCCC4)CCC3)ccc2CC=C1c5ccccc5,regression,strict,train,False,4.42021640338319,inactive
CHEMBL395990,C[C@@H]1O[C@@H](O[C@H]2[C@H](Oc3cc(O)c4c(=O)cc(-c5ccc(O)cc5)oc4c3)O[C@H](CO)[C@@H](O)[C@@H]2O)[C@H](O)[C@H](O)[C@H]1O,O1c2cc(OC3OCCCC3OC4OCCCC4)ccc2CC=C1c5ccccc5,regression,strict,train,False,4.568636235841013,inactive
CHEMBL611029,O=c1c(O)c(-c2ccc(O)cc2)oc2c(O)c(O)cc(O)c12,O1c2ccccc2CC=C1c3ccccc3,regression,strict,train,False,4.481486060122112,inactive
CHEMBL187460,C[C@H]1COC2=C1C(=O)C(=O)c1c2ccc2c1CCCC2(C)C,O1C=2c3ccc4c(c3CCC2CC1)CCCC4,regression,strict,train,False,5.429223631205252,intermediate
CHEMBL464274,O=C(/C=C/CCc1ccc(O)c(O)c1)CCc1ccc(O)c(O)c1,c1ccc(cc1)CCC=CCCCc2ccccc2,regression,strict,train,False,5.3872161432802645,intermediate
CHEMBL186141,C=C1CC[C@@H]2[C@](C)(CO)[C@H](O)CC[C@@]2(C)[C@@H]1C/C=C1/C(=O)OC[C@H]1O,O1CC(=CCC2CCCC3CCCCC23)CC1,regression,strict,train,False,4.823908740944319,inactive
CHEMBL4802135,CC(C)(C)[C@H](NC(=O)C(F)(F)F)C(=O)N1C[C@H]2[C@@H]([C@H]1C(=O)N[C@H](C#N)C[C@@H]1CCNC1=O)C2(C)C,N1CCC(C1)CCNCC2NCC3CC23,regression,strict,train,False,6.940050545897995,active
CHEMBL5208946,O=C(NCc1ccco1)C1CN(C(=O)c2cc(=O)[nH]c(=O)[nH]2)CCN1.O=C(O)C(F)(F)F,n1cnc(cc1)CN2CCNC(CNCc3occc3)C2,regression,strict,train,False,8.096910013008056,active
CHEMBL5174111,O=C(NCc1cccs1)[C@@H]1CN(C(=O)c2cccnc2)CCN1c1ccc(Cl)c(Cl)c1,n1cccc(c1)CN2CCN(c3ccccc3)C(CNCc4sccc4)C2,regression,strict,train,False,6.522734004575147,active
CHEMBL5183847,Cn1cnc(Cn2c(=O)[nH]/c(=N\c3cc4cn(C)nc4cc3Cl)n(Cc3cc(F)c(F)cc3F)c2=O)n1,n1c[nH]nc1CN2CNC(=Nc3ccc4n[nH]cc4c3)N(Cc5ccccc5)C2,regression,strict,train,False,8.04560069030722,active
CHEMBL5082224,O=C(c1cc(=O)[nH]c(=O)[nH]1)N1CCN(c2ccc(Cl)c(Cl)c2)CC1,n1cnc(cc1)CN2CCN(c3ccccc3)CC2,regression,strict,train,False,5.602707572673999,intermediate
CHEMBL5188908,O=C(NCc1cccs1)[C@@H]1CN(C(=O)c2cc(=O)[nH]c(=O)[nH]2)CCN1Cc1ccc(Cl)cc1Cl,n1cnc(cc1)CN2CCN(Cc3ccccc3)C(CNCc4sccc4)C2,regression,strict,train,False,9.356547323513812,active
CHEMBL5188502,O=C(NCc1cccs1)[C@@H]1CN(C(=O)c2cncc3ccccc23)CCN1c1ccc(Cl)c(Cl)c1,n1cc2ccccc2c(c1)CN3CCN(c4ccccc4)C(CNCc5sccc5)C3,regression,strict,train,False,9.356547323513812,active
CHEMBL5201620,O=C(NCc1ccco1)C1CN(C(=O)c2cc(=O)[nH]c(=O)[nH]2)CCN1c1ccc(Cl)c(Cl)c1,n1cnc(cc1)CN2CCN(c3ccccc3)C(CNCc4occc4)C2,regression,strict,train,False,9.102372908709558,active
CHEMBL5172248,O=C(NCc1cccs1)C1CN(C(=O)c2cc(=O)[nH]c(=O)[nH]2)CCN1c1ccc(Cl)c(Cl)c1,n1cnc(cc1)CN2CCN(c3ccccc3)C(CNCc4sccc4)C2,regression,strict,train,False,9.214670164989233,active
CHEMBL5180494,O=C(NCc1ccco1)[C@H]1CN(C(=O)c2cc(=O)[nH]c(=O)[nH]2)CCN1c1ccc(Cl)c(Cl)c1,n1cnc(cc1)CN2CCN(c3ccccc3)C(CNCc4occc4)C2,regression,strict,train,False,8.525783735923746,active
CHEMBL5192350,O=C(NCc1ccco1)[C@@H]1CN(C(=O)c2cc(=O)[nH]c(=O)[nH]2)CCN1c1ccc(Cl)c(Cl)c1,n1cnc(cc1)CN2CCN(c3ccccc3)C(CNCc4occc4)C2,regression,strict,train,False,9.455931955649724,active
CHEMBL5204987,O=C(NCc1cccs1)[C@@H]1CN(C(=O)c2cc(=O)[nH]c(=O)[nH]2)CCN1c1ccc(Cl)c(Cl)c1,n1cnc(cc1)CN2CCN(c3ccccc3)C(CNCc4sccc4)C2,regression,strict,test,False,9.397940008672036,active
CHEMBL5181886,O=C(NCc1ccco1)C1CN(C(=O)c2cc(=O)[nH]c(=O)[nH]2)CCN1Cc1ccc(Cl)cc1Cl,n1cnc(cc1)CN2CCN(Cc3ccccc3)C(CNCc4occc4)C2,regression,strict,train,False,9.229147988357855,active
CHEMBL5188982,O=C(NCc1ccco1)[C@@H]1CN(C(=O)c2cc(=O)[nH]c(=O)[nH]2)CCN1Cc1ccc(Cl)cc1Cl,n1cnc(cc1)CN2CCN(Cc3ccccc3)C(CNCc4occc4)C2,regression,strict,test,False,9.318758762624412,active
CHEMBL5180524,O=c1[nH]cc(-c2cc(-c3cc(Cl)cc(OCc4ccccc4Cl)c3)c(=O)n(-c3cccnc3)c2)c(=O)[nH]1,n1cncc(c1)C=2C=C(c3cccc(OCc4ccccc4)c3)CN(C2)c5cnccc5,regression,strict,train,False,7.744727494896693,active
CHEMBL5200851,C[C@H](NC(=O)[C@@H](c1cccnc1)N(C(=O)CCl)c1ccc(-n2cccc2)cc1)c1ccccc1,n1cccc(c1)C(Nc2ccc(cc2)-n3cccc3)CNCc4ccccc4,regression,strict,train,False,7.301029995663981,active
CHEMBL5173559,C[C@H](NC(=O)[C@@H](c1cccnc1)N(C(=O)C(Cl)Cl)c1ccc(-c2ccccc2)cc1)c1ccccc1,n1cccc(c1)C(Nc2ccc(cc2)-c3ccccc3)CNCc4ccccc4,regression,strict,train,False,6.259637310505756,active
CHEMBL3605457,CCS(=O)(=O)N1CCC([C@@H](C)n2c(C)c(C(=O)NCc3c(OC)cc(C)[nH]c3=O)c3ccccc32)CC1,c1ccc2c(c1)c(cn2CC3CCNCC3)CNCC4=CC=CN[CH]4,regression,strict,train,False,5.136677139879544,intermediate
CHEMBL549695,Cc1ccc(N)cc1C(=O)N[C@H](C)c1cccc2ccccc12,c1ccc(cc1)CNCc2cccc3ccccc32,regression,strict,train,False,5.755659091909437,intermediate
CHEMBL5077800,Cc1ccc(NC2CNC2)cc1C(=O)N[C@H](C)c1cccc2ccccc12,c1ccc2c(c1)cccc2CNCc3cccc(c3)NC4CNC4,regression,strict,train,False,5.995678626217358,intermediate
CHEMBL5071508,Cc1ccc(NC2CNC2)cc1C(=O)N[C@H](C)c1cccc(-c2cccs2)c1,s1cccc1-c2cccc(c2)CNCc3cccc(c3)NC4CNC4,regression,strict,train,False,6.229147988357855,active
CHEMBL5179681,Cc1ccc(NC2CNC2)cc1C(=O)N[C@H](C)c1cccc(-c2ccc(C(=O)NCC3CCO3)s2)c1,O1CCC1CNCc2sc(cc2)-c3cccc(c3)CNCc4cccc(c4)NC5CNC5,regression,strict,train,False,6.086186147616283,active
CHEMBL5183676,Cc1ccc(NC2CNC2)cc1C(=O)N[C@H](C)c1cccc(-c2ccc(CN3CC[C@H](O)C3)s2)c1,s1c(ccc1CN2CCCC2)-c3cccc(c3)CNCc4cccc(c4)NC5CNC5,regression,strict,train,False,6.154901959985743,active
CHEMBL5185454,Cc1ccc(NC2CNC2)cc1C(=O)N[C@H](C)c1cccc(-c2ccc(CN3CC[C@@H](O)C3)s2)c1,s1c(ccc1CN2CCCC2)-c3cccc(c3)CNCc4cccc(c4)NC5CNC5,regression,strict,test,False,6.1938200260161125,active
CHEMBL5183892,Cc1ccc(NC2CNC2)cc1C(=O)N[C@H](C)c1cccc(-c2ccc(CN[C@@H]3CCOC3)s2)c1,O1CCC(NCc2sc(cc2)-c3cccc(c3)CNCc4cccc(c4)NC5CNC5)C1,regression,strict,train,False,6.481486060122113,active
CHEMBL5199419,Cc1ccc(NC2CNC2)cc1C(=O)N[C@H](C)c1cccc(-c2ccc(CN[C@H]3CCOC3)s2)c1,O1CCC(NCc2sc(cc2)-c3cccc(c3)CNCc4cccc(c4)NC5CNC5)C1,regression,strict,test,False,6.2076083105017466,active
CHEMBL5171009,Cc1ccc(NC2CNC2)cc1C(=O)N[C@H](C)c1cccc(-c2ccc(CNC[C@H]3CCCO3)s2)c1,O1CCCC1CNCc2sc(cc2)-c3cccc(c3)CNCc4cccc(c4)NC5CNC5,regression,strict,train,False,6.119186407719209,active
CHEMBL5201060,Cc1ccc(NC2CNC2)cc1C(=O)N[C@H](C)c1cccc(-c2ccc(C(=O)O)s2)c1,s1cccc1-c2cccc(c2)CNCc3cccc(c3)NC4CNC4,regression,strict,train,False,6.013228265733755,active
CHEMBL5173688,COC(=O)c1ccc(-c2cccc([C@@H](C)NC(=O)c3cc(NC4CNC4)ccc3C)c2)s1,s1cccc1-c2cccc(c2)CNCc3cccc(c3)NC4CNC4,regression,strict,train,False,6.091514981121351,active
CHEMBL5179021,Cc1ccc(NC2CNC2)cc1C(=O)N[C@H](C)c1cccc(-c2ccc(CNC3CCC(O)C3)s2)c1,s1c(ccc1CNC2CCCC2)-c3cccc(c3)CNCc4cccc(c4)NC5CNC5,regression,strict,train,False,6.769551078621726,active
CHEMBL5085659,CC(=O)NCc1ccc(-c2cccc([C@@H](C)NC(=O)c3cc(NC4CNC4)ccc3C)c2)s1,s1cccc1-c2cccc(c2)CNCc3cccc(c3)NC4CNC4,regression,strict,train,False,6.431798275933005,active
CHEMBL5175433,Cc1ccc(NC2CNC2)cc1C(=O)N[C@H](C)c1cccc(-c2ccc(CNC3CCNC3=O)s2)c1,s1c(ccc1CNC2CNCC2)-c3cccc(c3)CNCc4cccc(c4)NC5CNC5,regression,strict,train,False,6.1938200260161125,active
CHEMBL5085054,Cc1ccc(NC2CNC2)cc1C(=O)N[C@H](C)c1cccc(-c2ccc(CN[C@@H]3CC[C@H](O)C3)s2)c1,s1c(ccc1CNC2CCCC2)-c3cccc(c3)CNCc4cccc(c4)NC5CNC5,regression,strict,train,False,6.6777807052660805,active
CHEMBL5207904,Cc1ccc(NC2CNC2)cc1C(=O)N[C@H](C)c1cccc(-c2ccc(CN[C@@H]3CC[C@@H](O)C3)s2)c1,s1c(ccc1CNC2CCCC2)-c3cccc(c3)CNCc4cccc(c4)NC5CNC5,regression,strict,train,False,6.366531544420414,active
CHEMBL5079592,Cc1ccc(NC2CNC2)cc1C(=O)N[C@H](C)c1cccc(-c2ccc(CN[C@H]3CC[C@@H](O)C3)s2)c1,s1c(ccc1CNC2CCCC2)-c3cccc(c3)CNCc4cccc(c4)NC5CNC5,regression,strict,train,False,6.94692155651658,active
CHEMBL5208693,Cc1ccc(NC2CNC2)cc1C(=O)N[C@H](C)c1cccc(-c2ccc(CN[C@H]3CC[C@H](O)C3)s2)c1,s1c(ccc1CNC2CCCC2)-c3cccc(c3)CNCc4cccc(c4)NC5CNC5,regression,strict,train,False,6.6020599913279625,active
CHEMBL5093083,Cc1ccc(N(C)C2CNC2)cc1C(=O)N[C@H](C)c1cccc2ccccc12,c1ccc2c(c1)cccc2CNCc3cccc(c3)NC4CNC4,regression,strict,test,False,5.619788758288394,intermediate
CHEMBL5072144,Cc1ccc(N(C)C2CNC2)cc1C(=O)N[C@H](C)c1nccc2ccccc12,n1ccc2ccccc2c1CNCc3cccc(c3)NC4CNC4,regression,strict,train,False,4.251811972993799,inactive
CHEMBL5073830,Cc1ccc(NC2CCNCC2)cc1C(=O)N[C@H](C)c1cccc2ccccc12,c1ccc2c(c1)cccc2CNCc3cccc(c3)NC4CCNCC4,regression,strict,train,False,6.221848749616356,active
CHEMBL5180299,Cc1ccc(NC2CCN(C)CC2)cc1C(=O)N[C@H](C)c1cccc2ccccc12,c1ccc2c(c1)cccc2CNCc3cccc(c3)NC4CCNCC4,regression,strict,test,False,6.154901959985743,active
CHEMBL5182901,Cc1ccc(NC(=O)C2CCNCC2)cc1C(=O)N[C@H](C)c1cccc2ccccc12,c1ccc2c(c1)cccc2CNCc3cccc(c3)NCC4CCNCC4,regression,strict,train,False,6.096910013008056,active
CHEMBL5177666,CCCCC(=O)Nc1ccc(C)c(C(=O)N[C@H](C)c2cccc3ccccc23)c1,c1ccc(cc1)CNCc2cccc3ccccc32,regression,strict,train,False,4.896196279044043,inactive
CHEMBL5172181,C=CC(=O)Nc1ccc(C)c(C(=O)N[C@H](C)c2cccc3ccccc23)c1,c1ccc(cc1)CNCc2cccc3ccccc32,regression,strict,train,False,5.1938200260161125,intermediate
CHEMBL5197139,Cc1ccc(NC(=O)NC(N)=O)cc1C(=O)N[C@H](C)c1cccc2ccccc12,c1ccc(cc1)CNCc2cccc3ccccc32,regression,strict,train,False,5.292429823902063,intermediate
CHEMBL5172897,Cc1ccc(NC(=O)Oc2ccc([N+](=O)[O-])cc2)cc1C(=O)N[C@H](C)c1cccc2ccccc12,O(c1ccccc1)CNc2cccc(c2)CNCc3cccc4ccccc43,regression,strict,train,False,5.154901959985743,intermediate
CHEMBL5171621,CCCCNC(=O)Nc1ccc(C)c(C(=O)N[C@H](C)c2cccc3ccccc23)c1,c1ccc(cc1)CNCc2cccc3ccccc32,regression,strict,train,False,4.774690718274137,inactive
CHEMBL5175380,Nc1cc(C(=O)Nc2cccc3ccccc23)cc(C(F)(F)F)c1,c1ccc(cc1)CNc2cccc3ccccc32,regression,strict,train,False,4.364516253185088,inactive
CHEMBL5175329,Cc1cc(N)ccc1C(=O)N[C@H](C)c1cccc2ccccc12,c1ccc(cc1)CNCc2cccc3ccccc32,regression,strict,train,False,5.1249387366083,intermediate
CHEMBL5170174,Cc1ccc(N(C)C)cc1C(=O)N[C@H](C)c1cccc2ccccc12,c1ccc(cc1)CNCc2cccc3ccccc32,regression,strict,train,False,5.0,inactive
CHEMBL5187526,Cc1cc(NS(C)(=O)=O)ccc1C(=O)N[C@H](C)c1cccc2ccccc12,c1ccc(cc1)CNCc2cccc3ccccc32,regression,strict,train,False,5.0,inactive
CHEMBL5199721,C[C@H](c1cccc2ccccc12)N1Cc2ccccc2C1,c1ccc2c(c1)cccc2CN3Cc4ccccc4C3,regression,strict,train,False,5.119186407719209,intermediate
CHEMBL5180056,C[C@@H](NC(=O)c1ccccc1Cl)c1cccc2ccccc12,c1ccc(cc1)CNCc2cccc3ccccc32,regression,strict,train,False,4.823908740944319,inactive
CHEMBL5200289,Cc1ccsc1C(=O)N[C@H](C)c1cccc2ccccc12,s1cccc1CNCc2cccc3ccccc32,regression,strict,train,False,4.376750709602099,inactive
CHEMBL5174096,CC(c1ccccc1Cl)N(C)Cc1cc(O)ccc1Cl,c1ccc(cc1)CNCc2ccccc2,regression,strict,train,False,5.137272471682025,intermediate
CHEMBL5183725,Cc1ccccc1[C@@H](C)N(C)Cc1cc(O)ccc1Cl,c1ccc(cc1)CNCc2ccccc2,regression,strict,train,False,5.175874166083451,intermediate
CHEMBL5174607,C[C@H](c1cccc2ccccc12)N(C)Cc1cccc2[nH]ccc12,c1ccc2c(c1)cccc2CNCc3cccc4[nH]ccc43,regression,strict,train,False,6.2076083105017466,active
CHEMBL5207076,C[C@H](c1cccc2ccccc12)N(C)Cc1ccc2[nH]ncc2c1,n1cc2cc(ccc2[nH]1)CNCc3cccc4ccccc43,regression,strict,train,False,6.180456064458132,active
CHEMBL5182315,C[C@H](c1cccc2ccccc12)N(C)Cc1c[nH]c2ccccc12,c1ccc2c(c1)cccc2CNCc3c[nH]c4ccccc43,regression,strict,train,False,6.173925197299173,active
CHEMBL5200707,Cc1ccc(O)cc1CN(C)[C@H](C)c1cccc2ccccc12,c1ccc(cc1)CNCc2cccc3ccccc32,regression,strict,train,False,6.060480747381382,active
CHEMBL5205511,Cc1cc(O)ccc1CN(C)[C@H](C)c1cccc2ccccc12,c1ccc(cc1)CNCc2cccc3ccccc32,regression,strict,train,False,6.045757490560675,active
CHEMBL5176085,C[C@H](c1cccc2ccccc12)N(C)Cc1ccc(O)cc1Cl,c1ccc(cc1)CNCc2cccc3ccccc32,regression,strict,train,False,6.096910013008056,active
CHEMBL5184650,COc1cc(O)ccc1CN(C)[C@H](C)c1cccc2ccccc12,c1ccc(cc1)CNCc2cccc3ccccc32,regression,strict,train,False,6.236572006437063,active
CHEMBL5174085,Cc1ccc(N)cc1CN(C)[C@H](C)c1cccc2ccccc12,c1ccc(cc1)CNCc2cccc3ccccc32,regression,strict,train,False,6.00436480540245,active
CHEMBL5173886,C[C@H](c1cccc2ccccc12)N(C)Cc1ccc(O)cc1,c1ccc(cc1)CNCc2cccc3ccccc32,regression,strict,train,False,6.173925197299173,active
CHEMBL5178750,C[C@@H](c1cccc2ccccc12)N(C)Cc1ccc(O)cc1,c1ccc(cc1)CNCc2cccc3ccccc32,regression,strict,train,False,4.698970004336019,inactive
CHEMBL3233815,C[C@H](c1cccc2ccccc12)N1CCC(C(=O)NCc2cccc(F)c2)CC1,c1ccc(cc1)CNCC2CCN(Cc3cccc4ccccc43)CC2,regression,strict,train,False,5.65856547542186,intermediate
CHEMBL3233809,CC(=O)Nc1cccc(CNC(=O)C2CCN([C@H](C)c3cccc4ccccc34)CC2)c1,c1ccc(cc1)CNCC2CCN(Cc3cccc4ccccc43)CC2,regression,strict,train,False,5.609064892896621,intermediate
CHEMBL3233822,COc1cc(CNC(=O)C2CCN([C@H](C)c3cccc4ccccc34)CC2)ccn1,n1ccc(cc1)CNCC2CCN(Cc3cccc4ccccc43)CC2,regression,strict,train,False,5.510744831630739,intermediate
CHEMBL5192637,CC(=O)Nc1cc(F)cc(CNC(=O)C2CCN([C@H](C)c3cccc4ccccc34)CC2)c1,c1ccc(cc1)CNCC2CCN(Cc3cccc4ccccc43)CC2,regression,strict,train,False,5.840132152907433,intermediate
CHEMBL5171052,C[C@H](c1cccc2ccccc12)N1CCC(C(=O)NCC2CCN(C)CC2)CC1,c1ccc2c(c1)cccc2CN3CCC(CNCC4CCNCC4)CC3,regression,strict,train,False,5.529442514782726,intermediate
CHEMBL5175589,C[C@H](c1cccc2ccccc12)N1CCC(C(=O)NCc2cccc(NC(=O)CN(C)C)c2)CC1,c1ccc(cc1)CNCC2CCN(Cc3cccc4ccccc43)CC2,regression,strict,train,False,5.840132152907433,intermediate
CHEMBL5180567,C[C@H](c1cccc2ccccc12)N1CCC(C(=O)NCc2cccc(NC(=O)N3CCN(C)CC3)c2)CC1,c1ccc2c(c1)cccc2CN3CCC(CNCc4cccc(c4)NCN5CCNCC5)CC3,regression,strict,train,False,6.154901959985743,active
CHEMBL5187162,C[C@H](c1cccc2ccccc12)N1CCC(C(=O)NCc2cc(F)cc(NC(=O)CN(C)C)c2)CC1,c1ccc(cc1)CNCC2CCN(Cc3cccc4ccccc43)CC2,regression,strict,train,False,6.102372908709558,active
CHEMBL5191209,C[C@H](c1cccc2ccccc12)N1CCC(C(=O)NCc2cc(F)cc(NC(=O)N3CCN(C)CC3)c2)CC1,c1ccc2c(c1)cccc2CN3CCC(CNCc4cccc(c4)NCN5CCNCC5)CC3,regression,strict,test,False,6.403402904373539,active
CHEMBL5075209,CC(C)(C)OC(=O)Nc1cccn([C@@H](CC2CC2)C(=O)N[C@@H](C[C@@H]2CCNC2=O)C(=O)C(=O)NCc2ccccc2)c1=O,c1ccc(cc1)CNCCC(NCC(N2C=CC=CC2)CC3CC3)CC4CNCC4,regression,strict,train,False,6.179261305845188,active
CHEMBL5174025,CC(C)(C)OC(=O)Nc1cccn([C@H](CC2CC2)C(=O)N[C@@H](C[C@@H]2CCNC2=O)C(=O)C(=O)NCc2ccccc2)c1=O,c1ccc(cc1)CNCCC(NCC(N2C=CC=CC2)CC3CC3)CC4CNCC4,regression,strict,train,False,5.301029995663981,intermediate
CHEMBL5198567,CC(C)(C)OC(=O)Nc1cccn(C(CC2CC2)C(=O)N[C@@H](C[C@@H]2CCNC2=O)C(=O)C(=O)NCc2ccccc2)c1=O,c1ccc(cc1)CNCCC(NCC(N2C=CC=CC2)CC3CC3)CC4CNCC4,regression,strict,train,False,6.279840696594043,active
CHEMBL5198073,COc1cccc2[nH]c(C(=O)N[C@@H](CC(C)C)C(=O)NN(C[C@@H]3CCNC3=O)C(=O)[C@H](F)Cl)cc12,c1ccc2[nH]c(cc2c1)CNCCNNCC3CNCC3,regression,strict,train,False,8.022276394711152,active
CHEMBL5179778,CC(C)C[C@H](NC(=O)c1cc2c(F)cccc2[nH]1)C(=O)NN(C[C@@H]1CCNC1=O)C(=O)[C@H](F)Cl,c1ccc2[nH]c(cc2c1)CNCCNNCC3CNCC3,regression,strict,train,False,8.42021640338319,active
CHEMBL5190754,CC(C)C[C@H](NC(=O)c1cc2c(F)cccc2[nH]1)C(=O)NN(C[C@@H]1CCNC1=O)C(=O)[C@@H](F)Cl,c1ccc2[nH]c(cc2c1)CNCCNNCC3CNCC3,regression,strict,train,False,7.552841968657781,active
CHEMBL5179611,CC(C)C[C@H](NC(=O)c1cc2c(F)cccc2[nH]1)C(=O)NN(C[C@H]1CCNC1=O)C(=O)[C@H](F)Cl,c1ccc2[nH]c(cc2c1)CNCCNNCC3CNCC3,regression,strict,train,False,8.318758762624412,active
CHEMBL5195394,COc1cccc2[nH]c(C(=O)N[C@@H](CC(C)C)C(=O)NN(C[C@H]3CCNC3=O)C(=O)[C@H](F)Cl)cc12,c1ccc2[nH]c(cc2c1)CNCCNNCC3CNCC3,regression,strict,train,False,7.806875401645538,active
CHEMBL5197241,CC(C)C[C@H](NC(=O)c1cc2c(F)cccc2[nH]1)C(=O)NN(C[C@H]1CCNC1=O)C(=O)[C@@H](F)Cl,c1ccc2[nH]c(cc2c1)CNCCNNCC3CNCC3,regression,strict,train,False,6.333482019445119,active
CHEMBL5172924,CC(=O)N(C[C@@H]1CCNC1=O)NC(=O)[C@H](CC(C)C)NC(=O)c1cc2c(F)cccc2[nH]1,c1ccc2[nH]c(cc2c1)CNCCNNCC3CNCC3,regression,strict,train,False,6.478861916295964,active
CHEMBL5194970,O=C(CSc1nc2cc(Cl)ccc2n1Cc1ccccc1)N1CCNC1=O,n1c2ccccc2n(c1SCCN3CNCC3)Cc4ccccc4,regression,strict,train,False,4.616184634019569,inactive
CHEMBL5177181,O=C(CSc1nc2cc(Cl)ccc2n1Cc1ccccc1)N1CCOC1=O,n1c(SCCN2COCC2)n(c3ccccc13)Cc4ccccc4,regression,strict,train,False,4.206209615309181,inactive
CHEMBL5170254,CC(C)(C)c1ccc2c(c1)nc(SCC(=O)N1CCOC1=O)n2Cc1ccccc1,n1c(SCCN2COCC2)n(c3ccccc13)Cc4ccccc4,regression,strict,train,False,4.454692883534176,inactive
CHEMBL5184754,O=C1NCCN1C(=O)C(Cc1ccccc1)Sc1nc2cc(Cl)ccc2n1Cc1ccccc1,n1c(SC(Cc2ccccc2)CN3CNCC3)n(c4ccccc14)Cc5ccccc5,regression,strict,train,False,4.52432881167557,inactive
CHEMBL5194113,Cc1ccc2c(c1)nc(SC(Cc1ccccc1)C(=O)N1CCNC1=O)n2Cc1ccccc1,n1c(SC(Cc2ccccc2)CN3CNCC3)n(c4ccccc14)Cc5ccccc5,regression,strict,test,False,4.489454989793388,inactive
CHEMBL5191524,O=C1OCCN1C(=O)C(Cc1ccccc1)Sc1nc2cc(Cl)ccc2n1Cc1ccccc1,n1c(SC(Cc2ccccc2)CN3COCC3)n(c4ccccc14)Cc5ccccc5,regression,strict,test,False,4.573488738635425,inactive
CHEMBL5182801,Cc1ccc2c(c1)nc(SC(Cc1ccccc1)C(=O)N1CCOC1=O)n2Cc1ccccc1,n1c(SC(Cc2ccccc2)CN3COCC3)n(c4ccccc14)Cc5ccccc5,regression,strict,test,False,4.437707135543525,inactive
CHEMBL5186585,CC(C)(C)c1ccc2c(c1)nc(SC(Cc1ccccc1)C(=O)N1CCOC1=O)n2Cc1ccccc1,n1c(SC(Cc2ccccc2)CN3COCC3)n(c4ccccc14)Cc5ccccc5,regression,strict,test,False,4.530177984021837,inactive
CHEMBL5179857,O=C1OCCN1C(=O)C(Cc1ccco1)Sc1nc2cc(Cl)ccc2n1Cc1ccccc1,n1c2ccccc2n(c1SC(Cc3occc3)CN4COCC4)Cc5ccccc5,regression,strict,train,False,4.826813731587726,inactive
CHEMBL5205104,O=C1OCCN1C(=O)C(Cc1ccco1)Sc1nc2ccc(Cl)cc2n1Cc1ccccc1,n1c2ccccc2n(c1SC(Cc3occc3)CN4COCC4)Cc5ccccc5,regression,strict,train,False,4.276544327964814,inactive
CHEMBL5196969,COc1ccc2nc(SC(Cc3ccco3)C(=O)N3CCOC3=O)n(Cc3ccccc3)c2c1,n1c2ccccc2n(c1SC(Cc3occc3)CN4COCC4)Cc5ccccc5,regression,strict,train,False,4.268411234813262,inactive
CHEMBL5202324,O=C1OCCN1C(=O)C(Cc1ccco1)Sc1nc2ccc(O)cc2n1Cc1ccccc1,n1c2ccccc2n(c1SC(Cc3occc3)CN4COCC4)Cc5ccccc5,regression,strict,train,False,4.253365801062421,inactive
CHEMBL5179950,O=C(CSc1nc2cc(Cl)c(Cl)cc2n1Cc1ccccc1)N1CCOC1=O,n1c(SCCN2COCC2)n(c3ccccc13)Cc4ccccc4,regression,strict,train,False,4.530177984021837,inactive
CHEMBL5172920,COc1cc2c(cc1Cl)nc(SCC(=O)N1CCOC1=O)n2Cc1ccccc1,n1c(SCCN2COCC2)n(c3ccccc13)Cc4ccccc4,regression,strict,train,False,4.279840696594043,inactive
CHEMBL5202164,O=C(CSc1nc2cc(Cl)c(O)cc2n1Cc1ccccc1)N1CCOC1=O,n1c(SCCN2COCC2)n(c3ccccc13)Cc4ccccc4,regression,strict,train,False,4.446116973356125,inactive
CHEMBL5189428,O=C1OCCN1C(=O)C(Cc1ccco1)Sc1nc2cc(Cl)c(Cl)cc2n1Cc1ccccc1,n1c2ccccc2n(c1SC(Cc3occc3)CN4COCC4)Cc5ccccc5,regression,strict,train,False,4.511449283499555,inactive
CHEMBL5201497,COc1cc2c(cc1Cl)nc(SC(Cc1ccco1)C(=O)N1CCOC1=O)n2Cc1ccccc1,n1c2ccccc2n(c1SC(Cc3occc3)CN4COCC4)Cc5ccccc5,regression,strict,train,False,4.557520230935552,inactive
CHEMBL5205913,O=C1OCCN1C(=O)C(Cc1ccco1)Sc1nc2cc(Cl)c(O)cc2n1Cc1ccccc1,n1c2ccccc2n(c1SC(Cc3occc3)CN4COCC4)Cc5ccccc5,regression,strict,train,False,4.336299074610352,inactive
CHEMBL5171142,COCCn1c(C(=O)NCC(O)c2ccccc2)nc2ccccc2c1=O,n1cc2ccccc2nc1CNCCc3ccccc3,regression,strict,train,False,4.267606240177032,inactive
CHEMBL5202866,CC(C)[C@H](NC(=O)OCc1ccccc1)C(=O)N[C@@H](CC(C)(C)C)C(=O)N[C@H](C=O)C[C@@H]1CCNC1=O,O(CNCCNCCNCCC1CNCC1)Cc2ccccc2,regression,strict,train,False,7.699694432330351,active
CHEMBL5178875,C=C(C)C[C@H](NC(=O)[C@@H](NC(=O)OCc1ccccc1)C(C)C)C(=O)N[C@H](C=O)C[C@@H]1CCNC1=O,O(CNCCNCCNCCC1CNCC1)Cc2ccccc2,regression,strict,train,False,7.958607314841775,active
CHEMBL5205477,CC(C)[C@H](NC(=O)OCc1ccccc1)C(=O)N[C@@H](CC1CC1)C(=O)N[C@H](C=O)C[C@@H]1CCNC1=O,O(CNCCNC(CNCCC1CNCC1)CC2CC2)Cc3ccccc3,regression,strict,train,False,8.318758762624412,active
CHEMBL5189578,CC(C)[C@H](NC(=O)OCc1ccccc1)C(=O)N[C@@H](Cc1ccco1)C(=O)N[C@H](C=O)C[C@@H]1CCNC1=O,o1cccc1CC(NCCNCOCc2ccccc2)CNCCC3CNCC3,regression,strict,train,False,8.2839966563652,active
CHEMBL5190267,C[C@@H](OC(C)(C)C)[C@H](NC(=O)OCc1ccccc1)C(=O)N[C@@H](CC(C)(C)C)C(=O)N[C@H](C=O)C[C@@H]1CCNC1=O,O(CNCCNCCNCCC1CNCC1)Cc2ccccc2,regression,strict,train,False,6.823908740944319,active
CHEMBL5176166,C[C@@H](OC(C)(C)C)[C@H](NC(=O)OCc1ccccc1)C(=O)N[C@@H](CC1CC1)C(=O)N[C@H](C=O)C[C@@H]1CCNC1=O,O(CNCCNC(CNCCC1CNCC1)CC2CC2)Cc3ccccc3,regression,strict,train,False,7.221848749616356,active
CHEMBL5203715,CC(C)(C)C[C@H](NC(=O)[C@@H](NC(=O)OCc1ccccc1)C(C)(C)C)C(=O)N[C@H](C=O)C[C@@H]1CCNC1=O,O(CNCCNCCNCCC1CNCC1)Cc2ccccc2,regression,strict,train,False,7.443697499232712,active
CHEMBL5178556,CC(C)(C)[C@H](NC(=O)OCc1ccccc1)C(=O)N[C@@H](CC1CC1)C(=O)N[C@H](C=O)C[C@@H]1CCNC1=O,O(CNCCNC(CNCCC1CNCC1)CC2CC2)Cc3ccccc3,regression,strict,train,False,7.886056647693163,active
CHEMBL5185670,CC(C)(C)C[C@H](NC(=O)[C@@H](NC(=O)OCc1ccccc1)C1CC1)C(=O)N[C@H](C=O)C[C@@H]1CCNC1=O,O(CNC(CNCCNCCC1CNCC1)C2CC2)Cc3ccccc3,regression,strict,train,False,7.795880017344075,active
CHEMBL5169820,CC(C)[C@](C)(NC(=O)OCc1ccccc1)C(=O)N[C@@H](CC(C)(C)C)C(=O)N[C@H](C=O)C[C@@H]1CCNC1=O,O(CNCCNCCNCCC1CNCC1)Cc2ccccc2,regression,strict,train,False,7.113509274827518,active
CHEMBL5204033,CC(C)(C)C[C@H](NC(=O)C(C)(C)NC(=O)OCc1ccccc1)C(=O)N[C@H](C=O)C[C@@H]1CCNC1=O,O(CNCCNCCNCCC1CNCC1)Cc2ccccc2,regression,strict,train,False,7.309803919971486,active
CHEMBL5199403,O=C[C@H](C[C@@H]1CCNC1=O)NC(=O)[C@H](CC1CCCCC1)NC(=O)C1(NC(=O)OCc2ccccc2)CC1,O(CNC1(CNC(CNCCC2CNCC2)CC3CCCCC3)CC1)Cc4ccccc4,regression,strict,train,False,6.455931955649724,active
CHEMBL5208464,O=C[C@H](C[C@@H]1CCNC1=O)NC(=O)[C@H](CC1CC1)NC(=O)[C@@H](NC(=O)OCc1ccccc1)C1CC1,O(CNC(CNC(CNCCC1CNCC1)CC2CC2)C3CC3)Cc4ccccc4,regression,strict,train,False,8.075720713938118,active
CHEMBL5193629,C[C@@H](OC(C)(C)C)[C@H](NC(=O)OCc1cccc(Cl)c1)C(=O)N[C@@H](CC1CCCCC1)C(=O)N[C@H](C=O)C[C@@H]1CCNC1=O,O(CNCCNC(CNCCC1CNCC1)CC2CCCCC2)Cc3ccccc3,regression,strict,test,False,6.187086643357144,active
CHEMBL5173899,CC(C)C[C@H](NC(=O)[C@@H](NC(=O)OCc1cccc(Cl)c1)[C@@H](C)OC(C)(C)C)C(=O)N[C@H](C=O)C[C@@H]1CCNC1=O,O(CNCCNCCNCCC1CNCC1)Cc2ccccc2,regression,strict,train,False,6.275724130399211,active
CHEMBL5177381,CC(C)[C@H](NC(=O)OCc1cccc(Cl)c1)C(=O)N[C@@H](CC1CCCCC1)C(=O)N[C@H](C=O)C[C@@H]1CCNC1=O,O(CNCCNC(CNCCC1CNCC1)CC2CCCCC2)Cc3ccccc3,regression,strict,test,False,6.795880017344075,active
CHEMBL5203726,CC(C)C[C@H](NC(=O)[C@@H](NC(=O)c1cc2ccccc2[nH]1)C(C)C)C(=O)N[C@H](C=O)C[C@@H]1CCNC1=O,c1ccc2[nH]c(cc2c1)CNCCNCCNCCC3CNCC3,regression,strict,train,False,7.2839966563652,active
CHEMBL5201264,CC(C)(C)[C@H](NC(=O)C(F)(F)F)C(=O)N1C[C@H]2[C@@H]([C@H]1C(=O)N[C@H](C#N)C[C@H]1CCNC1=O)C2(C)C,N1CCC(C1)CCNCC2NCC3CC23,regression,strict,train,False,7.305394801066432,active
CHEMBL5205992,CC(C)C[C@@H](NC(=O)OCc1ccccc1)C(=O)N[C@H](CC1CCNC1=O)C(O)S(=O)(=O)[O-].[Na+],O(CNCCNCCC1CNCC1)Cc2ccccc2,regression,strict,train,False,7.522878745280337,active
CHEMBL5171771,CC(C)C[C@H](NC(=O)[C@@H](NC(=O)OCc1ccccc1)C(C)C)C(=O)N[C@H](C=O)C[C@@H]1CCNC1=O,O(CNCCNCCNCCC1CNCC1)Cc2ccccc2,regression,strict,train,False,8.070581074285707,active
CHEMBL5183770,CC(C)[C@H](NC(=O)OCc1ccccc1)C(=O)N[C@@H](Cc1ccccc1)C(=O)N[C@H](C=O)C[C@@H]1CCNC1=O,O(CNCCNC(CNCCC1CNCC1)Cc2ccccc2)Cc3ccccc3,regression,strict,train,False,7.823908740944319,active
CHEMBL5202077,CC(C)[C@H](NC(=O)OCc1ccccc1)C(=O)N[C@@H](CC1CCCCC1)C(=O)N[C@H](C=O)C[C@@H]1CCNC1=O,O(CNCCNC(CNCCC1CNCC1)CC2CCCCC2)Cc3ccccc3,regression,strict,test,False,7.481486060122112,active
CHEMBL5178763,CC(C)C[C@H](NC(=O)[C@@H](NC(=O)OCc1ccccc1)[C@@H](C)OC(C)(C)C)C(=O)N[C@H](C=O)C[C@@H]1CCNC1=O,O(CNCCNCCNCCC1CNCC1)Cc2ccccc2,regression,strict,train,False,7.221848749616356,active
CHEMBL5203900,C[C@@H](OC(C)(C)C)[C@H](NC(=O)OCc1ccccc1)C(=O)N[C@@H](Cc1ccccc1)C(=O)N[C@H](C=O)C[C@@H]1CCNC1=O,O(CNCCNC(CNCCC1CNCC1)Cc2ccccc2)Cc3ccccc3,regression,strict,test,False,7.327902142064283,active
CHEMBL5196043,CC(C)(C)NC(=O)N[C@H](C(=O)N1C[C@H]2[C@@H]([C@H]1C(=O)N[C@H](C=O)C[C@@H]1CCNC1=O)C2(C)C)C(C)(C)C,N1CCC(C1)CCNCC2NCC3CC23,regression,strict,train,False,8.031517051446064,active
CHEMBL5180793,CC(C)(C)NC(=O)N[C@H](C(=O)N1C[C@H]2[C@@H]([C@H]1C(=O)N[C@@H](C[C@@H]1CCNC1=O)C(=O)C(N)=O)C2(C)C)C(C)(C)C,N1CCC(C1)CCNCC2NCC3CC23,regression,strict,train,False,7.397940008672037,active
CHEMBL5175509,CC(C)(C)NC(=O)N[C@H](C(=O)N1C[C@H]2[C@@H]([C@H]1C(=O)N[C@@H](C[C@@H]1CCNC1=O)C(=O)C(=O)NC1CC1)C2(C)C)C(C)(C)C,N1CCC(C1)CC(NCC2NCC3CC23)CCNC4CC4,regression,strict,train,False,6.443697499232712,active
CHEMBL5203173,CC(C)(C)NC(=O)N[C@H](C(=O)N1C[C@H]2[C@@H]([C@H]1C(=O)N[C@@H](C[C@@H]1CCNC1=O)C(=O)C(=O)NCC1CC1)C2(C)C)C(C)(C)C,N(CCC(NCC1NCC2CC12)CC3CNCC3)CC4CC4,regression,strict,train,False,6.2076083105017466,active
CHEMBL5203431,CCNC(=O)C(=O)[C@H](C[C@@H]1CCNC1=O)NC(=O)[C@@H]1[C@@H]2[C@H](CN1C(=O)[C@@H](NC(=O)NC(C)(C)C)C(C)(C)C)C2(C)C,N1CCC(C1)CCNCC2NCC3CC23,regression,strict,train,False,7.1249387366083,active
CHEMBL5179663,CCCCNC(=O)C(=O)[C@H](C[C@@H]1CCNC1=O)NC(=O)[C@@H]1[C@@H]2[C@H](CN1C(=O)[C@@H](NC(=O)NC(C)(C)C)C(C)(C)C)C2(C)C,N1CCC(C1)CCNCC2NCC3CC23,regression,strict,train,False,6.431798275933005,active
CHEMBL5170923,CCCCCCNC(=O)C(=O)[C@H](C[C@@H]1CCNC1=O)NC(=O)[C@@H]1[C@@H]2[C@H](CN1C(=O)[C@@H](NC(=O)NC(C)(C)C)C(C)(C)C)C2(C)C,N1CCC(C1)CCNCC2NCC3CC23,regression,strict,train,False,6.142667503568731,active
CHEMBL5200532,CC(C)(C)NC(=O)N[C@H](C(=O)N1C[C@H]2[C@@H]([C@H]1C(=O)N[C@@H](C[C@@H]1CCNC1=O)C(=O)C(=O)NCc1ccccc1)C2(C)C)C(C)(C)C,c1ccc(cc1)CNCCC(NCC2NCC3CC23)CC4CNCC4,regression,strict,train,False,6.920818753952375,active
CHEMBL5197166,CC(C)(C)NC(=O)N[C@H](C(=O)N1CC2(CC2)C[C@H]1C(=O)N[C@H](C=O)C[C@@H]1CCNC1=O)C(C)(C)C,N(CCC1CNCC1)CC2NCC3(CC3)C2,regression,strict,train,False,7.638272163982407,active
CHEMBL5206924,CC(C)(C)C[C@H](NC(=O)[C@@H](NC(=O)NC(C)(C)C)C(C)(C)C)C(=O)N[C@H](C=O)C[C@@H]1CCNC1=O,N1CCCC1,regression,strict,train,False,7.769551078621726,active
CHEMBL5182608,CC(C)(C)NC(=O)N[C@H](C(=O)N[C@@H](CC1CC1)C(=O)N[C@H](C=O)C[C@@H]1CCNC1=O)C(C)(C)C,N(CCCC1CC1)CCC2CNCC2,regression,strict,train,False,7.585026652029182,active
CHEMBL5206180,CC(C)(C)CC(=O)N[C@H](C(=O)N1C[C@H]2[C@@H]([C@H]1C(=O)N[C@H](C=O)C[C@@H]1CCNC1=O)C2(C)C)C(C)(C)C,N1CCC(C1)CCNCC2NCC3CC23,regression,strict,train,False,6.7447274948966935,active
CHEMBL5204666,CC(C)(C)CC(=O)N[C@H](C(=O)N1C[C@H]2[C@@H]([C@H]1C(=O)N[C@@H](C[C@@H]1CCNC1=O)C(=O)C(N)=O)C2(C)C)C(C)(C)C,N1CCC(C1)CCNCC2NCC3CC23,regression,strict,train,False,6.823908740944319,active
CHEMBL5184261,CC(C)CC(=O)N[C@H](C(=O)N1C[C@H]2[C@@H]([C@H]1C(=O)N[C@H](C=O)C[C@@H]1CCNC1=O)C2(C)C)C(C)(C)C,N1CCC(C1)CCNCC2NCC3CC23,regression,strict,train,False,7.657577319177793,active
CHEMBL5187437,CC(C)(C)OC(=O)N[C@H](C(=O)N1C[C@H]2[C@@H]([C@H]1C(=O)N[C@H](C=O)C[C@@H]1CCNC1=O)C2(C)C)C(C)(C)C,N1CCC(C1)CCNCC2NCC3CC23,regression,strict,train,False,7.346787486224656,active
CHEMBL5183731,CC(C)(C)[C@H](NC(=O)OCc1ccccc1)C(=O)N1C[C@H]2[C@@H]([C@H]1C(=O)N[C@H](C=O)C[C@@H]1CCNC1=O)C2(C)C,O(CNCCN1CC2CC2C1CNCCC3CNCC3)Cc4ccccc4,regression,strict,train,False,7.229147988357855,active
CHEMBL5207867,C[C@@H](OC(C)(C)C)[C@H](NC(=O)NC(C)(C)C)C(=O)N[C@@H](CC1CCCCC1)C(=O)N[C@H](C=O)C[C@@H]1CCNC1=O,N(CCCC1CCCCC1)CCC2CNCC2,regression,strict,train,False,7.013228265733755,active
CHEMBL5176816,C[C@@H](OC(C)(C)C)[C@H](NC(=O)OCc1ccccc1)C(=O)N1C[C@H]2[C@@H]([C@H]1C(=O)N[C@H](C=O)C[C@@H]1CCNC1=O)C2(C)C,O(CNCCN1CC2CC2C1CNCCC3CNCC3)Cc4ccccc4,regression,strict,test,False,6.920818753952375,active
CHEMBL5176204,CC(C)(C)CC(=O)N[C@H](C(=O)N1C[C@H]2[C@@H]([C@H]1C(=O)N[C@H](C#N)C[C@@H]1CCNC1=O)C2(C)C)C(C)(C)C,N1CCC(C1)CCNCC2NCC3CC23,regression,strict,train,False,6.142667503568731,active
CHEMBL5205883,N=C(N)Nc1ccc2c(c1)B(O)OC2,O1Bc2ccccc2C1,regression,strict,train,False,5.0,inactive
CHEMBL5198559,N=C(N)Nc1ccc(C(=O)Nc2ccc3c(c2)B(O)OC3)cc1,O1Bc2cc(ccc2C1)NCc3ccccc3,regression,strict,train,False,4.856985199745905,inactive
CHEMBL5199388,O=C(Nc1ccc2c(c1)B(O)OC2)c1cccc(OCc2ccccc2)c1,O1Bc2cc(ccc2C1)NCc3cccc(OCc4ccccc4)c3,regression,strict,train,False,5.214670164989233,intermediate
CHEMBL5181062,O=C(Nc1ccc2c(c1)B(O)OC2)c1cccc(NCc2ccccc2)c1,O1Bc2cc(ccc2C1)NCc3cccc(c3)NCc4ccccc4,regression,strict,train,False,4.244887733604929,inactive
CHEMBL5200317,O=C(Nc1cccc(C(=O)Nc2ccc3c(c2)B(O)OC3)c1)c1ccccc1,O1Bc2cc(ccc2C1)NCc3cccc(c3)NCc4ccccc4,regression,strict,test,False,4.281498311132726,inactive
CHEMBL468553,O=C(Oc1cncc(Cl)c1)c1cccs1,n1cccc(OCc2sccc2)c1,regression,strict,train,False,6.309508581992132,active
CHEMBL5187156,O=C(Nc1ccc2c(c1)B(O)OC2)c1cccc(OCc2ccccc2)n1,n1c(OCc2ccccc2)cccc1CNc3ccc4c(BOC4)c3,regression,strict,train,False,4.414539270491499,inactive
CHEMBL5188282,Cc1cccc(COc2cccc(C(=O)Nc3ccc4c(c3)B(O)OC4)c2)c1,O1Bc2cc(ccc2C1)NCc3cccc(OCc4ccccc4)c3,regression,strict,test,False,4.223298816011589,inactive
CHEMBL5189793,CC(C)=CCc1cc(/C=C2\OC(=O)C(c3cc4c(cc3O)OC(C)(C)CC4)=C2O)ccc1O,O1C(=Cc2ccccc2)C=C(c3ccc4OCCCc4c3)C1,regression,strict,train,False,4.987162775294828,inactive
CHEMBL5186663,CC(C)(O)C1Cc2cc(/C=C3\OC(=O)C(c4cc5c(cc4O)OC(C)(C)C(O)C5)=C3O)ccc2O1,O1C(=Cc2ccc3OCCc3c2)C=C(c4ccc5OCCCc5c4)C1,regression,strict,train,False,5.026872146400302,intermediate
CHEMBL5196901,CC(C)=CCc1cc(/C=C2\OC(=O)C(c3cc(CCC(C)(C)O)c(O)cc3O)=C2O)ccc1O,O1C(=Cc2ccccc2)C=C(c3ccccc3)C1,regression,strict,train,False,5.113509274827518,intermediate
CHEMBL5207375,CC(C)=CCC/C(C)=C/CC[C@]1(C)C=Cc2c(C=O)c(O)c(C)c(O)c2O1,O1c2ccccc2C=CC1,regression,strict,train,False,4.6777807052660805,inactive
CHEMBL5208498,Cn1cnc(Cn2c(=O)nc(Nc3cc4c(F)n(C)nc4cc3Cl)n(Cc3cc(F)c(F)cc3F)c2=O)n1,n1c[nH]nc1CN2[CH]N=C(Nc3ccc4n[nH]cc4c3)N([CH]2)Cc5ccccc5,regression,strict,test,False,7.721246399047171,active
CHEMBL5194350,CCn1cc2cc(Nc3nc(=O)n(Cc4ncn(C)n4)c(=O)n3Cc3cc(F)c(F)cc3F)c(Cl)cc2n1,n1c[nH]nc1CN2[CH]N=C(Nc3ccc4n[nH]cc4c3)N([CH]2)Cc5ccccc5,regression,strict,test,False,7.853871964321762,active
CHEMBL5201925,Cn1cnc(Cn2c(=O)nc(Nc3cc4cn(CC(F)F)nc4cc3Cl)n(Cc3cc(F)c(F)cc3F)c2=O)n1,n1c[nH]nc1CN2[CH]N=C(Nc3ccc4n[nH]cc4c3)N([CH]2)Cc5ccccc5,regression,strict,test,False,8.045757490560675,active
CHEMBL5188818,Cn1cnc(Cn2c(=O)nc(Nc3cc4cn(C)nc4cc3Cl)n(Cc3cc(Cl)c(F)cc3F)c2=O)n1,n1c[nH]nc1CN2[CH]N=C(Nc3ccc4n[nH]cc4c3)N([CH]2)Cc5ccccc5,regression,strict,test,False,8.301029995663981,active
CHEMBL5207127,Cn1cnc(Cn2c(=O)nc(Nc3cc4cn(C)nc4cc3Cl)n(Cc3cc(F)c(F)c(F)c3)c2=O)n1,n1c[nH]nc1CN2[CH]N=C(Nc3ccc4n[nH]cc4c3)N([CH]2)Cc5ccccc5,regression,strict,test,False,8.0,active
CHEMBL5185732,Cn1cnc(Cn2c(=O)nc(NC3=CC4CCOC4C=C3Cl)n(Cc3cc(F)c(F)c(F)c3)c2=O)n1,n1c[nH]nc1CN2[CH]N=C(NC=3C=CC4OCCC4C3)N([CH]2)Cc5ccccc5,regression,strict,train,False,7.823908740944319,active
CHEMBL5206128,Cn1cnc(Cn2c(=O)nc(Nc3cc4cn(C)nc4cc3Cl)n(Cc3cc(Cl)c(F)c(Cl)c3)c2=O)n1,n1c[nH]nc1CN2[CH]N=C(Nc3ccc4n[nH]cc4c3)N([CH]2)Cc5ccccc5,regression,strict,test,False,8.301029995663981,active
CHEMBL5192777,Cn1cnc(Cn2c(=O)nc(Nc3cc4cn(C)nc4cc3Cl)n(Cc3cc(F)c(F)c(F)c3F)c2=O)n1,n1c[nH]nc1CN2[CH]N=C(Nc3ccc4n[nH]cc4c3)N([CH]2)Cc5ccccc5,regression,strict,test,False,8.0,active
CHEMBL5203920,Cn1cnc(Cn2c(=O)nc(Nc3cc4cn(C)nc4cc3Cl)n(Cc3cccc4ccccc34)c2=O)n1,n1c[nH]nc1CN2[CH]N=C(Nc3ccc4n[nH]cc4c3)N([CH]2)Cc5cccc6ccccc65,regression,strict,train,False,6.107905397309519,active
CHEMBL5177083,Cn1cnc(Cn2c(=O)nc(Nc3cc4cn(C)nc4cc3Cl)n(Cc3cc(F)c(F)c(F)c3)c2=O)c1,n1c[nH]cc1CN2[CH]N=C(Nc3ccc4n[nH]cc4c3)N([CH]2)Cc5ccccc5,regression,strict,train,False,8.221848749616356,active
CHEMBL5197155,Cn1cc2cc(Nc3nc(=O)n(Cc4cc5ccsc5[nH]c4=O)c(=O)n3Cc3cc(F)c(F)c(F)c3)c(Cl)cc2n1,n1cc(cc2ccsc12)CN3[CH]N=C(Nc4ccc5n[nH]cc5c4)N([CH]3)Cc6ccccc6,regression,strict,train,False,8.397940008672037,active
CHEMBL5187177,Cc1cncc(-n2c(=O)nc(Nc3cc4cn(C)nc4cc3Cl)n(Cc3cc(F)c(F)c(F)c3)c2=O)c1,n1cccc(c1)N2[CH]N=C(Nc3ccc4n[nH]cc4c3)N([CH]2)Cc5ccccc5,regression,strict,train,False,7.853871964321762,active
CHEMBL5195764,Cc1cncc(-n2c(=O)nc(Nc3cc4cn(C)nc4cc3Cl)n(Cc3cc(C#N)c(F)cc3C)c2=O)c1,n1cccc(c1)N2[CH]N=C(Nc3ccc4n[nH]cc4c3)N([CH]2)Cc5ccccc5,regression,strict,train,False,8.698970004336019,active
CHEMBL5200024,Cn1cc2cc(Nc3nc(=O)n(-c4cncc5c4COC5)c(=O)n3Cc3cc(Cl)c(F)cc3F)c(Cl)cc2n1,n1cc(c2c(c1)COC2)N3[CH]N=C(Nc4ccc5n[nH]cc5c4)N([CH]3)Cc6ccccc6,regression,strict,train,False,7.920818753952375,active
CHEMBL5196584,Cc1cncc(-n2c(=O)nc(Nc3cc4cn(C)nc4cc3Cl)n(Cc3cc(F)c(F)cc3F)c2=O)c1,n1cccc(c1)N2[CH]N=C(Nc3ccc4n[nH]cc4c3)N([CH]2)Cc5ccccc5,regression,strict,train,False,8.045757490560675,active
CHEMBL5188525,Cn1cc2cc(Nc3nc(=O)n(-c4cncc(C(F)(F)F)c4)c(=O)n3Cc3cc(F)c(F)c(F)c3)c(Cl)cc2n1,n1cccc(c1)N2[CH]N=C(Nc3ccc4n[nH]cc4c3)N([CH]2)Cc5ccccc5,regression,strict,train,False,6.443697499232712,active
CHEMBL5192363,Cn1cc2cc(Nc3nc(=O)n(Cc4cc(Cl)ccn4)c(=O)n3Cc3cc(F)c(F)cc3F)c(Cl)cc2n1,n1ccccc1CN2[CH]N=C(Nc3ccc4n[nH]cc4c3)N([CH]2)Cc5ccccc5,regression,strict,train,False,7.0,active
CHEMBL5203047,CCNC(=O)Cn1c(=O)nc(Nc2cc3cn(C)nc3cc2Cl)n(Cc2cc(F)c(F)c(F)c2)c1=O,[N]1[CH]N=C(Nc2ccc3n[nH]cc3c2)N([CH]1)Cc4ccccc4,regression,strict,train,False,6.853871964321762,active
CHEMBL5208006,Cc1cnc(Cn2c(=O)nc(Nc3cc4cn(C)nc4cc3Cl)n(Cc3cc(F)c(F)cc3F)c2=O)nc1,n1cccnc1CN2[CH]N=C(Nc3ccc4n[nH]cc4c3)N([CH]2)Cc5ccccc5,regression,strict,train,False,6.585026652029182,active
CHEMBL5185160,COc1cccc2[nH]c(C(=O)N[C@@H](CC(C)C)C(=O)N[C@H](C#N)C[C@@H]3CCCNC3=O)cc12,c1ccc2[nH]c(cc2c1)CNCCNCCC3CNCCC3,regression,strict,train,False,7.886056647693163,active
CHEMBL5180730,COc1cccc2[nH]c(C(=O)N[C@@H](CC(C)C)C(=O)N[C@H](C#N)C[C@@H]3CCNC3=O)cc12,c1ccc2[nH]c(cc2c1)CNCCNCCC3CNCC3,regression,strict,train,False,5.485452247339714,intermediate
CHEMBL4851462,COc1cccc2[nH]c(C(=O)N[C@@H](CC(C)C)C(=O)N[C@H](C=O)C[C@@H]3CCNC3=O)cc12,c1ccc2[nH]c(cc2c1)CNCCNCCC3CNCC3,regression,strict,train,False,7.221848749616356,active
CHEMBL5195798,COc1cccc2[nH]c(C(=O)N[C@@H](CC(C)C)C(=O)N[C@@H](C[C@@H]3CCCNC3=O)C(=O)CO)cc12,c1ccc2[nH]c(cc2c1)CNCCNCCC3CNCCC3,regression,strict,train,False,7.709965388637482,active
CHEMBL5189649,CC(C)C[C@H](NC(=O)c1cc2c3c(ccc2[nH]1)CCO3)C(=O)N[C@H](C#N)C[C@@H]1CCCNC1=O,O1c2c3cc([nH]c3ccc2CC1)CNCCNCCC4CNCCC4,regression,strict,train,False,7.309803919971486,active
CHEMBL5190756,CC(C)C[C@H](NC(=O)c1cc2c(OC(F)(F)F)cccc2[nH]1)C(=O)N[C@H](C#N)C[C@@H]1CCCNC1=O,c1ccc2[nH]c(cc2c1)CNCCNCCC3CNCCC3,regression,strict,train,False,7.863279432843593,active
CHEMBL5204224,CCOc1cccc2[nH]c(C(=O)N[C@@H](CC(C)C)C(=O)N[C@H](C#N)C[C@@H]3CCCNC3=O)cc12,c1ccc2[nH]c(cc2c1)CNCCNCCC3CNCCC3,regression,strict,train,False,7.619788758288394,active
CHEMBL5208639,COc1cc(Cl)cc2[nH]c(C(=O)N[C@@H](CC(C)(C)C)C(=O)N[C@H](C#N)C[C@@H]3CCCNC3=O)cc12,c1ccc2[nH]c(cc2c1)CNCCNCCC3CNCCC3,regression,strict,train,False,7.853871964321762,active
CHEMBL5170425,COc1cc(Cl)cc2[nH]c(C(=O)N[C@@H](CC(C)C)C(=O)N[C@H](C#N)C[C@@H]3CCCNC3=O)cc12,c1ccc2[nH]c(cc2c1)CNCCNCCC3CNCCC3,regression,strict,train,False,8.040958607678906,active
CHEMBL2316337,CC(C)C[C@H](NC(=O)[C@@H](NC(=O)[C@H](C)NC(=O)OCc1ccccc1)C(C)C)C(=O)N[C@H](C#N)CCC(N)=O,c1ccccc1,regression,strict,train,False,5.337242168318426,intermediate
CHEMBL5174083,C#Cc1ccc2c(ccc3[n+]2C(OC)C[Se]3)c1,[Se]1c2ccc3ccccc3n2CC1,regression,strict,train,False,4.40522084549485,inactive
CHEMBL50894,O=C1Cc2c([nH]c3ccc([N+](=O)[O-])cc23)-c2ccccc2N1,c1ccc2c(c1)[nH]c3-c4ccccc4NCCc23,regression,strict,train,False,5.823908740944319,intermediate
CHEMBL296586,O=C1Cc2c([nH]c3ccc(Br)cc23)-c2ccccc2N1,c1ccc2c(c1)[nH]c3-c4ccccc4NCCc23,regression,strict,test,False,5.823908740944319,intermediate
CHEMBL5173280,C=C1CC[C@H]2[C@@](C)(CCC[C@]2(C)C(=O)O)[C@@H]1C/C=C(\C)[C@@H]1CCc2c(O)c(CC3C(=O)C(C(C)=O)=C(O)C(C)(C)C3O)c(O)c(C(=O)CCC)c2O1,O1c2ccc(cc2CCC1C=CCC3CCCC4CCCCC34)CC5CC=CCC5,regression,strict,train,False,5.183758700008217,intermediate
CHEMBL5171650,C=C1CC[C@H]2[C@@](C)(CCC[C@]2(C)C(=O)O)[C@@H]1C/C=C(\C)[C@H]1CCc2c(O)c(CC3C(=O)C(C(C)=O)=C(O)C(C)(C)C3O)c(O)c(C(=O)CCC)c2O1,O1c2ccc(cc2CCC1C=CCC3CCCC4CCCCC34)CC5CC=CCC5,regression,strict,test,False,5.164309428507575,intermediate
CHEMBL5173495,CCCOc1ccc(-c2cc(OCCN3CCN(Cc4ccccc4)CC3)c3c(OC)cc(OC)cc3n2)cc1,n1c2ccccc2c(OCCN3CCN(Cc4ccccc4)CC3)cc1-c5ccccc5,regression,strict,train,False,4.522878745280337,inactive
CHEMBL4175014,CCCOc1ccc(-c2cc(OCCN3CCc4cc(OC)c(OC)cc4C3)c3c(OC)cc(OC)cc3n2)cc1,n1c2ccccc2c(OCCN3Cc4ccccc4CC3)cc1-c5ccccc5,regression,strict,train,False,4.817870785947002,inactive
CHEMBL5181347,CCCOc1ccc(-c2cc(OCCN3CCCCC3)c3c(OC)ccc(OC)c3n2)cc1,n1c2ccccc2c(OCCN3CCCCC3)cc1-c4ccccc4,regression,strict,train,False,4.803962059265476,inactive
CHEMBL5209332,CCCOc1ccc(-c2cc(OCCN3CCCC3)c3cc(OC)cc(OC)c3n2)cc1,n1c2ccccc2c(OCCN3CCCC3)cc1-c4ccccc4,regression,strict,train,False,4.522878745280337,inactive
CHEMBL1595621,C=CCn1c(S)nnc1CSc1ccccc1[N+](=O)[O-],n1nc([nH]c1)CSc2ccccc2,regression,strict,train,False,5.817300096663957,intermediate
CHEMBL5174530,CC(C)C[C@H](NC(=O)OCc1ccccc1)C(=O)NN(Cc1cc[nH]n1)C(=O)CCl,n1[nH]ccc1CNNCCNCOCc2ccccc2,regression,strict,train,False,7.468521082957745,active
CHEMBL5184792,NC(=O)CCN(NC(=O)[C@H](CC1CCCCC1)NC(=O)OCc1ccccc1)C(=O)CCl,O(CNCCC1CCCCC1)Cc2ccccc2,regression,strict,train,False,8.096910013008056,active
CHEMBL5193596,CC(C)C[C@H](NC(=O)OCc1ccccc1)C(=O)NN(CCC(N)=O)C(=O)CBr,c1ccccc1,regression,strict,train,False,6.267606240177032,active
CHEMBL5176036,CC(C)C[C@H](NC(=O)OCc1ccccc1)C(=O)NN(Cc1c[nH]cn1)C(=O)CCl,n1c[nH]cc1CNNCCNCOCc2ccccc2,regression,strict,train,False,7.060480747381382,active
CHEMBL5173143,CC(C)C[C@H](NC(=O)OCc1ccccc1)C(=O)NN(CC1CCCNC1=O)C(=O)CCl,O(CNCCNNCC1CNCCC1)Cc2ccccc2,regression,strict,train,False,8.301029995663981,active
CHEMBL5184210,CC(C)C[C@H](NC(=O)OCc1ccccc1)C(=O)NN(CC1CCNC1=O)C(=O)CCl,O(CNCCNNCC1CNCC1)Cc2ccccc2,regression,strict,train,False,7.769551078621726,active
CHEMBL5189591,CC(C)C[C@H](NC(=O)OCc1ccccc1)C(=O)NN(CCC(N)=O)C(=O)CCl,c1ccccc1,regression,strict,train,False,7.769551078621726,active
CHEMBL5182294,NC(=O)CCN(NC(=O)[C@H](CC1CCCCC1)NC(=O)OCc1ccccc1)C(=O)CF,O(CNCCC1CCCCC1)Cc2ccccc2,regression,strict,train,False,5.920818753952375,intermediate
CHEMBL5180774,NC(=O)CCN(NC(=O)[C@H](CC1CCCCC1)NC(=O)OCc1ccccc1)C(=O)[C@@H](F)Cl,O(CNCCC1CCCCC1)Cc2ccccc2,regression,strict,train,False,7.275724130399211,active
CHEMBL5169690,NC(=O)CCN(NC(=O)[C@H](CC1CCCCC1)NC(=O)OCc1ccccc1)C(=O)[C@H](F)Cl,O(CNCCC1CCCCC1)Cc2ccccc2,regression,strict,train,False,8.698970004336019,active
CHEMBL5179702,CC(C)C[C@H](NC(=O)c1cc2ccccc2[nH]1)C(=O)NN(CCC(N)=O)C(=O)CCl,c1ccc2[nH]ccc2c1,regression,strict,test,False,8.154901959985743,active
CHEMBL5182106,CC(C)C[C@H](NC(=O)c1cc2ccccc2[nH]1)C(=O)NN(C[C@@H]1CCNC1=O)C(=O)CCl,c1ccc2[nH]c(cc2c1)CNCCNNCC3CNCC3,regression,strict,train,False,8.397940008672037,active
CHEMBL5205478,CC(C)C[C@H](NC(=O)c1cc2ccccc2[nH]1)C(=O)NN(C[C@H]1CCNC1=O)C(=O)CCl,c1ccc2[nH]c(cc2c1)CNCCNNCC3CNCC3,regression,strict,train,False,8.522878745280337,active
CHEMBL5198234,CC(C)C[C@H](NC(=O)c1cc2cnccc2[nH]1)C(=O)NN(CCC(N)=O)C(=O)CCl,n1ccc2[nH]ccc2c1,regression,strict,train,False,7.853871964321762,active
CHEMBL5208244,NC(=O)CCN(NC(=O)[C@H](CC1CCCCC1)NC(=O)c1cc2ccccc2[nH]1)C(=O)CCl,c1ccc2[nH]c(cc2c1)CNCCC3CCCCC3,regression,strict,train,False,8.698970004336019,active
CHEMBL5186059,Cc1cc(C(=O)N[C@@H](CC2CCCCC2)C(=O)NN(CCC(N)=O)C(=O)CCl)no1,n1occc1CNCCC2CCCCC2,regression,strict,train,False,8.397940008672037,active
CHEMBL5204130,O=C(Sc1nncs1)c1cc2ccccc2[nH]1,n1nc(sc1)SCc2cc3ccccc3[nH]2,regression,strict,train,False,6.844663962534939,active
CHEMBL5184334,Cc1nnc(SC(=O)c2cc3ccccc3[nH]2)s1,n1nc(sc1)SCc2cc3ccccc3[nH]2,regression,strict,train,False,6.204815410317576,active
CHEMBL5189565,Cc1nnc(SC(=O)c2cccc3[nH]ccc23)s1,n1nc(sc1)SCc2cccc3[nH]ccc32,regression,strict,train,False,7.221848749616356,active
CHEMBL5173920,Cc1nnc(SC(=O)c2ccc3[nH]ccc3c2)s1,n1nc(sc1)SCc2ccc3[nH]ccc3c2,regression,strict,train,False,7.140861702705469,active
CHEMBL5188939,Cc1nnc(SC(=O)c2ccc3cc[nH]c3c2)s1,n1nc(sc1)SCc2ccc3cc[nH]c3c2,regression,strict,train,False,7.262012673666569,active
CHEMBL5199191,Cc1nnc(SC(=O)c2cccc3cc[nH]c23)s1,n1nc(sc1)SCc2cccc3cc[nH]c32,regression,strict,train,False,6.798602875679548,active
CHEMBL5199531,Cc1nnc(SC(=O)c2cc3ccccc3n2C)s1,n1nc(sc1)SCc2cc3ccccc3[nH]2,regression,strict,train,False,6.45717457304082,active
CHEMBL5204452,CSc1nnc(SC(=O)c2cc3ccccc3[nH]2)s1,n1nc(sc1)SCc2cc3ccccc3[nH]2,regression,strict,train,False,7.039053804266168,active
CHEMBL5204064,COc1nnc(SC(=O)c2cc3ccccc3[nH]2)s1,n1nc(sc1)SCc2cc3ccccc3[nH]2,regression,strict,train,False,6.832682665251824,active
CHEMBL5207613,Cc1nnc(SC(=O)c2cc3ccccc3[nH]2)o1,n1nc(oc1)SCc2cc3ccccc3[nH]2,regression,strict,train,False,5.913640169325252,intermediate
CHEMBL5202104,Cc1nnc(SC(=O)c2cc3ccccc3[nH]2)n1C(=O)c1cc2ccccc2[nH]1,n1nc(SCc2cc3ccccc3[nH]2)n(c1)Cc4cc5ccccc5[nH]4,regression,strict,train,False,6.55129368009492,active
CHEMBL5189863,Cc1nnc(SC(=O)c2cc3ccccc3o2)s1,n1nc(sc1)SCc2oc3ccccc3c2,regression,strict,train,False,6.5003129173815966,active
CHEMBL5174547,Cc1nnc(SC(=O)c2ccc(Br)o2)s1,n1nc(sc1)SCc2occc2,regression,strict,train,False,6.317854923626168,active
CHEMBL4855437,Cc1nnc(SC(=O)c2ccc(-c3ccccc3)o2)s1,n1nc(sc1)SCc2oc(cc2)-c3ccccc3,regression,strict,train,False,7.46344155742847,active
CHEMBL5207392,Cc1nnc(SC(=O)c2ccc(C#Cc3ccccc3)o2)s1,C(#Cc1ccccc1)c2oc(cc2)CSc3nncs3,regression,strict,train,False,6.6020599913279625,active
CHEMBL5192027,Cc1nnc(SC(=O)c2ccc(-c3ccccc3)[nH]2)s1,n1nc(sc1)SCc2ccc([nH]2)-c3ccccc3,regression,strict,train,False,6.628932137728263,active
CHEMBL5191017,Cc1nnc(SC(=O)c2ccc3ccccc3c2)s1,n1nc(sc1)SCc2ccc3ccccc3c2,regression,strict,train,False,6.342944147142896,active
CHEMBL5169323,O=C(Sc1ncccn1)c1cc2ccccc2[nH]1,n1cccnc1SCc2cc3ccccc3[nH]2,regression,strict,train,False,7.950781977329818,active
CHEMBL5207081,Cc1ccnc(SC(=O)c2cc3ccccc3[nH]2)n1,n1cccnc1SCc2cc3ccccc3[nH]2,regression,strict,train,False,7.057495893831919,active
CHEMBL5192248,Cc1cc(C)nc(SC(=O)c2cc3ccccc3[nH]2)n1,n1cccnc1SCc2cc3ccccc3[nH]2,regression,strict,train,False,5.692503962086787,intermediate
CHEMBL5177782,O=C(Sc1ncccn1)c1ccc(-c2ccccc2)o1,n1cccnc1SCc2oc(cc2)-c3ccccc3,regression,strict,train,False,7.742321425130815,active
CHEMBL5169680,Cc1cc(C)nc(SC(=O)c2ccc(C#Cc3ccccc3)o2)n1,C(#Cc1ccccc1)c2oc(cc2)CSc3ncccn3,regression,strict,train,False,6.540607512240769,active
CHEMBL5204680,O=C(Sc1ncccn1)c1cc2ccccc2s1,n1cccnc1SCc2sc3ccccc3c2,regression,strict,train,False,7.809668301829708,active
CHEMBL5186338,O=C(Sc1ncccn1)c1ccc(-c2ccccc2)s1,n1cccnc1SCc2sc(cc2)-c3ccccc3,regression,strict,train,False,7.863279432843593,active
CHEMBL5208709,O=C(Sc1ncccn1)c1ccc(-c2ccc(Br)cc2)s1,n1cccnc1SCc2sc(cc2)-c3ccccc3,regression,strict,test,False,7.841637507904751,active
CHEMBL5184362,O=C(Sc1ncccn1)c1ccc2ccccc2n1,n1cccnc1SCc2nc3ccccc3cc2,regression,strict,train,False,7.686132779630847,active
CHEMBL5178465,COc1ccc2cc([C@H](C)C(=O)Sc3ncccn3)ccc2c1,n1cccnc1SCCc2ccc3ccccc3c2,regression,strict,train,False,6.258848401148215,active
CHEMBL5192654,O=C(Sc1nc2ccccc2s1)c1cc2ccccc2[nH]1,n1c(sc2ccccc12)SCc3cc4ccccc4[nH]3,regression,strict,train,False,6.931814138253839,active
CHEMBL5186708,O=C(Sc1nc2ccccc2s1)c1ccc(-c2ccccc2)o1,n1c(sc2ccccc12)SCc3oc(cc3)-c4ccccc4,regression,strict,train,False,6.779891911959945,active
CHEMBL5194755,O=C(Sc1nc2ccccc2s1)c1ccc(-c2ccc(Br)cc2)o1,n1c(sc2ccccc12)SCc3oc(cc3)-c4ccccc4,regression,strict,test,False,6.5934598195660445,active
CHEMBL5181137,O=C(Sc1nc2ccccc2s1)c1cc2ccccc2s1,n1c(sc2ccccc12)SCc3sc4ccccc4c3,regression,strict,train,False,6.721246399047171,active
CHEMBL5178568,O=C(Sc1nc2ccccc2s1)c1ccc(-c2ccccc2)s1,n1c(sc2ccccc12)SCc3sc(cc3)-c4ccccc4,regression,strict,train,False,6.903089986991944,active
CHEMBL5197891,O=C(Sc1nc2ccccc2s1)c1ccc2ccccc2n1,n1c(sc2ccccc12)SCc3nc4ccccc4cc3,regression,strict,train,False,7.051098239029786,active
CHEMBL490820,O=C(Oc1cncc(Cl)c1)c1cccc2[nH]ccc12,n1cccc(OCc2cccc3[nH]ccc32)c1,regression,strict,train,False,6.531160551142094,active
CHEMBL5205750,O=C(Oc1cncc(Cl)c1)c1cc2cc(Cl)ccc2[nH]1,n1cccc(OCc2cc3ccccc3[nH]2)c1,regression,strict,train,False,7.465973893943865,active
CHEMBL5190583,O=C(NCCN1C(=O)C=CC1=O)c1cc2ccccc2[nH]1,c1ccc2[nH]c(cc2c1)CNCCN3CC=CC3,regression,strict,train,False,5.681936665037238,intermediate
CHEMBL121556,S=C(SSC(=S)N1CCOCC1)N1CCOCC1,O1CCN(CSSCN2CCOCC2)CC1,regression,strict,train,False,5.394694953858891,intermediate
CHEMBL4441971,O=C(/C=C/c1ccccc1)N[C@@H](CC1CCCCC1)C(=O)N[C@@H](C[C@@H]1CCNC1=O)C(=O)C(=O)NCc1ccccc1,c1ccc(cc1)C=CCNC(CNC(CCNCc2ccccc2)CC3CNCC3)CC4CCCCC4,regression,strict,test,False,6.543633966870957,active
CHEMBL5208720,Nc1cccn([C@@H](CC2CC2)C(=O)N[C@@H](C[C@@H]2CCNC2=O)C(=O)C(=O)NCc2ccccc2)c1=O,c1ccc(cc1)CNCCC(NCC(N2C=CC=CC2)CC3CC3)CC4CNCC4,regression,strict,train,False,5.872895201635193,intermediate
CHEMBL5207119,O=C[C@H](C[C@@H]1CCNC1=O)NC(=O)[C@H](CC1CC1)NC(=O)c1cc2ccccc2[nH]1,c1ccc2[nH]c(cc2c1)CNC(CNCCC3CNCC3)CC4CC4,regression,strict,train,False,7.275724130399211,active
CHEMBL5172346,CC(=O)N[C@@H](CCc1nc2ccccc2s1)C(=O)N[C@@H](CN)C(=O)NCC(=O)NC/C=C/C(=O)O,n1csc2ccccc12,regression,strict,test,False,5.0,inactive
CHEMBL5176411,CC(=O)N[C@@H](CCc1ccc(O)cc1)C(=O)N[C@@H](CN)C(=O)NCC(=O)NC/C=C/C(=O)O,c1ccccc1,regression,strict,train,False,5.0,inactive
CHEMBL3922662,O=c1c2ccccc2[se]n1-c1ccccc1O,[Se]1c2ccccc2CN1c3ccccc3,regression,strict,train,False,6.623423042943488,active
CHEMBL3983492,COc1ccccc1-n1[se]c2ccccc2c1=O,[Se]1c2ccccc2CN1c3ccccc3,regression,strict,train,False,6.589503954383926,active
CHEMBL3928799,O=C(Nc1ccccc1O)c1ccccc1[Se][Se]c1ccccc1C(=O)Nc1ccccc1O,[Se]([Se]c1ccccc1CNc2ccccc2)c3ccccc3CNc4ccccc4,regression,strict,train,False,4.765242351921363,inactive
CHEMBL3912164,COc1ccccc1NC(=O)c1ccccc1[Se][Se]c1ccccc1C(=O)Nc1ccccc1OC,[Se]([Se]c1ccccc1CNc2ccccc2)c3ccccc3CNc4ccccc4,regression,strict,test,False,6.582528306796707,active
CHEMBL227075,Cc1cccc2c3c(ccc12)C1=C(C(=O)C3=O)[C@@H](C)CO1,O1C=2c3ccc4ccccc4c3CCC2CC1,regression,strict,train,False,6.229147988357855,active
CHEMBL187266,Cc1coc2c1C(=O)C(=O)c1c-2ccc2c1CCCC2(C)C,o1ccc2c1-c3ccc4c(c3CC2)CCCC4,regression,strict,train,False,5.803823814960027,intermediate
CHEMBL599894,O=C1c2ccccc2-c2nc3nnnn3nc21,n1nc2nc-3c(nn2n1)Cc4ccccc34,regression,strict,train,False,6.585026652029182,active
CHEMBL1397270,Cc1cc2nc3c(=O)[nH]c(=O)nc-3n(C)c2cc1C=O,n1cnc2nc3ccccc3nc2c1,regression,strict,train,False,6.275724130399211,active
CHEMBL290904,Cc1ccc(NC2=CC(=O)c3sc(C)nc3C2=O)cc1,n1csc2c1CC(=CC2)Nc3ccccc3,regression,strict,train,False,6.4089353929735005,active
CHEMBL15192,CC1(C)CCC2=C(O1)c1ccccc1C(=O)C2=O,O1C=2c3ccccc3CCC2CCC1,regression,strict,train,False,6.214670164989233,active
CHEMBL5206079,C[C@H](c1ccccc1Cl)N(C)Cc1cc(O)ccc1Cl,c1ccc(cc1)CNCc2ccccc2,regression,strict,train,False,5.175874166083451,intermediate
CHEMBL5201129,COc1cc(CNC(=O)C2CCN(C(C)c3cccc4ccccc34)CC2)ccn1,n1ccc(cc1)CNCC2CCN(Cc3cccc4ccccc43)CC2,regression,strict,test,False,6.091514981121351,active
CHEMBL551592,CC(=O)Nc1ccc(C)c(C(=O)N[C@H](C)c2cccc3ccccc23)c1,c1ccc(cc1)CNCc2cccc3ccccc32,regression,strict,train,False,4.958607314841775,inactive
CHEMBL486027,COC(=O)c1ccc(O)c(O)c1,c1ccccc1,regression,strict,train,False,5.424812155072339,intermediate
CHEMBL53566,OCCc1ccc(O)cc1,c1ccccc1,regression,strict,train,False,5.175223537524454,intermediate
CHEMBL14193,O=Cc1ccc(O)cc1,c1ccccc1,regression,strict,train,False,5.399027104313252,intermediate
CHEMBL727,Nc1nc2[nH]cnc2c(=S)[nH]1,n1cnc2[nH]cnc2c1,regression,strict,train,False,4.735182176990463,inactive
CHEMBL3407552,O=C1c2ccccc2C(=O)c2oc(-c3ccccc3)nc21,n1c(oc2c1Cc3ccccc3C2)-c4ccccc4,regression,strict,train,False,6.251811972993799,active
CHEMBL2105734,COCC[n+]1c2c(n(Cc3cnccn3)c1C)C(=O)c1ccccc1C2=O.[Br-],n1ccnc(c1)Cn2cnc3c2Cc4ccccc4C3,regression,strict,train,False,5.607303046740334,intermediate
CHEMBL363535,Cc1coc2c1C(=O)C(=O)c1c-2ccc2c(C)cccc12,o1ccc2c1-c3ccc4ccccc4c3CC2,regression,strict,train,False,5.655607726314889,intermediate
CHEMBL1473252,Cc1c(S(=O)(=O)[O-])oc2c1C(=O)C(=O)c1c-2ccc2c1CCCC2(C)C.[Na+],o1ccc2c1-c3ccc4c(c3CC2)CCCC4,regression,strict,test,False,5.782516055786093,intermediate
CHEMBL1200596,Oc1c(Cl)cc(Cl)c2cccnc12,n1cccc2ccccc12,regression,strict,train,False,5.140261433802853,intermediate
CHEMBL454129,CC1(C)OC2=C(C(=O)C(=O)c3ccccc32)C1n1cc(-c2ccccc2)nn1,n1nn(cc1-c2ccccc2)C3C4=C(OC3)c5ccccc5CC4,regression,strict,train,False,5.769551078621726,intermediate
CHEMBL5188555,CN(Cc1cn(C2C3=C(OC2(C)C)c2ccccc2C(=O)C3=O)nn1)C1=CC(=O)c2ccccc2C1=O,n1nn(cc1CNC2=CCc3ccccc3C2)C4C5=C(OC4)c6ccccc6CC5,regression,strict,train,False,5.657577319177793,intermediate
CHEMBL5206451,CN(Cc1cn(C2C3=C(OC2(C)C)c2ccccc2C(=O)C3=O)nn1)C1=C(Br)C(=O)c2ccccc2C1=O,n1nn(cc1CNC2=CCc3ccccc3C2)C4C5=C(OC4)c6ccccc6CC5,regression,strict,test,False,4.461551948289783,inactive
CHEMBL2103763,O=C1c2c(O)cccc2[C@H]([C@@H]2O[C@H](CO)[C@@H](O)[C@H](O)[C@H]2O)c2cc(CO)cc(O)c21,O1CCCCC1C2c3ccccc3Cc4ccccc42,regression,strict,train,False,4.84103473961659,inactive
CHEMBL3617994,O=C1c2c(O)cccc2[C@@H]([C@@H]2O[C@H](CO)[C@@H](O)[C@H](O)[C@H]2O)c2cc(CO)cc(O)c21,O1CCCCC1C2c3ccccc3Cc4ccccc42,regression,strict,test,False,4.774819991822317,inactive
CHEMBL5204399,COC(=O)/C=C/C(=O)NNC(=O)CCc1ccccc1C(=O)N[C@H](C)c1cccc2ccccc12,c1ccc(cc1)CNCc2cccc3ccccc32,regression,strict,train,False,7.026872146400302,active
CHEMBL5182468,COC(=O)/C=C/C(=O)NNC(=O)CCc1ccc(NC(C)=O)cc1C(=O)N[C@H](C)c1cccc2ccccc12,c1ccc(cc1)CNCc2cccc3ccccc32,regression,strict,train,False,6.638272163982407,active
CHEMBL5196343,C#CC(=O)NNC(=O)CCc1ccccc1C(=O)N[C@H](C)c1cccc2ccccc12,c1ccc(cc1)CNCc2cccc3ccccc32,regression,strict,train,False,7.008773924307505,active
CHEMBL5196473,C[C@@H](NC(=O)c1ccccc1CCC(=O)NNC(=O)CCl)c1cccc2ccccc12,c1ccc(cc1)CNCc2cccc3ccccc32,regression,strict,train,False,5.267606240177032,intermediate
CHEMBL5208536,C[C@@H](NC(=O)c1ccccc1CCC(=O)NNC(=O)CC#N)c1cccc2ccccc12,c1ccc(cc1)CNCc2cccc3ccccc32,regression,strict,train,False,5.096910013008056,intermediate
CHEMBL5169739,C[C@@H](NC(=O)c1ccccc1CCC(=O)NNC(=O)/C(C#N)=C/C1CC1)c1cccc2ccccc12,c1ccc2c(c1)cccc2CNCc3ccccc3CCCNNCC=CC4CC4,regression,strict,train,False,3.6989700043360183,inactive
CHEMBL5194538,O=c1c2ccccc2[se]n1-c1ccccc1Br,[Se]1c2ccccc2CN1c3ccccc3,regression,strict,train,False,6.193585977224759,active
CHEMBL5199343,O=c1c2ccccc2[se]n1-c1ncccc1O,n1ccccc1N2[Se]c3ccccc3C2,regression,strict,train,False,6.503381661751523,active
CHEMBL5195364,O=c1c2ccccc2[se]n1-c1ccc([N+](=O)[O-])cc1,[Se]1c2ccccc2CN1c3ccccc3,regression,strict,train,False,6.25945968091219,active
CHEMBL5206009,COc1ccc(-n2[se]c3ccccc3c2=O)c(OC)c1,[Se]1c2ccccc2CN1c3ccccc3,regression,strict,train,False,6.282953932018186,active
CHEMBL5193976,O=c1c2ccccc2[se]n1-c1cc(Cl)ccc1F,[Se]1c2ccccc2CN1c3ccccc3,regression,strict,train,False,6.155423426306433,active
CHEMBL5177233,Cc1ccc(Cl)cc1-n1[se]c2ccccc2c1=O,[Se]1c2ccccc2CN1c3ccccc3,regression,strict,train,False,6.2692944187924855,active
CHEMBL5202141,Cc1c(Cl)cccc1-n1[se]c2ccccc2c1=O,[Se]1c2ccccc2CN1c3ccccc3,regression,strict,train,False,6.181982063099716,active
CHEMBL5180964,C#CC[C@H](NC(=O)/C=C/c1ccccc1)C(=O)N[C@H](C=O)C[C@@H]1CCNC1=O,c1ccc(cc1)C=CCNCCNCCC2CNCC2,regression,strict,train,False,5.410664874215857,intermediate
CHEMBL5195478,CC(C)C[C@H](NC(=O)/C=C/c1ccccc1)C(=O)N[C@H](C=O)C[C@@H]1CCNC1=O,c1ccc(cc1)C=CCNCCNCCC2CNCC2,regression,strict,train,False,6.42712839779952,active
CHEMBL5200040,CCCC[C@H](NC(=O)/C=C/c1ccccc1)C(=O)N[C@H](C=O)C[C@@H]1CCNC1=O,c1ccc(cc1)C=CCNCCNCCC2CNCC2,regression,strict,train,False,6.428291168191312,active
CHEMBL5207566,CCCC[C@H](NC(=O)/C=C/c1ccccc1)C(=O)N[C@H](C=O)C[C@@H]1CCCNC1=O,c1ccc(cc1)C=CCNCCNCCC2CNCCC2,regression,strict,train,False,6.557520230935552,active
CHEMBL5203574,CC(C)C[C@H](NC(=O)[C@@H](NC(=O)c1ccc2ccccc2c1)C(C)C)C(=O)N[C@H](C=O)C[C@@H]1CCCNC1=O,c1ccc2cc(ccc2c1)CNCCNCCNCCC3CNCCC3,regression,strict,train,False,6.567030709125595,active
CHEMBL5205787,CC(C)C[C@H](NC(=O)[C@@H](NC(=O)c1ccc([N+](=O)[O-])cc1)C(C)C)C(=O)N[C@H](C=O)C[C@@H]1CCCNC1=O,c1ccc(cc1)CNCCNCCNCCC2CNCCC2,regression,strict,train,False,6.679853713888946,active
CHEMBL3885329,CC(C)C[C@H](NC(=O)/C=C/c1ccccc1)C(=O)N[C@H](C=O)C[C@@H]1CCCNC1=O,c1ccc(cc1)C=CCNCCNCCC2CNCCC2,regression,strict,train,False,6.493494967595128,active
CHEMBL5199094,O=C[C@H](C[C@@H]1CCCNC1=O)NC(=O)[C@H](CC1CC1)NC(=O)/C=C/c1ccccc1,c1ccc(cc1)C=CCNC(CNCCC2CNCCC2)CC3CC3,regression,strict,train,False,6.525783735923745,active
CHEMBL5174138,CC(C)C[C@H](NC(=O)[C@H](CC1CCCCC1)NC(=O)/C=C/c1ccccc1)C(=O)N[C@H](C=O)C[C@@H]1CCCNC1=O,c1ccc(cc1)C=CCNC(CNCCNCCC2CNCCC2)CC3CCCCC3,regression,strict,train,False,5.824778199656947,intermediate
CHEMBL5203407,C[C@H](NC(=O)/C=C/c1ccccc1)C(=O)N[C@H](C=O)C[C@@H]1CCCNC1=O,c1ccc(cc1)C=CCNCCNCCC2CNCCC2,regression,strict,train,False,4.909389292171594,inactive
CHEMBL3884779,CC(C)[C@H](NC(=O)/C=C/c1ccccc1)C(=O)N[C@H](C=O)C[C@@H]1CCCNC1=O,c1ccc(cc1)C=CCNCCNCCC2CNCCC2,regression,strict,train,False,5.159392120990709,intermediate
CHEMBL5182830,CC(C)(C)[C@H](NC(=O)/C=C/c1ccccc1)C(=O)N[C@H](C=O)C[C@@H]1CCCNC1=O,c1ccc(cc1)C=CCNCCNCCC2CNCCC2,regression,strict,train,False,5.463946844840796,intermediate
CHEMBL5186446,O=C[C@H](C[C@@H]1CCCNC1=O)NC(=O)[C@@H](NC(=O)/C=C/c1ccccc1)c1ccccc1,c1ccc(cc1)C=CCNC(c2ccccc2)CNCCC3CNCCC3,regression,strict,train,False,5.689519108537325,intermediate
CHEMBL5207769,C=CC[C@H](NC(=O)/C=C/c1ccccc1)C(=O)N[C@H](C=O)C[C@@H]1CCCNC1=O,c1ccc(cc1)C=CCNCCNCCC2CNCCC2,regression,strict,train,False,5.873543886568196,intermediate
CHEMBL5173857,C#CC[C@H](NC(=O)/C=C/c1ccccc1)C(=O)N[C@H](C=O)C[C@@H]1CCCNC1=O,c1ccc(cc1)C=CCNCCNCCC2CNCCC2,regression,strict,train,False,5.484788695672198,intermediate
CHEMBL5172144,CCC[C@H](NC(=O)/C=C/c1ccccc1)C(=O)N[C@@H](CC(C)C)C(=O)N[C@H](C=O)C[C@@H]1CCCNC1=O,c1ccc(cc1)C=CCNCCNCCNCCC2CNCCC2,regression,strict,test,False,6.265200170411153,active
CHEMBL5190907,CC[C@H](C)[C@H](NC(=O)/C=C/c1ccccc1)C(=O)N[C@@H](CC(C)C)C(=O)N[C@H](C=O)C[C@@H]1CCCNC1=O,c1ccc(cc1)C=CCNCCNCCNCCC2CNCCC2,regression,strict,test,False,6.447331783887806,active
CHEMBL5183017,CC(C)C[C@H](NC(=O)[C@@H](NC(=O)/C=C/c1ccccc1)C(C)C)C(=O)N[C@H](C=O)C[C@@H]1CCCNC1=O,c1ccc(cc1)C=CCNCCNCCNCCC2CNCCC2,regression,strict,test,False,6.55129368009492,active
CHEMBL5176330,Cc1ccc(/C=C/C(=O)N[C@H](C(=O)N[C@@H](CC(C)C)C(=O)N[C@H](C=O)C[C@@H]2CCCNC2=O)C(C)C)cc1,c1ccc(cc1)C=CCNCCNCCNCCC2CNCCC2,regression,strict,test,False,6.707743928643524,active
CHEMBL5189974,CC(C)C[C@H](NC(=O)[C@@H](NC(=O)/C=C/c1ccc(C(C)C)cc1)C(C)C)C(=O)N[C@H](C=O)C[C@@H]1CCCNC1=O,c1ccc(cc1)C=CCNCCNCCNCCC2CNCCC2,regression,strict,test,False,6.638272163982407,active
CHEMBL5179730,CC(C)C[C@H](NC(=O)[C@@H](NC(=O)/C=C/c1ccc(-c2ccccc2)cc1)C(C)C)C(=O)N[C@H](C=O)C[C@@H]1CCCNC1=O,c1ccc(cc1)-c2ccc(cc2)C=CCNCCNCCNCCC3CNCCC3,regression,strict,train,False,6.530177984021837,active
CHEMBL5207843,COc1ccc(/C=C/C(=O)N[C@H](C(=O)N[C@@H](CC(C)C)C(=O)N[C@H](C=O)C[C@@H]2CCCNC2=O)C(C)C)cc1,c1ccc(cc1)C=CCNCCNCCNCCC2CNCCC2,regression,strict,test,False,6.603800652904264,active
CHEMBL5189874,CC(C)C[C@H](NC(=O)[C@@H](NC(=O)/C=C/c1ccc(N(C)C)cc1)C(C)C)C(=O)N[C@H](C=O)C[C@@H]1CCCNC1=O,c1ccc(cc1)C=CCNCCNCCNCCC2CNCCC2,regression,strict,test,False,6.22767829327708,active
CHEMBL5201697,CC(C)C[C@H](NC(=O)[C@@H](NC(=O)/C=C/c1ccc(F)cc1)C(C)C)C(=O)N[C@H](C=O)C[C@@H]1CCCNC1=O,c1ccc(cc1)C=CCNCCNCCNCCC2CNCCC2,regression,strict,test,False,6.512861624522813,active
CHEMBL5197113,CC(C)C[C@H](NC(=O)[C@@H](NC(=O)/C=C/c1ccccc1F)C(C)C)C(=O)N[C@H](C=O)C[C@@H]1CCCNC1=O,c1ccc(cc1)C=CCNCCNCCNCCC2CNCCC2,regression,strict,test,False,6.761953896871205,active
CHEMBL5198279,CC(C)C[C@H](NC(=O)[C@@H](NC(=O)/C=C/c1cccc(F)c1)C(C)C)C(=O)N[C@H](C=O)C[C@@H]1CCCNC1=O,c1ccc(cc1)C=CCNCCNCCNCCC2CNCCC2,regression,strict,test,False,6.5934598195660445,active
CHEMBL5169416,CC(C)C[C@H](NC(=O)[C@@H](NC(=O)c1cc2ccccc2[nH]1)C(C)C)C(=O)N[C@H](C=O)C[C@@H]1CCCNC1=O,c1ccc2[nH]c(cc2c1)CNCCNCCNCCC3CNCCC3,regression,strict,train,False,6.530177984021837,active
CHEMBL5192541,CC(C)C[C@H](NC(=O)[C@@H](NC(=O)c1ccc2cc[nH]c2c1)C(C)C)C(=O)N[C@H](C=O)C[C@@H]1CCCNC1=O,c1cc2ccc(cc2[nH]1)CNCCNCCNCCC3CNCCC3,regression,strict,train,False,6.655607726314889,active
CHEMBL5182229,CC(C)C[C@H](NC(=O)[C@@H](NC(=O)CCc1ccccc1)C(C)C)C(=O)N[C@H](C=O)C[C@@H]1CCCNC1=O,c1ccc(cc1)CCCNCCNCCNCCC2CNCCC2,regression,strict,train,False,6.701146923590294,active
CHEMBL5191197,CC(C)C[C@H](NC(=O)[C@@H](NC(=O)c1ccccc1)C(C)C)C(=O)N[C@H](C=O)C[C@@H]1CCCNC1=O,c1ccc(cc1)CNCCNCCNCCC2CNCCC2,regression,strict,train,False,6.590066876668706,active
CHEMBL5191663,CC(C)C[C@H](NC(=O)[C@@H](NC(=O)c1ccc(-c2ccccc2)cc1)C(C)C)C(=O)N[C@H](C=O)C[C@@H]1CCCNC1=O,c1ccc(cc1)-c2ccc(cc2)CNCCNCCNCCC3CNCCC3,regression,strict,train,False,6.393618634889395,active
CHEMBL5179310,CC(C)C[C@H](NC(=O)[C@@H](NC(=O)C1CCCCC1)C(C)C)C(=O)N[C@H](C=O)C[C@@H]1CCCNC1=O,N(CCNCCC1CNCCC1)CCNCC2CCCCC2,regression,strict,train,False,5.851089006890644,intermediate
CHEMBL5175884,CC(C)C[C@H](NC(=O)[C@@H](NC(=O)c1ccco1)C(C)C)C(=O)N[C@H](C=O)C[C@@H]1CCCNC1=O,o1cccc1CNCCNCCNCCC2CNCCC2,regression,strict,train,False,6.6307841425898575,active
CHEMBL5199219,CC(C)C[C@H](NC(=O)[C@@H](NC(=O)c1ccoc1)C(C)C)C(=O)N[C@H](C=O)C[C@@H]1CCCNC1=O,o1ccc(c1)CNCCNCCNCCC2CNCCC2,regression,strict,train,False,6.761953896871205,active
CHEMBL5185152,CC(C)C[C@H](NC(=O)[C@@H](NC(=O)c1ccc[nH]1)C(C)C)C(=O)N[C@H](C=O)C[C@@H]1CCCNC1=O,c1c[nH]c(c1)CNCCNCCNCCC2CNCCC2,regression,strict,train,False,6.764471553092451,active
CHEMBL5206326,CC(C)C[C@H](NC(=O)[C@@H](NC(=O)c1ccncc1)C(C)C)C(=O)N[C@H](C=O)C[C@@H]1CCCNC1=O,n1ccc(cc1)CNCCNCCNCCC2CNCCC2,regression,strict,train,False,6.815308569182402,active
CHEMBL5179883,CC(C)C[C@H](NC(=O)[C@@H](NC(=O)c1cccnc1)C(C)C)C(=O)N[C@H](C=O)C[C@@H]1CCCNC1=O,n1cccc(c1)CNCCNCCNCCC2CNCCC2,regression,strict,train,False,6.1938200260161125,active
CHEMBL5197105,CC(C)C[C@H](NC(=O)[C@@H](NC(=O)c1ccccn1)C(C)C)C(=O)N[C@H](C=O)C[C@@H]1CCCNC1=O,n1ccccc1CNCCNCCNCCC2CNCCC2,regression,strict,train,False,6.247951552180561,active
CHEMBL5189683,CC(C)C[C@H](NC(=O)[C@@H](NC(=O)c1ccc(F)cc1)C(C)C)C(=O)N[C@H](C=O)C[C@@H]1CCCNC1=O,c1ccc(cc1)CNCCNCCNCCC2CNCCC2,regression,strict,train,False,6.705533773838407,active
CHEMBL5192273,CC(C)C[C@H](NC(=O)[C@@H](NC(=O)c1ccc(Cl)cc1)C(C)C)C(=O)N[C@H](C=O)C[C@@H]1CCCNC1=O,c1ccc(cc1)CNCCNCCNCCC2CNCCC2,regression,strict,train,False,6.841637507904751,active
CHEMBL5182755,CC(C)C[C@H](NC(=O)[C@@H](NC(=O)c1ccc(C(F)(F)F)cc1)C(C)C)C(=O)N[C@H](C=O)C[C@@H]1CCCNC1=O,c1ccc(cc1)CNCCNCCNCCC2CNCCC2,regression,strict,train,False,5.8458804744841535,intermediate
CHEMBL5173399,CC(C)C[C@H](NC(=O)[C@@H](NC(=O)C1CCOCC1)C(C)C)C(=O)N[C@H](C=O)C[C@@H]1CCCNC1=O,O1CCC(CNCCNCCNCCC2CNCCC2)CC1,regression,strict,train,False,6.54515513999149,active
CHEMBL1997422,Nc1nonc1-c1nc2ccccc2n1CC(=O)N/N=C/c1ccc(-c2cccc(C(=O)O)c2)o1,n1onc(c1)-c2nc3ccccc3n2CCNN=Cc4oc(cc4)-c5ccccc5,regression,strict,train,False,4.672028376376989,inactive
CHEMBL5199064,Cc1cc([N+](=O)[O-])c(-c2ccc(/C=N/NC(=O)c3nonc3N)o2)cc1Cl,n1onc(c1)CNN=Cc2oc(cc2)-c3ccccc3,regression,strict,train,False,4.601712694642599,inactive
CHEMBL5170994,Cc1cc(-c2ccc(/C=N/NC(=O)Cn3nnnc3N)o2)c([N+](=O)[O-])cc1C,n1ncn(n1)CCNN=Cc2oc(cc2)-c3ccccc3,regression,strict,train,False,4.756961951313706,inactive
CHEMBL5175377,Cc1c(NC(=S)N/N=C/c2ccc(-c3ccc([N+](=O)[O-])cc3)o2)c(=O)n(-c2ccccc2)n1C,N(=Cc1oc(cc1)-c2ccccc2)NCNC3=CNN(c4ccccc4)C3,regression,strict,train,False,4.96818772866963,inactive
CHEMBL1992382,NC(=S)N/N=C/c1ccc(-c2cccc([N+](=O)[O-])c2)o1,o1cccc1-c2ccccc2,regression,strict,train,False,5.092588639225414,intermediate
CHEMBL1994837,NC(=S)N/N=C/c1ccc(-c2ccc([N+](=O)[O-])cc2)o1,o1cccc1-c2ccccc2,regression,strict,train,False,5.013676222949234,intermediate
CHEMBL5206721,NC(=S)N/N=C/c1ccc(-c2cccc(C(=O)O)c2)o1,o1cccc1-c2ccccc2,regression,strict,train,False,4.963371104637839,inactive
CHEMBL5186313,NC(=S)N/N=C/c1ccc(-c2ccc(C(=O)O)cc2)o1,o1cccc1-c2ccccc2,regression,strict,train,False,4.756218083906205,inactive
CHEMBL5203288,NC(=S)N/N=C/c1ccc(-c2ccc(O)c(C(=O)O)c2)o1,o1cccc1-c2ccccc2,regression,strict,train,False,5.041436116778033,intermediate
CHEMBL5203660,N#Cc1cc(-c2ccc(/C=N/NC(N)=S)o2)ccc1O,o1cccc1-c2ccccc2,regression,strict,train,False,5.382999658879101,intermediate
CHEMBL5193704,COc1ccc(-c2ccc(/C=N/NC(N)=S)o2)cc1OC,o1cccc1-c2ccccc2,regression,strict,train,False,5.235823867609669,intermediate
CHEMBL5187551,NC(=S)N/N=C/c1ccc(-c2ccncc2)o1,n1ccc(cc1)-c2occc2,regression,strict,train,False,5.149353764816933,intermediate
CHEMBL5180925,NC(=S)N/N=C/c1ccc(-c2ccc(F)nc2)o1,n1cccc(c1)-c2occc2,regression,strict,train,False,5.057495893831919,intermediate
CHEMBL5195265,NC(=S)N/N=C/c1ccc(-c2ccc3cccnc3c2)o1,n1cccc2ccc(cc12)-c3occc3,regression,strict,train,False,4.982966660701219,inactive
CHEMBL5180049,NC(=S)N/N=C/c1ccc(-c2cnc3ccccc3c2)o1,n1cc(cc2ccccc12)-c3occc3,regression,strict,train,False,4.987162775294828,inactive
CHEMBL5198323,NC(=S)N/N=C/c1ccc(Cc2ccccc2)o1,o1cccc1Cc2ccccc2,regression,strict,train,False,5.809668301829708,intermediate
CHEMBL5181942,NC(=O)c1ccc(-c2ccc(/C=N/NC(N)=S)o2)cc1,o1cccc1-c2ccccc2,regression,strict,train,False,5.3979400086720375,intermediate
CHEMBL5198114,NC(=S)N/N=C/c1ccc(-c2ccc(S(N)(=O)=O)cc2)o1,o1cccc1-c2ccccc2,regression,strict,train,False,5.268411234813262,intermediate
CHEMBL1965444,NC(=S)N/N=C/c1ccc(-c2ccccc2)o1,o1cccc1-c2ccccc2,regression,strict,train,False,5.392544976785332,intermediate
CHEMBL5181310,NC(=S)N/N=C/c1ccc(-c2ccc(C(=O)O)cc2F)o1,o1cccc1-c2ccccc2,regression,strict,train,False,5.089375595110798,intermediate
CHEMBL5174417,Cc1cc(C(=O)O)ccc1-c1ccc(/C=N/NC(N)=S)o1,o1cccc1-c2ccccc2,regression,strict,train,False,5.328827157284917,intermediate
CHEMBL5195352,NC(=S)N/N=C/c1ccc(-c2ccc(C(=O)O)c(O)c2)o1,o1cccc1-c2ccccc2,regression,strict,train,False,4.975268110344751,inactive
CHEMBL5187397,NC(=S)N/N=C/c1ccc(-c2ccc(C(=O)O)c(Cl)c2)o1,o1cccc1-c2ccccc2,regression,strict,train,False,4.487715936718146,inactive
CHEMBL5172901,NC(=S)N/N=C/c1ccc(-c2cccc(C(=O)O)c2Cl)o1,o1cccc1-c2ccccc2,regression,strict,train,False,4.391580948682715,inactive
CHEMBL5174488,NC(=S)N/N=C/c1ccc(-c2ccc(Cl)c(C(=O)O)c2)o1,o1cccc1-c2ccccc2,regression,strict,train,False,4.595337299126277,inactive
CHEMBL5171994,NC(=S)N/N=C/c1ccc(-c2cc(C(=O)O)ccc2Cl)o1,o1cccc1-c2ccccc2,regression,strict,train,False,5.0,inactive
CHEMBL5202218,NC(=S)N/N=C/c1cc(-c2ccc(C(=O)O)cc2)co1,o1ccc(c1)-c2ccccc2,regression,strict,train,False,4.60977163753087,inactive
CHEMBL5171422,NC(=S)N/N=C/c1ccc(-c2ccc(C(=O)O)cc2)s1,s1cccc1-c2ccccc2,regression,strict,test,False,5.238072161579471,intermediate
CHEMBL5197257,NC(=S)N/N=C/c1cccc(-c2ccc(C(=O)O)cc2)c1,c1ccc(cc1)-c2ccccc2,regression,strict,test,False,5.26440110030182,intermediate
CHEMBL5196018,CC(C)(C)OC(=O)Nc1cccn(C(=O)N[C@@H](CC2CC2)C(=O)N[C@@H](C[C@@H]2CCNC2=O)C(=O)C(=O)NCc2ccccc2)c1=O,c1ccc(cc1)CNCCC(NCC(NCN2C=CC=CC2)CC3CC3)CC4CNCC4,regression,strict,train,False,6.173925197299173,active
CHEMBL5195325,CC1(C)[C@@H]2[C@@H](C(=O)N[C@H](C=O)C[C@@H]3CCNC3=O)N(C(=O)COc3ccc(OC(F)(F)F)cc3)C[C@@H]21,O(c1ccccc1)CCN2CC3CC3C2CNCCC4CNCC4,regression,strict,train,False,7.662208073444589,active
CHEMBL1908391,Cc1ccc(NC(=O)c2ccc(CN3CCN(C)CC3)cc2)cc1Nc1nc(-c2cccnc2)cs1,n1cccc(c1)-c2nc(sc2)Nc3cccc(c3)NCc4ccc(cc4)CN5CCNCC5,regression,strict,train,False,5.6020599913279625,intermediate
CHEMBL5199404,CC(C)(C)[C@H](NC(=O)C(F)(F)F)C(=O)N1C[C@H]2[C@@H]([C@H]1C(=O)NCCC1CCNC1=O)C2(C)C,N1CCC(C1)CCNCC2NCC3CC23,regression,strict,train,False,4.0,inactive
CHEMBL5173582,CC(C)(C)[C@H](NC(=O)C(F)(F)F)C(=O)N1C[C@H]2[C@@H]([C@H]1C(=O)N[C@H](C=O)C[C@@H]1CCNC1=O)C2(C)C,N1CCC(C1)CCNCC2NCC3CC23,regression,strict,train,False,6.823908740944319,active
CHEMBL5207993,CC(C)(C)[C@H](NC(=O)C(F)(F)F)C(=O)N1C[C@H]2[C@@H]([C@H]1C(=O)N[C@H](CO)C[C@@H]1CCNC1=O)C2(C)C,N1CCC(C1)CCNCC2NCC3CC23,regression,strict,train,False,4.0,inactive
CHEMBL5178853,CC(C)(C)[C@H](NC(=O)C(F)(F)F)C(=O)N1C[C@H]2[C@@H]([C@H]1C(=O)N[C@@H](C[C@@H]1CCNC1=O)C(N)=O)C2(C)C,N1CCC(C1)CCNCC2NCC3CC23,regression,strict,train,False,4.045757490560675,inactive
CHEMBL5182995,CC(C)(C)[C@H](NC(=O)C(F)(F)F)C(=O)N1C[C@H]2[C@@H]([C@H]1C(=O)N[C@@H](C[C@@H]1CCNC1=O)C(=O)CO)C2(C)C,N1CCC(C1)CCNCC2NCC3CC23,regression,strict,train,False,8.096910013008056,active
CHEMBL5208243,COC(=O)[C@H](C[C@@H]1CCNC1=O)NC(=O)[C@@H]1[C@@H]2[C@H](CN1C(=O)[C@@H](NC(=O)C(F)(F)F)C(C)(C)C)C2(C)C,N1CCC(C1)CCNCC2NCC3CC23,regression,strict,train,False,4.0,inactive
CHEMBL5173858,CCOC(=O)C=C[C@H](C[C@@H]1CCNC1=O)NC(=O)[C@@H]1[C@@H]2[C@H](CN1C(=O)[C@@H](NC(=O)C(F)(F)F)C(C)(C)C)C2(C)C,N1CCC(C1)CCNCC2NCC3CC23,regression,strict,train,False,7.356547323513812,active
CHEMBL5183165,CC(C)(C)[C@H](NC(=O)C(F)(F)F)C(=O)N1C[C@H]2[C@@H]([C@H]1C(=O)N[C@@H](C[C@@H]1CCNC1=O)C(=O)C(=O)NC1CC1)C2(C)C,N1CCC(C1)CC(NCC2NCC3CC23)CCNC4CC4,regression,strict,test,False,7.721246399047171,active
CHEMBL5174632,CC(C)(C)[C@H](NC(=O)C(F)(F)F)C(=O)N1C[C@H]2[C@@H]([C@H]1C(=O)N[C@@H](C[C@@H]1CCNC1=O)C(=O)COCc1ccccc1)C2(C)C,O(Cc1ccccc1)CCC(NCC2NCC3CC23)CC4CNCC4,regression,strict,train,False,7.568636235841013,active
CHEMBL5185801,CC(C)(C)[C@H](NC(=O)C(F)(F)F)C(=O)N1C[C@H]2[C@@H]([C@H]1C(=O)N[C@@H](C[C@@H]1CCNC1=O)C(=O)c1nc3ccccc3s1)C2(C)C,n1c(sc2ccccc12)CC(NCC3NCC4CC34)CC5CNCC5,regression,strict,train,False,7.568636235841013,active
CHEMBL517080,CC1=C(CO)C(=O)O[C@@H]([C@@H](C)[C@H]2CC[C@H]3[C@@H]4C[C@H]5O[C@]56[C@@H](O)C=CC(=O)[C@]6(C)[C@H]4CC[C@]23C)C1,O1CC=CCC1CC2CCC3C2CCC4C3CC5OC65CC=CCC46,regression,strict,train,False,6.232844133917819,active
CHEMBL516703,CC1=C(C)C(=O)O[C@@H]([C@@H](C)[C@@]2(O)CC[C@H]3[C@@H]4[C@@H]5O[C@@H]5[C@@]5(O)CC=CC(=O)[C@]5(C)[C@H]4CC[C@@]32C)C1,O1CC=CCC1CC2CCC3C2CCC4C5CC=CCC5C6OC6C43,regression,strict,train,False,5.7447274948966935,intermediate
CHEMBL5198897,O=C(Cn1sc2cc(F)ccc2c1=O)Nc1cc(Cl)cc(Cl)c1,S1c2ccccc2[CH]N1CCNc3ccccc3,regression,strict,train,False,6.721246399047171,active
CHEMBL1703831,O=C(Cn1sc2cc(F)ccc2c1=O)Nc1ccccc1,S1c2ccccc2[CH]N1CCNc3ccccc3,regression,strict,train,False,5.482144581069972,intermediate
CHEMBL5176190,O=C(Cn1sc2cc(F)ccc2c1=O)NC1CCCCC1,S1c2ccccc2[CH]N1CCNC3CCCCC3,regression,strict,train,False,5.394694953858891,intermediate
CHEMBL5172482,O=C(Cn1sc2cc(F)ccc2c1=O)NC1CCCC1,S1c2ccccc2[CH]N1CCNC3CCCC3,regression,strict,train,False,6.3979400086720375,active
CHEMBL5207227,CCNC(=O)Cn1sc2cc(F)ccc2c1=O,n1sc2ccccc2c1,regression,strict,train,False,6.42021640338319,active
CHEMBL5188739,O=C(Cn1sc2cc(F)ccc2c1=O)Nc1ccccc1Cl,S1c2ccccc2[CH]N1CCNc3ccccc3,regression,strict,train,False,6.721246399047171,active
CHEMBL5176486,O=C(Cn1sc2cc(F)ccc2c1=O)Nc1cccc(Cl)c1,S1c2ccccc2[CH]N1CCNc3ccccc3,regression,strict,train,False,6.853871964321762,active
CHEMBL5178149,O=C(Cn1sc2cc(F)ccc2c1=O)Nc1ccc(Cl)cc1,S1c2ccccc2[CH]N1CCNc3ccccc3,regression,strict,train,False,6.823908740944319,active
CHEMBL5170578,COc1ccccc1NC(=O)Cn1sc2cc(F)ccc2c1=O,S1c2ccccc2[CH]N1CCNc3ccccc3,regression,strict,train,False,6.7447274948966935,active
CHEMBL5201817,COc1cccc(NC(=O)Cn2sc3cc(F)ccc3c2=O)c1,S1c2ccccc2[CH]N1CCNc3ccccc3,regression,strict,train,False,6.823908740944319,active
CHEMBL5177648,COc1ccc(NC(=O)Cn2sc3cc(F)ccc3c2=O)cc1,S1c2ccccc2[CH]N1CCNc3ccccc3,regression,strict,train,False,6.522878745280337,active
CHEMBL5200414,COc1cc(NC(=O)Cn2sc3cc(F)ccc3c2=O)cc(OC)c1,S1c2ccccc2[CH]N1CCNc3ccccc3,regression,strict,train,False,6.920818753952375,active
CHEMBL5175672,CC(C)(C)c1ccc(NC(=O)Cn2sc3cc(F)ccc3c2=O)cc1,S1c2ccccc2[CH]N1CCNc3ccccc3,regression,strict,train,False,6.508638306165727,active
CHEMBL5177146,O=C(Cn1sc2cc(F)ccc2c1=O)Nc1ccccc1C(F)(F)F,S1c2ccccc2[CH]N1CCNc3ccccc3,regression,strict,train,False,6.4752145506787775,active
CHEMBL5204604,O=C(Cn1sc2cc(F)ccc2c1=O)Nc1cccc(C(F)(F)F)c1,S1c2ccccc2[CH]N1CCNc3ccccc3,regression,strict,train,False,6.6020599913279625,active
CHEMBL5191265,O=C(Cn1sc2cc(F)ccc2c1=O)Nc1ccc(C(F)(F)F)cc1,S1c2ccccc2[CH]N1CCNc3ccccc3,regression,strict,train,False,6.6777807052660805,active
CHEMBL1532997,O=c1[nH]sc2cc(F)ccc12,n1sc2ccccc2c1,regression,strict,train,False,5.639595945270061,intermediate
CHEMBL5183334,CC(C)(C)OC(=O)Cn1sc2cc(F)ccc2c1=O,n1sc2ccccc2c1,regression,strict,train,False,6.657182685364267,active
CHEMBL5170392,O=C(O)Cn1sc2cc(F)ccc2c1=O,n1sc2ccccc2c1,regression,strict,train,False,5.803740889494624,intermediate
CHEMBL5173090,O=C(Cn1sc2cc(F)ccc2c1=O)NCc1ccccc1,S1c2ccccc2[CH]N1CCNCc3ccccc3,regression,strict,train,False,6.638272163982407,active
CHEMBL5204705,O=C(Cn1sc2cc(F)ccc2c1=O)NCCc1ccccc1,S1c2ccccc2[CH]N1CCNCCc3ccccc3,regression,strict,train,False,6.410832609453952,active
CHEMBL5190812,O=C(Nc1ccccc1)n1sc2cc(F)ccc2c1=O,S1c2ccccc2[CH]N1CNc3ccccc3,regression,strict,train,False,5.097453220686009,intermediate
CHEMBL5198660,CC(=O)NCn1sc2cc(F)ccc2c1=O,n1sc2ccccc2c1,regression,strict,train,False,6.596879478824183,active
CHEMBL5198161,O=c1c2ccc(F)cc2sn1CCCc1ccccc1,S1c2ccccc2[CH]N1CCCc3ccccc3,regression,strict,train,False,6.267686672528757,active
CHEMBL1709906,O=C(Cn1sc2ccccc2c1=O)Nc1ccccc1,S1c2ccccc2[CH]N1CCNc3ccccc3,regression,strict,train,False,6.781989957015637,active
CHEMBL5189273,O=C(Cn1sc2cccc(F)c2c1=O)Nc1ccccc1,S1c2ccccc2[CH]N1CCNc3ccccc3,regression,strict,train,False,6.932557157223619,active
CHEMBL5182841,O=C(Cn1sc2ccc(F)cc2c1=O)Nc1ccccc1,S1c2ccccc2[CH]N1CCNc3ccccc3,regression,strict,train,False,6.542572307053516,active
CHEMBL5201634,O=C(Cn1sc2c(F)cccc2c1=O)Nc1ccccc1,S1c2ccccc2[CH]N1CCNc3ccccc3,regression,strict,train,False,6.484126156288321,active
CHEMBL5199130,COc1cccc2sn(CC(=O)Nc3ccccc3)c(=O)c12,S1c2ccccc2[CH]N1CCNc3ccccc3,regression,strict,train,False,6.4769041617474326,active
CHEMBL5186395,COc1ccc2sn(CC(=O)Nc3ccccc3)c(=O)c2c1,S1c2ccccc2[CH]N1CCNc3ccccc3,regression,strict,train,False,6.815024809301739,active
CHEMBL5188666,COc1ccc2c(=O)n(CC(=O)Nc3ccccc3)sc2c1,S1c2ccccc2[CH]N1CCNc3ccccc3,regression,strict,train,False,6.542723813938674,active
CHEMBL5182008,O=C(Cn1sc2cccc(C(F)(F)F)c2c1=O)Nc1ccccc1,S1c2ccccc2[CH]N1CCNc3ccccc3,regression,strict,train,False,6.649364391741045,active
CHEMBL5187129,O=C(Cn1sc2ccc(C(F)(F)F)cc2c1=O)Nc1ccccc1,S1c2ccccc2[CH]N1CCNc3ccccc3,regression,strict,train,False,6.405939098729582,active
CHEMBL5191848,O=C(Cn1sc2cc(C(F)(F)F)ccc2c1=O)Nc1ccccc1,S1c2ccccc2[CH]N1CCNc3ccccc3,regression,strict,train,False,6.2806521372073405,active
CHEMBL5177329,Nc1cccc2sn(CC(=O)Nc3ccccc3)c(=O)c12,S1c2ccccc2[CH]N1CCNc3ccccc3,regression,strict,train,False,5.752763450493236,intermediate
CHEMBL5175153,Nc1ccc2sn(CC(=O)Nc3ccccc3)c(=O)c2c1,S1c2ccccc2[CH]N1CCNc3ccccc3,regression,strict,train,False,6.380906669373257,active
CHEMBL5191706,Nc1ccc2c(=O)n(CC(=O)Nc3ccccc3)sc2c1,S1c2ccccc2[CH]N1CCNc3ccccc3,regression,strict,train,False,6.353498249968388,active
CHEMBL5187806,Nc1cccc2c(=O)n(CC(=O)Nc3ccccc3)sc12,S1c2ccccc2[CH]N1CCNc3ccccc3,regression,strict,train,False,4.95951633579373,inactive
CHEMBL5179454,O=c1c2ccccc2sn1Cc1ccco1,o1cccc1CN2Sc3ccccc3[CH]2,regression,strict,train,False,6.688246138944246,active
CHEMBL33778,CCCCCCCCCCCCCCCc1cccc(O)c1C(=O)O,c1ccccc1,regression,strict,train,False,5.167491087293763,intermediate
CHEMBL1241028,O=C1CC(=O)c2c(Cl)c(Cl)c(Cl)c(Cl)c21,c1ccc2c(c1)CCC2,regression,strict,train,False,3.860120913598764,inactive
CHEMBL5172191,CC(=O)Cc1cc(=O)c2c(C)cc(O)c([C@@H]3O[C@H](CO)[C@@H](O)[C@H](O)[C@H]3O)c2o1,O1C=CCc2cccc(c12)C3OCCCC3,regression,strict,train,False,4.410050398674292,inactive
CHEMBL5187969,COc1cc(C)c2c(=O)cc(C[C@@H](C)O)oc2c1[C@@H]1O[C@H](CO)[C@@H](O)[C@H](O)[C@H]1OC(=O)/C=C/c1ccc(O)cc1,O1C=CCc2cccc(c12)C3OCCCC3OCC=Cc4ccccc4,regression,strict,train,False,3.9020489290058498,inactive
CHEMBL5171569,Nc1ncnc2c1ncn2[C@@H]1O[C@H](CNCc2ccc3ccccc3c2)[C@@H](O)[C@H]1O,n1cnc2c(ncn2C3OC(CNCc4ccc5ccccc5c4)CC3)c1,regression,strict,train,False,5.017728766960431,intermediate
CHEMBL5172081,Nc1ncnc2c1ncn2[C@@H]1O[C@H](CNC(=O)c2ccc3ccccc3c2)[C@@H](O)[C@H]1O,n1cnc2c(ncn2C3OC(CNCc4ccc5ccccc5c4)CC3)c1,regression,strict,test,False,5.568636235841013,intermediate
CHEMBL5190048,Nc1ncnc2c1ncn2[C@@H]1O[C@H](CNS(=O)(=O)c2ccc3ccccc3c2)[C@@H](O)[C@H]1O,n1cnc2c(ncn2C3OC(CNSc4ccc5ccccc5c4)CC3)c1,regression,strict,train,False,7.214670164989233,active
CHEMBL5172911,Nc1ncnc2c1ncn2[C@@H]1O[C@H](CNS(=O)(=O)c2ccc3cccnc3c2)[C@@H](O)[C@H]1O,n1cnc2c(ncn2C3OC(CNSc4ccc5cccnc5c4)CC3)c1,regression,strict,train,False,7.161150909262744,active
CHEMBL5193934,Nc1ncnc2c1ncn2[C@@H]1O[C@H](CNS(=O)(=O)c2ccc3nc(Cl)ccc3c2)[C@@H](O)[C@H]1O,n1cnc2c(ncn2C3OC(CNSc4ccc5ncccc5c4)CC3)c1,regression,strict,train,False,6.356547323513812,active
CHEMBL5178276,CC(=O)Nc1ncnc2c1ncn2[C@@H]1O[C@H](CNS(=O)(=O)c2ccc3ccccc3c2)[C@@H](O)[C@H]1O,n1cnc2c(ncn2C3OC(CNSc4ccc5ccccc5c4)CC3)c1,regression,strict,test,False,7.318758762624412,active
CHEMBL5198248,Nc1ncnn2c([C@@H]3O[C@H](CNS(=O)(=O)c4ccc5ccccc5c4)[C@@H](O)[C@H]3O)ccc12,n1cnn2c(c1)ccc2C3OC(CNSc4ccc5ccccc5c4)CC3,regression,strict,train,False,7.031517051446065,active
CHEMBL1214186,Nc1ncnc2c1ncn2[C@@H]1O[C@H](C[C@@H](N)CC[C@H](N)C(=O)O)[C@@H](O)[C@H]1O,n1cnc2c(ncn2C3OCCC3)c1,regression,strict,train,False,6.512578788640526,active
CHEMBL5171211,COc1cccc2[nH]c(C(=O)N3C[C@@H]4CCC[C@@H]4[C@H]3C(=O)N[C@@H](C[C@@H]3CCNC3=O)C(=O)CCl)cc12,c1ccc2[nH]c(cc2c1)CN3CC4CCCC4C3CNCCC5CNCC5,regression,strict,train,False,7.0,active
CHEMBL5181744,COc1cccc2[nH]c(C(=O)N3C[C@@H]4CCC[C@@H]4[C@H]3C(=O)N[C@@H](C[C@@H]3CCNC3=O)C(=O)COC(=O)c3c(Cl)cccc3Cl)cc12,O(Cc1ccccc1)CCC(NCC2N(Cc3cc4ccccc4[nH]3)CC5CCCC25)CC6CNCC6,regression,strict,train,False,7.0,active
CHEMBL5184431,COc1cccc2[nH]c(C(=O)N3C[C@@H]4CCC[C@@H]4[C@H]3C(=O)N[C@H](C#N)C[C@@H]3CCNC3=O)cc12,c1ccc2[nH]c(cc2c1)CN3CC4CCCC4C3CNCCC5CNCC5,regression,strict,train,False,7.0,active
CHEMBL5178854,COc1cccc2[nH]c(C(=O)N3C[C@@H]4CCC[C@@H]4[C@H]3C(=O)N[C@H](C=O)C[C@@H]3CCNC3=O)cc12,c1ccc2[nH]c(cc2c1)CN3CC4CCCC4C3CNCCC5CNCC5,regression,strict,train,False,7.0,active
CHEMBL5175257,COc1cccc2[nH]c(C(=O)N3C[C@@H]4CCC[C@@H]4[C@H]3C(=O)N[C@@H](C[C@@H]3CCNC3=O)C(=O)C(=O)NC3CCCCC3)cc12,c1ccc2[nH]c(cc2c1)CN3CC4CCCC4C3CNC(CCNC5CCCCC5)CC6CNCC6,regression,strict,train,False,7.0,active
CHEMBL5184551,COc1cccc2[nH]c(C(=O)N3C[C@@H]4CCC[C@@H]4[C@H]3C(=O)N[C@@H](C[C@@H]3CCNC3=O)C(=O)CO)cc12,c1ccc2[nH]c(cc2c1)CN3CC4CCCC4C3CNCCC5CNCC5,regression,strict,train,False,7.0,active
CHEMBL5188495,CC1(C)[C@@H]2[C@@H](C(=O)N[C@H](C#N)C[C@@H]3CCNC3=O)N(C(=O)c3cc4c(OC(F)F)cccc4[nH]3)C[C@@H]21,c1ccc2[nH]c(cc2c1)CN3CC4CC4C3CNCCC5CNCC5,regression,strict,train,False,7.0,active
CHEMBL5192978,N#C[C@H](C[C@@H]1CCNC1=O)NC(=O)[C@@H]1CCCN1C(=O)c1cc2c(OC(F)F)cccc2[nH]1,c1ccc2[nH]c(cc2c1)CN3CCCC3CNCCC4CNCC4,regression,strict,train,False,6.0,intermediate
CHEMBL5178656,CC(=O)N[C@H](C(=O)N1C[C@H]2[C@@H]([C@H]1C(=O)N[C@H](C#N)C[C@@H]1CCNC1=O)C2(C)C)C(C)(C)C,N1CCC(C1)CCNCC2NCC3CC23,regression,strict,train,False,7.0,active
CHEMBL5188869,CCC(=O)N[C@H](C(=O)N1C[C@H]2[C@@H]([C@H]1C(=O)N[C@H](C#N)C[C@@H]1CCNC1=O)C2(C)C)C(C)(C)C,N1CCC(C1)CCNCC2NCC3CC23,regression,strict,train,False,7.0,active
CHEMBL5170545,CC(C)C(=O)N[C@H](C(=O)N1C[C@H]2[C@@H]([C@H]1C(=O)N[C@H](C#N)C[C@@H]1CCNC1=O)C2(C)C)C(C)(C)C,N1CCC(C1)CCNCC2NCC3CC23,regression,strict,train,False,7.0,active
CHEMBL5202626,CC(C)(C)C(=O)N[C@H](C(=O)N1C[C@H]2[C@@H]([C@H]1C(=O)N[C@H](C#N)C[C@@H]1CCNC1=O)C2(C)C)C(C)(C)C,N1CCC(C1)CCNCC2NCC3CC23,regression,strict,train,False,7.0,active
CHEMBL5200445,CC(C)(C)[C@H](NC(=O)C1CCCCC1)C(=O)N1C[C@H]2[C@@H]([C@H]1C(=O)N[C@H](C#N)C[C@@H]1CCNC1=O)C2(C)C,N(CCN1CC2CC2C1CNCCC3CNCC3)CC4CCCCC4,regression,strict,train,False,7.0,active
CHEMBL5173561,CC(C)(C)[C@H](NC(=O)Cc1ccccc1)C(=O)N1C[C@H]2[C@@H]([C@H]1C(=O)N[C@H](C#N)C[C@@H]1CCNC1=O)C2(C)C,c1ccc(cc1)CCNCCN2CC3CC3C2CNCCC4CNCC4,regression,strict,train,False,7.0,active
CHEMBL5170500,CC(C)(C)OC(=O)Nc1cccn([C@@H](CC2CCCCC2)C(=O)N[C@@H](C[C@@H]2CCNC2=O)C(=O)C(=O)NCc2ccccc2)c1=O,c1ccc(cc1)CNCCC(NCC(N2C=CC=CC2)CC3CCCCC3)CC4CNCC4,regression,strict,train,False,5.621602099051862,intermediate
CHEMBL5190212,O=C(NCc1cccs1)[C@@H]1CN(C(=O)C(F)(F)S(=O)(=O)F)CCN1c1ccc(Cl)c(Cl)c1,s1cccc1CNCC2N(c3ccccc3)CCNC2,regression,strict,train,False,5.795880017344075,intermediate
CHEMBL5206532,O=C(NCc1cccs1)[C@@H]1CN(C(=O)CCl)CCN1c1ccc(Cl)c(Cl)c1,s1cccc1CNCC2N(c3ccccc3)CCNC2,regression,strict,train,False,6.7447274948966935,active
CHEMBL5180502,O=C(NCc1cccs1)[C@@H]1CN(C(=O)CBr)CCN1c1ccc(Cl)c(Cl)c1,s1cccc1CNCC2N(c3ccccc3)CCNC2,regression,strict,train,False,6.508638306165727,active
CHEMBL5193842,C#CC(=O)N1CCN(c2ccc(Cl)c(Cl)c2)[C@H](C(=O)NCc2cccs2)C1,s1cccc1CNCC2N(c3ccccc3)CCNC2,regression,strict,train,False,5.552841968657781,intermediate
CHEMBL5173274,[2H][C@](C(=O)N[C@@H](C)c1ccc(F)cc1)(c1cccnc1)N(C(=O)C(C)=O)c1ccc2c(c1)oc1ccccc12,n1cccc(c1)C(Nc2ccc3c(oc4ccccc43)c2)CNCc5ccccc5,regression,strict,train,False,8.09330588873923,active
CHEMBL2311694,CC(C)(C)NC(=O)C(c1cccnc1)N(C(=O)c1ccco1)c1ccc(C(C)(C)C)cc1,n1cccc(c1)CN(c2ccccc2)Cc3occc3,regression,strict,test,False,4.752960119570254,inactive
CHEMBL5206685,Cl.O=C1C=C(Nc2ccccc2N2CCNCC2)C2=NS(=O)(=O)c3cccc1c32,n1sc2cccc3c2c1C(=CC3)Nc4ccccc4N5CCNCC5,regression,strict,train,False,6.255707016877324,active
CHEMBL5188743,CC1=NC2C(=O)C(Nc3ccc(C)cc3)=CC(=O)C2S1,N1=CSC2CC=C(Nc3ccccc3)CC12,regression,strict,train,False,6.4089353929735005,active
CHEMBL5197203,COC(=O)/C=C/C(=O)NNC(=O)/C=C/c1ccccc1C(=O)N[C@H](C)c1cccc2ccccc12,c1ccc(cc1)CNCc2cccc3ccccc32,regression,strict,train,False,7.026872146400302,active
CHEMBL5206501,C[C@H](NC(=O)[C@@H](c1cccnc1)N(C(=O)c1ccco1)c1ccc(-c2ccccc2)cc1)c1ccccc1,n1cccc(c1)C(N(c2ccc(cc2)-c3ccccc3)Cc4occc4)CNCc5ccccc5,regression,strict,train,False,4.521433504406157,inactive
CHEMBL5207542,C[C@H](NC(=O)C(c1cnccn1)N(C(=O)c1ccco1)c1ccc(-c2ccccc2)cc1)c1ccccc1,n1ccnc(c1)C(N(c2ccc(cc2)-c3ccccc3)Cc4occc4)CNCc5ccccc5,regression,strict,train,False,6.552841968657781,active
CHEMBL5178131,C[C@H](NC(=O)C(c1cccnc1)N(C(=O)c1ccco1)c1ccc(C2CCCCC2)cc1)c1ccccc1,n1cccc(c1)C(N(c2ccc(cc2)C3CCCCC3)Cc4occc4)CNCc5ccccc5,regression,strict,train,False,6.292429823902063,active
CHEMBL5169554,C[C@H](NC(=O)C(c1cccnc1)N(C(=O)c1ccco1)c1ccc(-c2cccs2)cc1)c1ccccc1,n1cccc(c1)C(N(c2ccc(cc2)-c3sccc3)Cc4occc4)CNCc5ccccc5,regression,strict,train,False,6.251811972993799,active
CHEMBL5186431,C[C@H](NC(=O)C(c1cccnc1)N(C(=O)c1ccco1)c1ccc(-c2ccccc2)cc1)c1ccccc1,n1cccc(c1)C(N(c2ccc(cc2)-c3ccccc3)Cc4occc4)CNCc5ccccc5,regression,strict,train,False,6.180456064458132,active
CHEMBL5201613,C[C@H](NC(=O)C(c1cnccn1)N(C(=O)c1c[nH]cn1)c1ccc(-c2ccccc2)cc1)c1ccccc1,n1ccnc(c1)C(N(c2ccc(cc2)-c3ccccc3)Cc4nc[nH]c4)CNCc5ccccc5,regression,strict,train,False,6.173925197299173,active
CHEMBL5172431,C[C@H](NC(=O)C(c1cccnc1)N(C(=O)c1ccno1)c1ccc(C2CCCCC2)cc1)c1ccccc1,n1oc(cc1)CN(c2ccc(cc2)C3CCCCC3)C(c4cnccc4)CNCc5ccccc5,regression,strict,train,False,6.091514981121351,active
CHEMBL5189062,C[C@H](NC(=O)C(c1cccnc1)N(C(=O)c1ccco1)c1ccc(-n2cccc2)cc1)c1ccccc1,n1cccc(c1)C(N(c2ccc(cc2)-n3cccc3)Cc4occc4)CNCc5ccccc5,regression,strict,train,False,6.026872146400302,active
CHEMBL5208393,C[C@H](NC(=O)C(c1cccnc1)N(C(=O)c1c[nH]cn1)c1ccc(-c2ccccc2)cc1)c1ccccc1,n1cccc(c1)C(N(c2ccc(cc2)-c3ccccc3)Cc4nc[nH]c4)CNCc5ccccc5,regression,strict,train,False,6.017728766960431,active
CHEMBL5179577,O=C(NCCCc1ccccc1)C(c1cccnc1)N(C(=O)c1ccco1)c1ccc(-c2ccccc2)cc1,n1cccc(c1)C(N(c2ccc(cc2)-c3ccccc3)Cc4occc4)CNCCCc5ccccc5,regression,strict,train,False,5.978810700930062,intermediate
CHEMBL5204664,O=C(NCC(c1ccccc1)c1ccccc1)C(c1cccnc1)N(C(=O)c1ccco1)c1ccc(-c2ccccc2)cc1,n1cccc(c1)C(N(c2ccc(cc2)-c3ccccc3)Cc4occc4)CNCC(c5ccccc5)c6ccccc6,regression,strict,train,False,5.8297382846050425,intermediate
CHEMBL5175491,C[C@H](NC(=O)C(c1cccnc1)N(C(=O)c1ccco1)c1ccc(-c2ccccn2)cc1)c1ccccc1,n1cccc(c1)C(N(c2ccc(cc2)-c3ncccc3)Cc4occc4)CNCc5ccccc5,regression,strict,train,False,5.742321425130816,intermediate
CHEMBL5198265,C[C@H](NC(=O)C(c1cccnc1)N(C(=O)c1ccco1)c1ccc([Si](C)(C)C)cc1)c1ccccc1,n1cccc(c1)C(N(c2ccccc2)Cc3occc3)CNCc4ccccc4,regression,strict,test,False,5.705533773838407,intermediate
CHEMBL5195867,CC(C)(C)CC(C)(C)NC(=O)C(c1cccnc1)N(C(=O)c1ccco1)c1ccc(-c2ccccc2)cc1,n1cccc(c1)CN(c2ccc(cc2)-c3ccccc3)Cc4occc4,regression,strict,train,False,5.669586226650809,intermediate
CHEMBL5180821,CC(C)(C)c1ccc(N(C(=O)c2ccco2)C(C(=O)NC2CCCCC2)c2cccnc2)cc1,n1cccc(c1)C(N(c2ccccc2)Cc3occc3)CNC4CCCCC4,regression,strict,train,False,5.621602099051862,intermediate
CHEMBL5196047,C[C@H](NC(=O)C(c1cccnc1)N(C(=O)c1ccno1)c1ccc(-c2ccccc2)cc1)c1ccccc1,n1oc(cc1)CN(c2ccc(cc2)-c3ccccc3)C(c4cnccc4)CNCc5ccccc5,regression,strict,train,False,5.607303046740334,intermediate
CHEMBL5193830,CC(C)(C)c1ccc(N(C(=O)c2ccco2)C(C(=O)NC2CCCC2)c2cccnc2)cc1,n1cccc(c1)C(N(c2ccccc2)Cc3occc3)CNC4CCCC4,regression,strict,train,False,5.600326278518962,intermediate
CHEMBL5182370,C[C@H](NC(=O)C(c1cccnc1)N(C(=O)c1ccco1)c1ccc(-c2ccco2)cc1)c1ccccc1,n1cccc(c1)C(N(c2ccc(cc2)-c3occc3)Cc4occc4)CNCc5ccccc5,regression,strict,train,False,5.5951662833800615,intermediate
CHEMBL5176045,O=C(NC1CCCCC1)C(c1cccnc1)N(C(=O)c1ccco1)c1ccc(-c2ccccc2)cc1,n1cccc(c1)C(N(c2ccc(cc2)-c3ccccc3)Cc4occc4)CNC5CCCCC5,regression,strict,train,False,5.571865205971212,intermediate
CHEMBL5193986,CC(C)(C)c1ccc(N(C(=O)c2ccco2)C(C(=O)NC2CC2)c2cccnc2)cc1,n1cccc(c1)C(N(c2ccccc2)Cc3occc3)CNC4CC4,regression,strict,train,False,5.413412695328245,intermediate
CHEMBL5170916,O=C(NC1CCCC1)C(c1cccnc1)N(C(=O)c1ccco1)c1ccc(-c2ccccc2)cc1,n1cccc(c1)C(N(c2ccc(cc2)-c3ccccc3)Cc4occc4)CNC5CCCC5,regression,strict,train,False,5.3872161432802645,intermediate
CHEMBL2311731,CC(C)(C)NC(=O)C(c1cnccn1)N(C(=O)c1ccco1)c1ccc(C(C)(C)C)cc1,n1ccnc(c1)CN(c2ccccc2)Cc3occc3,regression,strict,train,False,5.30715308072277,intermediate
CHEMBL5190815,C[C@H](NC(=O)C(c1cccnc1)N(C(=O)c1cnco1)c1ccc(-c2ccccc2)cc1)c1ccccc1,n1coc(c1)CN(c2ccc(cc2)-c3ccccc3)C(c4cnccc4)CNCc5ccccc5,regression,strict,train,False,5.303643611266668,intermediate
CHEMBL5188059,CC(C)NC(=O)C(c1cccnc1)N(C(=O)c1ccco1)c1ccc(C(C)(C)C)cc1,n1cccc(c1)CN(c2ccccc2)Cc3occc3,regression,strict,test,False,5.270025714300444,intermediate
CHEMBL5171513,C[C@H](NC(=O)C(c1cccnc1)N(C(=O)c1ccco1)c1ccc(N2CCCCC2)cc1)c1ccccc1,n1cccc(c1)C(N(c2ccc(cc2)N3CCCCC3)Cc4occc4)CNCc5ccccc5,regression,strict,train,False,5.262807357295263,intermediate
CHEMBL5170231,C[C@H](NC(=O)C(c1cccnc1)N(C(=O)c1ccco1)c1ccc(C(C)(C)C)cc1)c1ccccc1,n1cccc(c1)C(N(c2ccccc2)Cc3occc3)CNCc4ccccc4,regression,strict,test,False,5.2441251443275085,intermediate
CHEMBL5179593,O=C(NC1CCCCC1)C(c1cccnc1)N(C(=O)c1c[nH]cn1)c1ccc(-c2ccccc2)cc1,n1cccc(c1)C(N(c2ccc(cc2)-c3ccccc3)Cc4nc[nH]c4)CNC5CCCCC5,regression,strict,train,False,5.235077015350112,intermediate
CHEMBL5171325,O=C(NC1CCCC1)C(c1cccnc1)N(C(=O)c1cnc[nH]1)c1ccc(-c2ccccc2)cc1,n1cccc(c1)C(N(c2ccc(cc2)-c3ccccc3)Cc4cnc[nH]4)CNC5CCCC5,regression,strict,train,False,5.138465589140962,intermediate
CHEMBL5171462,COc1ccc(NC(=O)C(c2cccnc2)N(C(=O)c2ccco2)c2ccc(C(C)(C)C)cc2)cc1,n1cccc(c1)C(N(c2ccccc2)Cc3occc3)CNc4ccccc4,regression,strict,test,False,5.125518182300533,intermediate
CHEMBL5188623,CC(C)(C)c1ccc(N(C(=O)c2ccco2)C(C(=O)Nc2ccc(F)cc2)c2cccnc2)cc1,n1cccc(c1)C(N(c2ccccc2)Cc3occc3)CNc4ccccc4,regression,strict,test,False,5.1073489661227,intermediate
CHEMBL5192910,CC(C)(C)c1ccc(N(C(=O)c2ccco2)C(C(=O)NCn2nnc3ccccc32)c2cccnc2)cc1,n1cccc(c1)C(N(c2ccccc2)Cc3occc3)CNCn4nnc5ccccc54,regression,strict,train,False,5.089909454405932,intermediate
CHEMBL5176329,O=C(NC1CC1)C(c1cccnc1)N(C(=O)c1ccco1)c1ccc(-c2ccccc2)cc1,n1cccc(c1)C(N(c2ccc(cc2)-c3ccccc3)Cc4occc4)CNC5CC5,regression,strict,train,False,4.917573699139228,inactive
CHEMBL5179427,CC(C)(C)c1ccc(N(C(=O)c2ccco2)C(C(=O)NCc2ccccc2)c2cccnc2)cc1,n1cccc(c1)C(N(c2ccccc2)Cc3occc3)CNCc4ccccc4,regression,strict,test,False,4.878112014896319,inactive
CHEMBL5207030,CC(C)(C)CC(C)(C)NC(=O)C(c1cccnc1)N(C(=O)c1ccco1)c1ccc(C(C)(C)C)cc1,n1cccc(c1)CN(c2ccccc2)Cc3occc3,regression,strict,test,False,4.698970004336019,inactive
CHEMBL5189716,Cc1cccc(C)c1NC(=O)C(c1cccnc1)N(C(=O)c1ccco1)c1ccc(C(C)(C)C)cc1,n1cccc(c1)C(N(c2ccccc2)Cc3occc3)CNc4ccccc4,regression,strict,test,False,4.698970004336019,inactive
CHEMBL5178977,Cc1ccc(S(=O)(=O)CNC(=O)C(c2cccnc2)N(C(=O)c2ccco2)c2ccc(C(C)(C)C)cc2)cc1,n1cccc(c1)C(N(c2ccccc2)Cc3occc3)CNCSc4ccccc4,regression,strict,train,False,4.698970004336019,inactive
CHEMBL2311738,CC(C)(C)NC(=O)C(c1c[nH]cn1)N(C(=O)c1ccco1)c1ccc(C(C)(C)C)cc1,n1c[nH]cc1CN(c2ccccc2)Cc3occc3,regression,strict,train,False,4.698970004336019,inactive
CHEMBL3605708,CC(C)(C)NC(=O)C(c1cncnc1)N(C(=O)c1ccco1)c1ccc(C(C)(C)C)cc1,n1cncc(c1)CN(c2ccccc2)Cc3occc3,regression,strict,train,False,4.698970004336019,inactive
CHEMBL5170981,C[C@H](NC(=O)C(c1cccnc1)N(C(=O)c1ccco1)c1ccc(OC(C)(C)C)cc1)c1ccccc1,n1cccc(c1)C(N(c2ccccc2)Cc3occc3)CNCc4ccccc4,regression,strict,test,False,4.659952682338607,inactive
CHEMBL5195155,C[C@H](NC(=O)C(c1cccnc1)N(C(=O)c1ccco1)c1ccc(Cc2ccccc2)cc1)c1ccccc1,n1cccc(c1)C(N(c2ccc(cc2)Cc3ccccc3)Cc4occc4)CNCc5ccccc5,regression,strict,train,False,4.454692883534176,inactive
CHEMBL5191806,C[C@H](NC(=O)[C@H](c1cccnc1)N(C(=O)c1ccco1)c1ccc(-c2ccccc2)cc1)c1ccccc1,n1cccc(c1)C(N(c2ccc(cc2)-c3ccccc3)Cc4occc4)CNCc5ccccc5,regression,strict,train,False,4.698970004336019,inactive
CHEMBL5179259,COc1cccc2[nH]c(C(=O)N[C@@H](CC(C)C)C(=O)N[C@@H](C[C@@H]3CCCNC3=O)C(=O)COC(=O)C(C)(C)C)cc12,c1ccc2[nH]c(cc2c1)CNCCNCCC3CNCCC3,regression,strict,train,False,7.193141970481182,active
CHEMBL5194822,COc1cccc2[nH]c(C(=O)N[C@@H](CC(C)C)C(=O)N[C@@H](C[C@@H]3CCCNC3=O)C(=O)COC(=O)C(C)(C)C#N)cc12,c1ccc2[nH]c(cc2c1)CNCCNCCC3CNCCC3,regression,strict,train,False,7.6595558851598815,active
CHEMBL5198667,COc1cccc2[nH]c(C(=O)N[C@@H](CC(C)C)C(=O)N[C@@H](C[C@@H]3CCCNC3=O)C(=O)COC(=O)C(C)(C)C(F)(F)F)cc12,c1ccc2[nH]c(cc2c1)CNCCNCCC3CNCCC3,regression,strict,train,False,7.698970004336019,active
CHEMBL5206120,COc1cccc2[nH]c(C(=O)N[C@@H](CC(C)C)C(=O)N[C@@H](C[C@@H]3CCCNC3=O)C(=O)COC(=O)C3(C)OCCCO3)cc12,O(CCC(NCCNCc1cc2ccccc2[nH]1)CC3CNCCC3)CC4OCCCO4,regression,strict,train,False,7.903089986991944,active
CHEMBL5190213,COc1cccc2[nH]c(C(=O)N[C@@H](CC(C)C)C(=O)N[C@@H](C[C@@H]3CCCNC3=O)C(=O)COC(=O)C3(C(F)(F)F)CCCCC3)cc12,O(CCC(NCCNCc1cc2ccccc2[nH]1)CC3CNCCC3)CC4CCCCC4,regression,strict,train,False,7.06398920428479,active
CHEMBL5193390,COc1cccc2[nH]c(C(=O)N[C@@H](CC(C)C)C(=O)N[C@@H](C[C@@H]3CCCNC3=O)C(=O)COC(=O)c3ccccc3)cc12,O(Cc1ccccc1)CCC(NCCNCc2cc3ccccc3[nH]2)CC4CNCCC4,regression,strict,test,False,7.197226274708024,active
CHEMBL5191464,COc1cccc2[nH]c(C(=O)N[C@@H](CC(C)C)C(=O)N[C@@H](C[C@@H]3CCCNC3=O)C(=O)COC(=O)c3c(Cl)cccc3Cl)cc12,O(Cc1ccccc1)CCC(NCCNCc2cc3ccccc3[nH]2)CC4CNCCC4,regression,strict,test,False,8.193820026016112,active
CHEMBL5191092,COc1cccc2[nH]c(C(=O)N[C@@H](CC(C)C)C(=O)N[C@@H](C[C@@H]3CCCNC3=O)C(=O)COC(=O)c3c(C(F)(F)F)cccc3C(F)(F)F)cc12,O(Cc1ccccc1)CCC(NCCNCc2cc3ccccc3[nH]2)CC4CNCCC4,regression,strict,test,False,9.0,active
CHEMBL5187784,COc1cccc2[nH]c(C(=O)N[C@@H](CC(C)C)C(=O)N[C@@H](C[C@@H]3CCCNC3=O)C(=O)COC(=O)c3ccccn3)cc12,n1ccccc1COCCC(NCCNCc2cc3ccccc3[nH]2)CC4CNCCC4,regression,strict,train,False,6.901356274182943,active
CHEMBL5190876,COc1cccc2[nH]c(C(=O)N[C@@H](CC(C)C)C(=O)N[C@@H](C[C@@H]3CCCNC3=O)C(=O)COC(=O)c3cccnc3)cc12,n1cccc(c1)COCCC(NCCNCc2cc3ccccc3[nH]2)CC4CNCCC4,regression,strict,train,False,8.397940008672037,active
CHEMBL5192585,COc1cccc2[nH]c(C(=O)N[C@@H](CC(C)C)C(=O)N[C@@H](C[C@@H]3CCCNC3=O)C(=O)COC(=O)c3ccncc3)cc12,n1ccc(cc1)COCCC(NCCNCc2cc3ccccc3[nH]2)CC4CNCCC4,regression,strict,train,False,7.482804102050026,active
CHEMBL5191060,COc1cccc2[nH]c(C(=O)N[C@@H](CC(C)C)C(=O)N[C@@H](C[C@@H]3CCCNC3=O)C(=O)COC(=O)c3c(C)cc(C)nc3C)cc12,n1cccc(c1)COCCC(NCCNCc2cc3ccccc3[nH]2)CC4CNCCC4,regression,strict,train,False,7.721246399047171,active
CHEMBL5173658,COc1cccc2[nH]c(C(=O)N[C@@H](CC(C)C)C(=O)N[C@@H](C[C@@H]3CCCNC3=O)C(=O)COC(=O)c3c(C(F)(F)F)cc(C)nc3C)cc12,n1cccc(c1)COCCC(NCCNCc2cc3ccccc3[nH]2)CC4CNCCC4,regression,strict,train,False,7.853871964321762,active
CHEMBL5171263,COc1cccc2[nH]c(C(=O)N[C@@H](CC(C)C)C(=O)N[C@@H](C[C@@H]3CCCNC3=O)C(=O)COC(=O)c3c(C)nc(C)nc3C)cc12,n1cncc(c1)COCCC(NCCNCc2cc3ccccc3[nH]2)CC4CNCCC4,regression,strict,train,False,7.655607726314889,active
CHEMBL5195086,COc1cccc2[nH]c(C(=O)N[C@@H](CC(C)C)C(=O)N[C@@H](C[C@@H]3CCCNC3=O)C(=O)COC(=O)c3c(C)nn(C)c3C)cc12,n1cc(c[nH]1)COCCC(NCCNCc2cc3ccccc3[nH]2)CC4CNCCC4,regression,strict,train,False,7.145693958198919,active
CHEMBL5182169,CC(=O)OCC(=O)[C@H](C[C@@H]1CCNC1=O)NC(=O)[C@H](CC(C)C)NC(=O)OCc1cccc(Cl)c1,O(CNCCNCCC1CNCC1)Cc2ccccc2,regression,strict,train,False,5.823908740944319,intermediate
CHEMBL5189954,COc1cccc2[nH]c(C(=O)N[C@@H](CC(C)C)C(=O)N[C@@H](C[C@@H]3CCNC3=O)C(=O)COC(=O)c3c(C(F)(F)F)cc(C)nc3C)cc12,n1cccc(c1)COCCC(NCCNCc2cc3ccccc3[nH]2)CC4CNCC4,regression,strict,train,False,7.769551078621726,active
CHEMBL5200032,CC(=O)OCC1Cc2c(-c3ccccn3)cccc2-c2c(O)ccc(C)c21,n1ccccc1-c2cccc3-c4ccccc4CCc23,regression,strict,train,False,4.213603538627695,inactive
CHEMBL5200159,CCc1ccc(O)c2c1C(COC(C)=O)Cc1c(-c3ccccn3)cccc1-2,n1ccccc1-c2cccc3-c4ccccc4CCc23,regression,strict,train,False,4.480697150764572,inactive
CHEMBL5206974,CC(=O)OCC1Cc2c(-c3ccccn3)cccc2-c2c(O)ccc(C(C)C)c21,n1ccccc1-c2cccc3-c4ccccc4CCc23,regression,strict,train,False,4.530767257493388,inactive
CHEMBL5187246,CC(=O)OCC1Cc2c(-c3ccccn3)cccc2-c2c(O)ccc(C3CCCCC3)c21,n1ccccc1-c2cccc3-c4cccc(c4CCc23)C5CCCCC5,regression,strict,train,False,5.042871802323186,intermediate
CHEMBL5203183,CC(=O)OCC1Cc2c(-c3ccccn3)cccc2-c2c(O)ccc(-c3ccc(Br)cc3)c21,n1ccccc1-c2cccc3-c4cccc(-c5ccccc5)c4CCc23,regression,strict,train,False,5.191114132640188,intermediate
CHEMBL5175215,CC(=O)OCC1Cc2c(-c3ccccn3)cccc2-c2c(O)ccc(-c3ccc(C#N)cc3)c21,n1ccccc1-c2cccc3-c4cccc(-c5ccccc5)c4CCc23,regression,strict,train,False,4.713992877920526,inactive
CHEMBL5200309,CC(=O)OCC1Cc2c(-c3ccccn3)cccc2-c2c(O)ccc(Cc3ccccc3)c21,n1ccccc1-c2cccc3-c4cccc(c4CCc23)Cc5ccccc5,regression,strict,train,False,4.9434762759209,inactive
CHEMBL5170998,CC(=O)OCC1Cc2c(-c3ccccn3)ccc(C)c2-c2c(O)ccc(C)c21,n1ccccc1-c2cccc3-c4ccccc4CCc23,regression,strict,train,False,4.0,inactive
CHEMBL5176202,COc1ccc(-c2ccccn2)c2c1-c1c(O)ccc(C)c1C(COC(C)=O)C2,n1ccccc1-c2cccc3-c4ccccc4CCc23,regression,strict,train,False,4.0,inactive
CHEMBL5205597,CC(=O)OCC1Cc2c(-c3ccccn3)ccc(F)c2-c2c(O)ccc(C)c21,n1ccccc1-c2cccc3-c4ccccc4CCc23,regression,strict,train,False,4.0,inactive
CHEMBL5205858,CC(=O)OCC1Cc2c(-c3ccccn3)ccc(Cl)c2-c2c(O)ccc(C)c21,n1ccccc1-c2cccc3-c4ccccc4CCc23,regression,strict,train,False,4.067627717852086,inactive
CHEMBL5178260,CC(=O)OCC1Cc2c(-c3ccccn3)ccc(Br)c2-c2c(O)ccc(C)c21,n1ccccc1-c2cccc3-c4ccccc4CCc23,regression,strict,train,False,4.0,inactive
CHEMBL5185504,CC(=O)OCC1Cc2c(-c3ccccn3)cc(C)cc2-c2c(O)ccc(C)c21,n1ccccc1-c2cccc3-c4ccccc4CCc23,regression,strict,train,False,4.239050048589102,inactive
CHEMBL5199771,CC(=O)OCC1Cc2c(ccc(C)c2-c2ccccn2)-c2c(O)ccc(C)c21,n1ccccc1-c2cccc3-c4ccccc4CCc23,regression,strict,train,False,4.269137007953506,inactive
CHEMBL5204406,CC(=O)OCC1Cc2c(-c3ncccc3C)cccc2-c2c(O)ccc(C)c21,n1ccccc1-c2cccc3-c4ccccc4CCc23,regression,strict,train,False,4.229810977264007,inactive
CHEMBL5186504,CC(=O)OCC1Cc2c(-c3cc(C)ccn3)cccc2-c2c(O)ccc(C)c21,n1ccccc1-c2cccc3-c4ccccc4CCc23,regression,strict,train,False,4.1664704182413566,inactive
CHEMBL5203894,CC(=O)OCC1Cc2c(-c3cc(-c4ccccc4)ccn3)cccc2-c2c(O)ccc(C)c21,n1ccc(cc1-c2cccc3-c4ccccc4CCc23)-c5ccccc5,regression,strict,train,False,5.247951552180561,intermediate
CHEMBL5193737,CC(=O)OCC1Cc2c(-c3ccc(F)cn3)cccc2-c2c(O)ccc(C)c21,n1ccccc1-c2cccc3-c4ccccc4CCc23,regression,strict,train,False,4.175223537524454,inactive
CHEMBL5174450,CC(=O)OCC1Cc2c(-c3ccc(Cl)cn3)cccc2-c2c(O)ccc(C)c21,n1ccccc1-c2cccc3-c4ccccc4CCc23,regression,strict,train,False,4.44648105985103,inactive
CHEMBL5208242,CC(=O)OCC1Cc2c(-c3ccc(Br)cn3)cccc2-c2c(O)ccc(C)c21,n1ccccc1-c2cccc3-c4ccccc4CCc23,regression,strict,train,False,4.732828271596986,inactive
CHEMBL5191100,CC(=O)OCC1Cc2c(cccc2-c2nccc3ccccc23)-c2c(O)ccc(C)c21,n1ccc2ccccc2c1-c3cccc4-c5ccccc5CCc34,regression,strict,train,False,4.848630149752539,inactive
CHEMBL5209023,CC(=O)OCC1Cc2c(-c3cc4ccccc4cn3)cccc2-c2c(O)ccc(C)c21,n1cc2ccccc2cc1-c3cccc4-c5ccccc5CCc34,regression,strict,train,False,4.921905849593589,inactive
CHEMBL5207257,CC(=O)OCC1Cc2c(-c3ccc4ccccc4n3)cccc2-c2c(O)ccc(C)c21,n1c2ccccc2ccc1-c3cccc4-c5ccccc5CCc34,regression,strict,train,False,4.85949195696182,inactive
CHEMBL5171129,CC(=O)OCC1Cc2c(-c3ncccn3)cccc2-c2c(O)ccc(C)c21,n1cccnc1-c2cccc3-c4ccccc4CCc23,regression,strict,train,False,4.0,inactive
CHEMBL5170377,CC(=O)OCC1Cc2c(-c3ccncn3)cccc2-c2c(O)ccc(C)c21,n1cnc(cc1)-c2cccc3-c4ccccc4CCc23,regression,strict,train,False,4.0,inactive
CHEMBL5181569,CC(=O)OCC1Cc2c(cccc2-n2cccn2)-c2c(O)ccc(C)c21,n1cccn1-c2cccc3-c4ccccc4CCc32,regression,strict,train,False,4.0,inactive
CHEMBL5174506,CC(=O)OCC1Cc2c(cccc2-c2ncnc3c2ncn3CC2CC2)-c2c(O)ccc(C)c21,n1cnc2c(ncn2CC3CC3)c1-c4cccc5-c6ccccc6CCc45,regression,strict,train,False,4.0,inactive
CHEMBL5186196,C=CCn1cnc2c(-c3cccc4c3CC(COC(C)=O)c3c(C)ccc(O)c3-4)ncnc21,n1cnc(c2nc[nH]c12)-c3cccc4-c5ccccc5CCc34,regression,strict,train,False,4.0,inactive
CHEMBL5170933,CC(=O)OCC1Cc2c(-c3cc(-c4ccccc4)ccn3)cccc2-c2c(O)ccc(C3CCCCC3)c21,n1ccc(cc1-c2cccc3-c4cccc(c4CCc23)C5CCCCC5)-c6ccccc6,regression,strict,train,False,5.068542129310995,intermediate
CHEMBL5206883,CC(=O)OCC1Cc2c(-c3cc(-c4ccccc4)ccn3)cccc2-c2c(O)ccc(-c3ccc(Br)cc3)c21,n1ccc(cc1-c2cccc3-c4cccc(-c5ccccc5)c4CCc23)-c6ccccc6,regression,strict,train,False,4.997402019280091,inactive
CHEMBL5208389,CC(=O)OCC1Cc2c(-c3cc(C)ccn3)cccc2-c2c(O)ccc(-c3ccc(Br)cc3)c21,n1ccccc1-c2cccc3-c4cccc(-c5ccccc5)c4CCc23,regression,strict,train,False,5.00788851221305,intermediate
CHEMBL5175482,CC(=O)OCC1Cc2c(-c3cc(Cl)ccn3)cccc2-c2c(O)ccc(-c3ccc(Br)cc3)c21,n1ccccc1-c2cccc3-c4cccc(-c5ccccc5)c4CCc23,regression,strict,train,False,5.291154361951821,intermediate
CHEMBL5177686,CC(=O)OCC1Cc2c(-c3cc(C#N)ccn3)cccc2-c2c(O)ccc(-c3ccc(Br)cc3)c21,n1ccccc1-c2cccc3-c4cccc(-c5ccccc5)c4CCc23,regression,strict,train,False,4.988852639224202,inactive
CHEMBL5176434,CC(=O)OCC1Cc2c(-c3cc(C=O)ccn3)cccc2-c2c(O)ccc(-c3ccc(Br)cc3)c21,n1ccccc1-c2cccc3-c4cccc(-c5ccccc5)c4CCc23,regression,strict,train,False,5.486782399932061,intermediate
CHEMBL5170370,CCNc1ccnc(-c2cccc3c2CC(COC(C)=O)c2c(-c4ccc(Br)cc4)ccc(O)c2-3)c1,n1ccccc1-c2cccc3-c4cccc(-c5ccccc5)c4CCc23,regression,strict,train,False,5.0,inactive
CHEMBL5179506,CC(=O)OCC1Cc2c(-c3cc(N4CCCC4)ccn3)cccc2-c2c(O)ccc(-c3ccc(Br)cc3)c21,n1ccc(cc1-c2cccc3-c4cccc(-c5ccccc5)c4CCc23)N6CCCC6,regression,strict,train,False,4.949620243738543,inactive
CHEMBL5191235,CC(=O)OCC1Cc2c(-c3cc(N4CCOCC4)ccn3)cccc2-c2c(O)ccc(-c3ccc(Br)cc3)c21,n1ccc(cc1-c2cccc3-c4cccc(-c5ccccc5)c4CCc23)N6CCOCC6,regression,strict,train,False,5.131355561605174,intermediate
CHEMBL5183857,CC(=O)OCC1Cc2c(-c3ccc(C)cn3)cccc2-c2c(O)ccc(-c3ccc(Br)cc3)c21,n1ccccc1-c2cccc3-c4cccc(-c5ccccc5)c4CCc23,regression,strict,train,False,5.279840696594043,intermediate
CHEMBL5204665,CC(=O)OCC1Cc2c(-c3ccc(F)cn3)cccc2-c2c(O)ccc(-c3ccc(Br)cc3)c21,n1ccccc1-c2cccc3-c4cccc(-c5ccccc5)c4CCc23,regression,strict,train,False,5.218244625347531,intermediate
CHEMBL5189811,CC(=O)OCC1Cc2c(-c3ccc(Cl)cn3)cccc2-c2c(O)ccc(-c3ccc(Br)cc3)c21,n1ccccc1-c2cccc3-c4cccc(-c5ccccc5)c4CCc23,regression,strict,train,False,5.4698003017969175,intermediate
CHEMBL5172817,CC(=O)OCC1Cc2c(-c3ccc(Br)cn3)cccc2-c2c(O)ccc(-c3ccc(Br)cc3)c21,n1ccccc1-c2cccc3-c4cccc(-c5ccccc5)c4CCc23,regression,strict,train,False,5.171984935776023,intermediate
CHEMBL5198662,CC(=O)OCC1Cc2c(-c3ccc(C#N)cn3)cccc2-c2c(O)ccc(-c3ccc(Br)cc3)c21,n1ccccc1-c2cccc3-c4cccc(-c5ccccc5)c4CCc23,regression,strict,train,False,5.305394801066432,intermediate
CHEMBL5205128,CC(=O)OCC1Cc2c(-c3ccc(C=O)cn3)cccc2-c2c(O)ccc(-c3ccc(Br)cc3)c21,n1ccccc1-c2cccc3-c4cccc(-c5ccccc5)c4CCc23,regression,strict,train,False,5.051098239029786,intermediate
CHEMBL5209430,CC(=O)OCC1Cc2c(-c3ccc(S(C)(=O)=O)cn3)cccc2-c2c(O)ccc(-c3ccc(Br)cc3)c21,n1ccccc1-c2cccc3-c4cccc(-c5ccccc5)c4CCc23,regression,strict,train,False,5.177178354696896,intermediate
CHEMBL5195252,CC(=O)OCC1Cc2c(-c3ccc(C(C)=O)cn3)cccc2-c2c(O)ccc(-c3ccc(Br)cc3)c21,n1ccccc1-c2cccc3-c4cccc(-c5ccccc5)c4CCc23,regression,strict,train,False,5.2343314452409855,intermediate
CHEMBL5192607,CC(=O)OCC1Cc2c(-c3ccc(N(C)C)cn3)cccc2-c2c(O)ccc(-c3ccc(Br)cc3)c21,n1ccccc1-c2cccc3-c4cccc(-c5ccccc5)c4CCc23,regression,strict,train,False,5.319664486585436,intermediate
CHEMBL5209460,CC(=O)OCC1Cc2c(-c3ccc(-c4ccccc4)cn3)cccc2-c2c(O)ccc(-c3ccc(Br)cc3)c21,n1cc(ccc1-c2cccc3-c4cccc(-c5ccccc5)c4CCc23)-c6ccccc6,regression,strict,train,False,5.08196966321512,intermediate
CHEMBL5181133,CC(=O)OCC1Cc2c(-c3ccc(NCc4ccccc4)cn3)cccc2-c2c(O)ccc(-c3ccc(Br)cc3)c21,n1cc(ccc1-c2cccc3-c4cccc(-c5ccccc5)c4CCc23)NCc6ccccc6,regression,strict,train,False,5.341988603342887,intermediate
CHEMBL5175405,OCC1Cc2c(-c3cc(-c4ccccc4)ccn3)cccc2-c2c(O)ccc(-c3ccc(Br)cc3)c21,n1ccc(cc1-c2cccc3-c4cccc(-c5ccccc5)c4CCc23)-c6ccccc6,regression,strict,test,False,5.55026454576997,intermediate
CHEMBL5177264,O=Cc1ccnc(-c2cccc3c2CC(CO)c2c(-c4ccc(Br)cc4)ccc(O)c2-3)c1,n1ccccc1-c2cccc3-c4cccc(-c5ccccc5)c4CCc23,regression,strict,train,False,5.525783735923745,intermediate
CHEMBL5171088,Cc1ccc(-c2cccc3c2CC(CO)c2c(-c4ccc(Br)cc4)ccc(O)c2-3)nc1,n1ccccc1-c2cccc3-c4cccc(-c5ccccc5)c4CCc23,regression,strict,train,False,4.99012436628784,inactive
CHEMBL5177159,OCC1Cc2c(-c3ccc(F)cn3)cccc2-c2c(O)ccc(-c3ccc(Br)cc3)c21,n1ccccc1-c2cccc3-c4cccc(-c5ccccc5)c4CCc23,regression,strict,train,False,5.268411234813262,intermediate
CHEMBL5201244,OCC1Cc2c(-c3ccc(Cl)cn3)cccc2-c2c(O)ccc(-c3ccc(Br)cc3)c21,n1ccccc1-c2cccc3-c4cccc(-c5ccccc5)c4CCc23,regression,strict,train,False,5.119186407719209,intermediate
CHEMBL5194593,N#Cc1ccc(-c2cccc3c2CC(CO)c2c(-c4ccc(Br)cc4)ccc(O)c2-3)nc1,n1ccccc1-c2cccc3-c4cccc(-c5ccccc5)c4CCc23,regression,strict,train,False,4.971428747307463,inactive
CHEMBL5203622,CCNc1ccc(-c2cccc3c2CC(CO)c2c(-c4ccc(Br)cc4)ccc(O)c2-3)nc1,n1ccccc1-c2cccc3-c4cccc(-c5ccccc5)c4CCc23,regression,strict,train,False,5.259637310505756,intermediate
CHEMBL5184053,CC1=C(C#N)C(=O)N(CCCO)C(=O)/C1=N\Nc1ccc(Br)cc1C(=O)O,N(Nc1ccccc1)=C2C=CCNC2,regression,strict,train,False,4.719194071606333,inactive
CHEMBL1479456,NC(=O)CN1C(=O)C(O)(CC(=O)/C=C\c2ccc3c(c2)OCO3)c2ccccc21,O1c2ccc(C=CCCC3c4ccccc4NC3)cc2OC1,regression,strict,train,False,4.442853857681637,inactive
CHEMBL5205985,O=C(CC1C(=O)NCCN1C(=O)CCl)Nc1cccc(Cl)c1,c1ccc(cc1)NCCC2NCCNC2,regression,strict,train,False,5.070581074285707,intermediate
CHEMBL5200025,CNC(=O)Cn1c(=O)[nH]/c(=N\c2ccc(OC(F)F)cc2C)n(Cc2cc(F)c(F)c(F)c2)c1=O,N(c1ccccc1)=C2NCNCN2Cc3ccccc3,regression,strict,train,False,5.0655015487564325,intermediate
CHEMBL5206756,CNC(=O)Cn1c(=O)[nH]/c(=N\c2cc3cn(C)nc3cc2Cl)n(Cc2cc(F)c(F)c(F)c2)c1=O,n1[nH]cc2cc(N=C3NCNCN3Cc4ccccc4)ccc12,regression,strict,train,False,7.017728766960431,active
CHEMBL5208871,Nc1ncnc2c1ncn2[C@@H]1O[C@H](CNS(=O)(=O)c2ccc([N+](=O)[O-])cc2)[C@@H](O)[C@H]1O,n1cnc2c(ncn2C3OC(CNSc4ccccc4)CC3)c1,regression,strict,test,False,4.85078088734462,inactive
CHEMBL5199148,COc1cc([N+](=O)[O-])ccc1S(=O)(=O)NC[C@H]1O[C@@H](n2cnc3c(N)ncnc32)[C@H](O)[C@@H]1O,n1cnc2c(ncn2C3OC(CNSc4ccccc4)CC3)c1,regression,strict,test,False,5.292429823902063,intermediate
CHEMBL5178940,COc1ccc(S(=O)(=O)NC[C@H]2O[C@@H](n3cnc4c(N)ncnc43)[C@H](O)[C@@H]2O)c([N+](=O)[O-])c1,n1cnc2c(ncn2C3OC(CNSc4ccccc4)CC3)c1,regression,strict,test,False,5.853871964321762,intermediate
CHEMBL5172628,Nc1ncnc2c1ncn2[C@@H]1O[C@H](CNS(=O)(=O)c2ccc(C(F)(F)F)cc2[N+](=O)[O-])[C@@H](O)[C@H]1O,n1cnc2c(ncn2C3OC(CNSc4ccccc4)CC3)c1,regression,strict,test,False,5.455931955649724,intermediate
CHEMBL5195979,Nc1ncnc2c1ncn2[C@@H]1O[C@H](CNS(=O)(=O)c2cccc([N+](=O)[O-])c2Cl)[C@@H](O)[C@H]1O,n1cnc2c(ncn2C3OC(CNSc4ccccc4)CC3)c1,regression,strict,test,False,5.6777807052660805,intermediate
CHEMBL5186326,CCN(C[C@H]1O[C@@H](n2cnc3c(N)ncnc32)[C@H](O)[C@@H]1O)S(=O)(=O)c1ccc(C(F)(F)F)cc1[N+](=O)[O-],n1cnc2c(ncn2C3OC(CNSc4ccccc4)CC3)c1,regression,strict,test,False,5.301029995663981,intermediate
CHEMBL5180645,Nc1ncnc2c1ncn2[C@@H]1O[C@H](CNS(=O)(=O)c2cccc([N+](=O)[O-])c2)[C@@H](O)[C@H]1O,n1cnc2c(ncn2C3OC(CNSc4ccccc4)CC3)c1,regression,strict,test,False,5.44502654166676,intermediate
CHEMBL5174051,Nc1ncnc2c1ncn2[C@@H]1O[C@H](CNS(=O)(=O)c2ccc(F)c([N+](=O)[O-])c2)[C@@H](O)[C@H]1O,n1cnc2c(ncn2C3OC(CNSc4ccccc4)CC3)c1,regression,strict,test,False,5.356547323513812,intermediate
CHEMBL5206233,Nc1ncnc2c1ncn2[C@@H]1O[C@H](CNS(=O)(=O)c2ccc(Br)c([N+](=O)[O-])c2)[C@@H](O)[C@H]1O,n1cnc2c(ncn2C3OC(CNSc4ccccc4)CC3)c1,regression,strict,test,False,5.537602002101044,intermediate
CHEMBL5180746,Cc1ccc(S(=O)(=O)NC[C@H]2O[C@@H](n3cnc4c(N)ncnc43)[C@H](O)[C@@H]2O)cc1[N+](=O)[O-],n1cnc2c(ncn2C3OC(CNSc4ccccc4)CC3)c1,regression,strict,test,False,6.465973893943865,active
CHEMBL5194209,CCc1ccc(S(=O)(=O)NC[C@H]2O[C@@H](n3cnc4c(N)ncnc43)[C@H](O)[C@@H]2O)cc1[N+](=O)[O-],n1cnc2c(ncn2C3OC(CNSc4ccccc4)CC3)c1,regression,strict,test,False,6.61261017366127,active
CHEMBL5174397,COc1ccc(S(=O)(=O)NC[C@H]2O[C@@H](n3cnc4c(N)ncnc43)[C@H](O)[C@@H]2O)cc1[N+](=O)[O-],n1cnc2c(ncn2C3OC(CNSc4ccccc4)CC3)c1,regression,strict,test,False,6.835647144215563,active
CHEMBL5180205,CCN(C[C@H]1O[C@@H](n2cnc3c(N)ncnc32)[C@H](O)[C@@H]1O)S(=O)(=O)c1cccc([N+](=O)[O-])c1,n1cnc2c(ncn2C3OC(CNSc4ccccc4)CC3)c1,regression,strict,test,False,6.287350298372789,active
CHEMBL5188905,CCN(C[C@H]1O[C@@H](n2cnc3c(N)ncnc32)[C@H](O)[C@@H]1O)S(=O)(=O)c1ccc(Br)c([N+](=O)[O-])c1,n1cnc2c(ncn2C3OC(CNSc4ccccc4)CC3)c1,regression,strict,test,False,7.096910013008056,active
CHEMBL5188698,CCN(C[C@H]1O[C@@H](n2cnc3c(N)ncnc32)[C@H](O)[C@@H]1O)S(=O)(=O)c1ccc(C)c([N+](=O)[O-])c1,n1cnc2c(ncn2C3OC(CNSc4ccccc4)CC3)c1,regression,strict,test,False,7.42021640338319,active
CHEMBL5188649,CCN(C[C@H]1O[C@@H](n2cnc3c(N)ncnc32)[C@H](O)[C@@H]1O)S(=O)(=O)c1ccc(OC)c([N+](=O)[O-])c1,n1cnc2c(ncn2C3OC(CNSc4ccccc4)CC3)c1,regression,strict,test,False,7.356547323513812,active
CHEMBL5191433,N#Cc1cccc(S(=O)(=O)NC[C@H]2O[C@@H](n3cnc4c(N)ncnc43)[C@H](O)[C@@H]2O)c1,n1cnc2c(ncn2C3OC(CNSc4ccccc4)CC3)c1,regression,strict,test,False,5.275724130399211,intermediate
CHEMBL5189696,N#Cc1cc(S(=O)(=O)NC[C@H]2O[C@@H](n3cnc4c(N)ncnc43)[C@H](O)[C@@H]2O)ccc1F,n1cnc2c(ncn2C3OC(CNSc4ccccc4)CC3)c1,regression,strict,test,False,6.046240308266771,active
CHEMBL5178008,N#Cc1cc(S(=O)(=O)NC[C@H]2O[C@@H](n3cnc4c(N)ncnc43)[C@H](O)[C@@H]2O)ccc1Cl,n1cnc2c(ncn2C3OC(CNSc4ccccc4)CC3)c1,regression,strict,test,False,5.995678626217358,intermediate
CHEMBL5187401,COc1ccc(S(=O)(=O)NC[C@H]2O[C@@H](n3cnc4c(N)ncnc43)[C@H](O)[C@@H]2O)cc1C#N,n1cnc2c(ncn2C3OC(CNSc4ccccc4)CC3)c1,regression,strict,test,False,6.289036881004725,active
CHEMBL5189150,CCN(C[C@H]1O[C@@H](n2cnc3c(N)ncnc32)[C@H](O)[C@@H]1O)S(=O)(=O)c1cccc(C#N)c1,n1cnc2c(ncn2C3OC(CNSc4ccccc4)CC3)c1,regression,strict,test,False,6.017728766960431,active
CHEMBL5171003,CCN(C[C@H]1O[C@@H](n2cnc3c(N)ncnc32)[C@H](O)[C@@H]1O)S(=O)(=O)c1ccc(OC)c(C#N)c1,n1cnc2c(ncn2C3OC(CNSc4ccccc4)CC3)c1,regression,strict,test,False,7.721246399047171,active
CHEMBL5185094,Nc1ncnc2c1ncn2[C@@H]1O[C@H](CNS(=O)(=O)c2ccc(Cl)cc2)[C@@H](O)[C@H]1O,n1cnc2c(ncn2C3OC(CNSc4ccccc4)CC3)c1,regression,strict,test,False,4.885389015767827,inactive
CHEMBL5185979,Nc1ncnc2c1ncn2[C@@H]1O[C@H](CNS(=O)(=O)c2ccc(Cl)c(Cl)c2)[C@@H](O)[C@H]1O,n1cnc2c(ncn2C3OC(CNSc4ccccc4)CC3)c1,regression,strict,test,False,6.31695296176115,active
CHEMBL5170481,Cc1ccc(S(=O)(=O)NC[C@H]2O[C@@H](n3cnc4c(N)ncnc43)[C@H](O)[C@@H]2O)cc1Cl,n1cnc2c(ncn2C3OC(CNSc4ccccc4)CC3)c1,regression,strict,test,False,6.46344155742847,active
CHEMBL5204579,CCN(C[C@H]1O[C@@H](n2cnc3c(N)ncnc32)[C@H](O)[C@@H]1O)S(=O)(=O)c1cccc(Cl)c1,n1cnc2c(ncn2C3OC(CNSc4ccccc4)CC3)c1,regression,strict,test,False,6.354577730650908,active
CHEMBL5177598,CCN(C[C@H]1O[C@@H](n2cnc3c(N)ncnc32)[C@H](O)[C@@H]1O)S(=O)(=O)c1ccc(Cl)c(Cl)c1,n1cnc2c(ncn2C3OC(CNSc4ccccc4)CC3)c1,regression,strict,test,False,7.0,active
CHEMBL5185064,CCN(C[C@H]1O[C@@H](n2cnc3c(N)ncnc32)[C@H](O)[C@@H]1O)S(=O)(=O)c1ccc(C)c(Cl)c1,n1cnc2c(ncn2C3OC(CNSc4ccccc4)CC3)c1,regression,strict,test,False,7.251811972993799,active
CHEMBL5202735,CCOC(=O)CCCCN(C[C@H]1O[C@@H](n2cnc3c(N)ncnc32)[C@H](O)[C@@H]1O)S(=O)(=O)c1ccc(OC)c([N+](=O)[O-])c1,n1cnc2c(ncn2C3OC(CNSc4ccccc4)CC3)c1,regression,strict,test,False,6.943095148663527,active
CHEMBL5185197,COc1ccc(S(=O)(=O)N(CCCCOC(C)=O)C[C@H]2O[C@@H](n3cnc4c(N)ncnc43)[C@H](O)[C@@H]2O)cc1[N+](=O)[O-],n1cnc2c(ncn2C3OC(CNSc4ccccc4)CC3)c1,regression,strict,test,False,7.096910013008056,active
CHEMBL5177302,COc1ccc(S(=O)(=O)N(CCCCNc2cccc3ccccc23)C[C@H]2O[C@@H](n3cnc4c(N)ncnc43)[C@H](O)[C@@H]2O)cc1[N+](=O)[O-],n1cnc2c(ncn2C3OC(CN(Sc4ccccc4)CCCCNc5cccc6ccccc65)CC3)c1,regression,strict,train,False,7.522878745280337,active
CHEMBL5179718,CC1(C)S[C@@H]2[C@H](NC(=O)COc3ccccc3)C(=O)N2[C@H]1C(=O)OCc1ccccc1,O(c1ccccc1)CCNC2CN3C2SCC3COCc4ccccc4,regression,strict,train,False,4.301029995663981,inactive
CHEMBL5190736,CC1(C)[C@H](C(=O)OCc2ccccc2)N2C(=O)[C@@H](NC(=O)COc3ccccc3)[C@H]2S1(=O)=O,O(c1ccccc1)CCNC2CN3C2SCC3COCc4ccccc4,regression,strict,train,False,5.180456064458132,intermediate
CHEMBL5187027,CC1(C)[C@H](C(=O)OCc2ccccc2)N2C(=O)[C@@H](NC(=O)COc3ccccc3)C[C@H]2S1(=O)=O,O(c1ccccc1)CCNC2CN3C(SCC3COCc4ccccc4)C2,regression,strict,train,False,4.583359492661719,inactive
CHEMBL5191284,CC1(C)[C@H](C(=O)OCc2ccccc2F)N2C(=O)[C@@H](NC(=O)COc3ccccc3)[C@H]2S1(=O)=O,O(c1ccccc1)CCNC2CN3C2SCC3COCc4ccccc4,regression,strict,train,False,5.236572006437063,intermediate
CHEMBL5187062,CC1(C)[C@H](C(=O)OCc2cccc(F)c2)N2C(=O)[C@@H](NC(=O)COc3ccccc3)[C@H]2S1(=O)=O,O(c1ccccc1)CCNC2CN3C2SCC3COCc4ccccc4,regression,strict,train,False,5.036212172654444,intermediate
CHEMBL5184585,CC1(C)[C@H](C(=O)OCc2ccc(F)cc2)N2C(=O)[C@@H](NC(=O)COc3ccccc3)[C@H]2S1(=O)=O,O(c1ccccc1)CCNC2CN3C2SCC3COCc4ccccc4,regression,strict,train,False,5.130768280269024,intermediate
CHEMBL5188979,CC1(C)[C@H](C(=O)OCc2cc(F)cc(F)c2)N2C(=O)[C@@H](NC(=O)COc3ccccc3)[C@H]2S1(=O)=O,O(c1ccccc1)CCNC2CN3C2SCC3COCc4ccccc4,regression,strict,train,False,4.772113295386326,inactive
CHEMBL5177564,CC1(C)[C@H](C(=O)OCc2ccc(F)cc2F)N2C(=O)[C@@H](NC(=O)COc3ccccc3)[C@H]2S1(=O)=O,O(c1ccccc1)CCNC2CN3C2SCC3COCc4ccccc4,regression,strict,train,False,5.443697499232712,intermediate
CHEMBL5202165,CC1(C)[C@H](C(=O)OCc2c(F)cc(F)cc2F)N2C(=O)[C@@H](NC(=O)COc3ccccc3)[C@H]2S1(=O)=O,O(c1ccccc1)CCNC2CN3C2SCC3COCc4ccccc4,regression,strict,train,False,5.795880017344075,intermediate
CHEMBL5192323,CC1(C)[C@H](C(=O)OCc2cc(C(F)(F)F)cc(C(F)(F)F)c2)N2C(=O)[C@@H](NC(=O)COc3ccccc3)[C@H]2S1(=O)=O,O(c1ccccc1)CCNC2CN3C2SCC3COCc4ccccc4,regression,strict,train,False,4.452225294612178,inactive
CHEMBL5193661,CC1(C)[C@H](C(=O)OCc2cccc([N+](=O)[O-])c2)N2C(=O)[C@@H](NC(=O)COc3ccccc3)[C@H]2S1(=O)=O,O(c1ccccc1)CCNC2CN3C2SCC3COCc4ccccc4,regression,strict,train,False,4.876148359032914,inactive
CHEMBL5172484,COc1ccc(COC(=O)[C@@H]2N3C(=O)[C@@H](NC(=O)COc4ccccc4)[C@H]3S(=O)(=O)C2(C)C)cc1,O(c1ccccc1)CCNC2CN3C2SCC3COCc4ccccc4,regression,strict,train,False,4.507239610973162,inactive
CHEMBL5202168,CC1(C)[C@H](C(=O)OCc2ccc(C(F)(F)F)o2)N2C(=O)[C@@H](NC(=O)COc3ccccc3)[C@H]2S1(=O)=O,o1cccc1COCC2N3CC(NCCOc4ccccc4)C3SC2,regression,strict,train,False,4.991399828238082,inactive
CHEMBL5194556,Cc1cc(COC(=O)[C@@H]2N3C(=O)[C@@H](NC(=O)COc4ccccc4)[C@H]3S(=O)(=O)C2(C)C)on1,n1oc(cc1)COCC2N3CC(NCCOc4ccccc4)C3SC2,regression,strict,train,False,5.045757490560675,intermediate
CHEMBL5170364,COC(=O)[C@@H]1N2C(=O)[C@@H](NC(=O)COc3ccccc3)[C@H]2S(=O)(=O)C1(C)C,O(c1ccccc1)CCNC2CN3CCSC32,regression,strict,train,False,5.102372908709558,intermediate
CHEMBL5177086,CCOC(=O)[C@@H]1N2C(=O)[C@@H](NC(=O)COc3ccccc3)[C@H]2S(=O)(=O)C1(C)C,O(c1ccccc1)CCNC2CN3CCSC32,regression,strict,train,False,5.2839966563652006,intermediate
CHEMBL5183479,C#CCOC(=O)[C@@H]1N2C(=O)[C@@H](NC(=O)COc3ccccc3)[C@H]2S(=O)(=O)C1(C)C,O(c1ccccc1)CCNC2CN3CCSC32,regression,strict,train,False,5.522878745280337,intermediate
CHEMBL5193299,CC1(C)[C@H](C(=O)OCC#N)N2C(=O)[C@@H](NC(=O)COc3ccccc3)[C@H]2S1(=O)=O,O(c1ccccc1)CCNC2CN3CCSC32,regression,strict,train,False,5.013228265733755,intermediate
CHEMBL5184016,CC1(C)[C@H](C(=O)OCOc2ccccc2)N2C(=O)[C@@H](NC(=O)COc3ccccc3)[C@H]2S1(=O)=O,O(c1ccccc1)COCC2N3CC(NCCOc4ccccc4)C3SC2,regression,strict,train,False,5.180456064458132,intermediate
CHEMBL5198745,CC1(C)[C@H](C(=O)OCc2ccccc2)N2C(=O)[C@@H](NC(=O)CCc3ccccc3)[C@H]2S1(=O)=O,O(Cc1ccccc1)CC2N3CC(NCCCc4ccccc4)C3SC2,regression,strict,train,False,4.34008379993015,inactive
CHEMBL5203554,CC1(C)[C@H](C(=O)OCc2ccccc2)N2C(=O)[C@@H](NC(=O)COc3c(F)c(F)c(F)c(F)c3F)[C@H]2S1(=O)=O,O(c1ccccc1)CCNC2CN3C2SCC3COCc4ccccc4,regression,strict,train,False,5.275724130399211,intermediate
CHEMBL5188357,COc1ccc(OCC(=O)N[C@@H]2C(=O)N3[C@@H](C(=O)OCc4ccccc4)C(C)(C)S(=O)(=O)[C@H]23)cc1,O(c1ccccc1)CCNC2CN3C2SCC3COCc4ccccc4,regression,strict,train,False,5.552841968657781,intermediate
CHEMBL5183136,CC1(C)[C@H](C(=O)OCc2ccccc2)N2C(=O)[C@@H](NC(=O)COCc3ccccc3)[C@H]2S1(=O)=O,O(Cc1ccccc1)CCNC2CN3C2SCC3COCc4ccccc4,regression,strict,train,False,5.638272163982407,intermediate
CHEMBL5189663,CC1(C)[C@H](C(=O)OCc2ccccc2)N2C(=O)[C@@H](NC(=O)COC3CCCCC3)[C@H]2S1(=O)=O,O(Cc1ccccc1)CC2N3CC(NCCOC4CCCCC4)C3SC2,regression,strict,train,False,5.3872161432802645,intermediate
CHEMBL5184680,CC1(C)[C@H](C(=O)OCc2ccccc2)N2C(=O)[C@@H](NC(=O)COc3cccc4ccccc34)[C@H]2S1(=O)=O,O(c1cccc2ccccc12)CCNC3CN4C3SCC4COCc5ccccc5,regression,strict,train,False,4.375717904164332,inactive
CHEMBL5191009,CC1(C)[C@H](C(=O)OCc2ccccc2)N2C(=O)C(Br)(Br)[C@H]2S1(=O)=O,O(Cc1ccccc1)CC2N3CCC3SC2,regression,strict,test,False,6.154901959985743,active
CHEMBL5184035,CC1(C)[C@H](C(=O)OCc2ccccc2)N2C(=O)[C@H](Br)[C@H]2S1(=O)=O,O(Cc1ccccc1)CC2N3CCC3SC2,regression,strict,test,False,4.995678626217358,inactive
CHEMBL5201737,CC1(C)[C@H](C(=O)O)N2C(=O)C(Br)(Br)[C@H]2S1(=O)=O,S1CCN2CCC12,regression,strict,train,False,4.616184634019569,inactive
CHEMBL5196801,CC1(C)[C@H](C(=O)OCc2ccc([N+](=O)[O-])cc2)N2C(=O)C(Br)(Br)[C@H]2S1(=O)=O,O(Cc1ccccc1)CC2N3CCC3SC2,regression,strict,test,False,6.221848749616356,active
CHEMBL5174185,CC1(C)[C@H](C(=O)OCc2ccc([N+](=O)[O-])cc2)N2C(=O)C(Br)(Br)[C@H]2[S+]1[O-],O(Cc1ccccc1)CC2N3CCC3SC2,regression,strict,test,False,6.301029995663981,active
CHEMBL615,CC1(C)S[C@@H]2[C@H](NC(=O)COc3ccccc3)C(=O)N2[C@H]1C(=O)O,O(c1ccccc1)CCNC2CN3CCSC32,regression,strict,train,False,4.301029995663981,inactive
CHEMBL5175665,CC1(C)[C@H](C(=O)OCc2ccccc2)N2C(=O)[C@@H](NC(=O)COc3ccccc3)[C@H]2[S@@+]1[O-],O(c1ccccc1)CCNC2CN3C2SCC3COCc4ccccc4,regression,strict,train,False,4.640164517660112,inactive
CHEMBL5180585,CC1(C)[C@H](C(=O)OCc2ccccc2)N2C(=O)[C@H](NC(=O)COc3ccccc3)[C@H]2[S@@+]1[O-],O(c1ccccc1)CCNC2CN3C2SCC3COCc4ccccc4,regression,strict,train,False,4.301029995663981,inactive
CHEMBL5177029,CC1(C)[C@H](C(=O)OCc2ccccc2)N2C(=O)[C@H](NC(=O)COc3ccccc3)[C@H]2S1(=O)=O,O(c1ccccc1)CCNC2CN3C2SCC3COCc4ccccc4,regression,strict,train,False,4.301029995663981,inactive
CHEMBL5207886,CC1(C)[C@H](C(=O)OCc2cc(F)c(F)c(F)c2)N2C(=O)[C@@H](NC(=O)COc3ccccc3)[C@H]2S1(=O)=O,O(c1ccccc1)CCNC2CN3C2SCC3COCc4ccccc4,regression,strict,train,False,4.301029995663981,inactive
CHEMBL5205045,CC1(C)[C@H](C(=O)OCc2ccc([N+](=O)[O-])cc2)N2C(=O)[C@@H](NC(=O)COc3ccccc3)[C@H]2S1(=O)=O,O(c1ccccc1)CCNC2CN3C2SCC3COCc4ccccc4,regression,strict,train,False,4.301029995663981,inactive
CHEMBL5182588,CC1(C)[C@H](C(=O)OCc2ccc3ccccc3c2)N2C(=O)[C@@H](NC(=O)COc3ccccc3)[C@H]2S1(=O)=O,O(c1ccccc1)CCNC2CN3C2SCC3COCc4ccc5ccccc5c4,regression,strict,train,False,4.301029995663981,inactive
CHEMBL5183311,CC1(C)[C@H](C(=O)OCc2ccccc2)N2C(=O)[C@@H](NC(=O)Cc3ccccc3)[C@H]2S1(=O)=O,O(Cc1ccccc1)CC2N3CC(NCCc4ccccc4)C3SC2,regression,strict,train,False,4.301029995663981,inactive
CHEMBL5207205,CC1(C)[C@H](C(=O)OCc2ccccc2)N2C(=O)[C@@H](NC(=O)OCc3ccccc3)[C@H]2S1(=O)=O,O(CNC1CN2C1SCC2COCc3ccccc3)Cc4ccccc4,regression,strict,train,False,4.301029995663981,inactive
CHEMBL5200029,Cc1onc(-c2c(Cl)cccc2Cl)c1C(=O)N[C@@H]1C(=O)N2[C@@H](C(=O)OCc3ccccc3)C(C)(C)S(=O)(=O)[C@H]12,n1occ(c1-c2ccccc2)CNC3CN4C3SCC4COCc5ccccc5,regression,strict,train,False,4.301029995663981,inactive
CHEMBL5178752,CC1(C)[C@H](C(=O)OCc2ccccc2)N2C(=O)[C@@H](NC(=O)CNC(=O)c3ccccc3)[C@H]2S1(=O)=O,O(Cc1ccccc1)CC2N3CC(NCCNCc4ccccc4)C3SC2,regression,strict,train,False,4.301029995663981,inactive
CHEMBL5194789,CC1(C)[C@H](C(=O)OCc2ccccc2)N2C(=O)[C@@H](NC(=O)CNC(=O)OCc3ccccc3)[C@H]2S1(=O)=O,O(CNCCNC1CN2C1SCC2COCc3ccccc3)Cc4ccccc4,regression,strict,train,False,4.301029995663981,inactive
CHEMBL5200470,CC(C)C[C@H](NC(=O)OCc1ccccc1)C(=O)N[C@@H]1C(=O)N2[C@@H](C(=O)OCc3ccccc3)C(C)(C)S(=O)(=O)[C@H]12,O(CNCCNC1CN2C1SCC2COCc3ccccc3)Cc4ccccc4,regression,strict,test,False,4.301029995663981,inactive
CHEMBL5185121,CCN1CCC(NC(=O)N[C@@H](C(=O)N[C@@H]2C(=O)N3[C@@H](C(=O)OCc4ccccc4)C(C)(C)S(=O)(=O)[C@H]23)c2ccccc2)C(=O)C1=O,O(Cc1ccccc1)CC2N3CC(NCC(NCNC4CCNCC4)c5ccccc5)C3SC2,regression,strict,train,False,4.301029995663981,inactive
CHEMBL5181916,CC(Oc1ccccc1)C(=O)N[C@@H]1C(=O)N2[C@@H](C(=O)OCc3ccccc3)C(C)(C)S(=O)(=O)[C@H]12,O(c1ccccc1)CCNC2CN3C2SCC3COCc4ccccc4,regression,strict,train,False,4.301029995663981,inactive
CHEMBL5204887,CC(Oc1ccccc1)C(=O)N[C@@H]1C(=O)N2[C@@H](C(=O)OCc3ccc(F)cc3)C(C)(C)S(=O)(=O)[C@H]12,O(c1ccccc1)CCNC2CN3C2SCC3COCc4ccccc4,regression,strict,train,False,4.301029995663981,inactive
CHEMBL3133030,CC1(C)S[C@H]2N(C(=O)C2(Br)Br)[C@H]1C(=O)OCc1ccccc1,O(Cc1ccccc1)CC2N3CCC3SC2,regression,strict,test,False,4.301029995663981,inactive
CHEMBL5174549,CC1(C)S[C@H]2N(C(=O)C2(Br)Br)[C@H]1C(=O)OCc1ccc([N+](=O)[O-])cc1,O(Cc1ccccc1)CC2N3CCC3SC2,regression,strict,test,False,4.301029995663981,inactive
CHEMBL403,CC1(C)[C@H](C(=O)O)N2C(=O)C[C@H]2S1(=O)=O,S1CCN2CCC12,regression,strict,test,False,4.301029995663981,inactive
CHEMBL5205487,CC1(C)[C@H](C(=O)OCc2ccccc2)N2C(=O)C[C@H]2S1(=O)=O,O(Cc1ccccc1)CC2N3CCC3SC2,regression,strict,test,False,4.301029995663981,inactive
CHEMBL5205703,CC(C)C[C@H](NC(=O)OC1CC2(C1)CN(C(=O)OC(C)(C)C)C2)C(=O)N[C@H](C=O)C[C@H]1CCNC1=O,O(CNCCNCCC1CNCC1)C2CC3(CNC3)C2,regression,strict,train,False,5.481486060122113,intermediate
CHEMBL5177226,CC(C)C[C@H](NC(=O)OC1CC2(C1)CN(C(=O)OC(C)(C)C)C2)C(=O)N[C@@H](C[C@H]1CCNC1=O)C(=O)C(O)S(=O)(=O)[O-].[Na+],O(CNCCNCCC1CNCC1)C2CC3(CNC3)C2,regression,strict,train,False,6.070581074285707,active
CHEMBL5185303,CC(C)C[C@H](NC(=O)OC1CC2(C1)CN(C(=O)C(C)C)C2)C(=O)N[C@H](C=O)C[C@H]1CCNC1=O,O(CNCCNCCC1CNCC1)C2CC3(CNC3)C2,regression,strict,train,False,5.939302159646388,intermediate
CHEMBL5180071,CC(C)C[C@H](NC(=O)OC1CC2(C1)CN(C(=O)C(C)C)C2)C(=O)N[C@@H](C[C@H]1CCNC1=O)C(=O)C(O)S(=O)(=O)[O-].[Na+],O(CNCCNCCC1CNCC1)C2CC3(CNC3)C2,regression,strict,train,False,6.187086643357144,active
CHEMBL5172622,CC(C)C[C@H](NC(=O)OC1CC2(C1)CN(C(=O)Cc1ccccc1)C2)C(=O)N[C@H](C=O)C[C@H]1CCNC1=O,O(CNCCNCCC1CNCC1)C2CC3(CN(CCc4ccccc4)C3)C2,regression,strict,train,False,6.585026652029182,active
CHEMBL5209543,CC(C)C[C@H](NC(=O)OC1CC2(C1)CN(C(=O)Cc1ccccc1)C2)C(=O)N[C@@H](C[C@H]1CCNC1=O)C(=O)C(O)S(=O)(=O)[O-].[Na+],O(CNCCNCCC1CNCC1)C2CC3(CN(CCc4ccccc4)C3)C2,regression,strict,test,False,6.585026652029182,active
CHEMBL5198062,CC(C)C[C@H](NC(=O)OC1CC2(C1)CN(S(C)(=O)=O)C2)C(=O)N[C@H](C=O)C[C@H]1CCNC1=O,O(CNCCNCCC1CNCC1)C2CC3(CNC3)C2,regression,strict,train,False,6.167491087293763,active
CHEMBL5199430,CC(C)C[C@H](NC(=O)OC1CC2(CCN(C(=O)OC(C)(C)C)C2)C1)C(=O)N[C@H](C=O)C[C@H]1CCNC1=O,O(CNCCNCCC1CNCC1)C2CC3(CNCC3)C2,regression,strict,train,False,6.346787486224656,active
CHEMBL5179631,CC(C)C[C@H](NC(=O)OC1CC2(CCN(C(=O)OC(C)(C)C)C2)C1)C(=O)N[C@@H](C[C@H]1CCNC1=O)C(=O)C(O)S(=O)(=O)[O-].[Na+],O(CNCCNCCC1CNCC1)C2CC3(CNCC3)C2,regression,strict,test,False,6.1249387366083,active
CHEMBL5188783,CC(C)C[C@H](NC(=O)OC1CC2(C1)CN(S(C)(=O)=O)C2)C(=O)N[C@@H](C[C@H]1CCNC1=O)C(=O)C(O)S(=O)(=O)[O-].[Na+],O(CNCCNCCC1CNCC1)C2CC3(CNC3)C2,regression,strict,train,False,6.119186407719209,active
CHEMBL5178643,CC(C)C[C@H](NC(=O)OC1CCC2(C1)CN(C(=O)OC(C)(C)C)C2)C(=O)N[C@H](C=O)C[C@H]1CCNC1=O,O(CNCCNCCC1CNCC1)C2CCC3(CNC3)C2,regression,strict,train,False,5.903089986991944,intermediate
CHEMBL5190060,CC(C)C[C@H](NC(=O)OC1CCC2(C1)CN(C(=O)OC(C)(C)C)C2)C(=O)N[C@@H](C[C@H]1CCNC1=O)C(=O)C(O)S(=O)(=O)[O-].[Na+],O(CNCCNCCC1CNCC1)C2CCC3(CNC3)C2,regression,strict,test,False,5.920818753952375,intermediate
CHEMBL5180417,CC(C)C[C@H](NC(=O)OC1CC2(CCN(C(=O)OC(C)(C)C)CC2)C1)C(=O)N[C@H](C=O)C[C@H]1CCNC1=O,O(CNCCNCCC1CNCC1)C2CC3(CCNCC3)C2,regression,strict,test,False,6.443697499232712,active
CHEMBL5189699,CC(C)C[C@H](NC(=O)OC1CC2(CCN(C(=O)OC(C)(C)C)CC2)C1)C(=O)N[C@@H](C[C@H]1CCNC1=O)C(=O)C(O)S(=O)(=O)[O-].[Na+],O(CNCCNCCC1CNCC1)C2CC3(CCNCC3)C2,regression,strict,test,False,6.537602002101044,active
CHEMBL5172047,CC(C)C[C@H](NC(=O)OC1CC2(CCN(C(=O)C(C)C)CC2)C1)C(=O)N[C@H](C=O)C[C@H]1CCNC1=O,O(CNCCNCCC1CNCC1)C2CC3(CCNCC3)C2,regression,strict,test,False,6.42021640338319,active
CHEMBL5171293,CC(C)C[C@H](NC(=O)OC1CC2(CCN(C(=O)C(C)C)CC2)C1)C(=O)N[C@@H](C[C@H]1CCNC1=O)C(=O)C(O)S(=O)(=O)[O-].[Na+],O(CNCCNCCC1CNCC1)C2CC3(CCNCC3)C2,regression,strict,test,False,6.3872161432802645,active
CHEMBL5182182,CC(C)C[C@H](NC(=O)OC1CC2(CCN(C(=O)Cc3ccccc3)CC2)C1)C(=O)N[C@H](C=O)C[C@H]1CCNC1=O,O(CNCCNCCC1CNCC1)C2CC3(CCN(CCc4ccccc4)CC3)C2,regression,strict,train,False,6.455931955649724,active
CHEMBL5197848,CC(C)C[C@H](NC(=O)OC1CC2(CCN(C(=O)Cc3ccccc3)CC2)C1)C(=O)N[C@@H](C[C@H]1CCNC1=O)C(=O)C(O)S(=O)(=O)[O-].[Na+],O(CNCCNCCC1CNCC1)C2CC3(CCN(CCc4ccccc4)CC3)C2,regression,strict,test,False,6.537602002101044,active
CHEMBL5171724,CC(C)C[C@H](NC(=O)OC1CC2(CCN(S(C)(=O)=O)CC2)C1)C(=O)N[C@H](C=O)C[C@H]1CCNC1=O,O(CNCCNCCC1CNCC1)C2CC3(CCNCC3)C2,regression,strict,test,False,6.619788758288394,active
CHEMBL5205014,CC(C)C[C@H](NC(=O)OC1CC2(CCN(S(C)(=O)=O)CC2)C1)C(=O)N[C@@H](C[C@H]1CCNC1=O)C(=O)C(O)S(=O)(=O)[O-].[Na+],O(CNCCNCCC1CNCC1)C2CC3(CCNCC3)C2,regression,strict,test,False,6.619788758288394,active
CHEMBL5209179,CC(C)C[C@H](NC(=O)OC1CC2(CCN(C#N)CC2)C1)C(=O)N[C@H](C=O)C[C@H]1CCNC1=O,O(CNCCNCCC1CNCC1)C2CC3(CCNCC3)C2,regression,strict,test,False,6.494850021680094,active
CHEMBL5170187,CC(C)C[C@H](NC(=O)OC1CC2(CCN(C#N)CC2)C1)C(=O)N[C@@H](C[C@H]1CCNC1=O)C(=O)C(O)S(=O)(=O)[O-].[Na+],O(CNCCNCCC1CNCC1)C2CC3(CCNCC3)C2,regression,strict,test,False,6.4089353929735005,active
CHEMBL5205847,CC(C)C[C@H](NC(=O)OCc1ccccc1)C(=O)N[C@@H](C[C@H]1CCNC1=O)C(=O)C(O)S(=O)(=O)[O-].[Na+],O(CNCCNCCC1CNCC1)Cc2ccccc2,regression,strict,train,False,6.3872161432802645,active
CHEMBL5175369,CC(C)C[C@H](NC(=O)OC1CN(C(=O)OC(C)(C)C)C1)C(=O)N[C@H](C=O)C[C@H]1CCNC1=O,O(CNCCNCCC1CNCC1)C2CNC2,regression,strict,test,False,5.6020599913279625,intermediate
CHEMBL5208016,CC(C)C[C@H](NC(=O)OC1CN(C(=O)OC(C)(C)C)C1)C(=O)N[C@@H](C[C@H]1CCNC1=O)C(=O)C(O)S(=O)(=O)[O-].[Na+],O(CNCCNCCC1CNCC1)C2CNC2,regression,strict,test,False,5.515700160653214,intermediate
CHEMBL5207499,CC(C)C[C@H](NC(=O)OC1(C)CN(C(=O)OC(C)(C)C)C1)C(=O)N[C@H](C=O)C[C@H]1CCNC1=O,O(CNCCNCCC1CNCC1)C2CNC2,regression,strict,test,False,5.437707135543525,intermediate
CHEMBL5205491,CC(C)C[C@H](NC(=O)OC1(C)CN(C(=O)OC(C)(C)C)C1)C(=O)N[C@@H](C[C@H]1CCNC1=O)C(=O)C(O)S(=O)(=O)[O-].[Na+],O(CNCCNCCC1CNCC1)C2CNC2,regression,strict,test,False,5.6020599913279625,intermediate
CHEMBL5174398,CC(C)C[C@H](NC(=O)OCC1CN(C(=O)OC(C)(C)C)C1)C(=O)N[C@H](C=O)C[C@H]1CCNC1=O,O(CNCCNCCC1CNCC1)CC2CNC2,regression,strict,test,False,6.3872161432802645,active
CHEMBL5175792,CC(C)C[C@H](NC(=O)OCC1CN(C(=O)OC(C)(C)C)C1)C(=O)N[C@@H](C[C@H]1CCNC1=O)C(=O)C(O)S(=O)(=O)[O-].[Na+],O(CNCCNCCC1CNCC1)CC2CNC2,regression,strict,test,False,6.301029995663981,active
CHEMBL5171649,CC(C)C[C@H](NC(=O)OCC1CN(C(=O)Cc2ccccc2)C1)C(=O)N[C@H](C=O)C[C@H]1CCNC1=O,O(CNCCNCCC1CNCC1)CC2CN(CCc3ccccc3)C2,regression,strict,train,False,6.080921907623926,active
CHEMBL5201279,CC(C)C[C@H](NC(=O)OCC1CN(C(=O)Cc2ccccc2)C1)C(=O)N[C@@H](C[C@H]1CCNC1=O)C(=O)C(O)S(=O)(=O)[O-].[Na+],O(CNCCNCCC1CNCC1)CC2CN(CCc3ccccc3)C2,regression,strict,test,False,6.119186407719209,active
CHEMBL5199753,CC(C)C[C@H](NC(=O)OCC1CN(C(=O)C2CC3CCC2C3)C1)C(=O)N[C@H](C=O)C[C@H]1CCNC1=O,O(CNCCNCCC1CNCC1)CC2CN(C2)CC3CC4CCC3C4,regression,strict,train,False,6.2839966563652006,active
CHEMBL5175460,CC(C)C[C@H](NC(=O)OCC1CN(C(=O)C2CC3CCC2C3)C1)C(=O)N[C@@H](C[C@H]1CCNC1=O)C(=O)C(O)S(=O)(=O)[O-].[Na+],O(CNCCNCCC1CNCC1)CC2CN(C2)CC3CC4CCC3C4,regression,strict,test,False,6.309803919971486,active
CHEMBL5169443,CC(C)C[C@H](NC(=O)OCC1CN(S(C)(=O)=O)C1)C(=O)N[C@H](C=O)C[C@H]1CCNC1=O,O(CNCCNCCC1CNCC1)CC2CNC2,regression,strict,test,False,5.305394801066432,intermediate
CHEMBL5199371,CC(C)C[C@H](NC(=O)OCC1CN(S(C)(=O)=O)C1)C(=O)N[C@@H](C[C@H]1CCNC1=O)C(=O)C(O)S(=O)(=O)[O-].[Na+],O(CNCCNCCC1CNCC1)CC2CNC2,regression,strict,test,False,5.392544976785332,intermediate
CHEMBL5169770,[2H]C([2H])(OC(=O)N[C@@H](CC(C)C)C(=O)N[C@H](C=O)C[C@H]1CCNC1=O)C1CN(C(=O)OC(C)(C)C)C1,O(CNCCNCCC1CNCC1)CC2CNC2,regression,strict,test,False,6.481486060122113,active
CHEMBL5191530,[2H]C([2H])(OC(=O)N[C@@H](CC(C)C)C(=O)N[C@@H](C[C@H]1CCNC1=O)C(=O)C(O)S(=O)(=O)[O-])C1CN(C(=O)OC(C)(C)C)C1.[Na+],O(CNCCNCCC1CNCC1)CC2CNC2,regression,strict,test,False,6.468521082957745,active
CHEMBL5220835,CC(C)C[C@H](NC(=O)OCC1CC2CCCC(C2)C1)C(=O)N[C@H](C=O)C[C@H]1CCNC1=O,O(CNCCNCCC1CNCC1)CC2CC3CCCC(C2)C3,regression,strict,train,False,6.7447274948966935,active
CHEMBL5218876,CC(C)C[C@H](NC(=O)OCC1CC2CCCC(C2)C1)C(=O)N[C@@H](C[C@H]1CCNC1=O)C(O)S(=O)(=O)[O-].[Na+],O(CNCCNCCC1CNCC1)CC2CC3CCCC(C2)C3,regression,strict,train,False,6.769551078621726,active
CHEMBL5219917,[2H]C([2H])(OC(=O)N[C@@H](CC(C)C)C(=O)N[C@H](C=O)C[C@H]1CCNC1=O)C1CC2CCCC(C2)C1,O(CNCCNCCC1CNCC1)CC2CC3CCCC(C2)C3,regression,strict,train,False,6.537602002101044,active
CHEMBL5219492,[2H]C([2H])(OC(=O)N[C@@H](CC(C)C)C(=O)N[C@@H](C[C@H]1CCNC1=O)C(O)S(=O)(=O)[O-])C1CC2CCCC(C2)C1.[Na+],O(CNCCNCCC1CNCC1)CC2CC3CCCC(C2)C3,regression,strict,train,False,6.537602002101044,active
CHEMBL5219984,CC(C)C[C@H](NC(=O)OCC1CC2C=CCC(C2)C1)C(=O)N[C@H](C=O)C[C@H]1CCNC1=O,O(CNCCNCCC1CNCC1)CC2CC3C=CCC(C3)C2,regression,strict,train,False,6.508638306165727,active
CHEMBL5220472,CC(C)C[C@H](NC(=O)OCC1CC2C=CCC(C2)C1)C(=O)N[C@@H](C[C@H]1CCNC1=O)C(O)S(=O)(=O)[O-].[Na+],O(CNCCNCCC1CNCC1)CC2CC3C=CCC(C3)C2,regression,strict,train,False,6.585026652029182,active
CHEMBL5220572,[2H]C([2H])(OC(=O)N[C@@H](CC(C)C)C(=O)N[C@H](C=O)C[C@H]1CCNC1=O)C1CC2C=CCC(C2)C1,O(CNCCNCCC1CNCC1)CC2CC3C=CCC(C3)C2,regression,strict,train,False,6.552841968657781,active
CHEMBL5220285,[2H]C([2H])(OC(=O)N[C@@H](CC(C)C)C(=O)N[C@@H](C[C@H]1CCNC1=O)C(O)S(=O)(=O)[O-])C1CC2C=CCC(C2)C1.[Na+],O(CNCCNCCC1CNCC1)CC2CC3C=CCC(C3)C2,regression,strict,train,False,6.522878745280337,active
CHEMBL5218940,CC(C)C[C@H](NC(=O)OCC1CC2C=CC1C2)C(=O)N[C@H](C=O)C[C@H]1CCNC1=O,O(CNCCNCCC1CNCC1)CC2CC3C=CC2C3,regression,strict,train,False,6.585026652029182,active
CHEMBL5219523,CC(C)C[C@H](NC(=O)OCC1CC2C=CC1C2)C(=O)N[C@@H](C[C@H]1CCNC1=O)C(O)S(=O)(=O)[O-].[Na+],O(CNCCNCCC1CNCC1)CC2CC3C=CC2C3,regression,strict,test,False,6.552841968657781,active
CHEMBL5219370,CC(C)C[C@H](NC(=O)OCC1CC2CCC1C2)C(=O)N[C@H](C=O)C[C@H]1CCNC1=O,O(CNCCNCCC1CNCC1)CC2CC3CCC2C3,regression,strict,train,False,6.853871964321762,active
CHEMBL5218995,CC(C)C[C@H](NC(=O)OCC1CC2CCC1C2)C(=O)N[C@@H](C[C@H]1CCNC1=O)C(O)S(=O)(=O)[O-].[Na+],O(CNCCNCCC1CNCC1)CC2CC3CCC2C3,regression,strict,test,False,7.0,active
CHEMBL5220774,CC(C)C[C@H](NC(=O)OC1CC2CCC(C1)N2C(=O)OC(C)(C)C)C(=O)N[C@H](C=O)C[C@H]1CCNC1=O,O(CNCCNCCC1CNCC1)C2CC3NC(CC3)C2,regression,strict,train,False,5.721246399047171,intermediate
CHEMBL5220147,CC(C)C[C@H](NC(=O)OC1CC2CCC(C1)N2C(=O)OC(C)(C)C)C(=O)N[C@@H](C[C@H]1CCNC1=O)C(O)S(=O)(=O)[O-].[Na+],O(CNCCNCCC1CNCC1)C2CC3NC(CC3)C2,regression,strict,test,False,5.767003889607846,intermediate
CHEMBL5220933,CC(C)C[C@H](NC(=O)OC1CC2CCC(C1)N2C(=O)OCc1ccccc1)C(=O)N[C@H](C=O)C[C@H]1CCNC1=O,O(Cc1ccccc1)CN2C3CCC2CC(OCNCCNCCC4CNCC4)C3,regression,strict,train,False,6.4089353929735005,active
CHEMBL5219346,CC(C)C[C@H](NC(=O)OC1CC2CCC(C1)N2C(=O)OCc1ccccc1)C(=O)N[C@@H](C[C@H]1CCNC1=O)C(O)S(=O)(=O)[O-].[Na+],O(Cc1ccccc1)CN2C3CCC2CC(OCNCCNCCC4CNCC4)C3,regression,strict,test,False,6.431798275933005,active
CHEMBL5219362,CCCCCC12CCC(COC(=O)N[C@@H](CC(C)C)C(=O)N[C@H](C=O)C[C@H]3CCNC3=O)(CC1)CC2,O(CNCCNCCC1CNCC1)CC23CCC(CC2)CC3,regression,strict,train,False,6.568636235841013,active
CHEMBL5218677,CCCCCC12CCC(COC(=O)N[C@@H](CC(C)C)C(=O)N[C@@H](C[C@H]3CCNC3=O)C(O)S(=O)(=O)[O-])(CC1)CC2.[Na+],O(CNCCNCCC1CNCC1)CC23CCC(CC2)CC3,regression,strict,train,False,6.522878745280337,active
CHEMBL5219870,[2H]C([2H])(OC(=O)N[C@@H](CC(C)C)C(=O)N[C@H](C=O)C[C@H]1CCNC1=O)C12CCC(CCCCC)(CC1)CC2,O(CNCCNCCC1CNCC1)CC23CCC(CC2)CC3,regression,strict,train,False,6.508638306165727,active
CHEMBL5219054,[2H]C([2H])(OC(=O)N[C@@H](CC(C)C)C(=O)N[C@@H](C[C@H]1CCNC1=O)C(O)S(=O)(=O)[O-])C12CCC(CCCCC)(CC1)CC2.[Na+],O(CNCCNCCC1CNCC1)CC23CCC(CC2)CC3,regression,strict,train,False,6.508638306165727,active
CHEMBL5218716,CC(C)C[C@H](NC(=O)OCC12CC3CC(CC(C3)C1)C2)C(=O)N[C@H](C=O)C[C@H]1CCNC1=O,O(CNCCNCCC1CNCC1)CC23CC4CC(CC(C4)C2)C3,regression,strict,train,False,6.7447274948966935,active
CHEMBL5220123,CC(C)C[C@H](NC(=O)OCC12CC3CC(CC(C3)C1)C2)C(=O)N[C@@H](C[C@H]1CCNC1=O)C(O)S(=O)(=O)[O-].[Na+],O(CNCCNCCC1CNCC1)CC23CC4CC(CC(C4)C2)C3,regression,strict,train,False,6.823908740944319,active
CHEMBL5220574,[2H]C([2H])(OC(=O)N[C@@H](CC(C)C)C(=O)N[C@H](C=O)C[C@H]1CCNC1=O)C12CC3CC(CC(C3)C1)C2,O(CNCCNCCC1CNCC1)CC23CC4CC(CC(C4)C2)C3,regression,strict,train,False,6.537602002101044,active
CHEMBL5220471,[2H]C([2H])(OC(=O)N[C@@H](CC(C)C)C(=O)N[C@@H](C[C@H]1CCNC1=O)C(O)S(=O)(=O)[O-])C12CC3CC(CC(C3)C1)C2.[Na+],O(CNCCNCCC1CNCC1)CC23CC4CC(CC(C4)C2)C3,regression,strict,train,False,6.568636235841013,active
CHEMBL5220452,CC(C)C[C@H](NC(=O)OCCC12CC3CC(CC(C3)C1)C2)C(=O)N[C@H](C=O)C[C@H]1CCNC1=O,O(CNCCNCCC1CNCC1)CCC23CC4CC(CC(C4)C2)C3,regression,strict,train,False,6.568636235841013,active
CHEMBL5220196,CC(C)C[C@H](NC(=O)OCCC12CC3CC(CC(C3)C1)C2)C(=O)N[C@@H](C[C@H]1CCNC1=O)C(O)S(=O)(=O)[O-].[Na+],O(CNCCNCCC1CNCC1)CCC23CC4CC(CC(C4)C2)C3,regression,strict,test,False,6.6020599913279625,active
CHEMBL5220377,CC(C)C[C@H](NC(=O)OCC12CC3CC(CC(O)(C3)C1)C2)C(=O)N[C@H](C=O)C[C@H]1CCNC1=O,O(CNCCNCCC1CNCC1)CC23CC4CC(CC(C4)C2)C3,regression,strict,train,False,6.086186147616283,active
CHEMBL5219749,CC(C)C[C@H](NC(=O)OCC12CC3CC(CC(O)(C3)C1)C2)C(=O)N[C@@H](C[C@H]1CCNC1=O)C(O)S(=O)(=O)[O-].[Na+],O(CNCCNCCC1CNCC1)CC23CC4CC(CC(C4)C2)C3,regression,strict,train,False,5.987162775294828,intermediate
CHEMBL5218884,[2H]C([2H])(OC(=O)N[C@@H](CC(C)C)C(=O)N[C@H](C=O)C[C@H]1CCNC1=O)C12CC3CC(CC(O)(C3)C1)C2,O(CNCCNCCC1CNCC1)CC23CC4CC(CC(C4)C2)C3,regression,strict,train,False,6.130768280269024,active
CHEMBL5220641,[2H]C([2H])(OC(=O)N[C@@H](CC(C)C)C(=O)N[C@@H](C[C@H]1CCNC1=O)C(O)S(=O)(=O)[O-])C12CC3CC(CC(O)(C3)C1)C2.[Na+],O(CNCCNCCC1CNCC1)CC23CC4CC(CC(C4)C2)C3,regression,strict,train,False,6.107905397309519,active
CHEMBL5286417,CC(C)(C)OC(=O)Nc1ccn([C@@H](CC2CC2)C(=O)N[C@@H](C[C@@H]2CCNC2=O)C(=O)C(=O)NCc2ccccc2)c(=O)c1,c1ccc(cc1)CNCCC(NCC(N2C=CC=CC2)CC3CC3)CC4CNCC4,regression,strict,train,False,6.173925197299173,active
CHEMBL5290702,Cn1nc(-c2ccc(C(F)(F)F)cc2)nc2c(=O)n(C)c(=O)cc1-2,n1nc2=CCNCc2nc1-c3ccccc3,regression,strict,train,False,6.585026652029182,active
CHEMBL5271003,CC(NC(=O)C(Cc1ccccc1)NC(=O)OCc1ccccc1)C(=O)CF,O(CNCCc1ccccc1)Cc2ccccc2,regression,strict,train,False,4.9434762759209,inactive
CHEMBL2380760,NS(=O)(=O)c1cccc2c1C(=O)c1cccc(O)c1C2=O,c1ccc2c(c1)Cc3ccccc3C2,regression,strict,train,False,5.007004901568658,intermediate
CHEMBL3427167,CC(C)C[C@H](NC(=O)OCc1ccccc1)C(=O)N[C@@H](C[C@@H]1CCNC1=O)C(=O)C(=O)NC1CC1,O(CNCCNC(CCNC1CC1)CC2CNCC2)Cc3ccccc3,regression,strict,train,False,7.346787486224656,active
CHEMBL5287345,O=C(N[C@@H](Cc1ccccc1)C(=O)N[C@@H](C[C@@H]1CCNC1=O)C(O)S(=O)(=O)[O-])OCc1ccccc1.[Na+],O(CNC(CNCCC1CNCC1)Cc2ccccc2)Cc3ccccc3,regression,strict,train,False,7.346787486224656,active
CHEMBL5290927,CC(C)C[C@H](NC(=O)OCc1cccc(C(F)(F)F)c1)C(=O)N[C@@H](C[C@@H]1CCNC1=O)C(O)S(=O)(=O)[O-].[Na+],O(CNCCNCCC1CNCC1)Cc2ccccc2,regression,strict,train,False,7.795880017344075,active
CHEMBL5290282,COc1ccc(OCC(=O)N2C[C@H]3[C@@H]([C@H]2C(=O)N[C@H](C=O)C[C@@H]2CCNC2=O)C3(C)C)cc1,O(c1ccccc1)CCN2CC3CC3C2CNCCC4CNCC4,regression,strict,train,False,7.818156412055227,active
CHEMBL5267069,O=C[C@H](C[C@@H]1CCNC1=O)NC(=O)[C@@H]1[C@H]2CCC[C@H]2CN1C(=O)CCc1cc(F)cc(F)c1,c1ccc(cc1)CCCN2CC3CCCC3C2CNCCC4CNCC4,regression,strict,train,False,5.719979651227051,intermediate
CHEMBL5270743,O=C[C@H](C[C@@H]1CCNC1=O)NC(=O)[C@@H]1[C@H]2CCC[C@H]2CN1C(=O)COc1ccc(Cl)cc1Cl,O(c1ccccc1)CCN2CC3CCCC3C2CNCCC4CNCC4,regression,strict,train,False,7.640164517660112,active
CHEMBL5271977,C=CC(=O)N(c1ccc(C(C)(C)C)cc1)[C@H](C(=O)NCCc1cccc(F)c1)c1cccnc1,n1cccc(c1)C(Nc2ccccc2)CNCCc3ccccc3,regression,strict,train,False,5.543633966870957,intermediate
CHEMBL5288729,C=CC(=O)N(c1ccc(C(C)(C)C)cc1)[C@@H](C(=O)NCCc1cccc(F)c1)c1cccnc1,n1cccc(c1)C(Nc2ccccc2)CNCCc3ccccc3,regression,strict,test,False,4.063888568325146,inactive
CHEMBL590,CC1=CC(=O)c2ccccc2C1=O,c1ccc2c(c1)CC=CC2,regression,strict,train,False,5.099086932262331,intermediate
CHEMBL274056,O=C1C=CC(=O)c2c(O)ccc(O)c21,c1ccc2c(c1)CC=CC2,regression,strict,train,False,6.309803919971486,active
CHEMBL5283004,C[C@H](NC[C@@H](c1cccnc1)N(C(=O)C(Cl)Cl)c1ccc(-c2ccccc2)cc1)c1ccccc1,n1cccc(c1)C(Nc2ccc(cc2)-c3ccccc3)CNCc4ccccc4,regression,strict,train,False,6.366531544420414,active
CHEMBL5281998,C[C@H](NC[C@@H](c1cccnc1)N(C(=O)C(Br)(Br)Br)c1ccc(-c2ccccc2)cc1)c1ccccc1,n1cccc(c1)C(Nc2ccc(cc2)-c3ccccc3)CNCc4ccccc4,regression,strict,train,False,7.096910013008056,active
CHEMBL5278950,O=C(NCCc1cccc(F)c1)[C@@H](c1cncnc1)N(C(=O)[C@H](F)Cl)c1ccc(S(F)(F)(F)(F)F)cc1,n1cncc(c1)C(Nc2ccccc2)CNCCc3ccccc3,regression,strict,train,False,7.251811972993799,active
CHEMBL5287918,O=C(CCl)N1N=C(c2ccccc2)C[C@@H]1c1cccc2nccnc12,n1ccnc2c1cccc2C3NN=C(c4ccccc4)C3,regression,strict,train,False,6.275724130399211,active
CHEMBL5267414,O=C(CCl)N1N=C(c2cc(Cl)ccc2F)C(c2ccccc2)C1c1ccc2nccnc2c1,n1ccnc2cc(ccc12)C3NN=C(c4ccccc4)C3c5ccccc5,regression,strict,train,False,7.853871964321762,active
CHEMBL5287068,CSc1ccc2c(c1)NC(=O)C(F)(F)C2=O,c1ccc2c(c1)NCCC2,regression,strict,train,False,6.080921907623926,active
CHEMBL490822,O=C(Oc1cncc(Cl)c1)c1cccc2cc[nH]c12,n1cccc(OCc2cccc3cc[nH]c32)c1,regression,strict,train,False,7.259637310505756,active
CHEMBL5276480,O=C[C@H](C[C@@H]1CCNC1=O)NC(=O)[C@@H]1[C@H]2CCC[C@H]2CN1C(=O)OCc1ccccc1,O(Cc1ccccc1)CN2CC3CCCC3C2CNCCC4CNCC4,regression,strict,train,False,7.292429823902063,active
CHEMBL5276875,CC1(C)[C@@H]2[C@@H](C(=O)N[C@H](C=O)C[C@@H]3CCNC3=O)N(C(=O)OCc3ccccc3)C[C@@H]21,O(Cc1ccccc1)CN2CC3CC3C2CNCCC4CNCC4,regression,strict,train,False,7.403402904373539,active
CHEMBL5275051,CC(C)C[C@H](NC(=O)[C@@H](NC(=O)OCc1ccccc1)C(C)OC(C)(C)C)C(=O)N[C@H](C=O)C[C@@H]1CCNC1=O,O(CNCCNCCNCCC1CNCC1)Cc2ccccc2,regression,strict,train,False,6.978810700930062,active
CHEMBL5266148,CCC[C@H](NC(=O)[C@H](CC(C)C)NC(=O)OCc1ccccc1)C(=O)C(=O)NCc1ccccn1,n1ccccc1CNCCCNCCNCOCc2ccccc2,regression,strict,test,False,6.198367653766834,active
CHEMBL318779,CSCC[C@@H](C=O)NC(=O)[C@H](CC(C)C)NC(=O)[C@H](CC(C)C)NC(C)=O,NO_SCAFFOLD,regression,strict,test,False,5.413787895767913,intermediate
CHEMBL5267356,CCOC(=O)/C=C/[C@H](C[C@@H]1CCNC1=O)NC(=O)[C@H](CC(C)C)NC(=O)[C@@H](NC(=O)OCc1ccccc1)[C@@H](C)OC(C)(C)C,O(CNCCNCCNCCC1CNCC1)Cc2ccccc2,regression,strict,train,False,6.82198281990828,active
CHEMBL5289700,CC(=O)/C=C/[C@H](CCc1ccccc1)NC(=O)[C@H](CC1CCCCC1)NC(=O)c1ccc(F)cc1,c1ccc(cc1)CNC(CNCCCc2ccccc2)CC3CCCCC3,regression,strict,train,False,4.3260580013659125,inactive
CHEMBL4096388,CC(=O)/C=C/[C@H](CCc1ccccc1)NC(=O)[C@H](CC(C)C)NC(=O)OCc1ccc([N+](=O)[O-])cc1,O(CNCCNCCCc1ccccc1)Cc2ccccc2,regression,strict,train,False,3.803409345882693,inactive
CHEMBL5283687,COc1ccc(-c2sc3n(c(NC(C)(C)C)c4[n+]3[C@H]3CC(=O)C=C[C@H]3OC4)c2-c2ccc(OC)cc2)cc1.O=S(=O)([O-])C(F)(F)F,O1Cc2cn3c(sc(-c4ccccc4)c3-c5ccccc5)n2C6CCC=CC16,regression,strict,train,False,4.684029654543083,inactive
CHEMBL5288812,COc1cc(O)c2c(=O)c(O)c(-c3cc(O)c(O)c(O)c3)oc2c1,O1c2ccccc2CC=C1c3ccccc3,regression,strict,train,False,6.522878745280337,active
CHEMBL5287202,COc1cc(O)c2c(c1)O[C@H](c1cc(O)c(O)c(O)c1)[C@@H](O)C2=O,O1c2ccccc2CCC1c3ccccc3,regression,strict,train,False,6.585026652029182,active
CHEMBL5270421,COc1ccc2cc([C@@H](C)C(=O)Oc3cncc(Cl)c3)ccc2c1,n1cccc(OCCc2ccc3ccccc3c2)c1,regression,strict,train,False,6.795880017344075,active
CHEMBL5288669,Cc1cccc(C(=O)Oc2c(C)cccc2C(=O)Oc2cncc(Cl)c2)c1O,n1cccc(OCc2ccccc2OCc3ccccc3)c1,regression,strict,train,False,5.309803919971486,intermediate
CHEMBL5280925,COc1cccc(Cn2[se]c3ccccc3c2=O)c1,[Se]1c2ccccc2CN1Cc3ccccc3,regression,strict,train,False,6.440093374963888,active
CHEMBL5290840,O=C(c1cccc(Cn2[se]c3ccccc3c2=O)c1)N1CCOCC1,O1CCN(Cc2cccc(c2)CN3[Se]c4ccccc4C3)CC1,regression,strict,train,False,6.462180904926726,active
CHEMBL5279145,COc1cncc(Cn2[se]c3ccccc3c2=O)c1,n1cccc(c1)CN2[Se]c3ccccc3C2,regression,strict,train,False,6.330683119433888,active
CHEMBL5273811,O=c1c2ccccc2[se]n1Cc1ccc(Cl)cc1,[Se]1c2ccccc2CN1Cc3ccccc3,regression,strict,train,False,6.084072788302884,active
CHEMBL5266355,O=c1c2ccccc2[se]n1Cc1ccco1,o1cccc1CN2[Se]c3ccccc3C2,regression,strict,train,False,7.1386647611150575,active
CHEMBL3916514,CC(C)CCn1sc2ccccc2c1=O,n1sc2ccccc2c1,regression,strict,train,False,6.494850021680094,active
CHEMBL99313,O=c1c2ccccc2sn1Cc1ccccc1,S1c2ccccc2[CH]N1Cc3ccccc3,regression,strict,train,False,6.7447274948966935,active
CHEMBL5291321,O=c1c2ccccc2sn1CC1CCCCC1,S1c2ccccc2[CH]N1CC3CCCCC3,regression,strict,train,False,6.0,intermediate
CHEMBL416639,CCCCCn1sc2ccccc2c1=O,n1sc2ccccc2c1,regression,strict,train,False,6.3872161432802645,active
CHEMBL1716371,O=c1c2cc(Br)ccc2sn1-c1ccccc1,S1c2ccccc2[CH]N1c3ccccc3,regression,strict,train,False,7.522878745280337,active
CHEMBL5274000,CC(C)CCn1sc2ccc(Br)cc2c1=O,n1sc2ccccc2c1,regression,strict,train,False,6.494850021680094,active
CHEMBL45152,O=c1c2ccccc2sn1-c1ccccc1,S1c2ccccc2[CH]N1c3ccccc3,regression,strict,train,False,6.508638306165727,active
CHEMBL5280903,Cc1c(-c2ccc(O)c(O)c2)oc2cc(O)cc(O)c2c1=O,O1c2ccccc2CC=C1c3ccccc3,regression,strict,train,False,5.366531544420414,intermediate
CHEMBL5271510,CCCc1c(-c2ccc(O)c(O)c2)oc2cc(O)cc(O)c2c1=O,O1c2ccccc2CC=C1c3ccccc3,regression,strict,train,False,5.055517327849831,intermediate
CHEMBL594248,CCCCc1c(-c2ccc(O)c(O)c2)oc2cc(O)cc(O)c2c1=O,O1c2ccccc2CC=C1c3ccccc3,regression,strict,train,False,5.221848749616356,intermediate
CHEMBL3326854,CCCCOc1c(-c2ccc(O)c(O)c2)oc2cc(O)cc(O)c2c1=O,O1c2ccccc2CC=C1c3ccccc3,regression,strict,train,False,5.275724130399211,intermediate
CHEMBL5284680,O=c1c(OCCO)c(-c2ccc(O)c(O)c2)oc2cc(O)cc(O)c12,O1c2ccccc2CC=C1c3ccccc3,regression,strict,train,False,5.214670164989233,intermediate
CHEMBL5272459,O=c1c(OCCCO)c(-c2ccc(O)c(O)c2)oc2cc(O)cc(O)c12,O1c2ccccc2CC=C1c3ccccc3,regression,strict,train,False,5.251811972993799,intermediate
CHEMBL5281399,O=c1cc(Cc2ccc(O)c(O)c2)oc2cccc(O)c12,O1c2ccccc2CC=C1Cc3ccccc3,regression,strict,train,False,5.070581074285707,intermediate
CHEMBL5278945,CC(c1ccc(O)c(O)c1)c1cc(=O)c2c(O)cccc2o1,O1c2ccccc2CC=C1Cc3ccccc3,regression,strict,train,False,5.3872161432802645,intermediate
CHEMBL5281756,CCCCC(c1ccc(O)c(O)c1)c1cc(=O)c2c(O)cccc2o1,O1c2ccccc2CC=C1Cc3ccccc3,regression,strict,train,False,4.0,inactive
CHEMBL5284676,O=c1cc(CCc2ccc(O)c(O)c2)oc2cccc(O)c12,O1c2ccccc2CC=C1CCc3ccccc3,regression,strict,train,False,5.236572006437063,intermediate
CHEMBL228623,O=c1cc(/C=C/c2ccc(O)c(O)c2)oc2cccc(O)c12,O1C(C=Cc2ccccc2)=CCc3ccccc13,regression,strict,train,False,5.154901959985743,intermediate
CHEMBL5279962,O=C(Nc1ccc(O)c(O)c1)c1cc(=O)c2c(O)cccc2o1,O1c2ccccc2CC=C1CNc3ccccc3,regression,strict,train,False,5.1487416512809245,intermediate
CHEMBL5279597,O=C(Oc1ccc(O)c(O)c1)c1cc(=O)c2c(O)cccc2o1,O1c2ccccc2CC=C1COc3ccccc3,regression,strict,train,False,5.698970004336019,intermediate
CHEMBL5281483,O=C(OCCc1ccc(O)c(O)c1)c1cc(=O)c2c(O)cccc2o1,O1c2ccccc2CC=C1COCCc3ccccc3,regression,strict,train,False,4.355561410532162,inactive
CHEMBL5279136,O=C(NCCNC(=O)c1cc(=O)c2c(O)cccc2o1)c1ccc(O)c(O)c1,O1c2ccccc2CC=C1CNCCNCc3ccccc3,regression,strict,train,False,4.798602875679548,inactive
CHEMBL5286682,O=C(NCCNC(=S)Nc1ccc(O)c(O)c1)c1cc(=O)c2c(O)cccc2o1,O1c2ccccc2CC=C1CNCCNCNc3ccccc3,regression,strict,train,False,5.468521082957745,intermediate
CHEMBL151,O=c1cc(-c2ccc(O)c(O)c2)oc2cc(O)cc(O)c12,O1c2ccccc2CC=C1c3ccccc3,regression,strict,train,False,5.337242168318426,intermediate
CHEMBL50,O=c1c(O)c(-c2ccc(O)c(O)c2)oc2cc(O)cc(O)c12,O1c2ccccc2CC=C1c3ccccc3,regression,strict,train,False,5.161150909262744,intermediate
CHEMBL265502,Cc1ccc(C(=O)Nc2ccc(S(=O)(=O)O)c3cc(S(=O)(=O)O)cc(S(=O)(=O)O)c23)cc1NC(=O)c1cccc(NC(=O)Nc2cccc(C(=O)Nc3cc(C(=O)Nc4ccc(S(=O)(=O)O)c5cc(S(=O)(=O)O)cc(S(=O)(=O)O)c45)ccc3C)c2)c1,c1ccc2c(c1)cccc2NCc3cccc(c3)NCc4cccc(c4)NCNc5cccc(c5)CNc6cccc(c6)CNc7cccc8ccccc87,regression,strict,train,False,6.585026652029182,active
CHEMBL4526128,O=C(N[C@@H](Cc1ccc(O)cc1)C(=O)O)c1cc(-c2ccccc2)c(=O)n2c1sc1ccc(OC3CCCCC3)cc12,O(c1ccc2SC3=C(C=C(c4ccccc4)CN3c2c1)CNCCc5ccccc5)C6CCCCC6,regression,strict,train,False,4.559090917934782,inactive
CHEMBL5280512,Cc1ccccc1Cn1c(=O)sn(-c2cccc3ccccc23)c1=O,S1[CH]N([CH]N1c2cccc3ccccc32)Cc4ccccc4,regression,strict,test,False,5.809668301829708,intermediate
CHEMBL5268979,Cc1ccccc1C(=O)N(C)c1ccccc1,c1ccc(cc1)NCc2ccccc2,regression,strict,train,False,6.173925197299173,active
CHEMBL5277714,CC(C)(C)OC(=O)Nc1cccn([C@@H](CC2CCCCC2)C(=O)N[C@@H](C[C@@H]2CCNC2=O)C(=O)C(=O)NC2CC2)c1=O,C=1C=CCN(C1)C(CNC(CCNC2CC2)CC3CNCC3)CC4CCCCC4,regression,strict,test,False,5.621602099051862,intermediate
CHEMBL204813,CC(C)=CC[C@]12Oc3cc(O)c([C@H]4C=C(C)C[C@H](c5ccc(O)cc5O)[C@H]4C(=O)c4ccc(O)cc4O)c(O)c3C(=O)[C@@]1(O)Oc1cc(O)ccc12,O1c2ccc(cc2CC3Oc4ccccc4C13)C5C=CCC(c6ccccc6)C5Cc7ccccc7,regression,strict,train,False,5.142667503568732,intermediate
CHEMBL525084,CC(C)=CC[C@@]12Oc3cc(O)c([C@H]4C=C(C)C[C@H](c5ccc(O)cc5O)[C@H]4C(=O)c4ccc(O)cc4O)c(O)c3C(=O)[C@]1(O)Oc1cc(O)ccc12,O1c2ccc(cc2CC3Oc4ccccc4C13)C5C=CCC(c6ccccc6)C5Cc7ccccc7,regression,strict,train,False,5.173925197299173,intermediate
CHEMBL5269476,CC(C)=CCC12Oc3cc(O)c(C4C=C(C)CC(c5ccc(O)cc5O)C4C(=O)c4ccc(O)cc4O)c(O)c3C(=O)C1(O)Oc1cc(O)ccc12,O1c2ccc(cc2CC3Oc4ccccc4C13)C5C=CCC(c6ccccc6)C5Cc7ccccc7,regression,strict,train,False,4.856985199745905,inactive
CHEMBL5281602,CC(C)=CCCC1=C[C@H](c2c(O)cc3c(c2O)C(=O)C[C@@H](c2ccc(O)cc2O)O3)[C@@H](C(=O)c2ccc(O)cc2O)[C@H](c2ccc(O)cc2O)C1,O1c2ccc(cc2CCC1c3ccccc3)C4C=CCC(c5ccccc5)C4Cc6ccccc6,regression,strict,train,False,5.318758762624412,intermediate
CHEMBL377937,CC1=C[C@H](c2c(O)ccc([C@@H]3CC(=O)c4c(O)cc(O)cc4O3)c2O)[C@@H](C(=O)c2ccc(O)cc2O)[C@H](c2ccc(O)cc2O)C1,O1c2ccccc2CCC1c3cccc(c3)C4C=CCC(c5ccccc5)C4Cc6ccccc6,regression,strict,train,False,5.275724130399211,intermediate
CHEMBL1770312,CC(C)=CCc1c(-c2ccc(O)c3c2OC(C)(C)C=C3)oc2cc(O)cc(O)c2c1=O,O1c2ccccc2CC=C1c3cccc4C=CCOc43,regression,strict,train,False,4.453457336521869,inactive
CHEMBL464006,CC(C)=CCc1c(-c2ccc(O)cc2O)oc2c3c(cc(O)c2c1=O)OC(C)(C)C=C3,O1C(=CCc2ccc3OCC=Cc3c12)c4ccccc4,regression,strict,train,False,4.474955192963154,inactive
CHEMBL403516,CC(=O)O[C@H](CC=C(C)C)C1=CC(=O)c2c(O)ccc(O)c2C1=O,c1ccc2c(c1)CC=CC2,regression,strict,train,False,5.023038983988572,intermediate
CHEMBL5280654,CCC(CC)OC(=O)[C@H](C)N[P@@](=O)(CC[C@H]1O[C@@](C#N)(c2ccc3c(N)ncnn23)[C@H](O)[C@@H]1O)Oc1ccccc1,n1cnn2c(c1)ccc2C3OC(CCPOc4ccccc4)CC3,regression,strict,train,False,4.942714355581785,inactive
CHEMBL1448,O=C(Nc1ccc([N+](=O)[O-])cc1Cl)c1cc(Cl)ccc1O,c1ccc(cc1)NCc2ccccc2,regression,strict,train,False,6.552841968657781,active
CHEMBL76,CCN(CC)CCCC(C)Nc1ccnc2cc(Cl)ccc12,n1cccc2ccccc12,regression,strict,train,False,5.137868620686962,intermediate
CHEMBL5275426,O=C[C@H](C[C@@H]1CCNC1=O)NC(=O)[C@@H]1[C@H]2CCC[C@H]2CN1C(=O)CCc1cccc(F)c1,c1ccc(cc1)CCCN2CC3CCCC3C2CNCCC4CNCC4,regression,strict,train,False,8.119186407719209,active
CHEMBL5275166,O=C[C@H](C[C@@H]1CCNC1=O)NC(=O)[C@@H]1[C@H]2CCC[C@H]2CN1C(=O)COc1ccc(Cl)cc1,O(c1ccccc1)CCN2CC3CCCC3C2CNCCC4CNCC4,regression,strict,train,False,8.036212172654444,active
CHEMBL5277900,O=C[C@H](C[C@@H]1CCNC1=O)NC(=O)[C@@H]1[C@H]2CCC[C@H]2CN1C(=O)CCc1ccc(F)c(F)c1,c1ccc(cc1)CCCN2CC3CCCC3C2CNCCC4CNCC4,regression,strict,train,False,7.7594507517174,active
CHEMBL5288153,Cc1cc(Cl)ccc1OCC(=O)N1C[C@@H]2CCC[C@@H]2[C@H]1C(=O)N[C@H](C=O)C[C@@H]1CCNC1=O,O(c1ccccc1)CCN2CC3CCCC3C2CNCCC4CNCC4,regression,strict,train,False,7.705533773838407,active
CHEMBL5267952,O=C[C@H](C[C@@H]1CCNC1=O)NC(=O)[C@@H]1[C@H]2CCC[C@H]2CN1C(=O)COc1ccc(Cl)c(Cl)c1,O(c1ccccc1)CCN2CC3CCCC3C2CNCCC4CNCC4,regression,strict,train,False,7.443697499232712,active
CHEMBL5290856,O=C[C@H](C[C@@H]1CCNC1=O)NC(=O)[C@@H]1[C@H]2CCC[C@H]2CN1C(=O)COc1ccc(Cl)cc1F,O(c1ccccc1)CCN2CC3CCCC3C2CNCCC4CNCC4,regression,strict,train,False,7.459670525209126,active
CHEMBL5278216,COc1ccc(OCC(=O)N2C[C@@H]3CCC[C@@H]3[C@H]2C(=O)N[C@H](C=O)C[C@@H]2CCNC2=O)cc1,O(c1ccccc1)CCN2CC3CCCC3C2CNCCC4CNCC4,regression,strict,train,False,7.441291429466834,active
CHEMBL5274687,COc1ccc(OC(C)C(=O)N2C[C@@H]3CCC[C@@H]3[C@H]2C(=O)N[C@H](C=O)C[C@@H]2CCNC2=O)cc1,O(c1ccccc1)CCN2CC3CCCC3C2CNCCC4CNCC4,regression,strict,train,False,7.1605219526258015,active
CHEMBL5282049,O=C[C@H](C[C@@H]1CCNC1=O)NC(=O)[C@@H]1[C@H]2CCC[C@H]2CN1C(=O)COc1ccc2c(c1)OCCO2,O(c1ccc2OCCOc2c1)CCN3CC4CCCC4C3CNCCC5CNCC5,regression,strict,train,False,7.029188389127482,active
CHEMBL5278207,O=C[C@H](C[C@@H]1CCNC1=O)NC(=O)[C@@H]1[C@H]2CCC[C@H]2CN1C(=O)c1cc2ccccc2[nH]1,c1ccc2[nH]c(cc2c1)CN3CC4CCCC4C3CNCCC5CNCC5,regression,strict,train,False,6.815024809301739,active
CHEMBL5281031,COc1ccc(/C=C/C(=O)N2C[C@@H]3CCC[C@@H]3[C@H]2C(=O)N[C@H](C=O)C[C@@H]2CCNC2=O)c(OC)c1,c1ccc(cc1)C=CCN2CC3CCCC3C2CNCCC4CNCC4,regression,strict,train,False,6.708631149548418,active
CHEMBL5290455,O=C[C@H](C[C@@H]1CCNC1=O)NC(=O)[C@@H]1[C@H]2CCC[C@H]2CN1C(=O)c1cc2ccccn2n1,n1c(cc2ccccn12)CN3CC4CCCC4C3CNCCC5CNCC5,regression,strict,train,False,6.524619406856639,active
CHEMBL5284630,CN(C)c1ccc(/C=C/C(=O)N2C[C@@H]3CCC[C@@H]3[C@H]2C(=O)N[C@H](C=O)C[C@@H]2CCNC2=O)cc1,c1ccc(cc1)C=CCN2CC3CCCC3C2CNCCC4CNCC4,regression,strict,train,False,6.425968732272281,active
CHEMBL5274857,CN(C)c1ccc(CCC(=O)N2C[C@@H]3CCC[C@@H]3[C@H]2C(=O)N[C@H](C=O)C[C@@H]2CCNC2=O)cc1,c1ccc(cc1)CCCN2CC3CCCC3C2CNCCC4CNCC4,regression,strict,train,False,6.422278475490979,active
CHEMBL5286696,O=C[C@H](C[C@@H]1CCNC1=O)NC(=O)[C@@H]1[C@H]2CCC[C@H]2CN1C(=O)/C=C/c1ccccc1,c1ccc(cc1)C=CCN2CC3CCCC3C2CNCCC4CNCC4,regression,strict,train,False,6.279096829186543,active
CHEMBL5273500,O=C[C@H](C[C@@H]1CCNC1=O)NC(=O)[C@@H]1[C@H]2CCC[C@H]2CN1C(=O)c1cccnc1,n1cccc(c1)CN2CC3CCCC3C2CNCCC4CNCC4,regression,strict,train,False,6.1258081953209285,active
CHEMBL5287318,CC1(C)[C@@H]2[C@@H](C(=O)N[C@H](C=O)C[C@@H]3CCNC3=O)N(C(=O)COc3ccc(Cl)c(Cl)c3)C[C@@H]21,O(c1ccccc1)CCN2CC3CC3C2CNCCC4CNCC4,regression,strict,train,False,7.906578314837765,active
CHEMBL5288416,CC1(C)[C@@H]2[C@@H](C(=O)N[C@H](C=O)C[C@@H]3CCNC3=O)N(C(=O)COc3ccc(Cl)cc3Cl)C[C@@H]21,O(c1ccccc1)CCN2CC3CC3C2CNCCC4CNCC4,regression,strict,train,False,7.688246138944246,active
CHEMBL5269547,CC1(C)[C@@H]2[C@@H](C(=O)N[C@H](C=O)C[C@@H]3CCNC3=O)N(C(=O)COc3ccc(F)c(F)c3)C[C@@H]21,O(c1ccccc1)CCN2CC3CC3C2CNCCC4CNCC4,regression,strict,train,False,7.87942606879415,active
CHEMBL5282244,CC1(C)[C@@H]2[C@@H](C(=O)N[C@H](C=O)C[C@@H]3CCNC3=O)N(C(=O)COc3ccc(Br)cc3Cl)C[C@@H]21,O(c1ccccc1)CCN2CC3CC3C2CNCCC4CNCC4,regression,strict,train,False,7.876148359032914,active
CHEMBL5269544,COc1ccc(OCC(=O)N2C[C@H]3[C@@H]([C@H]2C(=O)N[C@H](C=O)C[C@@H]2CCNC2=O)C3(C)C)cc1OC,O(c1ccccc1)CCN2CC3CC3C2CNCCC4CNCC4,regression,strict,train,False,7.838631997765025,active
CHEMBL5275295,CC1(C)[C@@H]2[C@@H](C(=O)N[C@H](C=O)C[C@@H]3CCNC3=O)N(C(=O)CCc3cccc(F)c3)C[C@@H]21,c1ccc(cc1)CCCN2CC3CC3C2CNCCC4CNCC4,regression,strict,train,False,7.782516055786093,active
CHEMBL5270522,CC1(C)[C@@H]2[C@@H](C(=O)N[C@H](C=O)C[C@@H]3CCNC3=O)N(C(=O)COc3cc(F)cc(F)c3)C[C@@H]21,O(c1ccccc1)CCN2CC3CC3C2CNCCC4CNCC4,regression,strict,train,False,7.732828271596986,active
CHEMBL5276490,CC1(C)[C@@H]2[C@@H](C(=O)N[C@H](C=O)C[C@@H]3CCNC3=O)N(C(=O)COc3ccc(Cl)cc3)C[C@@H]21,O(c1ccccc1)CCN2CC3CC3C2CNCCC4CNCC4,regression,strict,train,False,7.721246399047171,active
CHEMBL5286331,COc1ccc(OCC(=O)N2C[C@H]3[C@@H]([C@H]2C(=O)N[C@H](C=O)C[C@@H]2CCNC2=O)C3(C)C)cc1F,O(c1ccccc1)CCN2CC3CC3C2CNCCC4CNCC4,regression,strict,train,False,7.429457060118103,active
CHEMBL5286326,CC1(C)[C@@H]2[C@@H](C(=O)N[C@H](C=O)C[C@@H]3CCNC3=O)N(C(=O)COc3cccc(C(F)(F)F)c3)C[C@@H]21,O(c1ccccc1)CCN2CC3CC3C2CNCCC4CNCC4,regression,strict,train,False,7.363512103646634,active
CHEMBL5287690,CC1(C)[C@@H]2[C@@H](C(=O)N[C@H](C=O)C[C@@H]3CCNC3=O)N(C(=O)COc3ccc(Br)c(Cl)c3)C[C@@H]21,O(c1ccccc1)CCN2CC3CC3C2CNCCC4CNCC4,regression,strict,train,False,7.294136287716081,active
CHEMBL5287688,CC1(C)[C@@H]2[C@@H](C(=O)N[C@H](C=O)C[C@@H]3CCNC3=O)N(C(=O)COc3ccc4ccccc4c3)C[C@@H]21,O(c1ccc2ccccc2c1)CCN3CC4CC4C3CNCCC5CNCC5,regression,strict,train,False,7.283162276700476,active
CHEMBL5284199,CC1(C)[C@@H]2[C@@H](C(=O)N[C@H](C=O)C[C@@H]3CCNC3=O)N(C(=O)c3ccc4ccccc4c3)C[C@@H]21,c1ccc2cc(ccc2c1)CN3CC4CC4C3CNCCC5CNCC5,regression,strict,train,False,6.343901797987168,active
CHEMBL5277063,CCCCC1CCC(OC(=O)N[C@@H](CC(C)C)C(=O)N[C@@H](C[C@@H]2CCNC2=O)C(O)S(=O)(=O)O)CC1,O(CNCCNCCC1CNCC1)C2CCCCC2,regression,strict,test,False,6.698970004336019,active
CHEMBL5288267,CCCC1CCC(OC(=O)N[C@@H](CC(C)C)C(=O)N[C@@H](C[C@@H]2CCNC2=O)C(O)S(=O)(=O)O)CC1,O(CNCCNCCC1CNCC1)C2CCCCC2,regression,strict,test,False,6.638272163982407,active
CHEMBL5271624,CC(C)C[C@H](NC(=O)OC1CCC(F)(F)CC1)C(=O)N[C@@H](C[C@@H]1CCNC1=O)C(O)S(=O)(=O)O,O(CNCCNCCC1CNCC1)C2CCCCC2,regression,strict,test,False,6.3872161432802645,active
CHEMBL5095608,CC(C)C[C@H](NC(=O)OCC1CCC(F)(F)CC1)C(=O)N[C@@H](C[C@@H]1CCNC1=O)C(O)S(=O)(=O)O,O(CNCCNCCC1CNCC1)CC2CCCCC2,regression,strict,train,False,6.346787486224656,active
CHEMBL5289335,CC(C)C[C@H](NC(=O)OC1CCCCC1)C(=O)N[C@@H](C[C@@H]1CCNC1=O)C(O)S(=O)(=O)O,O(CNCCNCCC1CNCC1)C2CCCCC2,regression,strict,test,False,6.187086643357144,active
CHEMBL3655715,O=C(O)c1ccc(-n2[se]c3ccccc3c2=O)cc1,[Se]1c2ccccc2CN1c3ccccc3,regression,strict,train,False,6.886056647693163,active
CHEMBL5283181,O=c1c2ccccc2[se]n1-c1cccc([N+](=O)[O-])c1,[Se]1c2ccccc2CN1c3ccccc3,regression,strict,train,False,6.823908740944319,active
CHEMBL4779667,O=c1c2ccccc2[se]n1CCN1CCOCC1,O1CCN(CC1)CCN2[Se]c3ccccc3C2,regression,strict,train,False,6.619788758288394,active
CHEMBL5270064,CC(C)(C)OC(=O)NCn1[se]c2ccccc2c1=O,[Se]1NCc2ccccc12,regression,strict,train,False,6.481486060122113,active
CHEMBL4552531,O=C(O)CCn1[se]c2ccccc2c1=O,[Se]1NCc2ccccc12,regression,strict,train,False,6.455931955649724,active
CHEMBL4068618,O=C(O)Cn1[se]c2ccccc2c1=O,[Se]1NCc2ccccc12,regression,strict,train,False,6.3872161432802645,active
CHEMBL4783878,O=c1c2ccccc2[se]n1CCO,[Se]1NCc2ccccc12,regression,strict,train,False,6.187086643357144,active
CHEMBL4079667,Nc1ccccc1-n1sc2ccccc2c1=O,S1c2ccccc2[CH]N1c3ccccc3,regression,strict,train,False,6.886056647693163,active
CHEMBL1435753,CCCNC(=O)c1ccc(-n2sc3ccccc3c2=O)cc1,S1c2ccccc2[CH]N1c3ccccc3,regression,strict,train,False,6.638272163982407,active
CHEMBL1336959,Cc1ccc(-n2sc3ccccc3c2=O)cc1,S1c2ccccc2[CH]N1c3ccccc3,regression,strict,train,False,6.481486060122113,active
CHEMBL4060715,COC(=O)c1ccc(-n2sc3ccccc3c2=O)cc1,S1c2ccccc2[CH]N1c3ccccc3,regression,strict,train,False,6.443697499232712,active
CHEMBL1394251,O=C(NCc1ccco1)c1ccc(-n2sc3ccccc3c2=O)cc1,o1cccc1CNCc2ccc(cc2)N3Sc4ccccc4[CH]3,regression,strict,train,False,6.42021640338319,active
CHEMBL98386,O=c1c2ccccc2sn1-c1ccc(Cl)cc1,S1c2ccccc2[CH]N1c3ccccc3,regression,strict,train,False,6.4089353929735005,active
CHEMBL45016,O=c1c2ccccc2sn1CCO,n1sc2ccccc2c1,regression,strict,train,False,6.3872161432802645,active
CHEMBL5277713,O=c1c2ccccc2sn1CCCCc1ccccc1,S1c2ccccc2[CH]N1CCCCc3ccccc3,regression,strict,train,False,6.3872161432802645,active
CHEMBL3219171,CC(C)Cn1sc2ccccc2c1=O,n1sc2ccccc2c1,regression,strict,train,False,6.318758762624412,active
CHEMBL2391913,C=CCn1sc2ccccc2c1=O,n1sc2ccccc2c1,regression,strict,train,False,6.200659450546418,active
CHEMBL297304,O=c1[nH]sc2ccccc12,n1sc2ccccc2c1,regression,strict,train,False,6.180456064458132,active
CHEMBL5280783,CCCn1sc2ccccc2c1=O,n1sc2ccccc2c1,regression,strict,train,False,6.136677139879544,active
CHEMBL1710047,Cn1sc2ccccc2c1=O,n1sc2ccccc2c1,regression,strict,train,False,6.107905397309519,active
CHEMBL5274064,CCCCNC(=O)c1ccc(-n2sc3ccccc3c2=O)cc1,S1c2ccccc2[CH]N1c3ccccc3,regression,strict,train,False,6.040958607678906,active
CHEMBL1096283,Cn1nc(-c2ccc(C(F)(F)F)cc2)nc2c(=O)n(C)c(=O)nc1-2,n1nc(nc2cncnc12)-c3ccccc3,regression,strict,train,False,6.585026652029182,active
CHEMBL212218,Cc1cc(S(=O)(=O)c2c([N+](=O)[O-])cc(C(F)(F)F)cc2[N+](=O)[O-])c(Cl)cc1Cl,S(c1ccccc1)c2ccccc2,regression,strict,train,False,6.522878745280337,active
CHEMBL5290841,CC(=O)N[C@H](C(=O)N[C@H](C(=O)N[C@@H](CC(C)C)C(=O)N[C@@H](CCC(=O)N(C)C)C(=O)Cn1[nH]c(=O)c2c([N+](=O)[O-])cccc2c1=O)[C@@H](C)OCc1ccccc1)C(C)C,[N]1[CH]c2ccccc2[CH]N1CCCNCCNCCCOCc3ccccc3,regression,strict,train,False,6.221848749616356,active
CHEMBL5281857,CC(C)C[C@@H](C=O)NC(=O)[C@H](Cc1ccccc1)NC(=O)[C@@H]1Cc2ccccc2CN1,c1ccc(cc1)CCNCC2NCc3ccccc3C2,regression,strict,train,False,3.3716110699496884,inactive
CHEMBL5286815,CC(=O)NCC(=O)N[C@@H](Cc1ccccc1)C(=O)N[C@H](C=O)Cc1c[nH]cn1,n1c[nH]cc1CCNCCCc2ccccc2,regression,strict,train,False,5.600326278518962,intermediate
CHEMBL5270591,CC(=O)NCC(=O)N[C@@H](Cc1c[nH]cn1)C(=O)N[C@H](C=O)Cc1c[nH]cn1,[N]1C=NC(=C1)CCCNCCc2nc[nH]c2,regression,strict,train,False,3.6716203965612624,inactive
CHEMBL5279125,O=C[C@H](Cc1c[nH]cn1)NC(=O)[C@H](Cc1c[nH]cn1)NC(=O)[C@@H]1Cc2ccccc2CN1,[N]1C=NC(=C1)CCNCC(NCC2NCc3ccccc3C2)Cc4nc[nH]c4,regression,strict,train,False,4.422048872270245,inactive
CHEMBL5287116,CC(=O)NCC(=O)N[C@@H](Cc1c[nH]cn1)C(=O)N[C@H](C=O)Cc1ccc(O)cc1,n1c[nH]cc1CCCNCCc2ccccc2,regression,strict,train,False,3.3716110699496884,inactive
CHEMBL5291407,CC(=O)NCC(=O)N[C@@H](Cc1ccc(O)cc1)C(=O)N[C@H](C=O)Cc1c[nH]cn1,n1c[nH]cc1CCNCCCc2ccccc2,regression,strict,train,False,3.703927433640165,inactive
CHEMBL5276189,CC(C)(C)O[C@H]1CN[C@H](C(=O)N[C@@H](Cc2c[nH]cn2)C(=O)N[C@H](C=O)Cc2c[nH]cn2)C1,[N]1C=NC(=C1)CC(NCC2NCCC2)CNCCc3nc[nH]c3,regression,strict,train,False,3.769551078621726,inactive
CHEMBL5291013,CC(C)(C)OC(=O)NCC(=O)N[C@@H](Cc1ccccc1)C(=O)N[C@H](C=O)Cc1c[nH]cn1,n1c[nH]cc1CCNCCCc2ccccc2,regression,strict,train,False,5.187755303199631,intermediate
CHEMBL5287352,CCCCCCCC(=O)NCC(=O)N[C@@H](Cc1ccccc1)C(=O)N[C@H](C=O)Cc1c[nH]cn1,n1c[nH]cc1CCNCCCc2ccccc2,regression,strict,train,False,5.6252516539898965,intermediate
CHEMBL2315036,CC(C)C[C@H](NC(=O)OCc1ccccc1)C(=O)N[C@@H](CC1CCNC1=O)C(O)S(=O)(=O)[O-].[Na+],O(CNCCNCCC1CNCC1)Cc2ccccc2,regression,strict,train,False,6.72970944683324,active
CHEMBL5278228,CNC(=O)c1cc(Br)cc([N+](=O)[O-])c1N[C@@H]1CCCC[C@@H]1NC(=O)c1cccc2ccccc12,c1ccc(cc1)NC2CCCCC2NCc3cccc4ccccc43,regression,strict,train,False,7.142667503568731,active
CHEMBL5283942,C[C@H](NC(=O)[C@@H](c1ccccc1)N(C(=O)c1ccco1)c1ccc(-c2ccccc2)cc1)c1ccccc1,o1cccc1CN(c2ccc(cc2)-c3ccccc3)C(c4ccccc4)CNCc5ccccc5,regression,strict,train,False,9.69897000433602,active
CHEMBL5274314,O=C(/C=C/c1ccccc1)NCc1nc(-c2ccc(C(F)(F)F)cc2)no1,n1oc(nc1-c2ccccc2)CNCC=Cc3ccccc3,regression,strict,train,False,4.3345597319346965,inactive
CHEMBL5284419,C/C=C/C(=O)NCc1nc(-c2ccc(C(F)(F)F)cc2)no1,n1ocnc1-c2ccccc2,regression,strict,train,False,3.602077363454683,inactive
CHEMBL5288475,O=C(/C=C/c1ccccn1)NCc1nc(-c2ccc(C(F)(F)F)cc2)no1,n1oc(nc1-c2ccccc2)CNCC=Cc3ncccc3,regression,strict,train,False,3.989530430203608,inactive
CHEMBL5276871,O=C(/C=C/c1ccco1)NCc1nc(-c2ccc(C(F)(F)F)cc2)no1,n1oc(nc1-c2ccccc2)CNCC=Cc3occc3,regression,strict,train,False,4.218101080648851,inactive
CHEMBL5285814,O=C(/C=C/c1cccs1)NCc1nc(-c2ccc(C(F)(F)F)cc2)no1,n1oc(nc1-c2ccccc2)CNCC=Cc3sccc3,regression,strict,train,False,4.263125638351577,inactive
CHEMBL5269736,O=C(NCc1nc(-c2ccc(C(F)(F)F)cc2)no1)c1ccccc1,n1oc(nc1-c2ccccc2)CNCc3ccccc3,regression,strict,train,False,4.207398218835033,inactive
CHEMBL5266928,O=C(CCc1ccccc1)NCc1nc(-c2ccc(C(F)(F)F)cc2)no1,n1oc(nc1-c2ccccc2)CNCCCc3ccccc3,regression,strict,train,False,4.043447408082601,inactive
CHEMBL5283003,O=C(C#Cc1ccccc1)NCc1nc(-c2ccc(C(F)(F)F)cc2)no1,C(#CCNCc1nc(no1)-c2ccccc2)c3ccccc3,regression,strict,train,False,4.32910504647979,inactive
CHEMBL5282313,CC1=C(c2ccccc2)C1C(=O)NCc1nc(-c2ccc(C(F)(F)F)cc2)no1,n1oc(nc1-c2ccccc2)CNCC3C=C3c4ccccc4,regression,strict,train,False,5.173277479831008,intermediate
CHEMBL5270638,CC1=C(c2ccccc2)C1C(=O)NCc1nc(-c2cccc(C(F)(F)F)c2)no1,n1oc(nc1-c2ccccc2)CNCC3C=C3c4ccccc4,regression,strict,train,False,4.8458804744841535,inactive
CHEMBL5284820,CC1=C(c2ccccc2)C1C(=O)NCc1nc(-c2ccccc2C(F)(F)F)no1,n1oc(nc1-c2ccccc2)CNCC3C=C3c4ccccc4,regression,strict,train,False,4.174444067709644,inactive
CHEMBL5277777,CC1=C(c2ccccc2)C1C(=O)NCc1nc(-c2ccccc2)no1,n1oc(nc1-c2ccccc2)CNCC3C=C3c4ccccc4,regression,strict,train,False,4.098977826751921,inactive
CHEMBL5275803,CC1=C(c2ccccc2)C1C(=O)NCc1nc(-c2cccc(C)c2)no1,n1oc(nc1-c2ccccc2)CNCC3C=C3c4ccccc4,regression,strict,train,False,4.453210648368742,inactive
CHEMBL5272656,COc1cccc(-c2noc(CNC(=O)C3C(C)=C3c3ccccc3)n2)c1,n1oc(nc1-c2ccccc2)CNCC3C=C3c4ccccc4,regression,strict,train,False,4.405386490839902,inactive
CHEMBL5290811,CC1=C(c2ccccc2)C1C(=O)NCc1nc(-c2cccc(F)c2)no1,n1oc(nc1-c2ccccc2)CNCC3C=C3c4ccccc4,regression,strict,train,False,4.174184555014796,inactive
CHEMBL5270863,CC1=C(c2ccccc2)C1C(=O)NCc1nc(-c2cccc(Cl)c2)no1,n1oc(nc1-c2ccccc2)CNCC3C=C3c4ccccc4,regression,strict,train,False,4.6728454875905685,inactive
CHEMBL5288572,CC1=C(c2ccccc2)C1C(=O)NCc1nc(-c2cccc([N+](=O)[O-])c2)no1,n1oc(nc1-c2ccccc2)CNCC3C=C3c4ccccc4,regression,strict,train,False,4.706416486503883,inactive
CHEMBL5276507,CC1=C(c2ccccc2)C1C(=O)NCc1nc(-c2cccc(OC(F)(F)F)c2)no1,n1oc(nc1-c2ccccc2)CNCC3C=C3c4ccccc4,regression,strict,train,False,4.706858516549069,inactive
CHEMBL5280670,CC1=C(c2ccccc2)C1C(=O)NC(C)c1nc(-c2ccc(C(F)(F)F)cc2)no1,n1oc(nc1-c2ccccc2)CNCC3C=C3c4ccccc4,regression,strict,train,False,4.013541787262693,inactive
CHEMBL5288939,CC1=C(c2ccccc2)C1C(=O)NC(CC1CC1)c1nc(-c2ccc(C(F)(F)F)cc2)no1,n1oc(nc1-c2ccccc2)C(NCC3C=C3c4ccccc4)CC5CC5,regression,strict,train,False,4.114695332411032,inactive
CHEMBL5274679,CC1=C(c2ccccc2)C1C(=O)NC(CC1CCCCC1)c1nc(-c2ccc(C(F)(F)F)cc2)no1,n1oc(nc1-c2ccccc2)C(NCC3C=C3c4ccccc4)CC5CCCCC5,regression,strict,train,False,4.712870379280889,inactive
CHEMBL5290148,CC1=C(c2ccccc2)C1C(=O)NC(Cc1ccccc1)c1nc(-c2ccc(C(F)(F)F)cc2)no1,n1oc(nc1-c2ccccc2)C(NCC3C=C3c4ccccc4)Cc5ccccc5,regression,strict,train,False,5.278189384787454,intermediate
CHEMBL5286093,CC1=C(c2ccccc2)C1C(=O)NC(Cc1ccc2ccccc2c1)c1nc(-c2ccc(C(F)(F)F)cc2)no1,n1oc(nc1-c2ccccc2)C(NCC3C=C3c4ccccc4)Cc5ccc6ccccc6c5,regression,strict,train,False,5.189095719331299,intermediate
CHEMBL5290924,CC1=C(c2ccccc2)C1C(=O)NC(Cc1cc2ccccc2[nH]1)c1nc(-c2ccc(C(F)(F)F)cc2)no1,n1oc(nc1-c2ccccc2)C(NCC3C=C3c4ccccc4)Cc5cc6ccccc6[nH]5,regression,strict,train,False,4.831502516476967,inactive
CHEMBL5274265,CC1=C(c2ccccc2)C1C(=O)NC(Cc1ccccc1F)c1nc(-c2ccc(C(F)(F)F)cc2)no1,n1oc(nc1-c2ccccc2)C(NCC3C=C3c4ccccc4)Cc5ccccc5,regression,strict,train,False,5.126098402135539,intermediate
CHEMBL5269801,CC1=C(c2ccccc2)C1C(=O)NC(Cc1cccc(F)c1)c1nc(-c2ccc(C(F)(F)F)cc2)no1,n1oc(nc1-c2ccccc2)C(NCC3C=C3c4ccccc4)Cc5ccccc5,regression,strict,train,False,4.849243560139691,inactive
CHEMBL5279877,CC1=C(c2ccccc2)C1C(=O)NC(Cc1ccc(F)cc1)c1nc(-c2ccc(C(F)(F)F)cc2)no1,n1oc(nc1-c2ccccc2)C(NCC3C=C3c4ccccc4)Cc5ccccc5,regression,strict,train,False,4.782252926737207,inactive
CHEMBL5268058,COc1cc(CN2C[C@H]3O[C@]4(C2)CN(S(=O)(=O)c2ccc(C)cc2)[C@]2(C(C)C)CC[C@H](OCCCN(C)C)[C@H]3[C@H]42)cc(OC)c1,O1C2CN(Cc3ccccc3)CC14CN(Sc5ccccc5)C6CCCC2C64,regression,strict,train,False,4.0,inactive
CHEMBL418052,Nc1ncnc2c1ncn2[C@@H]1O[C@H](CSCC[C@H](N)C(=O)O)[C@@H](O)[C@H]1O,n1cnc2c(ncn2C3OCCC3)c1,regression,strict,train,False,6.657577319177793,active
CHEMBL376902,O=C1NN(c2ccc(Cl)c(Cl)c2)C(=O)/C1=C\c1ccc(-c2ccc(Br)cc2C(=O)O)o1,o1c(ccc1-c2ccccc2)C=C3CNN(c4ccccc4)C3,regression,strict,train,False,5.036684488613889,intermediate
CHEMBL5282983,Clc1ccc(-c2c(-n3ccnc3)c(-c3ccc(Br)cc3)nn2-c2ccc(Cl)c(Cl)c2)cc1,n1ccn(c1)-c2c(nn(-c3ccccc3)c2-c4ccccc4)-c5ccccc5,regression,strict,train,False,5.6020599913279625,intermediate
CHEMBL495231,Cc1cc2cc(CN(CCc3ccccc3C)C(=O)NCc3ccccc3)c(=O)[nH]c2cc1C,c1ccc(cc1)CNCN(CC2=Cc3ccccc3NC2)CCc4ccccc4,regression,strict,train,False,4.764471553092451,inactive
CHEMBL523052,O=C(CSc1nc(C2CCCCC2)nc2ccccc12)NCc1ccco1,n1c(nc2ccccc2c1SCCNCc3occc3)C4CCCCC4,regression,strict,train,False,4.739928612014925,inactive
CHEMBL5285762,COC(=O)c1cc2c(O)cc(C(F)(F)F)cc2o1,o1ccc2ccccc12,regression,strict,train,False,5.366531544420414,intermediate
CHEMBL1339340,Cc1ccc2nc(-c3ccc(N)cc3)sc2c1S(=O)(=O)O,n1c(sc2ccccc12)-c3ccccc3,regression,strict,train,False,5.366531544420414,intermediate
CHEMBL5280472,CC1=C(C(=O)OCCc2ccccc2)C(c2ccccc2[N+](=O)[O-])C2C(=O)CCCC2N1,O(CC1=CNC2CCCCC2C1c3ccccc3)CCc4ccccc4,regression,strict,train,False,5.6020599913279625,intermediate
CHEMBL1405735,CCC(C)c1ccc(N(C(=O)c2ccco2)C(C(=O)NC2CCCC2)c2cccnc2)cc1,n1cccc(c1)C(N(c2ccccc2)Cc3occc3)CNC4CCCC4,regression,strict,test,False,5.657577319177793,intermediate
CHEMBL2311695,CC(C)c1ccc(N(C(=O)c2ccco2)C(C(=O)NC(C)(C)C)c2cccnc2)cc1,n1cccc(c1)CN(c2ccccc2)Cc3occc3,regression,strict,test,False,4.55129368009492,inactive
CHEMBL222769,O=C(Oc1cncc(Cl)c1)c1ccc(-c2ccc(Cl)cc2)o1,n1cccc(OCc2oc(cc2)-c3ccccc3)c1,regression,strict,train,False,7.200659450546418,active
CHEMBL225515,O=C(Oc1cncc(Cl)c1)c1cc2ccccc2[nH]1,n1cccc(OCc2cc3ccccc3[nH]2)c1,regression,strict,test,False,7.187086643357144,active
CHEMBL222234,O=C(Oc1cncc(Br)c1)c1ccco1,n1cccc(OCc2occc2)c1,regression,strict,train,False,7.301029995663981,active
CHEMBL222840,O=C(Oc1cncc(Cl)c1)c1ccco1,n1cccc(OCc2occc2)c1,regression,strict,test,False,7.221848749616356,active
CHEMBL221518,CC(=O)N[C@H](C(=O)N[C@H](C(=O)N[C@@H](CC(C)C)C(=O)N[C@@H](C[C@@H]1CCNC1=O)C(=O)Cn1[nH]c(=O)c2ccccc2c1=O)C(C)OCc1ccccc1)C(C)C,[N]1[CH]c2ccccc2[CH]N1CCC(NCCNCCCOCc3ccccc3)CC4CNCC4,regression,strict,train,False,5.568636235841013,intermediate
CHEMBL385315,CC(=O)N[C@H](C(=O)N[C@H](C(=O)N[C@@H](CC(C)C)C(=O)N[C@@H](CCC(=O)N(C)C)C(=O)Cn1[nH]c(=O)c2c([N+](=O)[O-])cccc2c1=O)C(C)O)C(C)C,n1ncc2ccccc2c1,regression,strict,train,False,4.275724130399211,inactive
CHEMBL446118,CC(=O)N[C@H](C(=O)N[C@H](C(=O)N[C@@H](CC(C)C)C(=O)N[C@@H](CCC(=O)N(C)C)C(=O)Cn1[nH]c(=O)c2c([N+](=O)[O-])cccc2c1=O)C(C)OCc1ccccc1)C(C)C,[N]1[CH]c2ccccc2[CH]N1CCCNCCNCCCOCc3ccccc3,regression,strict,train,False,4.154901959985743,inactive
CHEMBL223094,CC(=O)N[C@H](C(=O)N[C@H](C(=O)N[C@@H](CC(C)C)C(=O)N[C@@H](CCC(=O)N(C)C)C(=O)Cn1[nH]c(=O)c2ccccc2c1=O)C(C)O)C(C)C,n1ncc2ccccc2c1,regression,strict,test,False,4.552841968657781,inactive
CHEMBL374164,CC(=O)N[C@H](C(=O)N[C@H](C(=O)N[C@@H](CC(C)C)C(=O)N[C@@H](CCC(=O)N(C)C)C(=O)Cn1[nH]c(=O)c2ccccc2c1=O)C(C)OCc1ccccc1)C(C)C,[N]1[CH]c2ccccc2[CH]N1CCCNCCNCCCOCc3ccccc3,regression,strict,train,False,4.1938200260161125,inactive
CHEMBL372816,CC(=O)N[C@H](C(=O)N[C@H](C(=O)N[C@@H](CC(C)C)C(=O)N[C@@H](C[C@@H]1CCNC1=O)C(=O)Cn1[nH]c(=O)c2c([N+](=O)[O-])cccc2c1=O)C(C)O)C(C)C,[N]1[CH]c2ccccc2[CH]N1CCCCC3CNCC3,regression,strict,train,False,5.468521082957745,intermediate
CHEMBL373658,CC(=O)N[C@H](C(=O)N[C@H](C(=O)N[C@@H](CC(C)C)C(=O)N[C@@H](C[C@@H]1CCNC1=O)C(=O)Cn1[nH]c(=O)c2c([N+](=O)[O-])cccc2c1=O)C(C)OCc1ccccc1)C(C)C,[N]1[CH]c2ccccc2[CH]N1CCC(NCCNCCCOCc3ccccc3)CC4CNCC4,regression,strict,test,False,6.221848749616356,active
CHEMBL221519,CC(=O)N[C@H](C(=O)N[C@H](C(=O)N[C@@H](CC(C)C)C(=O)N[C@@H](C[C@@H]1CCNC1=O)C(=O)Cn1[nH]c(=O)c2ccccc2c1=O)C(C)O)C(C)C,[N]1[CH]c2ccccc2[CH]N1CCCCC3CNCC3,regression,strict,test,False,5.537602002101044,intermediate
CHEMBL5269595,O=C(c1ccc(-c2ccc(Cl)cc2)o1)C(F)(F)c1cncc(Br)c1,n1cccc(c1)CCc2oc(cc2)-c3ccccc3,regression,strict,train,False,4.2441251443275085,inactive
CHEMBL510559,O=C(Oc1cncc(Cl)c1)c1ccc2[nH]ccc2c1,n1cccc(OCc2ccc3[nH]ccc3c2)c1,regression,strict,train,False,6.698970004336019,active
CHEMBL5278309,O=C(c1ccc(-c2ccc(Cl)cc2)o1)C(F)c1cncc(Br)c1,n1cccc(c1)CCc2oc(cc2)-c3ccccc3,regression,strict,train,False,4.552841968657781,inactive
CHEMBL5274912,O=C(Cc1cncc(Br)c1)c1cnc(-c2ccc(Cl)cc2)o1,n1cccc(c1)CCc2oc(nc2)-c3ccccc3,regression,strict,train,False,4.1249387366083,inactive
CHEMBL1082333,N#Cc1c(-c2ccc(Cl)cc2)nc(SCc2ccc([N+](=O)[O-])cc2)[nH]c1=O,n1ccc(nc1SCc2ccccc2)-c3ccccc3,regression,strict,train,False,5.214670164989233,intermediate
CHEMBL4289483,O=C(Cc1cncc(Br)c1)c1ccc(-c2ccc(Cl)cc2)o1,n1cccc(c1)CCc2oc(cc2)-c3ccccc3,regression,strict,train,False,4.886056647693163,inactive
CHEMBL5288969,CC(C)C(=O)Nc1ccc(N(C(=O)Cn2nnc3ccccc32)C(C(=O)NC(C)(C)C)c2ccn(C)c2)cc1,n1nn(c2ccccc12)CCN(c3ccccc3)Cc4cc[nH]c4,regression,strict,train,False,5.3872161432802645,intermediate
CHEMBL5272843,CC(=O)NC(C)C(=O)N[C@@H](CO)C(=O)N[C@H](C(=O)[C@@H](CO)C(=O)N[C@H](C=O)CCC(N)=O)[C@@H](C)O,NO_SCAFFOLD,regression,strict,train,False,5.1249387366083,intermediate
CHEMBL5280630,CC(=O)NC(CCC(=O)O)C(=O)N[C@@H](CO)C(=O)N[C@H](C(=O)[C@@H](CC(C)C)C(=O)N[C@H](C=O)CCC(N)=O)[C@@H](C)O,NO_SCAFFOLD,regression,strict,test,False,5.1249387366083,intermediate
CHEMBL5279101,O=c1c(OC[C@H]2O[C@@H](O)[C@H](O)[C@@H](O)[C@H]2O)c(-c2ccc(O)c(O)c2)oc2cc(O)cc(O)c12,O1c2ccccc2CC(OCC3OCCCC3)=C1c4ccccc4,regression,strict,train,False,4.368657713516067,inactive
CHEMBL5279748,CC(C)(C)[C@H](NC(=O)C(F)(F)F)C(=O)N1CC2(CC2)C[C@H]1C(=O)N[C@H](C#N)C[C@@H]1CCNC1=O,N(CCC1CNCC1)CC2NCC3(CC3)C2,regression,strict,train,False,7.433916215832004,active
CHEMBL5283975,CC(C)(C)[C@H](NC(=O)C(F)(F)F)C(=O)N1[C@@H]2CC[C@@H](C2)[C@H]1C(=O)N[C@H](C#N)C[C@@H]1CCNC1=O,N1CCC(C1)CCNCC2NC3CCC2C3,regression,strict,train,False,7.262489309326524,active
CHEMBL5266964,CC(C)(C)[C@H](NS(=O)(=O)C1CC1)C(=O)N1C[C@H]2[C@@H]([C@H]1C(=O)N[C@H](C#N)C[C@@H]1CCNC1=O)C2(C)C,S(NCCN1CC2CC2C1CNCCC3CNCC3)C4CC4,regression,strict,train,False,7.641494088509765,active
CHEMBL5286307,CC(C)(C)[C@H](NC(=O)C(F)(F)F)C(=O)N1[C@@H]2CCC[C@@H]2C[C@H]1C(=O)N[C@H](C#N)C[C@@H]1CCNC1=O,N(CCC1CNCC1)CC2NC3CCCC3C2,regression,strict,train,False,7.743282254022513,active
CHEMBL5282079,CC(C)(C)[C@H](NS(=O)(=O)C(F)(F)F)C(=O)N1C[C@H]2[C@@H]([C@H]1C(=O)N[C@H](C#N)C[C@@H]1CCNC1=O)C2(C)C,N1CCC(C1)CCNCC2NCC3CC23,regression,strict,train,False,7.649364391741045,active
CHEMBL5275584,Cn1cnc2c1c(=O)n(CC(=O)Nc1ccc(S(=O)(=O)Nc3ncccn3)cc1)c(=O)n2C,n1cccnc1NSc2ccc(cc2)NCCN3[CH][N]c4nc[nH]c4[CH]3,regression,strict,train,False,5.248720896016658,intermediate
CHEMBL5281103,Cn1c(=O)c2c(nc3n(CC#Cc4ccc(Cl)c(Cl)c4)ccn23)n(C)c1=O,C(#CCn1ccn2c1nc3ncncc32)c4ccccc4,regression,strict,train,False,5.327902142064283,intermediate
CHEMBL5268256,O=c1[nH]cc(-c2cc(-c3cccc(Cl)c3)c(=O)n(-c3cccnc3)c2)c(=O)[nH]1,n1cncc(c1)C=2C=C(c3ccccc3)CN(C2)c4cnccc4,regression,strict,train,False,5.195179321278838,intermediate
CHEMBL5434703,CC1(C)[C@@H]2[C@@H](C(=O)N[C@H](C#N)C[C@@H]3CCNC3=O)N(C(=O)COc3ccc(OC(F)(F)F)cc3)C[C@@H]21,O(c1ccccc1)CCN2CC3CC3C2CNCCC4CNCC4,regression,strict,train,False,6.795880017344075,active
CHEMBL5401883,C#C[C@H](C[C@@H]1CCNC1=O)NC(=O)[C@@H]1[C@@H]2[C@H](CN1C(=O)[C@@H](NC(=O)C(F)(F)F)C(C)(C)C)C2(C)C,N1CCC(C1)CCNCC2NCC3CC23,regression,strict,train,False,5.3837083255828295,intermediate
CHEMBL5435659,C#C[C@H](CCSC)NC(=O)[C@@H]1[C@@H]2[C@H](CN1C(=O)[C@@H](NC(=O)C(F)(F)F)C(C)(C)C)C2(C)C,N1CC2CC2C1,regression,strict,train,False,4.924453038607469,inactive
CHEMBL5397356,CSCC[C@@H](C#N)NC(=O)[C@@H]1[C@@H]2[C@H](CN1C(=O)[C@@H](NC(=O)C(F)(F)F)C(C)(C)C)C2(C)C,N1CC2CC2C1,regression,strict,test,False,6.050609993355087,active
CHEMBL5396631,C#C[C@H](C[C@@H]1CCNC1=O)NC(=O)[C@@H]1[C@@H]2[C@H](CN1C(=O)COc1ccc(OC(F)(F)F)cc1)C2(C)C,O(c1ccccc1)CCN2CC3CC3C2CNCCC4CNCC4,regression,strict,train,False,5.552841968657781,intermediate
CHEMBL5435034,CC1(C)[C@@H]2[C@@H](C(=O)N[C@H](C#N)C[C@@H]3CCNC3=O)N(C(=O)COc3ccc(C(F)(F)F)cc3)C[C@@H]21,O(c1ccccc1)CCN2CC3CC3C2CNCCC4CNCC4,regression,strict,train,False,6.795880017344075,active
CHEMBL5409319,C#C[C@H](C[C@@H]1CCNC1=O)NC(=O)[C@@H]1[C@@H]2[C@H](CN1C(=O)COc1ccc(C(F)(F)F)cc1)C2(C)C,O(c1ccccc1)CCN2CC3CC3C2CNCCC4CNCC4,regression,strict,train,False,5.522878745280337,intermediate
CHEMBL5406957,C#C[C@H](C[C@@H]1CCNC1=O)NC(=O)[C@H](CC(C)C)NC(=O)OCc1ccccc1,O(CNCCNCCC1CNCC1)Cc2ccccc2,regression,strict,train,False,5.327902142064283,intermediate
CHEMBL5403352,CC(C)(C)[C@H](NC(=O)C(F)(F)F)C(=O)N1C[C@H]2[C@@H]([C@H]1C(=O)N[C@H](C#Cc1ccccc1)C[C@@H]1CCNC1=O)C2(C)C,C(#CC(NCC1NCC2CC12)CC3CNCC3)c4ccccc4,regression,strict,train,False,4.958607314841775,inactive
CHEMBL5410610,CC(C)(C)[C@H](NC(=O)C(F)(F)F)C(=O)N1C[C@H]2[C@@H]([C@H]1C(=O)N[C@H](C#Cc1ccc([N+](=O)[O-])cc1)C[C@@H]1CCNC1=O)C2(C)C,C(#CC(NCC1NCC2CC12)CC3CNCC3)c4ccccc4,regression,strict,test,False,5.1487416512809245,intermediate
CHEMBL5395936,CC(C)(C)[C@H](NC(=O)C(F)(F)F)C(=O)N1C[C@H]2[C@@H]([C@H]1C(=O)N[C@H](C#CC(F)(F)F)C[C@@H]1CCNC1=O)C2(C)C,N1CCC(C1)CCNCC2NCC3CC23,regression,strict,train,False,6.632023214705406,active
CHEMBL5076204,O=C[C@H](C[C@@H]1CCNC1=O)NC(=O)[C@H](Cc1ccccc1)NC(=O)c1cc2ccccc2[nH]1,c1ccc(cc1)CC(NCc2cc3ccccc3[nH]2)CNCCC4CNCC4,regression,strict,test,False,7.494850021680094,active
CHEMBL5400701,N#C[C@H](C[C@@H]1CCNC1=O)NC(=O)[C@@H]1[C@H]2CCC[C@H]2CN1C(=O)[C@@H](NC(=O)c1cnoc1)C1CCCCC1,n1occ(c1)CNC(CN2CC3CCCC3C2CNCCC4CNCC4)C5CCCCC5,regression,strict,train,False,6.8696662315049934,active
CHEMBL5400782,N#C[C@H](Cc1n[nH]c2ccccc12)NC(=O)[C@@H]1[C@H]2CCC[C@H]2CN1C(=O)[C@@H](NC(=O)C(F)(F)F)C1CCCCC1,n1[nH]c2ccccc2c1CCNCC3N(CCC4CCCCC4)CC5CCCC35,regression,strict,train,False,6.0,intermediate
CHEMBL5411271,CC(=O)N[C@H](C(=O)N1C[C@@H]2CCC[C@@H]2[C@H]1C(=O)N[C@H](C#N)C[C@@H]1CCNC1=O)C1CCCCC1,N1CCC(C1)CCNCC2N(CCC3CCCCC3)CC4CCCC24,regression,strict,train,False,6.258848401148215,active
CHEMBL5402227,N#C[C@H](C[C@@H]1CCNC1=O)NC(=O)[C@@H]1[C@H]2CCC[C@H]2CN1C(=O)[C@@H](NC(=O)C(F)(F)F)c1ccc(F)cc1,c1ccc(cc1)CCN2CC3CCCC3C2CNCCC4CNCC4,regression,strict,train,False,6.782516055786093,active
CHEMBL5439916,N#C[C@H](C[C@@H]1CCNC1=O)NC(=O)[C@@H]1[C@H]2CCC[C@H]2CN1C(=O)[C@@H](NC(=O)C(F)(F)F)C1CCCCC1,N1CCC(C1)CCNCC2N(CCC3CCCCC3)CC4CCCC24,regression,strict,train,False,7.327902142064283,active
CHEMBL5430131,CC(C)(C)[C@H](NC(=O)C(F)(F)F)C(=O)N1[C@@H]2CCCC[C@@H]2C[C@H]1C(=O)N[C@H](C#N)C[C@@H]1CCNC1=O,N(CCC1CNCC1)CC2NC3CCCCC3C2,regression,strict,train,False,6.0,intermediate
CHEMBL5403340,CC(C)(C)[C@H](NC(=O)C(F)(F)F)C(=O)N1C[C@@H]2C[C@@H]2[C@H]1C(=O)N[C@H](C#N)C[C@@H]1CCNC1=O,N1CCC(C1)CCNCC2NCC3CC23,regression,strict,train,False,6.448550002027125,active
CHEMBL5419985,CC(C)(C)[C@H](NC(=O)C(F)(F)F)C(=O)N1C[C@@H]2CCC[C@@H]2[C@H]1C(=O)N[C@H](C#N)C[C@@H]1CCNC1=O,N1CCC(C1)CCNCC2NCC3CCCC23,regression,strict,train,False,7.366531544420414,active
CHEMBL5403964,CC(C)(C)NC(=O)C(=O)[C@H](C[C@@H]1CCNC1=O)NC(=O)[C@@H]1[C@H]2CCC[C@H]2CN1C(=O)[C@@H](NC(=O)C(F)(F)F)C1CCCCC1,N1CCC(C1)CCNCC2N(CCC3CCCCC3)CC4CCCC24,regression,strict,train,False,7.468521082957745,active
CHEMBL5438575,CC(C)(C)NC(=O)C(=O)[C@H](C[C@@H]1CCNC1=O)NC(=O)[C@@H]1[C@H]2CCC[C@H]2CN1C(=O)[C@@H](NC(=O)C(F)(F)F)C1CCC1,N1CCC(C1)CCNCC2N(CCC3CCC3)CC4CCCC24,regression,strict,train,False,6.982966660701219,active
CHEMBL5409804,CC(C)(C)NC(=O)C(=O)[C@H](C[C@@H]1CCNC1=O)NC(=O)[C@@H]1[C@H]2CCC[C@H]2CN1C(=O)[C@@H](NC(=O)C(F)(F)F)C1CCCC1,N1CCC(C1)CCNCC2N(CCC3CCCC3)CC4CCCC24,regression,strict,train,False,7.301029995663981,active
CHEMBL5414443,CC(C)(C)NC(=O)C(=O)[C@H](C[C@@H]1CCNC1=O)NC(=O)[C@@H]1[C@H]2CCC[C@H]2CN1C(=O)[C@@H](NC(=O)C(F)(F)F)C1CC2(CCC2)C1,N1CCC(C1)CCNCC2N(CCC3CC4(CCC4)C3)CC5CCCC25,regression,strict,train,False,7.113509274827518,active
CHEMBL1488059,N#CSCC(=O)N1c2ccccc2CCc2ccccc21,c1ccc2c(c1)Nc3ccccc3CC2,regression,strict,train,False,4.291519611544955,inactive
CHEMBL5398303,N#CSCC(=O)N1c2ccccc2Sc2ccccc21,S1c2ccccc2Nc3ccccc13,regression,strict,train,False,5.733063088840827,intermediate
CHEMBL5428557,N#CSCC(=O)N1c2ccccc2CCc2ccc(Cl)cc21,c1ccc2c(c1)Nc3ccccc3CC2,regression,strict,test,False,6.320572103387881,active
CHEMBL5402852,N#CSCC(=O)N1c2ccccc2Sc2ccc(C(F)(F)F)cc21,S1c2ccccc2Nc3ccccc13,regression,strict,train,False,5.337147766735204,intermediate
CHEMBL5405232,COc1ccc2c(c1)N(C(=O)CSC#N)c1ccccc1S2,S1c2ccccc2Nc3ccccc13,regression,strict,train,False,5.537751784645002,intermediate
CHEMBL5426704,CC(=O)c1ccc2c(c1)N(C(=O)CSC#N)c1ccccc1S2,S1c2ccccc2Nc3ccccc13,regression,strict,train,False,5.975925012692573,intermediate
CHEMBL5398507,CCC(=O)c1ccc2c(c1)N(C(=O)CSC#N)c1ccccc1S2,S1c2ccccc2Nc3ccccc13,regression,strict,train,False,5.47716468633947,intermediate
CHEMBL5406478,N#CSCC(=O)N1c2ccccc2Sc2ccc(C#N)cc21,S1c2ccccc2Nc3ccccc13,regression,strict,train,False,4.2996338140801935,inactive
CHEMBL5406269,CCSc1ccc2c(c1)N(C(=O)CSC#N)c1ccccc1S2,S1c2ccccc2Nc3ccccc13,regression,strict,train,False,5.578231598793076,intermediate
CHEMBL5409259,N#CSCC(=O)N1c2ccccc2Sc2ccc(Cl)cc21,S1c2ccccc2Nc3ccccc13,regression,strict,train,False,6.280668713016273,active
CHEMBL5439420,N#CSCC(=O)N1c2ccccc2Oc2ccccc21,O1c2ccccc2Nc3ccccc13,regression,strict,train,False,5.402195157595707,intermediate
CHEMBL5408904,COC(=O)CC1COc2c(cc3c4c2CCCN4CCC3)-c2c(NC(C)(C)C)n3c(-c4ccc(F)cc4)c(C)sc3[n+]21.O=S(=O)([O-])C(F)(F)F,O1c2c(cc3c4c2CCCN4CCC3)-c5cn6c(csc6n5CC1)-c7ccccc7,regression,strict,train,False,8.385419133002515,active
CHEMBL5414278,CC1=C(c2cccc3c2OCO3)N2C(=N[C@@H]3c4c(ccc5ccccc45)OC[C@@H]3C2(C)C)S1,N1=C2SC=C(c3cccc4OCOc43)N2CC5COc6ccc7ccccc7c6C15,regression,strict,train,False,7.478600371884625,active
CHEMBL5435801,CC1(C)[C@H]2COc3ccc4ccccc4c3[C@H]2N=C2SC=C(c3ccc(S(=O)(=O)N4CCOCC4)cc3)N21,N1=C2SC=C(c3ccc(SN4CCOCC4)cc3)N2CC5COc6ccc7ccccc7c6C15,regression,strict,train,False,10.18045606445813,active
CHEMBL5410072,COC(=O)[C@H](Cc1ccc(OC)c(OC)c1)N1CC(c2cc(C)ccc2O)=N[C@@H](Cc2ccc(OC)c(OC)c2)C1=O,N1=C(c2ccccc2)CN(CCc3ccccc3)CC1Cc4ccccc4,regression,strict,train,False,7.559405738160169,active
CHEMBL5426936,COC(=O)[C@@H]1CC2(C(=O)Nc3ccccc32)C2CC[C@@]3(OC)C=CC(=O)C[C@H]3N21,c1ccc2c(c1)NCC23CCN4C5CCC=CC5CCC43,regression,strict,train,False,8.387852161673512,active
CHEMBL5412640,COc1ccc2[nH]cc(CCN3C(=O)[C@H](c4nnc(-c5cccc(C(F)(F)F)c5)o4)[C@H](CC(=O)O)COc4ccccc4[C@@H]3C(=O)NC(C)(C)C)c2c1,n1nc(oc1-c2ccccc2)C3CN(Cc4ccccc4OCC3)CCc5c[nH]c6ccccc65,regression,strict,train,False,9.0695604052333,active
CHEMBL5427912,COc1ccc2[nH]c3c(c2c1)C[C@]1(OC)CC[C@H]2c4[nH]c5ccccc5c4CCN2[C@@H]1C3,c1ccc2c(c1)[nH]c3c2CC4CCC5c6[nH]c7ccccc7c6CCN5C4C3,regression,strict,train,False,7.082891155620046,active
CHEMBL5440578,C[C@]12C=CC(=O)C[C@H]1N1CCc3cccc4[nH]cc(c34)C1CO2,O1CC2c3c[nH]c4cccc(c43)CCN2C5CCC=CC15,regression,strict,train,False,8.216596718877437,active
CHEMBL5401448,FC(F)(F)Oc1ccc(N/N=C2/C=C[C@@]3(CC2)CC[C@@H]2NCCc4cccc5[nH]c3c2c45)cc1,N(Nc1ccccc1)=C2C=CC3(c4[nH]c5cccc6c5c4C(NCC6)CC3)CC2,regression,strict,train,False,7.891773343625071,active
CHEMBL5400721,COc1ccc2[nH]c3c(c2c1)C[C@]1(OC)CC[C@H]2c4c[nH]c5cccc(c45)CCN2[C@@H]1C3,c1ccc2c(c1)[nH]c3c2CC4CCC5c6c[nH]c7cccc(c76)CCN5C4C3,regression,strict,train,False,7.855425792390384,active
CHEMBL5426970,CC(C)C[C@H](NC(=O)OCC(C)(C)Sc1ccccc1)C(=O)N[C@H](C=O)C[C@@H]1CCNC1=O,O(CNCCNCCC1CNCC1)CCSc2ccccc2,regression,strict,train,False,7.154901959985743,active
CHEMBL5419959,CC(C)C[C@H](NC(=O)OCC(C)(C)Sc1ccccc1)C(=O)N[C@@H](C[C@@H]1CCNC1=O)C(O)S(=O)(=O)[O-].[Na+],O(CNCCNCCC1CNCC1)CCSc2ccccc2,regression,strict,train,False,7.045757490560675,active
CHEMBL5433524,CC(C)C[C@H](NC(=O)OCC(C)(C)Sc1ccccc1)C(=O)N[C@@H](C[C@@H]1CCNC1=O)C(=O)C(=O)NC1CC1,O(CNCCNC(CCNC1CC1)CC2CNCC2)CCSc3ccccc3,regression,strict,train,False,6.6777807052660805,active
CHEMBL5406733,CC(C)C[C@H](NC(=O)OCC(C)(C)Sc1ccccc1)C(=O)N[C@@H](C[C@@H]1CCNC1=O)C(O)(C(=O)NC1CC1)S(=O)(=O)[O-].[Na+],O(CNCCNC(CCNC1CC1)CC2CNCC2)CCSc3ccccc3,regression,strict,test,False,6.346787486224656,active
CHEMBL5405589,CC(C)C[C@H](NC(=O)OCC(C)(C)Sc1ccccc1)C(=O)N[C@H](C#N)C[C@@H]1CCNC1=O,O(CNCCNCCC1CNCC1)CCSc2ccccc2,regression,strict,train,False,6.309803919971486,active
CHEMBL5433349,[2H]C([2H])(OC(=O)N[C@@H](CC(C)C)C(=O)N[C@H](C=O)C[C@@H]1CCNC1=O)C(C)(C)Sc1ccccc1,O(CNCCNCCC1CNCC1)CCSc2ccccc2,regression,strict,train,False,6.698970004336019,active
CHEMBL5440163,[2H]C([2H])(OC(=O)N[C@@H](CC(C)C)C(=O)N[C@@H](C[C@@H]1CCNC1=O)C(O)S(=O)(=O)[O-])C(C)(C)Sc1ccccc1.[Na+],O(CNCCNCCC1CNCC1)CCSc2ccccc2,regression,strict,train,False,6.508638306165727,active
CHEMBL5415120,CC(C)C[C@H](NC(=O)OCC(C)(C)[S+]([O-])c1ccccc1)C(=O)N[C@H](C=O)C[C@@H]1CCNC1=O,O(CNCCNCCC1CNCC1)CCSc2ccccc2,regression,strict,train,False,6.481486060122113,active
CHEMBL5433293,CC(C)C[C@H](NC(=O)OCC(C)(C)[S+]([O-])c1ccccc1)C(=O)N[C@@H](C[C@@H]1CCNC1=O)C(O)S(=O)(=O)[O-].[Na+],O(CNCCNCCC1CNCC1)CCSc2ccccc2,regression,strict,train,False,6.455931955649724,active
CHEMBL5426613,CC(C)C[C@H](NC(=O)OCC(C)(C)S(=O)(=O)c1ccccc1)C(=O)N[C@H](C=O)C[C@@H]1CCNC1=O,O(CNCCNCCC1CNCC1)CCSc2ccccc2,regression,strict,train,False,6.721246399047171,active
CHEMBL5439320,CC(C)C[C@H](NC(=O)OCC(C)(C)S(=O)(=O)c1ccccc1)C(=O)N[C@@H](C[C@@H]1CCNC1=O)C(O)S(=O)(=O)[O-].[Na+],O(CNCCNCCC1CNCC1)CCSc2ccccc2,regression,strict,train,False,6.698970004336019,active
CHEMBL5408912,CC(C)C[C@H](NC(=O)OCC(C)(C)Sc1cccc(F)c1)C(=O)N[C@H](C=O)C[C@@H]1CCNC1=O,O(CNCCNCCC1CNCC1)CCSc2ccccc2,regression,strict,train,False,6.853871964321762,active
CHEMBL5426354,CC(C)C[C@H](NC(=O)OCC(C)(C)Sc1cccc(F)c1)C(=O)N[C@@H](C[C@@H]1CCNC1=O)C(O)S(=O)(=O)[O-].[Na+],O(CNCCNCCC1CNCC1)CCSc2ccccc2,regression,strict,train,False,6.886056647693163,active
CHEMBL5393926,CC(C)C[C@H](NC(=O)OCC(C)(C)Sc1ccc(F)cc1)C(=O)N[C@H](C=O)C[C@@H]1CCNC1=O,O(CNCCNCCC1CNCC1)CCSc2ccccc2,regression,strict,train,False,6.769551078621726,active
CHEMBL5436494,CC(C)C[C@H](NC(=O)OCC(C)(C)Sc1ccc(F)cc1)C(=O)N[C@@H](C[C@@H]1CCNC1=O)C(O)S(=O)(=O)[O-].[Na+],O(CNCCNCCC1CNCC1)CCSc2ccccc2,regression,strict,train,False,6.568636235841013,active
CHEMBL5405557,CC(C)C[C@H](NC(=O)OCC(C)(C)Sc1cccc(Cl)c1)C(=O)N[C@H](C=O)C[C@@H]1CCNC1=O,O(CNCCNCCC1CNCC1)CCSc2ccccc2,regression,strict,train,False,6.823908740944319,active
CHEMBL5405150,CC(C)C[C@H](NC(=O)OCC(C)(C)Sc1cccc(Cl)c1)C(=O)N[C@@H](C[C@@H]1CCNC1=O)C(O)S(=O)(=O)[O-].[Na+],O(CNCCNCCC1CNCC1)CCSc2ccccc2,regression,strict,train,False,6.769551078621726,active
CHEMBL5424235,CC(C)C[C@H](NC(=O)OCCSc1ccccc1)C(=O)N[C@H](C=O)C[C@@H]1CCNC1=O,O(CNCCNCCC1CNCC1)CCSc2ccccc2,regression,strict,train,False,6.494850021680094,active
CHEMBL5434476,CC(C)C[C@H](NC(=O)OCCSc1ccccc1)C(=O)N[C@@H](C[C@@H]1CCNC1=O)C(O)S(=O)(=O)[O-].[Na+],O(CNCCNCCC1CNCC1)CCSc2ccccc2,regression,strict,train,False,6.508638306165727,active
CHEMBL5402239,CC(C)C[C@H](NC(=O)OCC(C)(C)Sc1nc2ccccc2[nH]1)C(=O)N[C@H](C=O)C[C@@H]1CCNC1=O,n1c(SCCOCNCCNCCC2CNCC2)[nH]c3ccccc13,regression,strict,train,False,6.522878745280337,active
CHEMBL5424499,CC(C)C[C@H](NC(=O)OCC(C)(C)Sc1nc2ccccc2[nH]1)C(=O)N[C@@H](C[C@@H]1CCNC1=O)C(O)S(=O)(=O)[O-].[Na+],n1c(SCCOCNCCNCCC2CNCC2)[nH]c3ccccc13,regression,strict,test,False,6.508638306165727,active
CHEMBL5428994,CC(C)C[C@H](NC(=O)OCC(C)(C)Oc1ccccc1)C(=O)N[C@H](C=O)C[C@@H]1CCNC1=O,O(c1ccccc1)CCOCNCCNCCC2CNCC2,regression,strict,train,False,6.508638306165727,active
CHEMBL5414988,CC(C)C[C@H](NC(=O)OCC(C)(C)Oc1ccccc1)C(=O)N[C@@H](C[C@@H]1CCNC1=O)C(O)S(=O)(=O)[O-].[Na+],O(c1ccccc1)CCOCNCCNCCC2CNCC2,regression,strict,train,False,6.619788758288394,active
CHEMBL5413385,CC(C)C[C@H](NC(=O)OCC(C)(C)Oc1ccc(Cl)cc1)C(=O)N[C@H](C=O)C[C@@H]1CCNC1=O,O(c1ccccc1)CCOCNCCNCCC2CNCC2,regression,strict,train,False,6.337242168318426,active
CHEMBL5434471,CC(C)C[C@H](NC(=O)OCC(C)(C)Oc1ccc(Cl)cc1)C(=O)N[C@@H](C[C@@H]1CCNC1=O)C(O)S(=O)(=O)[O-].[Na+],O(c1ccccc1)CCOCNCCNCCC2CNCC2,regression,strict,train,False,6.468521082957745,active
CHEMBL5402510,[2H]C([2H])(OC(=O)N[C@@H](CC(C)C)C(=O)N[C@H](C=O)C[C@@H]1CCNC1=O)C(C)(C)Oc1ccc(Cl)cc1,O(c1ccccc1)CCOCNCCNCCC2CNCC2,regression,strict,train,False,6.769551078621726,active
CHEMBL5404972,[2H]C([2H])(OC(=O)N[C@@H](CC(C)C)C(=O)N[C@@H](C[C@@H]1CCNC1=O)C(O)S(=O)(=O)[O-])C(C)(C)Oc1ccc(Cl)cc1.[Na+],O(c1ccccc1)CCOCNCCNCCC2CNCC2,regression,strict,train,False,6.769551078621726,active
CHEMBL5414071,CC(C)C[C@H](NC(=O)OCC(C)(C)Oc1cccc(Cl)c1)C(=O)N[C@H](C=O)C[C@@H]1CCNC1=O,O(c1ccccc1)CCOCNCCNCCC2CNCC2,regression,strict,train,False,6.721246399047171,active
CHEMBL5422084,CC(C)C[C@H](NC(=O)OCC(C)(C)Oc1cccc(Cl)c1)C(=O)N[C@@H](C[C@@H]1CCNC1=O)C(O)S(=O)(=O)[O-].[Na+],O(c1ccccc1)CCOCNCCNCCC2CNCC2,regression,strict,train,False,6.6777807052660805,active
CHEMBL5436896,[2H]C([2H])(OC(=O)N[C@@H](CC(C)C)C(=O)N[C@H](C=O)C[C@@H]1CCNC1=O)C(C)(C)Oc1cccc(Cl)c1,O(c1ccccc1)CCOCNCCNCCC2CNCC2,regression,strict,train,False,6.522878745280337,active
CHEMBL5421859,[2H]C([2H])(OC(=O)N[C@@H](CC(C)C)C(=O)N[C@@H](C[C@@H]1CCNC1=O)C(O)S(=O)(=O)[O-])C(C)(C)Oc1cccc(Cl)c1.[Na+],O(c1ccccc1)CCOCNCCNCCC2CNCC2,regression,strict,train,False,6.552841968657781,active
CHEMBL5396481,CC(C)C[C@H](NC(=O)OCC(C)(C)Oc1ccc(F)cc1)C(=O)N[C@H](C=O)C[C@@H]1CCNC1=O,O(c1ccccc1)CCOCNCCNCCC2CNCC2,regression,strict,train,False,6.657577319177793,active
CHEMBL5399690,CC(C)C[C@H](NC(=O)OCC(C)(C)Oc1ccc(F)cc1)C(=O)N[C@@H](C[C@@H]1CCNC1=O)C(O)S(=O)(=O)[O-].[Na+],O(c1ccccc1)CCOCNCCNCCC2CNCC2,regression,strict,train,False,6.638272163982407,active
CHEMBL5420595,CC(C)C[C@H](NC(=O)OCC(C)(C)Oc1cccc(F)c1)C(=O)N[C@H](C=O)C[C@@H]1CCNC1=O,O(c1ccccc1)CCOCNCCNCCC2CNCC2,regression,strict,train,False,6.698970004336019,active
CHEMBL5421178,CC(C)C[C@H](NC(=O)OCC(C)(C)Oc1cccc(F)c1)C(=O)N[C@@H](C[C@@H]1CCNC1=O)C(O)S(=O)(=O)[O-].[Na+],O(c1ccccc1)CCOCNCCNCCC2CNCC2,regression,strict,train,False,6.920818753952375,active
CHEMBL5438553,CC(C)C[C@H](NC(=O)OCC(C)(O)c1cccc(Cl)c1)C(=O)N[C@H](C=O)C[C@@H]1CCNC1=O,O(CNCCNCCC1CNCC1)CCc2ccccc2,regression,strict,train,False,6.537602002101044,active
CHEMBL5421269,CC(C)C[C@H](NC(=O)OCC(C)(O)c1cccc(Cl)c1)C(=O)N[C@@H](C[C@@H]1CCNC1=O)C(O)S(=O)(=O)O,O(CNCCNCCC1CNCC1)CCc2ccccc2,regression,strict,test,False,6.494850021680094,active
CHEMBL5395482,O=C1NC2(CC(c3ccccc3Cl)C2)C(=O)N1c1cncc2ccccc12,n1cc2ccccc2c(c1)N3CNC4(C3)CC(c5ccccc5)C4,regression,strict,train,False,6.113509274827518,active
CHEMBL5415051,NC(=O)c1ccc2c(c1)C(=O)C(=O)N2Cc1cn(Cc2cccc(Cl)c2)nn1,n1nn(cc1CN2c3ccccc3CC2)Cc4ccccc4,regression,strict,test,False,6.356547323513812,active
CHEMBL5421800,NC(=O)c1ccc2c(c1)C(=O)C(=O)N2Cc1cn(Cc2ccc(S(N)(=O)=O)cc2)nn1,n1nn(cc1CN2c3ccccc3CC2)Cc4ccccc4,regression,strict,test,False,5.950781977329818,intermediate
CHEMBL5397586,NC(=O)c1ccc2c(c1)C(=O)C(=O)N2Cc1cn(Cc2ccc(C(F)(F)F)cc2F)nn1,n1nn(cc1CN2c3ccccc3CC2)Cc4ccccc4,regression,strict,test,False,6.275724130399211,active
CHEMBL358279,NC(=O)c1ccc2c(c1)C(=O)C(=O)N2Cc1ccc2ccccc2c1,c1ccc2cc(ccc2c1)CN3c4ccccc4CC3,regression,strict,train,False,6.763210900590707,active
CHEMBL3920474,O=c1c2ccccc2[se]n1Cc1ccccc1,[Se]1c2ccccc2CN1Cc3ccccc3,regression,strict,train,False,6.438898616350944,active
CHEMBL5411764,O=c1c2ccccc2[se]n1Cc1ccncc1,n1ccc(cc1)CN2[Se]c3ccccc3C2,regression,strict,train,False,6.542118103266008,active
CHEMBL5403838,O=c1c2ccccc2[se]n1Cc1cccnc1,n1cccc(c1)CN2[Se]c3ccccc3C2,regression,strict,test,False,6.338187314462739,active
CHEMBL5418023,O=c1c2ccccc2[se]n1-c1ccc(NS(=O)(=O)C2CC2)cc1,S(Nc1ccc(cc1)N2[Se]c3ccccc3C2)C4CC4,regression,strict,train,False,6.277366077466188,active
CHEMBL5409716,CN(C)S(=O)(=O)Nc1ccc(-n2[se]c3ccccc3c2=O)cc1,[Se]1c2ccccc2CN1c3ccccc3,regression,strict,train,False,6.632644078973981,active
CHEMBL5438913,O=C(Nc1ccc(-n2[se]c3ccccc3c2=O)cc1)C1CC1,[Se]1c2ccccc2CN1c3ccc(cc3)NCC4CC4,regression,strict,train,False,6.309803919971486,active
CHEMBL5395762,Nc1ccc2c(=O)n(-c3ccccc3)[se]c2c1,[Se]1c2ccccc2CN1c3ccccc3,regression,strict,train,False,6.492144128304169,active
CHEMBL5434494,CC(C)(C)OC(=O)N1CCC(n2[se]c3ccccc3c2=O)CC1,[Se]1c2ccccc2CN1C3CCNCC3,regression,strict,train,False,6.379863945026242,active
CHEMBL5394951,O=c1c2ccccc2[se]n1C1CCN(S(=O)(=O)C2CC2)CC1,S(N1CCC(N2[Se]c3ccccc3C2)CC1)C4CC4,regression,strict,train,False,6.448550002027125,active
CHEMBL5398922,O=c1c2ccccc2[se]n1C1CCN(S(=O)(=O)c2cccnc2)CC1,n1cccc(SN2CCC(N3[Se]c4ccccc4C3)CC2)c1,regression,strict,train,False,6.571865205971212,active
CHEMBL5426830,NS(=O)(=O)c1ccc(C(=O)N2CCC(n3[se]c4ccccc4c3=O)CC2)cc1,[Se]1c2ccccc2CN1C3CCN(Cc4ccccc4)CC3,regression,strict,train,False,6.259637310505756,active
CHEMBL5404334,CNC(=O)c1cc(Br)cc([N+](=O)[O-])c1N[C@@H]1CCCC[C@@H]1NC(=O)c1cncc2ccccc12,n1cc2ccccc2c(c1)CNC3CCCCC3Nc4ccccc4,regression,strict,train,False,6.404503778174426,active
CHEMBL2365410,CC(C)C[C@H](NC(=O)OCc1ccccc1)C(=O)N[C@@H](CC1CCNC1=O)C(O)S(=O)(=O)O,O(CNCCNCCC1CNCC1)Cc2ccccc2,regression,strict,train,False,7.7764391663244625,active
CHEMBL5436771,S=C([S-])NCc1cccnc1.[K+],n1ccccc1,regression,strict,train,False,6.160697968687807,active
CHEMBL5396515,CCSC(=S)NCc1cccnc1,n1ccccc1,regression,strict,train,False,4.947469189559857,inactive
CHEMBL4590273,Cc1cccc2nc(CSC(=S)NCc3cccnc3)cn12,n1cccc(c1)CNCSCc2nc3ccccn3c2,regression,strict,train,False,6.233153075408282,active
CHEMBL5434729,S=C(NCc1cccnc1)SCc1ccccc1,n1cccc(c1)CNCSCc2ccccc2,regression,strict,train,False,5.329338379121555,intermediate
CHEMBL5394457,S=C(NCc1cccnc1)OCc1ccccc1,n1cccc(c1)CNCOCc2ccccc2,regression,strict,train,False,4.0,inactive
CHEMBL5405544,Cc1cccc2nc(CNC(=S)NCc3cccnc3)cn12,n1cccc(c1)CNCNCc2nc3ccccn3c2,regression,strict,train,False,4.171221413600279,inactive
CHEMBL2103913,CCCCCCCCCC(=O)N[C@H]1[C@H](Oc2c3cc4cc2Oc2ccc(cc2Cl)[C@@H](O[C@@H]2O[C@H](CO)[C@@H](O)[C@H](O)[C@H]2NC(C)=O)[C@@H]2NC(=O)[C@H](NC(=O)[C@@H]4NC(=O)[C@H]4NC(=O)[C@H](Cc5ccc(c(Cl)c5)O3)NC(=O)[C@H](N)c3ccc(O)c(c3)Oc3cc(O)cc4c3)c3ccc(O)c(c3)-c3c(O[C@H]4O[C@H](CO)[C@@H](O)[C@H](O)[C@@H]4O)cc(O)cc3[C@@H](C(=O)O)NC2=O)O[C@H](CO)[C@@H](O)[C@@H]1O,O1c2cccc(c2)CCNC3CNC(c4cccc1c4)CNC5c6cc(Oc7ccc(cc7)C3)c(OC8OCCCC8)c(Oc9ccc(cc9)C(OC%10OCCCC%10)C%11NCC(NC5)c%12cccc(c%12)-c%13c(OC%14OCCCC%14)cccc%13CNC%11)c6,regression,strict,train,False,5.823908740944319,intermediate
CHEMBL5402071,COC(=O)CCC(CC(=O)[C@H](CC(=O)OC)NC(=O)OCc1ccccc1)C(=O)NC(C(=O)NC(CC(=O)OC)C(=O)CF)C(C)C,c1ccccc1,regression,strict,train,False,5.166852888087215,intermediate
CHEMBL413376,Cc1ccc(C(=O)Nc2ccc(S(=O)(=O)[O-])c3cc(S(=O)(=O)[O-])cc(S(=O)(=O)[O-])c23)cc1NC(=O)c1cccc(NC(=O)Nc2cccc(C(=O)Nc3cc(C(=O)Nc4ccc(S(=O)(=O)[O-])c5cc(S(=O)(=O)[O-])cc(S(=O)(=O)[O-])c45)ccc3C)c2)c1.[Na+].[Na+].[Na+].[Na+].[Na+].[Na+],c1ccc2c(c1)cccc2NCc3cccc(c3)NCc4cccc(c4)NCNc5cccc(c5)CNc6cccc(c6)CNc7cccc8ccccc87,regression,strict,test,False,5.187086643357144,intermediate
CHEMBL456,C=C(CC)C(=O)c1ccc(OCC(=O)O)c(Cl)c1Cl,c1ccccc1,regression,strict,train,False,5.954677021213342,intermediate
CHEMBL154,COc1ccc2cc([C@H](C)C(=O)O)ccc2c1,c1ccc2ccccc2c1,regression,strict,test,False,5.462180904926726,intermediate
CHEMBL1467,Oc1ncnc2[nH]ncc12,n1cnc2[nH]ncc2c1,regression,strict,train,False,5.423658649794207,intermediate
CHEMBL1200397,CN(Cc1ccc(C(C)(C)C)cc1)Cc1cccc2ccccc12.Cl,c1ccc(cc1)CNCc2cccc3ccccc32,regression,strict,train,False,5.267606240177032,intermediate
CHEMBL1116,Cl.O=C(c1ccc(OCCN2CCCCC2)cc1)c1c(-c2ccc(O)cc2)sc2cc(O)ccc12,O(c1ccc(cc1)Cc2c(sc3ccccc32)-c4ccccc4)CCN5CCCCC5,regression,strict,train,False,5.251037138743839,intermediate
CHEMBL542118,Cl.NC1CC1c1ccccc1,c1ccc(cc1)C2CC2,regression,strict,train,False,5.063486257521107,intermediate
CHEMBL282042,CC(C)(C)NC(=O)[C@@H]1C[C@@H]2CCCC[C@@H]2CN1C[C@@H](O)[C@H](Cc1ccccc1)NC(=O)[C@H](CC(N)=O)NC(=O)c1ccc2ccccc2n1.CS(=O)(=O)O,n1c2ccccc2ccc1CNCCNC(Cc3ccccc3)CCN4CCC5CCCCC5C4,regression,strict,train,False,5.0034883278458215,intermediate
CHEMBL5397992,CC(C)(C)OC(=O)CC[C@H](NC(=O)CNC(=O)OC(C)(C)C)C(=O)CCl,NO_SCAFFOLD,regression,strict,train,False,5.7594507517174005,intermediate
CHEMBL5440889,CC(C)(C)OC(=O)CC[C@H](NC(=O)CNC(=O)OC(C)(C)C)C(=O)COC(=O)c1c(Cl)cccc1Cl,c1ccccc1,regression,strict,train,False,5.52432881167557,intermediate
CHEMBL5430616,CCOC(=O)[C@@H]1O[C@H]1C(=O)N(CCC(N)=O)NC(=O)[C@H](Cc1ccccc1)NC(=O)[C@H](CC(C)C)NC(=O)OCc1ccccc1,O(CNCCNC(CNNCC1OC1)Cc2ccccc2)Cc3ccccc3,regression,strict,train,False,6.017728766960431,active
CHEMBL468971,C[C@H](NC(=O)OCc1ccccc1)C(=O)N[C@@H](C)C(=O)NN(CC(N)=O)C(=O)/C=C/C(=O)c1ccccc1,O(CNCCNCCNNCC=CCc1ccccc1)Cc2ccccc2,regression,strict,train,False,6.309803919971486,active
CHEMBL1336287,CCOc1cccc(C(=O)c2ccc(O)c(O)c2O)c1,c1ccc(cc1)Cc2ccccc2,regression,strict,test,False,4.97469413473523,inactive
CHEMBL1200712,Cc1cc(-c2ccc(/N=N/c3ccc4c(S(=O)(=O)[O-])cc(S(=O)(=O)[O-])c(N)c4c3O)c(C)c2)ccc1/N=N/c1ccc2c(S(=O)(=O)[O-])cc(S(=O)(=O)[O-])c(N)c2c1O.[Na+].[Na+].[Na+].[Na+],N(=Nc1ccc2ccccc2c1)c3ccc(cc3)-c4ccc(N=Nc5ccc6ccccc6c5)cc4,regression,strict,train,False,6.698970004336019,active
CHEMBL55415,O=c1cc(-c2ccc(O)cc2)oc2cc(O)c(O)c(O)c12,O1c2ccccc2CC=C1c3ccccc3,regression,strict,train,False,5.236572006437063,intermediate
CHEMBL5426064,O=C1c2c(O)cc(O)cc2OC(c2cc(O)c(O)c(O)c2)[C@@H]1O,O1c2ccccc2CCC1c3ccccc3,regression,strict,train,False,5.920818753952375,intermediate
CHEMBL413552,O=c1c(O)c(-c2ccc(O)c(O)c2)oc2cc(O)c(O)c(O)c12,O1c2ccccc2CC=C1c3ccccc3,regression,strict,train,False,5.906578314837765,intermediate
CHEMBL1964546,Nc1ccc2cc3ccc(N)cc3nc2c1.O=S(=O)(O)O,n1c2ccccc2cc3ccccc13,regression,strict,train,False,5.684029654543083,intermediate
CHEMBL5092396,O=c1c2ccccc2[se]n1-c1cccc(C(F)(F)F)c1,[Se]1c2ccccc2CN1c3ccccc3,regression,strict,train,False,5.557520230935552,intermediate
CHEMBL5074774,COc1cccc(-n2[se]c3ccccc3c2=O)c1,[Se]1c2ccccc2CN1c3ccccc3,regression,strict,train,False,5.38933983691012,intermediate
CHEMBL4850660,CC(C)C[C@H](NC(=O)OCc1ccccc1)C(=O)N[C@@H](C[C@@H]1CCNC1=O)C(O)S(=O)(=O)[O-].C[N+](C)(C)CCO,O(CNCCNCCC1CNCC1)Cc2ccccc2,regression,strict,train,False,6.7447274948966935,active
CHEMBL4856219,CC(C)C[C@H](NC(=O)OCc1ccccc1)C(=O)N[C@@H](C[C@@H]1CCNC1=O)C(O)S(=O)(=O)[O-].[K+],O(CNCCNCCC1CNCC1)Cc2ccccc2,regression,strict,train,False,6.698970004336019,active
CHEMBL4860690,O=C(N[C@@H](CC1CC1)C(=O)N[C@@H](C[C@@H]1CCNC1=O)C(O)S(=O)(=O)[O-])OCCc1cccc(Cl)c1.[Na+],O(CNC(CNCCC1CNCC1)CC2CC2)CCc3ccccc3,regression,strict,train,False,7.096910013008056,active
CHEMBL5430984,[2H]C([2H])(OC(=O)N[C@H](CC(C)C)C(=O)N[C@H](C[C@@H]1CCNC1=O)C(O)S(=O)(=O)[O-])c1ccccc1.[Na+],O(CNCCNCCC1CNCC1)Cc2ccccc2,regression,strict,train,False,6.7447274948966935,active
CHEMBL4868443,O=C(N[C@@H](CC1CC1)C(=O)N[C@@H](C[C@@H]1CCNC1=O)C(O)S(=O)(=O)[O-])OCc1cccc(F)c1.[Na+],O(CNC(CNCCC1CNCC1)CC2CC2)Cc3ccccc3,regression,strict,train,False,7.154901959985743,active
CHEMBL5412571,CC(C)C[C@H](NC(=O)c1cc2c(F)cccc2[nH]1)C(=O)NN(C[C@@H]1CCNC1=O)C(=O)C(F)Cl,c1ccc2[nH]c(cc2c1)CNCCNNCC3CNCC3,regression,strict,train,False,8.522878745280337,active
CHEMBL5397764,CCN(C[C@]1(C)CN(C(=O)c2nn(C)c3c2CCc2ccccc2-3)CCC1=O)C(=O)c1nn(C)c2c1CCc1ccccc1-2,[N]1N=C(C2=C1c3ccccc3CC2)CN4CCCC(CNCc5n[nH]c6-c7ccccc7CCc56)C4,regression,strict,train,False,6.1249387366083,active
CHEMBL5401551,C[C@H](NC(=O)[C@@H](c1cccnc1)N(C(=O)C(Br)(Br)Br)c1ccc(-c2ccccc2)cc1)c1ccccc1,n1cccc(c1)C(Nc2ccc(cc2)-c3ccccc3)CNCc4ccccc4,regression,strict,train,False,7.096910013008056,active
CHEMBL5417410,CC1(C)[C@H](C(=O)OCc2ccccc2)C2C(=O)C(Br)(Br)[C@H]2S1(=O)=O,O(Cc1ccccc1)CC2CSC3CCC32,regression,strict,train,False,6.154901959985743,active
CHEMBL5433693,CC1(C)[C@H](C(=O)OCc2ccc([N+](=O)[O-])cc2)C2C(=O)C(Br)(Br)[C@H]2S1(=O)=O,O(Cc1ccccc1)CC2CSC3CCC32,regression,strict,train,False,6.221848749616356,active
CHEMBL5409790,CC1(C)[C@H](C(=O)OCc2ccc([N+](=O)[O-])cc2)C2C(=O)C(Br)(Br)[C@H]2[S+]1[O-],O(Cc1ccccc1)CC2CSC3CCC32,regression,strict,train,False,6.301029995663981,active
CHEMBL5089978,CC(C)(C)c1ccc(N(C(=O)c2c[nH]cn2)C(C(=O)NC2CCCCC2)c2cccnc2)cc1,n1cccc(c1)C(N(c2ccccc2)Cc3nc[nH]c3)CNC4CCCCC4,regression,strict,train,False,5.3872161432802645,intermediate
CHEMBL5076981,C=CS(=O)(=O)N(c1ccc(C(C)(C)C)cc1)C(C(=O)NC1CCCCC1)c1cccnc1,n1cccc(c1)C(Nc2ccccc2)CNC3CCCCC3,regression,strict,train,False,6.376750709602099,active
CHEMBL5075842,CC(C)(C)c1ccc(N(C(=O)CCl)C(C(=O)NC2CCCCC2)c2cccnc2)cc1,n1cccc(c1)C(Nc2ccccc2)CNC3CCCCC3,regression,strict,test,False,6.3872161432802645,active
CHEMBL2311740,CC(C)(C)NC(=O)[C@@H](c1cccnc1)N(C(=O)c1ccco1)c1ccc(C(C)(C)C)cc1,n1cccc(c1)CN(c2ccccc2)Cc3occc3,regression,strict,test,False,4.96018944585165,inactive
CHEMBL5395882,O=c1[nH]c(-c2ccccc2F)nc2cc(O)c(O)c(O)c12,n1cc2ccccc2nc1-c3ccccc3,regression,strict,train,False,5.8407336689065055,intermediate
CHEMBL5436067,O=c1[nH]c(-c2cccc(F)c2)nc2cc(O)c(O)c(O)c12,n1cc2ccccc2nc1-c3ccccc3,regression,strict,train,False,5.289713352297109,intermediate
CHEMBL5410698,O=c1[nH]c(-c2ccc(F)cc2)nc2cc(O)c(O)c(O)c12,n1cc2ccccc2nc1-c3ccccc3,regression,strict,train,False,4.8941493256148565,inactive
CHEMBL5418940,O=c1[nH]c(-c2ccccc2Cl)nc2cc(O)c(O)c(O)c12,n1cc2ccccc2nc1-c3ccccc3,regression,strict,train,False,6.361510743045363,active
CHEMBL5423390,O=c1[nH]c(-c2cccc(Cl)c2)nc2cc(O)c(O)c(O)c12,n1cc2ccccc2nc1-c3ccccc3,regression,strict,train,False,5.157390760389438,intermediate
CHEMBL5433083,O=c1[nH]c(-c2ccc(Cl)cc2)nc2cc(O)c(O)c(O)c12,n1cc2ccccc2nc1-c3ccccc3,regression,strict,train,False,5.113170995323018,intermediate
CHEMBL5416294,O=c1[nH]c(-c2ccccc2Br)nc2cc(O)c(O)c(O)c12,n1cc2ccccc2nc1-c3ccccc3,regression,strict,train,False,6.2564902352715706,active
CHEMBL5418838,O=c1[nH]c(-c2cccc(Br)c2)nc2cc(O)c(O)c(O)c12,n1cc2ccccc2nc1-c3ccccc3,regression,strict,train,False,5.095988116402611,intermediate
CHEMBL5433628,O=c1[nH]c(-c2ccc(Br)cc2)nc2cc(O)c(O)c(O)c12,n1cc2ccccc2nc1-c3ccccc3,regression,strict,train,False,5.008906891951113,intermediate
CHEMBL5439047,Cc1ccccc1-c1nc2cc(O)c(O)c(O)c2c(=O)[nH]1,n1cc2ccccc2nc1-c3ccccc3,regression,strict,train,False,6.437707135543525,active
CHEMBL5436099,Cc1cccc(-c2nc3cc(O)c(O)c(O)c3c(=O)[nH]2)c1,n1cc2ccccc2nc1-c3ccccc3,regression,strict,train,False,5.642636969384857,intermediate
CHEMBL5415275,Cc1ccc(-c2nc3cc(O)c(O)c(O)c3c(=O)[nH]2)cc1,n1cc2ccccc2nc1-c3ccccc3,regression,strict,train,False,5.728855682050922,intermediate
CHEMBL5408630,O=c1[nH]c(-c2ccccc2C(F)(F)F)nc2cc(O)c(O)c(O)c12,n1cc2ccccc2nc1-c3ccccc3,regression,strict,train,False,5.829444941478791,intermediate
CHEMBL5428437,O=c1[nH]c(-c2cccc(C(F)(F)F)c2)nc2cc(O)c(O)c(O)c12,n1cc2ccccc2nc1-c3ccccc3,regression,strict,train,False,4.9775716288145135,inactive
CHEMBL5417362,O=c1[nH]c(-c2ccccc2OC(F)(F)F)nc2cc(O)c(O)c(O)c12,n1cc2ccccc2nc1-c3ccccc3,regression,strict,train,False,5.74521031260279,intermediate
CHEMBL5425895,O=c1[nH]c(-c2cccc(OC(F)(F)F)c2)nc2cc(O)c(O)c(O)c12,n1cc2ccccc2nc1-c3ccccc3,regression,strict,train,False,4.698970004336019,inactive
CHEMBL5401478,O=c1[nH]c(-c2ccccc2[N+](=O)[O-])nc2cc(O)c(O)c(O)c12,n1cc2ccccc2nc1-c3ccccc3,regression,strict,train,False,4.975186067370689,inactive
CHEMBL5418540,O=c1[nH]c(-c2cccc([N+](=O)[O-])c2)nc2cc(O)c(O)c(O)c12,n1cc2ccccc2nc1-c3ccccc3,regression,strict,train,False,4.951985709061946,inactive
CHEMBL5397835,O=c1[nH]c(-c2ccc([N+](=O)[O-])cc2)nc2cc(O)c(O)c(O)c12,n1cc2ccccc2nc1-c3ccccc3,regression,strict,train,False,4.698970004336019,inactive
CHEMBL5425140,CC(C)c1cccc(-c2nc3cc(O)c(O)c(O)c3c(=O)[nH]2)c1,n1cc2ccccc2nc1-c3ccccc3,regression,strict,train,False,5.11719095860756,intermediate
CHEMBL5424128,CC(C)(C)c1cccc(-c2nc3cc(O)c(O)c(O)c3c(=O)[nH]2)c1,n1cc2ccccc2nc1-c3ccccc3,regression,strict,train,False,5.074533199308462,intermediate
CHEMBL5396993,CC(C)(C)c1ccc(-c2nc3cc(O)c(O)c(O)c3c(=O)[nH]2)cc1,n1cc2ccccc2nc1-c3ccccc3,regression,strict,train,False,4.698970004336019,inactive
CHEMBL5405838,O=c1[nH]c(-c2ccccc2O)nc2cc(O)c(O)c(O)c12,n1cc2ccccc2nc1-c3ccccc3,regression,strict,train,False,4.737905035325936,inactive
CHEMBL5425158,O=c1[nH]c(-c2ccc(O)cc2)nc2cc(O)c(O)c(O)c12,n1cc2ccccc2nc1-c3ccccc3,regression,strict,train,False,4.698970004336019,inactive
CHEMBL5400454,O=c1[nH]c(-c2cccc(F)c2F)nc2cc(O)c(O)c(O)c12,n1cc2ccccc2nc1-c3ccccc3,regression,strict,train,False,5.94692155651658,intermediate
CHEMBL5436202,O=c1[nH]c(-c2ccc(F)cc2F)nc2cc(O)c(O)c(O)c12,n1cc2ccccc2nc1-c3ccccc3,regression,strict,train,False,5.812197361281581,intermediate
CHEMBL5406209,O=c1[nH]c(-c2ccc(F)c(F)c2)nc2cc(O)c(O)c(O)c12,n1cc2ccccc2nc1-c3ccccc3,regression,strict,train,False,5.566070234391536,intermediate
CHEMBL5397302,O=c1[nH]c(-c2ccccc2)nc2cc(O)c(O)c(O)c12,n1cc2ccccc2nc1-c3ccccc3,regression,strict,train,False,5.862645888629267,intermediate
CHEMBL5438144,O=c1[nH]c(-c2cccs2)nc2cc(O)c(O)c(O)c12,n1cc2ccccc2nc1-c3sccc3,regression,strict,train,False,4.698970004336019,inactive
CHEMBL5417818,O=c1[nH]c(-c2ccccn2)nc2cc(O)c(O)c(O)c12,n1ccccc1-c2ncc3ccccc3n2,regression,strict,train,False,4.698970004336019,inactive
CHEMBL5435180,O=c1[nH]c(-c2ccncc2)nc2cc(O)c(O)c(O)c12,n1ccc(cc1)-c2ncc3ccccc3n2,regression,strict,train,False,4.818442226137214,inactive
CHEMBL5400054,Cc1cc(-c2nc3cc(O)c(O)c(O)c3c(=O)[nH]2)n(C)n1,n1ccc([nH]1)-c2ncc3ccccc3n2,regression,strict,train,False,4.698970004336019,inactive
CHEMBL5430534,O=c1[nH]c(-c2ccc3ccccc3c2)nc2cc(O)c(O)c(O)c12,n1cc2ccccc2nc1-c3ccc4ccccc4c3,regression,strict,train,False,5.447940465812116,intermediate
CHEMBL5396109,O=c1[nH]c(C2CC2)nc2cc(O)c(O)c(O)c12,n1cc2ccccc2nc1C3CC3,regression,strict,train,False,5.26082336808927,intermediate
CHEMBL5413101,O=c1[nH]c(C2CCCC2)nc2cc(O)c(O)c(O)c12,n1cc2ccccc2nc1C3CCCC3,regression,strict,train,False,6.268411234813261,active
CHEMBL5412979,O=c1[nH]c(C2CCCCC2)nc2cc(O)c(O)c(O)c12,n1cc2ccccc2nc1C3CCCCC3,regression,strict,train,False,5.863279432843593,intermediate
CHEMBL5427073,CC(C)c1nc2cc(O)c(O)c(O)c2c(=O)[nH]1,n1cnc2ccccc2c1,regression,strict,train,False,5.306009389539224,intermediate
CHEMBL5407708,CC(C)(C)c1nc2cc(O)c(O)c(O)c2c(=O)[nH]1,n1cnc2ccccc2c1,regression,strict,train,False,5.388701637703571,intermediate
CHEMBL5405273,CC(C)Cc1nc2cc(O)c(O)c(O)c2c(=O)[nH]1,n1cnc2ccccc2c1,regression,strict,train,False,6.414539270491499,active
CHEMBL5434998,CC(C)(C)Cc1nc2cc(O)c(O)c(O)c2c(=O)[nH]1,n1cnc2ccccc2c1,regression,strict,train,False,6.013228265733755,active
CHEMBL5405362,O=c1[nH]c(/C=C/c2ccccc2)nc2cc(O)c(O)c(O)c12,n1cc2ccccc2nc1C=Cc3ccccc3,regression,strict,train,False,5.541513236201793,intermediate
CHEMBL5416685,O=c1[nH]c(Cc2ccccc2)nc2cc(O)c(O)c(O)c12,n1cc2ccccc2nc1Cc3ccccc3,regression,strict,train,False,6.485452247339714,active
CHEMBL5435314,CC(c1ccccc1)c1nc2cc(O)c(O)c(O)c2c(=O)[nH]1,n1cc2ccccc2nc1Cc3ccccc3,regression,strict,train,False,6.7594507517174005,active
CHEMBL5411855,CCC(c1ccccc1)c1nc2cc(O)c(O)c(O)c2c(=O)[nH]1,n1cc2ccccc2nc1Cc3ccccc3,regression,strict,train,False,6.6777807052660805,active
CHEMBL5432454,CC(C)C(c1ccccc1)c1nc2cc(O)c(O)c(O)c2c(=O)[nH]1,n1cc2ccccc2nc1Cc3ccccc3,regression,strict,train,False,6.4089353929735005,active
CHEMBL5434000,CC(C)Cn1c(-c2ccccc2)nc2cc(O)c(O)c(O)c2c1=O,n1cc2ccccc2nc1-c3ccccc3,regression,strict,train,False,6.906578314837765,active
CHEMBL5418919,O=c1c2c(O)c(O)c(O)cc2nc(-c2ccccc2)n1CCO,n1cc2ccccc2nc1-c3ccccc3,regression,strict,train,False,5.864867348623225,intermediate
CHEMBL5408555,CC(C)(C)NC(=O)Cn1c(-c2ccccc2)nc2cc(O)c(O)c(O)c2c1=O,n1cc2ccccc2nc1-c3ccccc3,regression,strict,train,False,6.022733787572707,active
CHEMBL5429980,O=c1c2c(O)c(O)c(O)cc2nc(-c2ccccc2)n1C1CC1,N=1c2ccccc2[CH]N(C1c3ccccc3)C4CC4,regression,strict,train,False,6.537602002101044,active
CHEMBL5406114,O=c1c2c(O)c(O)c(O)cc2nc(-c2ccccc2)n1C1CCCC1,N=1c2ccccc2[CH]N(C1c3ccccc3)C4CCCC4,regression,strict,train,False,6.906578314837765,active
CHEMBL5425758,O=c1c2c(O)c(O)c(O)cc2nc(-c2ccccc2)n1C1CCCCC1,N=1c2ccccc2[CH]N(C1c3ccccc3)C4CCCCC4,regression,strict,train,False,6.562249437179612,active
CHEMBL5426124,O=c1c2c(O)c(O)c(O)cc2nc(-c2ccccc2)n1-c1ccccc1,N=1c2ccccc2[CH]N(c3ccccc3)C1c4ccccc4,regression,strict,train,False,7.080921907623926,active
CHEMBL5400303,O=c1c2c(O)c(O)c(O)cc2nc(-c2ccccc2)n1-c1ccccc1F,N=1c2ccccc2[CH]N(c3ccccc3)C1c4ccccc4,regression,strict,train,False,6.688246138944246,active
CHEMBL5439575,O=c1c2c(O)c(O)c(O)cc2nc(-c2ccccc2)n1-c1cccc(F)c1,N=1c2ccccc2[CH]N(c3ccccc3)C1c4ccccc4,regression,strict,train,False,6.627087997029894,active
CHEMBL5418627,O=c1c2c(O)c(O)c(O)cc2nc(-c2ccccc2)n1-c1ccc(O)cc1,N=1c2ccccc2[CH]N(c3ccccc3)C1c4ccccc4,regression,strict,train,False,6.567030709125595,active
CHEMBL5425241,O=c1c2c(O)c(O)c(O)cc2nc(-c2ccccc2)n1-c1ccc(Br)cc1F,N=1c2ccccc2[CH]N(c3ccccc3)C1c4ccccc4,regression,strict,train,False,6.684029654543083,active
CHEMBL5424318,Cc1cc(-n2c(-c3ccccc3)nc3cc(O)c(O)c(O)c3c2=O)ccc1F,N=1c2ccccc2[CH]N(c3ccccc3)C1c4ccccc4,regression,strict,train,False,6.931814138253839,active
CHEMBL5419145,O=c1c2c(O)c(O)c(O)cc2nc(-c2ccccc2)n1-c1ccc(-c2ccccc2)cc1,N=1c2ccccc2[CH]N(c3ccc(cc3)-c4ccccc4)C1c5ccccc5,regression,strict,train,False,5.830913642512977,intermediate
CHEMBL5423618,O=c1c2c(O)c(O)c(O)cc2nc(-c2ccccc2)n1-c1cccnc1,n1cccc(c1)N2[CH]c3ccccc3N=C2c4ccccc4,regression,strict,train,False,6.673664139071248,active
CHEMBL5398166,O=c1c2c(O)c(O)c(O)cc2nc(-c2ccccc2)n1-c1cn[nH]c1,n1cc(c[nH]1)N2[CH]c3ccccc3N=C2c4ccccc4,regression,strict,train,False,6.4089353929735005,active
CHEMBL5410809,CC(c1ccccc1)c1nc2cc(O)c(O)c(O)c2c(=O)n1-c1ccccc1,N=1c2ccccc2[CH]N(c3ccccc3)C1Cc4ccccc4,regression,strict,train,False,6.321481620959886,active
CHEMBL5406997,Cc1cc(-n2c(C(C)c3ccccc3)nc3cc(O)c(O)c(O)c3c2=O)ccc1F,N=1c2ccccc2[CH]N(c3ccccc3)C1Cc4ccccc4,regression,strict,train,False,5.997833938243493,intermediate
CHEMBL5411183,CC(c1ccccc1)c1nc2cc(O)c(O)c(O)c2c(=O)n1-c1ccccc1F,N=1c2ccccc2[CH]N(c3ccccc3)C1Cc4ccccc4,regression,strict,train,False,6.537602002101044,active
CHEMBL5414042,CC(c1ccccc1)c1nc2cc(O)c(O)c(O)c2c(=O)n1-c1ccc(Br)cc1F,N=1c2ccccc2[CH]N(c3ccccc3)C1Cc4ccccc4,regression,strict,train,False,6.413412695328245,active
CHEMBL5409249,CC(C)Cn1c(C(C)c2ccccc2)nc2cc(O)c(O)c(O)c2c1=O,n1cc2ccccc2nc1Cc3ccccc3,regression,strict,train,False,6.1598939055432425,active
CHEMBL5406891,CC(C)Cc1nc2cc(O)c(O)c(O)c2c(=O)n1-c1ccccc1,N1=CN([CH]c2ccccc12)c3ccccc3,regression,strict,train,False,6.97061622231479,active
CHEMBL5400991,CC(C)Cc1nc2cc(O)c(O)c(O)c2c(=O)n1-c1ccccc1F,N1=CN([CH]c2ccccc12)c3ccccc3,regression,strict,train,False,6.621602099051862,active
CHEMBL5406059,Cc1cc(-n2c(CC(C)C)nc3cc(O)c(O)c(O)c3c2=O)ccc1F,N1=CN([CH]c2ccccc12)c3ccccc3,regression,strict,train,False,7.0,active
CHEMBL5399660,CC(C)Cc1nc2cc(O)c(O)c(O)c2c(=O)n1-c1ccc(Br)cc1F,N1=CN([CH]c2ccccc12)c3ccccc3,regression,strict,train,False,6.546681659952962,active
CHEMBL5422331,O=c1c2c(O)c(O)c(O)cc2nc(Cc2ccccc2)n1-c1ccccc1,N=1c2ccccc2[CH]N(c3ccccc3)C1Cc4ccccc4,regression,strict,train,False,6.882728704344236,active
CHEMBL5427453,Cc1cc(-n2c(Cc3ccccc3)nc3cc(O)c(O)c(O)c3c2=O)ccc1F,N=1c2ccccc2[CH]N(c3ccccc3)C1Cc4ccccc4,regression,strict,train,False,6.29929628285498,active
CHEMBL5394410,CC(C)Cn1c(Cc2ccccc2)nc2cc(O)c(O)c(O)c2c1=O,n1cc2ccccc2nc1Cc3ccccc3,regression,strict,train,False,6.33161408331,active
CHEMBL5427572,CC(C)C[C@H](NC(=O)C(=O)Nc1ccccc1F)C(=O)N[C@@H](C[C@@H]1CCNC1=O)C(=O)COc1c(F)c(F)cc(F)c1F,O(c1ccccc1)CCC(NCCNCCNc2ccccc2)CC3CNCC3,regression,strict,train,False,7.829738284605042,active
CHEMBL5436463,CC(C)C[C@H](NC(=O)C(=O)Nc1ccccc1F)C(=O)N[C@@H](C[C@@H]1CCNC1=O)C(=O)COC(F)(F)F,c1ccc(cc1)NCCNCCNCCC2CNCC2,regression,strict,train,False,7.117475462045119,active
CHEMBL5400139,O=C(Nc1ccccc1F)C(=O)N1CC2(CC2)C[C@H]1C(=O)N[C@@H](C[C@@H]1CCNC1=O)C(=O)COC(F)(F)F,c1ccc(cc1)NCCN2CC3(CC3)CC2CNCCC4CNCC4,regression,strict,train,False,7.79317412396815,active
CHEMBL5426046,CC(C)(C)NC(=O)C(=O)N1C[C@H]2[C@@H]([C@H]1C(=O)N[C@@H](C[C@@H]1CCNC1=O)C(=O)COC(F)(F)F)C2(C)C,N1CCC(C1)CCNCC2NCC3CC23,regression,strict,train,False,7.090979145788844,active
CHEMBL5398789,CC(C)(C)NC(=O)C(=O)N1C[C@@H]2CCC[C@@H]2[C@H]1C(=O)N[C@@H](C[C@@H]1CCNC1=O)C(=O)COC(F)(F)F,N1CCC(C1)CCNCC2NCC3CCCC23,regression,strict,train,False,7.540607512240769,active
CHEMBL5438703,CC(C)CC(=O)C(=O)N1CC2(CC2)C[C@H]1C(=O)N[C@@H](C[C@@H]1CCNC1=O)C(=O)COC(F)(F)F,N(CCC1CNCC1)CC2NCC3(CC3)C2,regression,strict,train,False,7.619788758288394,active
CHEMBL5402318,CC(C)/C=C/C(=O)N1CC2(CC2)C[C@H]1C(=O)N[C@@H](C[C@@H]1CCNC1=O)C(=O)COC(F)(F)F,N(CCC1CNCC1)CC2NCC3(CC3)C2,regression,strict,train,False,7.459670525209126,active
CHEMBL5420351,CC1(C)CC(O)(C(=O)N2CC3(CC3)C[C@H]2C(=O)N[C@@H](C[C@@H]2CCNC2=O)C(=O)COC(F)(F)F)C1,N(CCC1CNCC1)CC2N(CC3CCC3)CC4(CC4)C2,regression,strict,train,False,7.437707135543525,active
CHEMBL5426319,CC(=O)N1CC2(CC2)C[C@H]1C(=O)N[C@@H](C[C@@H]1CCNC1=O)C(=O)COC(F)(F)F,N(CCC1CNCC1)CC2NCC3(CC3)C2,regression,strict,train,False,7.450996737974212,active
CHEMBL5416435,CC(C)C[C@H](NC(=O)C(=O)NCC(F)(F)F)C(=O)N[C@@H](C[C@@H]1CCNC1=O)C(=O)COC(F)(F)F,N1CCCC1,regression,strict,train,False,7.462180904926726,active
CHEMBL5430747,CC(C)C[C@H](NC(=O)C(=O)NC12CC(F)(C1)C2)C(=O)N[C@@H](C[C@@H]1CCNC1=O)C(=O)COC(F)(F)F,N(CCNCCC1CNCC1)CCNC23CC(C2)C3,regression,strict,train,False,7.472370099128661,active
CHEMBL5439634,CC(C)C[C@H](NC(=O)c1cc(C(C)(C)F)on1)C(=O)N[C@@H](C[C@@H]1CCNC1=O)C(=O)COC(F)(F)F,n1occc1CNCCNCCC2CNCC2,regression,strict,train,False,7.458420756053419,active
CHEMBL5411753,CC(C)C[C@H](NC(=O)[C@H]1CCCO1)C(=O)N[C@@H](C[C@@H]1CCNC1=O)C(=O)COC(F)(F)F,O1CCCC1CNCCNCCC2CNCC2,regression,strict,train,False,7.221125527997261,active
CHEMBL5423024,CC(C)C[C@H](NC(=O)C(=O)Nc1ccccc1F)C(=O)N[C@@H](C[C@@H]1CCNC1=O)C(=O)CO,c1ccc(cc1)NCCNCCNCCC2CNCC2,regression,strict,test,False,6.795880017344075,active
CHEMBL5397476,CC(C)C[C@@H](O)C(=O)N1C[C@H](C(F)(F)F)C[C@H]1C(=O)N[C@@H](C[C@@H]1CCNC1=O)C(=O)COC(F)(F)F,N(CCC1CNCC1)CC2NCCC2,regression,strict,train,False,7.657577319177793,active
CHEMBL5430978,CC(C)C[C@@H](O)C(=O)N1CC2(CC2)C[C@H]1C(=O)N[C@@H](C[C@@H]1CCNC1=O)C(=O)COC(F)(F)F,N(CCC1CNCC1)CC2NCC3(CC3)C2,regression,strict,train,False,7.6307841425898575,active
CHEMBL5398458,Cc1cc2nc3s/c(=C/c4ccc(-c5cccc(C(=O)O)c5)o4)c(=O)n3c2cc1C,n1c2ccccc2n3[CH]C(Sc13)=Cc4oc(cc4)-c5ccccc5,regression,strict,train,False,7.259637310505756,active
CHEMBL5401536,Cn1c(=O)[nH]c2ncc(-c3cccc(C(=O)Nc4cccc(C#N)c4)c3)cc21,n1cc(cc2NCNc12)-c3cccc(c3)CNc4ccccc4,regression,strict,train,False,4.698970004336019,inactive
CHEMBL5426089,Cc1c(C(=O)/C=C/c2ccc(O)c([N+](=O)[O-])c2)c(C#N)c2n1CCC2,c1ccc(cc1)C=CCc2cc3n(c2)CCC3,regression,strict,train,False,4.301029995663981,inactive
CHEMBL5423030,O=C(OCc1cn2cc(Br)ccc2n1)c1cc(-c2ccco2)[nH]n1,n1[nH]c(cc1COCc2nc3ccccn3c2)-c4occc4,regression,strict,train,False,5.221848749616356,intermediate
CHEMBL5416060,Cn1c(=O)[nH]c2ncc(-c3cccc(C(=O)Nc4ccc(Cl)c(CO)c4)c3)cc21,n1cc(cc2NCNc12)-c3cccc(c3)CNc4ccccc4,regression,strict,train,False,4.823908740944319,inactive
CHEMBL5403341,COc1cc(F)cc(NC(=O)c2cccc(-c3cnc4[nH]c(=O)n(C)c4c3)c2)c1,n1cc(cc2NCNc12)-c3cccc(c3)CNc4ccccc4,regression,strict,train,False,4.853871964321762,inactive
CHEMBL5432737,N#Cc1c(C(=O)NCc2ccc(O)c([N+](=O)[O-])c2)[nH]c2ccccc12,c1ccc(cc1)CNCc2cc3ccccc3[nH]2,regression,strict,train,False,4.568636235841013,inactive
CHEMBL5437795,CCc1c(C(=O)/C=C/c2ccc(O)c([N+](=O)[O-])c2)oc2ccccc12,o1c2ccccc2cc1CC=Cc3ccccc3,regression,strict,train,False,4.6020599913279625,inactive
CHEMBL5407039,Cn1c(C(=O)NCc2ccc(O)c([N+](=O)[O-])c2)c(Br)c2ccccc21,c1ccc(cc1)CNCc2cc3ccccc3[nH]2,regression,strict,test,False,4.721246399047171,inactive
CHEMBL5402316,O=C(COC(=O)c1cc(-c2ccoc2)n[nH]1)Nc1ccc(Br)cc1,n1[nH]c(cc1-c2cocc2)COCCNc3ccccc3,regression,strict,train,False,5.657577319177793,intermediate
CHEMBL5407297,Oc1ccccc1-c1ncnc2[nH]ccc12,n1cnc(-c2ccccc2)c3cc[nH]c13,regression,strict,train,False,4.920818753952375,inactive
CHEMBL5425227,C=C(Cl)COC(=O)c1cnc2[nH]ccc2c1,n1cccc2cc[nH]c12,regression,strict,train,False,4.508638306165727,inactive
CHEMBL5436474,CC(C)SCn1cnc2cnn(C)c2c1=O,n1cnc2cn[nH]c2c1,regression,strict,train,False,4.229147988357856,inactive
CHEMBL5399052,N#Cc1cncc(NCc2cc(Br)c[nH]2)n1,n1ccnc(c1)NCc2ccc[nH]2,regression,strict,train,False,4.221848749616356,inactive
CHEMBL5435740,Cn1ncc(N)c1-c1cc2ccccc2[nH]1,n1ccc([nH]1)-c2cc3ccccc3[nH]2,regression,strict,train,False,3.4672456210075024,inactive
CHEMBL5407441,O=C(NC1CSC1)c1ncnn2cccc12,n1cnn2cccc2c1CNC3CSC3,regression,strict,train,False,4.207608310501746,inactive
CHEMBL5416105,Nc1cn2cc(-c3cscc3Cl)ncc2n1,n1ccn2cc(ncc12)-c3cscc3,regression,strict,train,False,4.107905397309519,inactive
CHEMBL5432888,Cc1nc2ncc(-c3c[nH]nn3)cc2[nH]1,n1nc(c[nH]1)-c2cnc3nc[nH]c3c2,regression,strict,train,False,3.896196279044043,inactive
CHEMBL5394168,CN(Cc1ccncc1)c1cc(Br)ncn1,n1cnc(cc1)NCc2ccncc2,regression,strict,train,False,3.769551078621726,inactive
CHEMBL5432498,Cc1cc(C(=O)Nc2cccc(N3CCNC3=O)c2C)sc1C=O,s1cccc1CNc2cccc(c2)N3CNCC3,regression,strict,train,False,5.455931955649724,intermediate
CHEMBL5411566,N#Cc1ccc(NC(=O)c2cc(C=O)n3c2CCCC3)c2cc(O)ccc12,c1ccc2c(c1)cccc2NCc3ccn4c3CCCC4,regression,strict,train,False,5.096910013008056,intermediate
CHEMBL5418908,CN(C)c1cncc(NC(=O)c2ccc(C=O)cc2O)c1,n1cccc(c1)NCc2ccccc2,regression,strict,train,False,4.920818753952375,inactive
CHEMBL5416515,O=Cc1cc(F)c(C(=O)Nc2cc(Cl)c3c(c2)OCCO3)cc1F,O1c2ccc(cc2OCC1)NCc3ccccc3,regression,strict,train,False,4.6020599913279625,inactive
CHEMBL5423901,O=Cc1nc2ccccn2c1C=C1COC1,n1cc(C=C2COC2)n3ccccc13,regression,strict,train,False,4.958607314841775,inactive
CHEMBL5405564,C=CC(=O)N(C)c1ccc(C(=O)Nc2ccc(-c3cn4ccsc4n3)cc2)cc1,n1c2sccn2cc1-c3ccc(cc3)NCc4ccccc4,regression,strict,train,False,4.4089353929735005,inactive
CHEMBL5436990,C=CC(=O)NCCC(=O)N1CCC(C2C(=O)Nc3cc(Cl)ccc32)CC1,c1ccc2c(c1)NCC2C3CCNCC3,regression,strict,train,False,4.494850021680094,inactive
CHEMBL5429971,C=CC(=O)NCC(=O)C(=O)N1CCC(C2C(=O)Nc3cc(Cl)ccc32)CC1,c1ccc2c(c1)NCC2C3CCNCC3,regression,strict,test,False,5.154901959985743,intermediate
CHEMBL5437799,Nc1ncnc2c1ncn2[C@@H]1O[C@H](CSCCNS(=O)(=O)c2ccccc2)[C@@H](O)[C@H]1O,n1cnc2c(ncn2C3OC(CSCCNSc4ccccc4)CC3)c1,regression,strict,test,False,5.337242168318426,intermediate
CHEMBL5423053,Nc1ncnc2c1ncn2[C@@H]1O[C@H](CSCCNS(=O)(=O)c2ccc([N+](=O)[O-])cc2)[C@@H](O)[C@H]1O,n1cnc2c(ncn2C3OC(CSCCNSc4ccccc4)CC3)c1,regression,strict,test,False,5.327902142064283,intermediate
CHEMBL5409052,N#Cc1ccc(S(=O)(=O)NCCSC[C@H]2O[C@@H](n3cnc4c(N)ncnc43)[C@H](O)[C@@H]2O)cc1,n1cnc2c(ncn2C3OC(CSCCNSc4ccccc4)CC3)c1,regression,strict,test,False,4.806875401645538,inactive
CHEMBL5406405,Cc1ccc(S(=O)(=O)NCCSC[C@H]2O[C@@H](n3cnc4c(N)ncnc43)[C@H](O)[C@@H]2O)cc1,n1cnc2c(ncn2C3OC(CSCCNSc4ccccc4)CC3)c1,regression,strict,test,False,5.657577319177793,intermediate
CHEMBL5403276,Nc1ncnc2c1ncn2[C@@H]1O[C@H](CSCCNS(=O)(=O)c2ccc(C(F)(F)F)cc2)[C@@H](O)[C@H]1O,n1cnc2c(ncn2C3OC(CSCCNSc4ccccc4)CC3)c1,regression,strict,test,False,5.136677139879544,intermediate
CHEMBL5418419,Nc1ncnc2c1ncn2[C@@H]1O[C@H](CSCCNS(=O)(=O)c2ccccc2[N+](=O)[O-])[C@@H](O)[C@H]1O,n1cnc2c(ncn2C3OC(CSCCNSc4ccccc4)CC3)c1,regression,strict,test,False,5.690369832574101,intermediate
CHEMBL5421616,COc1ccc(S(=O)(=O)NCCSC[C@H]2O[C@@H](n3cnc4c(N)ncnc43)[C@H](O)[C@@H]2O)c([N+](=O)[O-])c1,n1cnc2c(ncn2C3OC(CSCCNSc4ccccc4)CC3)c1,regression,strict,test,False,6.045757490560675,active
CHEMBL5411147,Nc1ncnc2c1ncn2[C@@H]1O[C@H](CSCCNS(=O)(=O)c2ccc(Cl)cc2[N+](=O)[O-])[C@@H](O)[C@H]1O,n1cnc2c(ncn2C3OC(CSCCNSc4ccccc4)CC3)c1,regression,strict,test,False,6.045757490560675,active
CHEMBL5420170,Nc1ncnc2c1ncn2[C@@H]1O[C@H](CS(=O)(=O)CCNS(=O)(=O)c2ccccc2)[C@@H](O)[C@H]1O,n1cnc2c(ncn2C3OC(CSCCNSc4ccccc4)CC3)c1,regression,strict,test,False,4.632644078973981,inactive
CHEMBL5439086,Nc1ncnc2c1ncn2[C@@H]1O[C@H](CS(=O)(=O)CCNS(=O)(=O)c2ccc([N+](=O)[O-])cc2)[C@@H](O)[C@H]1O,n1cnc2c(ncn2C3OC(CSCCNSc4ccccc4)CC3)c1,regression,strict,test,False,4.562249437179612,inactive
CHEMBL5394078,N#Cc1ccc(S(=O)(=O)NCCS(=O)(=O)C[C@H]2O[C@@H](n3cnc4c(N)ncnc43)[C@H](O)[C@@H]2O)cc1,n1cnc2c(ncn2C3OC(CSCCNSc4ccccc4)CC3)c1,regression,strict,test,False,4.280668713016273,inactive
CHEMBL5410336,Cc1ccc(S(=O)(=O)NCCS(=O)(=O)C[C@H]2O[C@@H](n3cnc4c(N)ncnc43)[C@H](O)[C@@H]2O)cc1,n1cnc2c(ncn2C3OC(CSCCNSc4ccccc4)CC3)c1,regression,strict,test,False,4.309803919971486,inactive
CHEMBL5438646,Nc1ncnc2c1ncn2[C@@H]1O[C@H](CS(=O)(=O)CCNS(=O)(=O)c2ccc(C(F)(F)F)cc2)[C@@H](O)[C@H]1O,n1cnc2c(ncn2C3OC(CSCCNSc4ccccc4)CC3)c1,regression,strict,test,False,4.4156687756324695,inactive
CHEMBL1879790,CN1CCN(c2ccccc2N)CC1,c1ccc(cc1)N2CCNCC2,regression,strict,train,False,8.742321425130816,active
CHEMBL5430961,CC(C)(C)NCc1ccccc1,c1ccccc1,regression,strict,train,False,6.00788851221305,active
CHEMBL13305,NCc1c(Cl)cccc1Cl,c1ccccc1,regression,strict,train,False,7.091514981121351,active
CHEMBL1370095,CCN1CCN(c2ccc(N)cc2)CC1,c1ccc(cc1)N2CCNCC2,regression,strict,train,False,7.552841968657781,active
CHEMBL165728,CNC(=O)c1ccc(N)cc1,c1ccccc1,regression,strict,train,False,7.468521082957745,active
CHEMBL138621,NCc1ccc(Br)cc1,c1ccccc1,regression,strict,train,False,7.346787486224656,active
CHEMBL5435017,CN1CCN(c2ccc(N)cc2F)CC1,c1ccc(cc1)N2CCNCC2,regression,strict,train,False,7.207608310501746,active
CHEMBL522,NCc1ccccc1,c1ccccc1,regression,strict,train,False,7.214670164989233,active
CHEMBL5393918,NCCc1ccc(C(F)F)cc1,c1ccccc1,regression,strict,train,False,7.301029995663981,active
CHEMBL274497,NCCc1cccc(Cl)c1,c1ccccc1,regression,strict,train,False,7.2839966563652,active
CHEMBL12722,NCc1cccc(F)c1,c1ccccc1,regression,strict,train,False,7.1487416512809245,active
CHEMBL5429989,NCc1ccc(CCO)cc1,c1ccccc1,regression,strict,train,False,7.113509274827518,active
CHEMBL103299,Cc1ccc(CCN)cc1,c1ccccc1,regression,strict,train,False,7.113509274827518,active
CHEMBL161867,C/N=c1\nc(-c2ccccc2)n(-c2ccccc2)s1,N=1[CH]SN(c2ccccc2)C1c3ccccc3,regression,strict,test,False,6.486782399932061,active
CHEMBL1431798,CN=C(S)N=C(Nc1ccccc1)c1ccccc1,c1ccc(cc1)NCc2ccccc2,regression,strict,train,False,4.398157210217902,inactive
CHEMBL5435359,c1ccc(-c2n/c(=N\C3CC3)sn2-c2ccccc2)cc1,N=1C(=NC2CC2)SN(c3ccccc3)C1c4ccccc4,regression,strict,train,False,6.844663962534939,active
CHEMBL5433491,FC1(F)CC(/N=c2\nc(-c3ccccc3)n(-c3ccccc3)s2)C1,N=1C(=NC2CCC2)SN(c3ccccc3)C1c4ccccc4,regression,strict,train,False,6.490797477668897,active
CHEMBL5418476,C/N=c1\nc(-c2ccccc2)n(-c2ccc(F)cc2)s1,N=1[CH]SN(c2ccccc2)C1c3ccccc3,regression,strict,test,False,6.906578314837765,active
CHEMBL162755,C/N=c1\nc(-c2ccc(Cl)cc2)n(-c2ccccc2)s1,N=1[CH]SN(c2ccccc2)C1c3ccccc3,regression,strict,test,False,6.866461091629782,active
CHEMBL351694,C/N=c1\nc(-c2ccc(OC)cc2)n(-c2ccccc2)s1,N=1[CH]SN(c2ccccc2)C1c3ccccc3,regression,strict,test,False,6.782516055786093,active
CHEMBL5423593,C/N=c1\nc(-c2ccc(F)cc2)n(-c2ccccc2)s1,N=1[CH]SN(c2ccccc2)C1c3ccccc3,regression,strict,test,False,6.548213564475709,active
CHEMBL5441037,C/N=c1\nc(-c2ccc(OC)cc2)n(-c2ccc(F)cc2)s1,N=1[CH]SN(c2ccccc2)C1c3ccccc3,regression,strict,test,False,6.428291168191312,active
CHEMBL5408402,C/N=c1\nc(-c2ccc(OC)cc2)n(-c2cc(F)c(F)c(F)c2)s1,N=1[CH]SN(c2ccccc2)C1c3ccccc3,regression,strict,test,False,6.235077015350112,active
CHEMBL5408081,CCOc1ccc(-c2n/c(=N\C)sn2-c2ccc(F)cc2)cc1,N=1[CH]SN(c2ccccc2)C1c3ccccc3,regression,strict,test,False,6.335358024443875,active
CHEMBL5430129,C/N=c1\nc(-c2ccc(OC)c(OC)c2)n(-c2ccc(F)cc2)s1,N=1[CH]SN(c2ccccc2)C1c3ccccc3,regression,strict,test,False,6.598599459218455,active
CHEMBL487392,COc1cc(C)cc2c(-c3c(O)cc(O)c4c3C[C@@H](C)N[C@@H]4C)ccc(O)c12,c1ccc2c(c1)cccc2-c3cccc4c3CCNC4,regression,strict,train,False,4.429398691126428,inactive
CHEMBL5438334,Nc1ccccc1-c1noc(-c2ccncc2)n1,n1ccc(cc1)-c2nc(no2)-c3ccccc3,regression,strict,train,False,5.14242418587611,intermediate
CHEMBL5411233,COC(=O)/C=C/[C@H](C[C@@H]1CCNC1=O)NC(=O)[C@H](CC(C)C)NC(=O)OCc1ccccc1,O(CNCCNCCC1CNCC1)Cc2ccccc2,regression,strict,train,False,5.8696662315049934,intermediate
CHEMBL5426938,CC(C)C[C@H](NC(=O)OCc1ccccc1)C(=O)N[C@H](/C=C/C(=O)N1CCN(CC2CCN(c3cc4c(cc3F)C(=O)N(C3CCC(=O)NC3=O)C4=O)CC2)CC1)C[C@@H]1CCNC1=O,O(CNCCNC(C=CCN1CCN(CC1)CC2CCN(c3ccc4c(c3)CN(C4)C5CNCCC5)CC2)CC6CNCC6)Cc7ccccc7,regression,strict,train,False,4.673664139071248,inactive
CHEMBL5437354,COC(=O)/C=C/[C@H](C[C@@H]1CCNC1=O)NC(=O)[C@H](Cc1ccccc1)NC(=O)[C@@H](NC(=O)CCC(=O)N1CCN(C(=O)C2CCN(c3cccc4c3C(=O)N(C3CCC(=O)NC3=O)C4=O)CC2)CC1)C(C)C,c1ccc(cc1)CC(NCCNCCCCN2CCN(CC2)CC3CCN(c4cccc5c4CN(C5)C6CNCCC6)CC3)CNCCC7CNCC7,regression,strict,train,False,4.0,inactive
CHEMBL117102,CCC(CC)CC1(C(=O)Nc2ccccc2S)CCCCC1,c1ccc(cc1)NCC2CCCCC2,regression,strict,train,False,4.841637507904751,inactive
CHEMBL2016761,N#C[C@@]1(c2ccc3c(N)ncnn23)O[C@H](COP(=O)(O)OP(=O)(O)OP(=O)(O)O)[C@@H](O)[C@H]1O,n1cnn2c(c1)ccc2C3OCCC3,regression,strict,train,False,5.20690839982342,intermediate
CHEMBL3040216,CC1=CCC(C(=O)/N=C2\CC=C(S(=O)(=O)O)c3cc(S(=O)(=O)O)cc(S(=O)(=O)O)c32)=C/C1=N/C(=O)C1=CC=C/C(=N\C(=O)/N=C2\C=CC=C(C(=O)/N=C3/CC(C(=O)/N=C4\CC=C(S(=O)(=O)O)c5cc(S(=O)(=O)O)cc(S(=O)(=O)O)c54)=CC=C3C)C2)C1,N(=C1C=CC=C(CN=C2C=CCC(=C2)CN=C3c4ccccc4C=CC3)C1)CN=C5C=CC=C(CN=C6C=CC=C(CN=C7c8ccccc8C=CC7)C6)C5,regression,strict,train,False,6.585026652029182,active
CHEMBL5405842,CC(C)C[C@H](NC(=O)[C@@H](NC(=O)OC(C)(C)C)C(C)C)C(=O)N[C@H](C=O)C[C@@H]1CCNC1=O,N1CCCC1,regression,strict,train,False,9.154901959985745,active
CHEMBL5438782,CC(C)[C@H](NC(=O)OC(C)(C)C)C(=O)N1CCC[C@H]1C(=O)N[C@H](C=O)C[C@@H]1CCNC1=O,N(CCC1CNCC1)CC2NCCC2,regression,strict,train,False,8.20551195334083,active
CHEMBL5401358,CC(C)[C@H](NC(=O)OC(C)(C)C)C(=O)N1C[C@@H](C)C[C@H]1C(=O)N[C@H](C=O)C[C@@H]1CCNC1=O,N(CCC1CNCC1)CC2NCCC2,regression,strict,train,False,9.327902142064282,active
CHEMBL5409350,CO[C@H]1C[C@@H](C(=O)N[C@H](C=O)C[C@@H]2CCNC2=O)N(C(=O)[C@@H](NC(=O)OC(C)(C)C)C(C)C)C1,N(CCC1CNCC1)CC2NCCC2,regression,strict,train,False,9.619788758288394,active
CHEMBL5427783,CO[C@@H]1C[C@@H](C(=O)N[C@H](C=O)C[C@@H]2CCNC2=O)N(C(=O)[C@@H](NC(=O)OC(C)(C)C)C(C)C)C1,N(CCC1CNCC1)CC2NCCC2,regression,strict,train,False,5.37716452047848,intermediate
CHEMBL5409791,CC(C)[C@H](NC(=O)OC(C)(C)C)C(=O)N1C[C@@H](OC(C)(C)C)C[C@H]1C(=O)N[C@H](C=O)C[C@@H]1CCNC1=O,N(CCC1CNCC1)CC2NCCC2,regression,strict,train,False,4.692717952966654,inactive
CHEMBL5402990,CC(C)[C@H](NC(=O)OC(C)(C)C)C(=O)N1C[C@H](OC(C)(C)C)C[C@H]1C(=O)N[C@H](C=O)C[C@@H]1CCNC1=O,N(CCC1CNCC1)CC2NCCC2,regression,strict,train,False,8.602059991327963,active
CHEMBL5395225,CC(C)[C@H](NC(=O)OC(C)(C)C)C(=O)N1C[C@@H]2CCC[C@@H]2[C@H]1C(=O)N[C@H](C=O)C[C@@H]1CCNC1=O,N1CCC(C1)CCNCC2NCC3CCCC23,regression,strict,train,False,8.301029995663981,active
CHEMBL5424014,CC(C)[C@H](NC(=O)OC(C)(C)C)C(=O)N1CCCC[C@H]1C(=O)N[C@H](C=O)C[C@@H]1CCNC1=O,N(CCC1CNCC1)CC2NCCCC2,regression,strict,train,False,5.474955192963154,intermediate
CHEMBL5427494,CC(OC(C)(C)C)[C@H](NC(=O)OC(C)(C)C)C(=O)N1CCC[C@H]1C(=O)N[C@H](C=O)C[C@@H]1CCNC1=O,N(CCC1CNCC1)CC2NCCC2,regression,strict,train,False,8.275724130399212,active
CHEMBL5427537,CC(C)(C)C[C@H](NC(=O)c1cc2ccccc2[nH]1)C(=O)N[C@H](C=O)C[C@@H]1CCNC1=O,c1ccc2[nH]c(cc2c1)CNCCNCCC3CNCC3,regression,strict,train,False,7.5376020021010435,active
CHEMBL5431050,COc1cccc2[nH]c(C(=O)N[C@@H](CC(C)(C)C)C(=O)N[C@H](C=O)C[C@@H]3CCNC3=O)cc12,c1ccc2[nH]c(cc2c1)CNCCNCCC3CNCC3,regression,strict,train,False,7.130768280269024,active
CHEMBL5415290,CC(C)(C)C[C@H](NC(=O)OCc1ccccc1)C(=O)N[C@H](C=O)C[C@@H]1CCNC1=O,O(CNCCNCCC1CNCC1)Cc2ccccc2,regression,strict,train,False,7.275724130399211,active
CHEMBL3427168,O=C[C@H](C[C@@H]1CCNC1=O)NC(=O)[C@H](CC1CCCCC1)NC(=O)OCc1ccccc1,O(CNC(CNCCC1CNCC1)CC2CCCCC2)Cc3ccccc3,regression,strict,test,False,7.251811972993799,active
CHEMBL3427141,O=C[C@H](C[C@@H]1CCNC1=O)NC(=O)[C@H](CC1CCCCC1)NC(=O)OCc1cccc(Cl)c1,O(CNC(CNCCC1CNCC1)CC2CCCCC2)Cc3ccccc3,regression,strict,test,False,6.958607314841775,active
CHEMBL5396546,CC(=O)Oc1cccc(COC(=O)N[C@@H](CC2CCCCC2)C(=O)N[C@H](C=O)C[C@@H]2CCNC2=O)c1,O(CNC(CNCCC1CNCC1)CC2CCCCC2)Cc3ccccc3,regression,strict,test,False,7.008773924307505,active
CHEMBL5397315,C[C@@H](OC(C)(C)C)[C@H](NC(=O)OCc1ccccc1)C(=O)N[C@H](C=O)C[C@@H]1CCNC1=O,O(CNCCNCCC1CNCC1)Cc2ccccc2,regression,strict,train,False,6.3979400086720375,active
CHEMBL5425267,CC(C)(C)O[C@@H]1C[C@@H](C(=O)N[C@H](C=O)C[C@@H]2CCNC2=O)N(C(=O)OCc2ccccc2)C1,O(Cc1ccccc1)CN2CCCC2CNCCC3CNCC3,regression,strict,train,False,6.251811972993799,active
CHEMBL5427578,O=C[C@H](C[C@@H]1CCNC1=O)NC(=O)[C@@H]1C[C@@H](C2CCCCC2)CN1C(=O)OCc1ccccc1,O(Cc1ccccc1)CN2CC(CC2CNCCC3CNCC3)C4CCCCC4,regression,strict,train,False,6.292429823902063,active
CHEMBL5398423,O=C[C@H](C[C@@H]1CCNC1=O)NC(=O)[C@@H]1CC2(CC2)CN1C(=O)OCc1ccccc1,O(Cc1ccccc1)CN2CC3(CC3)CC2CNCCC4CNCC4,regression,strict,train,False,7.602059991327962,active
CHEMBL5438286,O=C[C@H](C[C@@H]1CCNC1=O)NC(=O)[C@@H]1CC2(CCC2)CN1C(=O)OCc1ccccc1,O(Cc1ccccc1)CN2CC3(CCC3)CC2CNCCC4CNCC4,regression,strict,train,False,7.522878745280337,active
CHEMBL5399799,O=C[C@H](C[C@@H]1CCNC1=O)NC(=O)C1CC2(CCCC2)CN1C(=O)OCc1ccccc1,O(Cc1ccccc1)CN2CC3(CCCC3)CC2CNCCC4CNCC4,regression,strict,test,False,7.657577319177793,active
CHEMBL5435470,O=C[C@H](C[C@@H]1CCNC1=O)NC(=O)C1CC2(CCCCC2)CN1C(=O)OCc1ccccc1,O(Cc1ccccc1)CN2CC3(CCCCC3)CC2CNCCC4CNCC4,regression,strict,train,False,7.309803919971486,active
CHEMBL5440769,CC1(C)[C@@H]2[C@@H](C(=O)N[C@H](C=O)C[C@@H]3CCNC3=O)N(C(=O)CNc3ccc(Cl)cc3)C[C@@H]21,c1ccc(cc1)NCCN2CC3CC3C2CNCCC4CNCC4,regression,strict,train,False,6.00436480540245,active
CHEMBL5437518,O=C[C@H](C[C@@H]1CCNC1=O)NC(=O)[C@@H]1CC2(CC2)CN1C(=O)COc1ccc(Cl)cc1Cl,O(c1ccccc1)CCN2CC3(CC3)CC2CNCCC4CNCC4,regression,strict,train,False,7.4089353929735005,active
CHEMBL5398911,CC1(C)[C@@H]2[C@@H](C(=O)N[C@H](C=O)C[C@@H]3CCNC3=O)N(C(=O)COC3CCCCC3)C[C@@H]21,O(CCN1CC2CC2C1CNCCC3CNCC3)C4CCCCC4,regression,strict,train,False,7.602059991327962,active
CHEMBL5425010,CC1(C)[C@@H]2[C@@H](C(=O)N[C@H](C=O)C[C@@H]3CCNC3=O)N(C(=O)CCC3CCCCC3)C[C@@H]21,N1CCC(C1)CCNCC2N(CCCC3CCCCC3)CC4CC24,regression,strict,train,False,7.387216143280264,active
CHEMBL5412310,N#C[C@H](C[C@@H]1CCNC1=O)NC(=O)C1CC2(CCCC2)CN1C(=O)OCc1ccccc1,O(Cc1ccccc1)CN2CC3(CCCC3)CC2CNCCC4CNCC4,regression,strict,test,False,5.657577319177793,intermediate
CHEMBL5436573,N#C[C@H](C[C@@H]1CCNC1=O)NC(=O)C1CC2(CCCC2)CN1C(=O)OCc1cccc(Cl)c1,O(Cc1ccccc1)CN2CC3(CCCC3)CC2CNCCC4CNCC4,regression,strict,test,False,5.443697499232712,intermediate
CHEMBL5399253,COc1cccc2[nH]c(C(=O)N3CC4(CCCC4)CC3C(=O)N[C@H](C=O)C[C@@H]3CCNC3=O)cc12,c1ccc2[nH]c(cc2c1)CN3CC4(CCCC4)CC3CNCCC5CNCC5,regression,strict,train,False,5.823908740944319,intermediate
CHEMBL5398479,COc1cccc2[nH]c(C(=O)N3CC4(CCCC4)CC3C(=O)N[C@H](C#N)C[C@@H]3CCCNC3=O)cc12,c1ccc2[nH]c(cc2c1)CN3CC4(CCCC4)CC3CNCCC5CNCCC5,regression,strict,train,False,5.221848749616356,intermediate
CHEMBL5396421,N#C[C@H](C[C@@H]1CCNC1=O)NC(=O)C1CC2(CCCCC2)CN1C(=O)OCc1ccccc1,O(Cc1ccccc1)CN2CC3(CCCCC3)CC2CNCCC4CNCC4,regression,strict,test,False,5.853871964321762,intermediate
CHEMBL5407572,N#C[C@H](C[C@@H]1CCNC1=O)NC(=O)[C@H](CC1CCCCC1)NC(=O)C(F)(F)F,N(CCCC1CCCCC1)CCC2CNCC2,regression,strict,test,False,5.698970004336019,intermediate
CHEMBL5397334,CC(C)(C)OC(=O)N1CC2(CCC2)C[C@H]1C(=O)N[C@H](C=O)C[C@@H]1CCNC1=O,N(CCC1CNCC1)CC2NCC3(CCC3)C2,regression,strict,train,False,5.301029995663981,intermediate
CHEMBL478401,O=C[C@H](C[C@@H]1CCNC1=O)NC(=O)[C@H](Cc1ccccc1)NC(=O)OCc1ccccc1,O(CNC(CNCCC1CNCC1)Cc2ccccc2)Cc3ccccc3,regression,strict,test,False,7.0,active
CHEMBL477164,O=C[C@H](C[C@@H]1CCNC1=O)NC(=O)[C@H](Cc1ccccc1)NC(=O)/C=C/c1ccc(Cl)cc1F,c1ccc(cc1)C=CCNC(CNCCC2CNCC2)Cc3ccccc3,regression,strict,train,False,6.987162775294828,active
CHEMBL5410459,CC1(C)CC(=O)C2=C(C1)Nc1cc([N+](=O)[O-])ccc1N(C(=O)CCl)C2,c1ccc2NCC3=C(Nc2c1)CCCC3,regression,strict,train,False,4.6129662987176365,inactive
CHEMBL5410934,CC1C2=C(CC(C)(C)CC2=O)Nc2cc([N+](=O)[O-])ccc2N1C(=O)CCl,c1ccc2NCC3=C(Nc2c1)CCCC3,regression,strict,train,False,4.632271453913024,inactive
CHEMBL5437930,CC1(C)CC(=O)C2=C(C1)Nc1cc([N+](=O)[O-])ccc1N(C(=O)CCl)C2C1CC1,c1ccc2NC(C3=C(Nc2c1)CCCC3)C4CC4,regression,strict,test,False,4.87484417041947,inactive
CHEMBL5409154,CC1(C)CC(=O)C2=C(C1)Nc1cc([N+](=O)[O-])ccc1N(C(=O)CCl)C2C1CCC1,c1ccc2NC(C3=C(Nc2c1)CCCC3)C4CCC4,regression,strict,train,False,5.019088062223156,intermediate
CHEMBL5413108,CC1(C)CC(=O)C2=C(C1)Nc1cc([N+](=O)[O-])ccc1N(C(=O)CCl)C2C1CCCC1,c1ccc2NC(C3=C(Nc2c1)CCCC3)C4CCCC4,regression,strict,train,False,5.040005161671584,intermediate
CHEMBL5400538,CC1(C)CC(=O)C2=C(C1)Nc1cc([N+](=O)[O-])ccc1N(C(=O)CCl)C2C1CCCCC1,c1ccc2NC(C3=C(Nc2c1)CCCC3)C4CCCCC4,regression,strict,train,False,5.279014255846261,intermediate
CHEMBL5415228,CC1(C)CC(=O)C2=C(C1)Nc1cc([N+](=O)[O-])ccc1N(C(=O)CCl)C2c1ccccc1,c1ccc(cc1)C2Nc3ccccc3NC4=C2CCCC4,regression,strict,test,False,5.3448615651886175,intermediate
CHEMBL5421429,Cc1ccc(C2C3=C(CC(C)(C)CC3=O)Nc3cc([N+](=O)[O-])ccc3N2C(=O)CCl)cc1,c1ccc(cc1)C2Nc3ccccc3NC4=C2CCCC4,regression,strict,test,False,5.404503778174426,intermediate
CHEMBL5408097,COc1ccc(C2C3=C(CC(C)(C)CC3=O)Nc3cc([N+](=O)[O-])ccc3N2C(=O)CCl)cc1,c1ccc(cc1)C2Nc3ccccc3NC4=C2CCCC4,regression,strict,test,False,5.3448615651886175,intermediate
CHEMBL5414005,CC1(C)CC(=O)C2=C(C1)Nc1cc([N+](=O)[O-])ccc1N(C(=O)CCl)C2c1ccc(OC(F)(F)F)cc1,c1ccc(cc1)C2Nc3ccccc3NC4=C2CCCC4,regression,strict,test,False,5.245651664288981,intermediate
CHEMBL5421327,CC1(C)CC(=O)C2=C(C1)Nc1cc([N+](=O)[O-])ccc1N(C(=O)CCl)C2c1ccc(C(F)(F)F)cc1,c1ccc(cc1)C2Nc3ccccc3NC4=C2CCCC4,regression,strict,test,False,5.428291168191312,intermediate
CHEMBL5398813,CC1(C)CC(=O)C2=C(C1)Nc1cc([N+](=O)[O-])ccc1N(C(=O)CCl)C2c1ccc(F)cc1F,c1ccc(cc1)C2Nc3ccccc3NC4=C2CCCC4,regression,strict,test,False,5.019996628416254,intermediate
CHEMBL5433473,CC1CC(=O)C2=C(C1)Nc1cc([N+](=O)[O-])ccc1N(C(=O)CCl)C2,c1ccc2NCC3=C(Nc2c1)CCCC3,regression,strict,train,False,4.939302159646388,inactive
CHEMBL5402209,CC1CC(=O)C2=C(C1)Nc1cc([N+](=O)[O-])ccc1N(C(=O)CCl)C2C,c1ccc2NCC3=C(Nc2c1)CCCC3,regression,strict,train,False,4.959793372425289,inactive
CHEMBL5419891,CC1CC(=O)C2=C(C1)Nc1cc([N+](=O)[O-])ccc1N(C(=O)CCl)C2C1CC1,c1ccc2NC(C3=C(Nc2c1)CCCC3)C4CC4,regression,strict,test,False,5.042871802323186,intermediate
CHEMBL5395044,CC1CC(=O)C2=C(C1)Nc1cc([N+](=O)[O-])ccc1N(C(=O)CCl)C2C1CCC1,c1ccc2NC(C3=C(Nc2c1)CCCC3)C4CCC4,regression,strict,train,False,5.135488918941608,intermediate
CHEMBL5401195,CC1CC(=O)C2=C(C1)Nc1cc([N+](=O)[O-])ccc1N(C(=O)CCl)C2C1CCCC1,c1ccc2NC(C3=C(Nc2c1)CCCC3)C4CCCC4,regression,strict,train,False,5.288192770958809,intermediate
CHEMBL5394565,CC1CC(=O)C2=C(C1)Nc1cc([N+](=O)[O-])ccc1N(C(=O)CCl)C2C1CCCCC1,c1ccc2NC(C3=C(Nc2c1)CCCC3)C4CCCCC4,regression,strict,train,False,5.440093374963888,intermediate
CHEMBL5439502,CC1CC(=O)C2=C(C1)Nc1cc([N+](=O)[O-])ccc1N(C(=O)CCl)C2c1ccccc1,c1ccc(cc1)C2Nc3ccccc3NC4=C2CCCC4,regression,strict,test,False,5.473660722610156,intermediate
CHEMBL5397709,Cc1ccc(C2C3=C(CC(C)CC3=O)Nc3cc([N+](=O)[O-])ccc3N2C(=O)CCl)cc1,c1ccc(cc1)C2Nc3ccccc3NC4=C2CCCC4,regression,strict,test,False,5.474955192963154,intermediate
CHEMBL5405634,COc1ccc(C2C3=C(CC(C)CC3=O)Nc3cc([N+](=O)[O-])ccc3N2C(=O)CCl)cc1,c1ccc(cc1)C2Nc3ccccc3NC4=C2CCCC4,regression,strict,test,False,5.351639989019068,intermediate
CHEMBL5417240,CC1CC(=O)C2=C(C1)Nc1cc([N+](=O)[O-])ccc1N(C(=O)CCl)C2c1ccc(OC(F)(F)F)cc1,c1ccc(cc1)C2Nc3ccccc3NC4=C2CCCC4,regression,strict,test,False,5.381951903287908,intermediate
CHEMBL5395848,CC1CC(=O)C2=C(C1)Nc1cc([N+](=O)[O-])ccc1N(C(=O)CCl)C2c1ccc(C(F)(F)F)cc1,c1ccc(cc1)C2Nc3ccccc3NC4=C2CCCC4,regression,strict,test,False,5.480172006224281,intermediate
CHEMBL5429124,CC1CC(=O)C2=C(C1)Nc1cc([N+](=O)[O-])ccc1N(C(=O)CCl)C2c1ccc(F)cc1F,c1ccc(cc1)C2Nc3ccccc3NC4=C2CCCC4,regression,strict,test,False,5.20690839982342,intermediate
CHEMBL5415422,O=C1CCCC2=C1CN(C(=O)CCl)c1ccc([N+](=O)[O-])cc1N2,c1ccc2NCC3=C(Nc2c1)CCCC3,regression,strict,train,False,5.291579099865287,intermediate
CHEMBL5437199,CC1C2=C(CCCC2=O)Nc2cc([N+](=O)[O-])ccc2N1C(=O)CCl,c1ccc2NCC3=C(Nc2c1)CCCC3,regression,strict,train,False,5.432973633840939,intermediate
CHEMBL5437572,O=C1CCCC2=C1C(C1CC1)N(C(=O)CCl)c1ccc([N+](=O)[O-])cc1N2,c1ccc2NC(C3=C(Nc2c1)CCCC3)C4CC4,regression,strict,test,False,5.5934598195660445,intermediate
CHEMBL5433579,O=C1CCCC2=C1C(C1CCC1)N(C(=O)CCl)c1ccc([N+](=O)[O-])cc1N2,c1ccc2NC(C3=C(Nc2c1)CCCC3)C4CCC4,regression,strict,train,False,5.605548319173784,intermediate
CHEMBL5418478,O=C1CCCC2=C1C(C1CCCC1)N(C(=O)CCl)c1ccc([N+](=O)[O-])cc1N2,c1ccc2NC(C3=C(Nc2c1)CCCC3)C4CCCC4,regression,strict,train,False,5.71669877129645,intermediate
CHEMBL5407311,O=C1CCCC2=C1C(C1CCCCC1)N(C(=O)CCl)c1ccc([N+](=O)[O-])cc1N2,c1ccc2NC(C3=C(Nc2c1)CCCC3)C4CCCCC4,regression,strict,train,False,5.798602875679548,intermediate
CHEMBL5406509,O=C1CCCC2=C1C(c1ccccc1)N(C(=O)CCl)c1ccc([N+](=O)[O-])cc1N2,c1ccc(cc1)C2Nc3ccccc3NC4=C2CCCC4,regression,strict,test,False,5.777283528852417,intermediate
CHEMBL5402611,Cc1ccc(C2C3=C(CCCC3=O)Nc3cc([N+](=O)[O-])ccc3N2C(=O)CCl)cc1,c1ccc(cc1)C2Nc3ccccc3NC4=C2CCCC4,regression,strict,test,False,5.628932137728263,intermediate
CHEMBL5423655,COc1ccc(C2C3=C(CCCC3=O)Nc3cc([N+](=O)[O-])ccc3N2C(=O)CCl)cc1,c1ccc(cc1)C2Nc3ccccc3NC4=C2CCCC4,regression,strict,test,False,5.688246138944246,intermediate
CHEMBL5436025,O=C1CCCC2=C1C(c1ccc(OC(F)(F)F)cc1)N(C(=O)CCl)c1ccc([N+](=O)[O-])cc1N2,c1ccc(cc1)C2Nc3ccccc3NC4=C2CCCC4,regression,strict,test,False,5.692503962086787,intermediate
CHEMBL5430369,O=C1CCCC2=C1C(c1ccc(C(F)(F)F)cc1)N(C(=O)CCl)c1ccc([N+](=O)[O-])cc1N2,c1ccc(cc1)C2Nc3ccccc3NC4=C2CCCC4,regression,strict,test,False,5.991399828238082,intermediate
CHEMBL5426918,O=C1CCCC2=C1C(c1ccc(F)cc1F)N(C(=O)CCl)c1ccc([N+](=O)[O-])cc1N2,c1ccc(cc1)C2Nc3ccccc3NC4=C2CCCC4,regression,strict,test,False,5.388276691992658,intermediate
CHEMBL5428967,COC(=O)c1ccc2c(c1)NC1=C(C(=O)CCC1)C(c1ccc(C(F)(F)F)cc1)N2C(=O)CCl,c1ccc(cc1)C2Nc3ccccc3NC4=C2CCCC4,regression,strict,test,False,6.7447274948966935,active
CHEMBL5399795,N#Cc1ccc2c(c1)NC1=C(C(=O)CCC1)C(c1ccc(C(F)(F)F)cc1)N2C(=O)CCl,c1ccc(cc1)C2Nc3ccccc3NC4=C2CCCC4,regression,strict,test,False,5.735182176990463,intermediate
CHEMBL5399907,C#C[C@H](C[C@@H]1CCNC1=O)NC(=O)[C@H](CC(C)C)NC(=O)c1cc2c(OC)cccc2[nH]1,c1ccc2[nH]c(cc2c1)CNCCNCCC3CNCC3,regression,strict,train,False,5.356547323513812,intermediate
CHEMBL5406827,CC(C)C[C@H](NC(=O)OCc1ccccc1)C(=O)N[C@@H](CCC(N)=O)C(=O)C(=O)Nc1ccccc1,O(CNCCNCCCNc1ccccc1)Cc2ccccc2,regression,strict,train,False,4.096910013008056,inactive
CHEMBL5401763,C#C[C@H](CCC(N)=O)NC(=O)[C@H](CC(C)C)NC(=O)OCc1ccccc1,c1ccccc1,regression,strict,train,False,4.455931955649724,inactive
CHEMBL5424171,COc1cccc2[nH]c(C(=O)N[C@@H](CC(C)C)C(=O)N[C@H](C#N)CCC(N)=O)cc12,c1ccc2[nH]ccc2c1,regression,strict,test,False,4.537602002101044,inactive
CHEMBL5435701,CC(C)C[C@H](NC(=O)OCc1ccccc1)C(=O)N[C@H](C=O)CCC(N)=O,c1ccccc1,regression,strict,train,False,4.096910013008056,inactive
CHEMBL5439416,CNS(=O)(=O)/C=C/[C@H](CCC(N)=O)NC(=O)[C@H](CC(C)C)NC(=O)OCc1ccccc1,c1ccccc1,regression,strict,train,False,4.4089353929735005,inactive
CHEMBL5407849,C#C[C@H](CCC(N)=O)NC(=O)[C@H](CC(C)C)NC(=O)c1cc2c(OC)cccc2[nH]1,c1ccc2[nH]ccc2c1,regression,strict,test,False,4.657577319177793,inactive
CHEMBL5397697,CC(C)C[C@H](NC(=O)OCc1ccccc1)C(=O)N[C@H](/C=C/C(=O)OCc1ccccc1)CCC(N)=O,O(CC=CCNCCNCOCc1ccccc1)Cc2ccccc2,regression,strict,train,False,5.6020599913279625,intermediate
CHEMBL5436497,CC(C)C[C@H](NC(=O)OCc1ccccc1)C(=O)N[C@H](C#N)CCC(N)=O,c1ccccc1,regression,strict,train,False,4.096910013008056,inactive
CHEMBL5416837,CC(C)C[C@H](NC(=O)OCc1ccccc1)C(=O)N[C@H](/C=C/S(C)(=O)=O)CCC(N)=O,c1ccccc1,regression,strict,train,False,4.920818753952375,inactive
CHEMBL5438511,CC(C)(C)[C@H](NC(=O)C(F)(F)F)C(=O)N1C[C@H]2[C@@H]([C@H]1C(=O)N[C@@H](C[C@@H]1CCNC1=O)C(=O)c1nc3c(F)cccc3s1)C2(C)C,n1c(sc2ccccc12)CC(NCC3NCC4CC34)CC5CNCC5,regression,strict,train,False,8.096910013008056,active
CHEMBL5416788,CC(C)(C)[C@H](NC(=O)C(F)(F)F)C(=O)N1C[C@H]2[C@@H]([C@H]1C(=S)N[C@@H](C[C@@H]1CCNC1=O)C(=O)c1nc3c(F)cccc3s1)C2(C)C,n1c(sc2ccccc12)CC(NCC3NCC4CC34)CC5CNCC5,regression,strict,train,False,7.055517327849832,active
CHEMBL5402360,O=c1[nH]cccc1-c1cn(-c2cc(Cl)cc(OCCC(F)(F)F)c2)c(=O)n(-c2cccnc2)c1=O,n1cccc(c1)N2[CH]C(=CN([CH]2)c3ccccc3)C4=CC=CN[CH]4,regression,strict,train,False,7.259637310505756,active
CHEMBL5420763,O=c1[nH]cccc1-c1cn(-c2cc(Cl)cc(OCC3CC3)c2)c(=O)n(-c2cccnc2)c1=O,n1cccc(c1)N2[CH]C(=CN([CH]2)c3cccc(OCC4CC4)c3)C5=CC=CN[CH]5,regression,strict,train,False,7.0,active
CHEMBL5404766,O=c1ccc(-c2cn(-c3cc(Cl)cc(Cl)c3)c(=O)n(-c3cccnc3)c2=O)c[nH]1,n1cccc(c1)N2[CH]C(=CN([CH]2)c3ccccc3)C=4C=CCNC4,regression,strict,train,False,5.798602875679548,intermediate
CHEMBL5434245,O=c1[nH]cccc1-c1cn(-c2cc(Cl)cc(Cl)c2)c(=O)n(-c2cccnc2)c1=O,n1cccc(c1)N2[CH]C(=CN([CH]2)c3ccccc3)C4=CC=CN[CH]4,regression,strict,test,False,6.552841968657781,active
CHEMBL4861071,Cn1cc(-c2cc(-c3cc(Cl)c(F)c(OCc4ccccc4Cl)c3)c(=O)n(-c3cccnc3)c2)c(=O)[nH]c1=O,n1cncc(c1)C=2C=C(c3cccc(OCc4ccccc4)c3)CN(C2)c5cnccc5,regression,strict,train,False,7.356547323513812,active
CHEMBL4867191,O=c1[nH]cc(-c2cc(-c3cc(Cl)c(F)c(OCc4ccccc4Cl)c3)c(=O)n(-c3cccnc3)c2)c(=O)[nH]1,n1cncc(c1)C=2C=C(c3cccc(OCc4ccccc4)c3)CN(C2)c5cnccc5,regression,strict,train,False,7.552841968657781,active
CHEMBL5405138,N#Cc1ccccc1-c1cc(-c2cccc(Cl)c2)c(=O)n(-c2cccnc2)c1,n1cccc(c1)N2C=C(C=C(c3ccccc3)C2)c4ccccc4,regression,strict,train,False,5.000434511774017,intermediate
CHEMBL1214124,N#Cc1ccccc1-c1cc(-c2ccccn2)cn(-c2ccccc2)c1=O,n1ccccc1C=2C=C(c3ccccc3)CN(C2)c4ccccc4,regression,strict,train,False,4.0,inactive
CHEMBL5423178,O=c1[nH]cccc1-c1cn(-c2cc(Cl)cc(OCc3scnc3C(F)(F)F)c2)c(=O)n(-c2cccnc2)c1=O,n1csc(c1)COc2cccc(c2)N3C=C([CH]N([CH]3)c4cnccc4)C5=CC=CN[CH]5,regression,strict,train,False,7.366531544420414,active
CHEMBL5439438,O=c1[nH]cccc1-c1cn(-c2cc(Cl)cc(OCc3nc4ccccc4n3C(F)F)c2)c(=O)n(-c2cccnc2)c1=O,n1cccc(c1)N2[CH]C(=CN([CH]2)c3cccc(OCc4nc5ccccc5[nH]4)c3)C6=CC=CN[CH]6,regression,strict,train,False,7.67778070526608,active
CHEMBL5412903,Cc1scnc1COc1cc(Cl)cc(-n2cc(-c3ccc[nH]c3=O)c(=O)n(-c3cccnc3)c2=O)c1,n1cccc(c1)N2[CH]C(=CN([CH]2)c3cccc(OCc4ncsc4)c3)C5=CC=CN[CH]5,regression,strict,train,False,7.769551078621726,active
CHEMBL5394734,Cc1nc(C)c(COc2cc(Cl)cc(-n3cc(-c4ccc[nH]c4=O)c(=O)n(-c4cccnc4)c3=O)c2)s1,n1csc(c1)COc2cccc(c2)N3C=C([CH]N([CH]3)c4cnccc4)C5=CC=CN[CH]5,regression,strict,test,False,7.795880017344075,active
CHEMBL5399537,O=c1[nH]cccc1-c1cn(-c2cc(Cl)cc(OCc3nccn3C(F)F)c2)c(=O)n(-c2cccnc2)c1=O,n1cccc(c1)N2[CH]C(=CN([CH]2)c3cccc(OCc4ncc[nH]4)c3)C5=CC=CN[CH]5,regression,strict,train,False,7.886056647693163,active
CHEMBL5427542,Cn1c([N+](=O)[O-])cnc1COc1cc(Cl)cc(-n2cc(-c3ccc[nH]c3=O)c(=O)n(-c3cccnc3)c2=O)c1,n1cccc(c1)N2[CH]C(=CN([CH]2)c3cccc(OCc4ncc[nH]4)c3)C5=CC=CN[CH]5,regression,strict,test,False,7.920818753952375,active
CHEMBL5428134,O=c1[nH]cccc1-c1cn(-c2cc(Cl)cc(OCc3ccccc3Cl)c2)c(=O)n(-c2cccnc2)c1=O,n1cccc(c1)N2[CH]C(=CN([CH]2)c3cccc(OCc4ccccc4)c3)C5=CC=CN[CH]5,regression,strict,train,False,8.045757490560675,active
CHEMBL5431872,Cn1cc(COc2cc(Cl)cc(-n3cc(-c4ccc[nH]c4=O)c(=O)n(-c4cccnc4)c3=O)c2)c(C(F)(F)F)n1,n1cccc(c1)N2[CH]C(=CN([CH]2)c3cccc(OCc4cn[nH]c4)c3)C5=CC=CN[CH]5,regression,strict,train,False,8.221848749616356,active
CHEMBL5406180,O=c1[nH]cccc1-c1cn(-c2cc(Cl)cc(OCc3ncsc3C(F)(F)F)c2)c(=O)n(-c2cccnc2)c1=O,n1cccc(c1)N2[CH]C(=CN([CH]2)c3cccc(OCc4ncsc4)c3)C5=CC=CN[CH]5,regression,strict,test,False,7.920818753952375,active
CHEMBL5437439,Cc1scnc1COc1cc(Cl)cc(-n2cc(-c3ccc(=O)[nH]c3)c(=O)n(-c3cccnc3)c2=O)c1,n1cccc(c1)N2[CH]C(=CN([CH]2)c3cccc(OCc4ncsc4)c3)C=5C=C[CH]NC5,regression,strict,train,False,6.920818753952375,active
CHEMBL5400055,CCN(C[C@H]1O[C@@H](n2cnc3c(=O)[nH]cnc32)[C@H](O)[C@@H]1O)S(=O)(=O)c1ccc(OC)c(C#N)c1,n1cnc2c(ncn2C3OC(CNSc4ccccc4)CC3)c1,regression,strict,test,False,5.3979400086720375,intermediate
CHEMBL5427720,CNc1ncnc2c1ncn2[C@@H]1O[C@H](CNS(=O)(=O)c2ccc(Br)c([N+](=O)[O-])c2)[C@@H](O)[C@H]1O,n1cnc2c(ncn2C3OC(CNSc4ccccc4)CC3)c1,regression,strict,test,False,5.467500413905338,intermediate
CHEMBL5415934,CNc1ncnc2c1ncn2[C@@H]1O[C@H](CNS(=O)(=O)c2ccc(C)c([N+](=O)[O-])c2)[C@@H](O)[C@H]1O,n1cnc2c(ncn2C3OC(CNSc4ccccc4)CC3)c1,regression,strict,test,False,5.54515513999149,intermediate
CHEMBL5424971,CNc1ncnc2c1ncn2[C@@H]1O[C@H](CNS(=O)(=O)c2ccc(C)c(Cl)c2)[C@@H](O)[C@H]1O,n1cnc2c(ncn2C3OC(CNSc4ccccc4)CC3)c1,regression,strict,test,False,5.661543506395395,intermediate
CHEMBL5394180,CNc1ncnc2c1ncn2[C@@H]1O[C@H](CNS(=O)(=O)c2ccc(OC)c([N+](=O)[O-])c2)[C@@H](O)[C@H]1O,n1cnc2c(ncn2C3OC(CNSc4ccccc4)CC3)c1,regression,strict,test,False,6.24184537803261,active
CHEMBL5438762,CNc1ncnc2c1ncn2[C@@H]1O[C@H](CNS(=O)(=O)c2ccc(OC)c(C#N)c2)[C@@H](O)[C@H]1O,n1cnc2c(ncn2C3OC(CNSc4ccccc4)CC3)c1,regression,strict,test,False,6.329754146925876,active
CHEMBL5407468,CCN(C[C@H]1O[C@@H](n2cnc3c(NC)ncnc32)[C@H](O)[C@@H]1O)S(=O)(=O)c1ccc(Br)c([N+](=O)[O-])c1,n1cnc2c(ncn2C3OC(CNSc4ccccc4)CC3)c1,regression,strict,test,False,6.416801226031377,active
CHEMBL5427053,CCN(C[C@H]1O[C@@H](n2cnc3c(NC)ncnc32)[C@H](O)[C@@H]1O)S(=O)(=O)c1ccc(C)c([N+](=O)[O-])c1,n1cnc2c(ncn2C3OC(CNSc4ccccc4)CC3)c1,regression,strict,test,False,6.728158393463501,active
CHEMBL5423096,CCN(C[C@H]1O[C@@H](n2cnc3c(NC)ncnc32)[C@H](O)[C@@H]1O)S(=O)(=O)c1ccc(C)c(Cl)c1,n1cnc2c(ncn2C3OC(CNSc4ccccc4)CC3)c1,regression,strict,test,False,6.886056647693163,active
CHEMBL5428251,CCN(C[C@H]1O[C@@H](n2cnc3c(NC)ncnc32)[C@H](O)[C@@H]1O)S(=O)(=O)c1ccc(OC)c([N+](=O)[O-])c1,n1cnc2c(ncn2C3OC(CNSc4ccccc4)CC3)c1,regression,strict,test,False,6.562249437179612,active
CHEMBL5411560,CCN(C[C@H]1O[C@@H](n2cnc3c(NC)ncnc32)[C@H](O)[C@@H]1O)S(=O)(=O)c1ccc(OC)c(C#N)c1,n1cnc2c(ncn2C3OC(CNSc4ccccc4)CC3)c1,regression,strict,test,False,7.207608310501746,active
CHEMBL5408911,CN(C[C@H]1O[C@@H](n2cc(C#Cc3ccccc3)c3c(N)ncnc32)[C@H](O)[C@@H]1O)S(=O)(=O)c1ccc(Br)c([N+](=O)[O-])c1,C(#Cc1cn(c2ncncc12)C3OC(CNSc4ccccc4)CC3)c5ccccc5,regression,strict,train,False,7.761953896871204,active
CHEMBL5412104,Cc1ccc(S(=O)(=O)N(C)C[C@H]2O[C@@H](n3cc(C#Cc4ccccc4)c4c(N)ncnc43)[C@H](O)[C@@H]2O)cc1[N+](=O)[O-],C(#Cc1cn(c2ncncc12)C3OC(CNSc4ccccc4)CC3)c5ccccc5,regression,strict,train,False,8.022276394711152,active
CHEMBL5431675,Cc1ccc(S(=O)(=O)N(C)C[C@H]2O[C@@H](n3cc(C#Cc4ccccc4)c4c(N)ncnc43)[C@H](O)[C@@H]2O)cc1Cl,C(#Cc1cn(c2ncncc12)C3OC(CNSc4ccccc4)CC3)c5ccccc5,regression,strict,train,False,7.59176003468815,active
CHEMBL5393994,COc1ccc(S(=O)(=O)N(C)C[C@H]2O[C@@H](n3cc(C#Cc4ccccc4)c4c(N)ncnc43)[C@H](O)[C@@H]2O)cc1[N+](=O)[O-],C(#Cc1cn(c2ncncc12)C3OC(CNSc4ccccc4)CC3)c5ccccc5,regression,strict,train,False,8.55284196865778,active
CHEMBL5401656,COc1ccc(S(=O)(=O)N(C)C[C@H]2O[C@@H](n3cc(C#Cc4ccccc4)c4c(N)ncnc43)[C@H](O)[C@@H]2O)cc1C#N,C(#Cc1cn(c2ncncc12)C3OC(CNSc4ccccc4)CC3)c5ccccc5,regression,strict,train,False,8.920818753952375,active
CHEMBL5423458,CN(C[C@H]1O[C@@H](n2cc(C#Cc3cnc4ccccc4c3)c3c(N)ncnc32)[C@H](O)[C@@H]1O)S(=O)(=O)c1ccc(Br)c([N+](=O)[O-])c1,C(#Cc1cn(c2ncncc12)C3OC(CNSc4ccccc4)CC3)c5cnc6ccccc6c5,regression,strict,train,False,8.455931955649724,active
CHEMBL5427101,Cc1ccc(S(=O)(=O)N(C)C[C@H]2O[C@@H](n3cc(C#Cc4cnc5ccccc5c4)c4c(N)ncnc43)[C@H](O)[C@@H]2O)cc1[N+](=O)[O-],C(#Cc1cn(c2ncncc12)C3OC(CNSc4ccccc4)CC3)c5cnc6ccccc6c5,regression,strict,train,False,8.67778070526608,active
CHEMBL5400638,Cc1ccc(S(=O)(=O)N(C)C[C@H]2O[C@@H](n3cc(C#Cc4cnc5ccccc5c4)c4c(N)ncnc43)[C@H](O)[C@@H]2O)cc1Cl,C(#Cc1cn(c2ncncc12)C3OC(CNSc4ccccc4)CC3)c5cnc6ccccc6c5,regression,strict,train,False,8.684029654543082,active
CHEMBL5413359,COc1ccc(S(=O)(=O)N(C)C[C@H]2O[C@@H](n3cc(C#Cc4cnc5ccccc5c4)c4c(N)ncnc43)[C@H](O)[C@@H]2O)cc1[N+](=O)[O-],C(#Cc1cn(c2ncncc12)C3OC(CNSc4ccccc4)CC3)c5cnc6ccccc6c5,regression,strict,train,False,8.886056647693163,active
CHEMBL5396377,COc1ccc(S(=O)(=O)N(C)C[C@H]2O[C@@H](n3cc(C#Cc4cnc5ccccc5c4)c4c(N)ncnc43)[C@H](O)[C@@H]2O)cc1C#N,C(#Cc1cn(c2ncncc12)C3OC(CNSc4ccccc4)CC3)c5cnc6ccccc6c5,regression,strict,train,False,9.142667503568733,active
CHEMBL5403998,CCCCCCCCCCCCNC(=O)[C@@H](Cc1ccc(O)c(O)c1)OC(=O)/C=C/c1ccc(O)c(O)c1,O(CC=Cc1ccccc1)CCc2ccccc2,regression,strict,test,False,4.38933983691012,inactive
CHEMBL5414300,CCc1cccc(NC(=O)[C@@H](Cc2ccc(O)c(O)c2)OC(=O)/C=C/c2ccc(O)c(O)c2)c1,O(CC=Cc1ccccc1)C(CNc2ccccc2)Cc3ccccc3,regression,strict,train,False,4.34008379993015,inactive
CHEMBL5397099,CC(C)(C)[C@H](NC(=O)C(F)(F)F)C(=O)N1C[C@@H]2CCC[C@@H]2[C@H]1C(=O)NN(C[C@@H]1CCNC1=O)C(=O)[C@H](F)Cl,N(NCC1CNCC1)CC2NCC3CCCC23,regression,strict,train,False,8.221848749616356,active
CHEMBL5421881,CC(C)(C)[C@H](NC(=O)C(F)(F)F)C(=O)N1C[C@H]2[C@@H]([C@H]1C(=O)NN(C[C@@H]1CCNC1=O)C(=O)CCl)C2(C)C,N(NCC1CNCC1)CC2NCC3CC23,regression,strict,train,False,8.221848749616356,active
CHEMBL5430055,CC[C@H](C)[C@H](NC(=O)C(F)(F)C(F)(F)F)C(=O)N1C[C@@H]2CCC[C@@H]2[C@H]1C(=O)NN(C[C@@H]1CCNC1=O)C(=O)[C@H](F)Cl,N(NCC1CNCC1)CC2NCC3CCCC23,regression,strict,test,False,8.221848749616356,active
CHEMBL5431221,CCC(CC)[C@H](NC(=O)C(F)(F)F)C(=O)N1C[C@H]2[C@@H]([C@H]1C(=O)NN(C[C@@H]1CCNC1=O)C(=O)[C@H](F)Cl)C2(C)C,N(NCC1CNCC1)CC2NCC3CC23,regression,strict,test,False,8.154901959985743,active
CHEMBL5393937,CCC(C)(C)[C@H](NC(=O)C1(F)CC1)C(=O)N1C[C@@H]2CCC[C@@H]2[C@H]1C(=O)NN(C[C@@H]1CCNC1=O)C(=O)[C@H](F)Cl,N(NCC1N(CCNCC2CC2)CC3CCCC13)CC4CNCC4,regression,strict,train,False,8.221848749616356,active
CHEMBL5421070,CC[C@H](C)[C@H](NC(=O)[C@@H](F)Cl)C(=O)N1C[C@@H]2CCC[C@@H]2[C@H]1C(=O)NN(C[C@@H]1CCCNC1=O)C(=O)[C@@H](F)Cl,N(NCC1CNCCC1)CC2NCC3CCCC23,regression,strict,train,False,8.154901959985743,active
CHEMBL5418992,O=C(NCc1cccs1)[C@@H]1CN(C(=O)c2cc(=O)[nH]c3ccccc23)CCN1c1ccc(Cl)c(Cl)c1,s1cccc1CNCC2N(c3ccccc3)CCN(CC4=CCNc5ccccc54)C2,regression,strict,train,False,6.568636235841013,active
CHEMBL5439743,O=C(NCc1cccs1)[C@@H]1CN(C(=O)c2cncc3cc[nH]c23)CCN1c1ccc(Cl)c(Cl)c1,n1cc2cc[nH]c2c(c1)CN3CCN(c4ccccc4)C(CNCc5sccc5)C3,regression,strict,train,False,6.6020599913279625,active
CHEMBL5430366,Cl.O=C(NCc1cccs1)[C@@H]1CN(C(=O)c2cncc3cc[nH]c23)CCN1c1ccc(Cl)c(Cl)c1,n1cc2cc[nH]c2c(c1)CN3CCN(c4ccccc4)C(CNCc5sccc5)C3,regression,strict,test,False,6.6777807052660805,active
CHEMBL5412579,O=C(NCc1cccs1)[C@@H]1CN(C(=O)c2cnccc2Cl)CCN1c1ccc(Cl)c(Cl)c1,n1cccc(c1)CN2CCN(c3ccccc3)C(CNCc4sccc4)C2,regression,strict,train,False,6.494850021680094,active
CHEMBL5403743,O=C(NCc1cccs1)[C@@H]1CN(C(=O)c2cncc(F)c2)CCN1c1ccc(Cl)c(Cl)c1,n1cccc(c1)CN2CCN(c3ccccc3)C(CNCc4sccc4)C2,regression,strict,train,False,6.455931955649724,active
CHEMBL5425265,COc1ccncc1C(=O)N1CCN(c2ccc(Cl)c(Cl)c2)[C@H](C(=O)NCc2cccs2)C1,n1cccc(c1)CN2CCN(c3ccccc3)C(CNCc4sccc4)C2,regression,strict,train,False,6.6777807052660805,active
CHEMBL5414006,COc1ccncc1C(=O)N1CCN(c2ccc(Cl)c(Cl)c2)[C@H](C(=O)NCc2cccs2)C1.Cl,n1cccc(c1)CN2CCN(c3ccccc3)C(CNCc4sccc4)C2,regression,strict,train,False,6.769551078621726,active
CHEMBL5417180,O=C(NCc1cccs1)[C@@H]1CN(C(=O)c2cncc(O)c2)CCN1c1ccc(Cl)c(Cl)c1,n1cccc(c1)CN2CCN(c3ccccc3)C(CNCc4sccc4)C2,regression,strict,train,False,6.356547323513812,active
CHEMBL5396073,O=C(NS(=O)(=O)c1cccs1)[C@@H]1CN(C(=O)c2cccnc2)CCN1c1ccc(Cl)c(Cl)c1,n1cccc(c1)CN2CCN(c3ccccc3)C(CNSc4sccc4)C2,regression,strict,train,False,5.022276394711152,intermediate
CHEMBL5403236,CN(Cc1cccs1)C(=O)[C@@H]1CN(C(=O)c2cccnc2)CCN1c1ccc(Cl)c(Cl)c1,n1cccc(c1)CN2CCN(c3ccccc3)C(CNCc4sccc4)C2,regression,strict,train,False,5.886056647693163,intermediate
CHEMBL5414023,O=C(NCc1ccc(F)s1)[C@@H]1CN(C(=O)c2cccnc2)CCN1c1ccc(Cl)c(Cl)c1,n1cccc(c1)CN2CCN(c3ccccc3)C(CNCc4sccc4)C2,regression,strict,train,False,6.3979400086720375,active
CHEMBL5408702,O=C(NCc1ccc(Br)s1)[C@@H]1CN(C(=O)c2cccnc2)CCN1c1ccc(Cl)c(Cl)c1,n1cccc(c1)CN2CCN(c3ccccc3)C(CNCc4sccc4)C2,regression,strict,train,False,5.7447274948966935,intermediate
CHEMBL5428745,COc1ccc(NC(=O)[C@@H]2CN(C(=O)c3cccnc3)CCN2c2ccc(Cl)c(Cl)c2)cc1,n1cccc(c1)CN2CCN(c3ccccc3)C(CNc4ccccc4)C2,regression,strict,train,False,6.698970004336019,active
CHEMBL5437475,COc1ccc(NC(=O)[C@@H]2CN(C(=O)c3cnccc3OC)CCN2c2ccc(Cl)c(Cl)c2)cc1,n1cccc(c1)CN2CCN(c3ccccc3)C(CNc4ccccc4)C2,regression,strict,train,False,6.657577319177793,active
CHEMBL5438208,COc1ccc(NC(=O)[C@@H]2CN(C(=O)c3cnccc3OC)CCN2c2ccc(Cl)c(Cl)c2)cc1.Cl,n1cccc(c1)CN2CCN(c3ccccc3)C(CNc4ccccc4)C2,regression,strict,train,False,6.721246399047171,active
CHEMBL5433514,COc1ccncc1C(=O)N1CCN(c2ccc(Cl)c(Cl)c2)[C@H](C(=O)Nc2cc(F)c(OC)c(F)c2)C1,n1cccc(c1)CN2CCN(c3ccccc3)C(CNc4ccccc4)C2,regression,strict,train,False,6.366531544420414,active
CHEMBL5434910,COc1cc(OC)c(NC(=O)[C@@H]2CN(C(=O)c3cnccc3OC)CCN2c2ccc(Cl)c(Cl)c2)cc1F,n1cccc(c1)CN2CCN(c3ccccc3)C(CNc4ccccc4)C2,regression,strict,train,False,6.3979400086720375,active
CHEMBL5433690,COc1ccncc1C(=O)N1CCN(c2ccc(Cl)c(Cl)c2)[C@H](C(=O)NCc2ccc(F)s2)C1,n1cccc(c1)CN2CCN(c3ccccc3)C(CNCc4sccc4)C2,regression,strict,train,False,6.3872161432802645,active
CHEMBL5397501,COc1ccncc1C(=O)N1CCN(c2ccc(Cl)c(Cl)c2)[C@H](C(=O)NCc2ccc(F)s2)C1.Cl,n1cccc(c1)CN2CCN(c3ccccc3)C(CNCc4sccc4)C2,regression,strict,train,False,6.455931955649724,active
CHEMBL5411464,COc1ccncc1C(=O)N1CCN(c2ccc(Cl)c(Cl)c2)[C@H](C(=O)Nc2ccc(OC(F)F)cc2)C1,n1cccc(c1)CN2CCN(c3ccccc3)C(CNc4ccccc4)C2,regression,strict,train,False,6.318758762624412,active
CHEMBL501849,COc1ccc2c(O[C@@H]3C[C@H]4C(=O)N[C@]5(C(=O)NS(=O)(=O)C6CC6)C[C@H]5/C=C\CCCCN(C)C(=O)[C@@H]4C3)cc(-c3nc(C(C)C)cs3)nc2c1C,n1ccsc1-c2nc3ccccc3c(OC4CC5CNCCCCC=CC6CC6(NCC5C4)CNSC7CC7)c2,regression,strict,train,False,5.122053048370812,intermediate
CHEMBL5430305,CC(C)(O)c1ccccc1CC[C@@H](SCCCC(=O)[O-])c1cccc(/C=C/c2ccc3ccc(Cl)cc3n2)c1.[Na+],n1c(C=Cc2cccc(c2)CCCc3ccccc3)ccc4ccccc14,regression,strict,train,False,4.830105242364013,inactive
CHEMBL397309,CC(C)=CC[C@@H](OC(=O)CC(C)(C)O)C1=CC(=O)c2c(O)ccc(O)c2C1=O,c1ccc2c(c1)CC=CC2,regression,strict,train,False,5.991399828238082,intermediate
CHEMBL5403045,COc1ccc(-c2nc(N)n(C)c2SSc2c(-c3ccc(OC)cc3)nc(N)n2C)cc1.Cl.Cl,[N]1C=NC(=C1SSc2[nH]cnc2-c3ccccc3)c4ccccc4,regression,strict,train,False,7.522878745280337,active
CHEMBL5394627,CC[C@H](C)[C@@H]1NC(=O)[C@H](CC(C)C)NC(=O)[C@@H](NC(=O)[C@H](C)N)CNC(=O)[C@H](CS(=O)(=O)[O-])NC(=O)/C=C/c2csc(n2)[C@H](Cc2ccc(O)cc2)NC(=O)C1=O.[Na+],n1c2csc1C(NCCCNCCNCCCNCCNCC=C2)Cc3ccccc3,regression,strict,train,False,5.214670164989233,intermediate
CHEMBL5418049,CCC[C@@H]1NC(=O)[C@@H](NC(=O)[C@H](C)N)CNC(=O)[C@H](CS(=O)(=O)[O-])NC(=O)/C=C/c2csc(n2)[C@H](Cc2ccc(O)cc2)NC(=O)C(=O)[C@H]([C@@H](C)CC)NC1=O.[Na+],n1c2csc1C(NCCCNCCNCCCNCCNCC=C2)Cc3ccccc3,regression,strict,test,False,4.79317412396815,inactive
CHEMBL5414337,CC(C)C[C@@H]1NC(=O)[C@H](NC(=O)N[C@@H](Cc2ccccc2)C(=O)O)CCCCNC(=O)[C@H](Cc2ccccc2)NC(=O)[C@H](Cc2c[nH]c3cc(Cl)c(O)cc23)N(C)C(=O)[C@H](CC(C)C)NC1=O,c1ccc(cc1)CCNCNC2CNCCNCCNC(CNC(CNCCCC2)Cc3ccccc3)Cc4c[nH]c5ccccc54,regression,strict,train,False,5.958607314841775,intermediate
CHEMBL5430373,CC(C)C[C@@H]1NC(=O)[C@H](NC(=O)N[C@@H](Cc2ccccc2)C(=O)O)CCCCNC(=O)[C@H](Cc2ccccc2)NC(=O)[C@H](Cc2c[nH]c3cc(Cl)ccc23)N(C)C(=O)[C@H](CC(C)C)NC1=O,c1ccc(cc1)CCNCNC2CNCCNCCNC(CNC(CNCCCC2)Cc3ccccc3)Cc4c[nH]c5ccccc54,regression,strict,test,False,5.337242168318426,intermediate
CHEMBL1172891,COc1ccc(CNC(=O)C2CCN([C@H](C)c3cccc4ccccc34)CC2)cc1,c1ccc(cc1)CNCC2CCN(Cc3cccc4ccccc43)CC2,regression,strict,train,False,6.036212172654444,active
CHEMBL561061,Cc1ccc(CN)cc1C(=O)N[C@H](C)c1cccc2ccccc12,c1ccc(cc1)CNCc2cccc3ccccc32,regression,strict,train,False,6.0,intermediate
CHEMBL559234,CNCc1ccc(C)c(C(=O)N[C@H](C)c2cccc3ccccc23)c1,c1ccc(cc1)CNCc2cccc3ccccc32,regression,strict,train,False,6.318758762624412,active
CHEMBL5436385,COc1ccc([C@@H](C)NC(=O)c2cc(N)ccc2C)c2ccccc12,c1ccc(cc1)CNCc2cccc3ccccc32,regression,strict,train,False,4.0,inactive
CHEMBL5410076,COc1ccc(C(=O)N[C@H](C)c2cccc3ccccc23)cc1N,c1ccc(cc1)CNCc2cccc3ccccc32,regression,strict,train,False,4.453457336521869,inactive
CHEMBL5421184,C[C@@H](NS(=O)(=O)c1cccc([N+](=O)[O-])c1)c1cccc2ccccc12,S(NCc1cccc2ccccc21)c3ccccc3,regression,strict,train,False,4.809668301829708,inactive
CHEMBL5398900,C[C@@H](NS(=O)(=O)c1ccc([N+](=O)[O-])cc1)c1cccc2ccccc12,S(NCc1cccc2ccccc21)c3ccccc3,regression,strict,train,False,5.200659450546418,intermediate
CHEMBL5430702,C[C@@H](NS(=O)(=O)c1cccc(N)c1)c1cccc2ccccc12,S(NCc1cccc2ccccc21)c3ccccc3,regression,strict,train,False,5.886056647693163,intermediate
CHEMBL5426282,C[C@@H](NS(=O)(=O)c1ccc(N)cc1)c1cccc2ccccc12,S(NCc1cccc2ccccc21)c3ccccc3,regression,strict,train,False,4.0,inactive
CHEMBL5426865,Cc1ccc(C(=O)NC(C)C)cc1C(=O)N[C@H](C)c1cccc2ccccc12,c1ccc(cc1)CNCc2cccc3ccccc32,regression,strict,train,False,4.0,inactive
CHEMBL5395513,CCCN(CCC)C(=O)c1ccc(C)c(C(=O)N[C@H](C)c2cccc3ccccc23)c1,c1ccc(cc1)CNCc2cccc3ccccc32,regression,strict,train,False,4.0,inactive
CHEMBL5428316,CCCN(CCC)C(=O)c1cccc(C(=O)N[C@H](C)c2cccc3ccccc23)c1,c1ccc(cc1)CNCc2cccc3ccccc32,regression,strict,train,False,4.798602875679548,inactive
CHEMBL5413396,C[C@@H](NC(=O)[C@H](NC(=O)OC(C)(C)C)c1ccccc1)c1cccc2ccccc12,c1ccc(cc1)CCNCc2cccc3ccccc32,regression,strict,train,False,4.876148359032914,inactive
CHEMBL5421806,C[C@@H](NC(=O)[C@@H](NC(=O)OC(C)(C)C)c1ccccc1)c1cccc2ccccc12,c1ccc(cc1)CCNCc2cccc3ccccc32,regression,strict,test,False,4.87942606879415,inactive
CHEMBL5422352,C[C@@H](NC(=O)[C@@H](Cc1ccccc1)NC(=O)OC(C)(C)C)c1cccc2ccccc12,c1ccc(cc1)CCCNCc2cccc3ccccc32,regression,strict,train,False,4.0,inactive
CHEMBL5406177,C[C@@H](NC(=O)[C@H](N)Cc1ccccc1)c1cccc2ccccc12,c1ccc(cc1)CCCNCc2cccc3ccccc32,regression,strict,test,False,4.0,inactive
CHEMBL5401455,C[C@@H](NC(=O)[C@@H](Cc1c[nH]c2ccccc12)NC(=O)OC(C)(C)C)c1cccc2ccccc12,c1ccc2c(c1)cccc2CNCCCc3c[nH]c4ccccc43,regression,strict,train,False,4.0,inactive
CHEMBL5431564,C[C@@H](NC(=O)[C@H](N)Cc1c[nH]c2ccccc12)c1cccc2ccccc12,c1ccc2c(c1)cccc2CNCCCc3c[nH]c4ccccc43,regression,strict,test,False,4.0,inactive
CHEMBL5407193,N[C@H]1CN2CC(C(=O)N(Cc3ccccc3)Cc3ccccc3)=C(C(=O)O)N2C1=O,c1ccc(cc1)CN(Cc2ccccc2)CC3=CN4N(C3)CCC4,regression,strict,train,False,3.3010299956639813,inactive
CHEMBL5415241,O=C(O)C1=C(C(=O)N(Cc2ccccc2)Cc2ccccc2)CN2C[C@H](NC(=O)[C@H](Cc3ccccc3)NC(=O)c3cc4ccccc4[nH]3)C(=O)N12,c1ccc(cc1)CN(Cc2ccccc2)CC3=CN4N(C3)CC(NCC(NCc5cc6ccccc6[nH]5)Cc7ccccc7)C4,regression,strict,train,False,4.346787486224656,inactive
CHEMBL5418995,O=C(O)C1=C(C(=O)N(Cc2ccccc2)Cc2ccccc2)CN2C[C@H](NC(=O)[C@H](C[C@@H]3CCNC3=O)NC(=O)[C@H](Cc3ccccc3)NC(=O)c3cc4ccccc4[nH]3)C(=O)N12,c1ccc(cc1)CN(Cc2ccccc2)CC3=CN4N(C3)CC(NCC(NCC(NCc5cc6ccccc6[nH]5)Cc7ccccc7)CC8CNCC8)C4,regression,strict,train,False,3.7878123955960414,inactive
CHEMBL5427178,C[C@H]1[C@H](NC(=O)[C@H](Cc2ccccc2)NC(=O)c2cc3ccccc3[nH]2)C(=O)N1S(=O)(=O)O,c1ccc(cc1)CC(NCc2cc3ccccc3[nH]2)CNC4CNC4,regression,strict,train,False,3.3010299956639813,inactive
CHEMBL5414823,O=C(O)C1=C(Cl)CS[C@@H]2[C@H](NC(=O)[C@H](Cc3ccccc3)NC(=O)c3cc4ccccc4[nH]3)C(=O)N12,S1CC=CN2CC(NCC(NCc3cc4ccccc4[nH]3)Cc5ccccc5)C12,regression,strict,train,False,4.045757490560675,inactive
CHEMBL5424598,O=C(N[C@@H](Cc1ccccc1)C(=O)N[C@@H]1CONC1=O)c1cc2ccccc2[nH]1,O1NCC(NCC(NCc2cc3ccccc3[nH]2)Cc4ccccc4)C1,regression,strict,train,False,3.3010299956639813,inactive
CHEMBL5432178,CC1(C)S[C@@H]2[C@H](NC(=O)[C@H](Cc3ccccc3)NC(=O)c3cc4ccccc4[nH]3)C(=O)N2[C@H]1C(=O)O,S1CCN2CC(NCC(NCc3cc4ccccc4[nH]3)Cc5ccccc5)C12,regression,strict,train,False,3.872895201635192,inactive
CHEMBL5414262,O=C(N[C@@H](Cc1ccccc1)C(=O)O)c1cc2ccccc2[nH]1,c1ccc(cc1)CCNCc2cc3ccccc3[nH]2,regression,strict,train,False,3.3010299956639813,inactive
CHEMBL5413390,O=C(O)C1=C(C(=O)NCc2ccccc2)CN2C[C@H](NC(=O)[C@H](Cc3ccccc3)NC(=O)c3cc4ccccc4[nH]3)C(=O)N12,c1ccc(cc1)CNCC2=CN3N(C2)CC(NCC(NCc4cc5ccccc5[nH]4)Cc6ccccc6)C3,regression,strict,train,False,3.749579997691106,inactive
CHEMBL5393858,O=C(O)C1=C(C(=O)NCc2ccncc2)CN2C[C@H](NC(=O)[C@H](Cc3ccccc3)NC(=O)c3cc4ccccc4[nH]3)C(=O)N12,n1ccc(cc1)CNCC2=CN3N(C2)CC(NCC(NCc4cc5ccccc5[nH]4)Cc6ccccc6)C3,regression,strict,train,False,3.696803942579511,inactive
CHEMBL5414906,CN(Cc1ccccc1)C(=O)C1=C(C(=O)O)N2C(=O)[C@@H](NC(=O)[C@H](Cc3ccccc3)NC(=O)c3cc4ccccc4[nH]3)CN2C1,c1ccc(cc1)CNCC2=CN3N(C2)CC(NCC(NCc4cc5ccccc5[nH]4)Cc6ccccc6)C3,regression,strict,test,False,3.3010299956639813,inactive
CHEMBL5427682,CCN(CC)C(=O)C1=C(C(=O)O)N2C(=O)[C@@H](NC(=O)[C@H](Cc3ccccc3)NC(=O)c3cc4ccccc4[nH]3)CN2C1,c1ccc(cc1)CC(NCc2cc3ccccc3[nH]2)CNC4CN5C=CCN5C4,regression,strict,train,False,3.5543957967264026,inactive
CHEMBL5426230,O=C(O)C1=C(C(=O)N2CCCC2)CN2C[C@H](NC(=O)[C@H](Cc3ccccc3)NC(=O)c3cc4ccccc4[nH]3)C(=O)N12,c1ccc(cc1)CC(NCc2cc3ccccc3[nH]2)CNC4CN5C=C(CN5C4)CN6CCCC6,regression,strict,train,False,3.742321425130816,inactive
CHEMBL5436617,C=CCOC(=O)C1=C(C(=O)O)N2C(=O)[C@@H](NC(=O)[C@H](Cc3ccccc3)NC(=O)c3cc4ccccc4[nH]3)CN2C1,c1ccc(cc1)CC(NCc2cc3ccccc3[nH]2)CNC4CN5C=CCN5C4,regression,strict,test,False,3.7166987712964494,inactive
CHEMBL5397947,COC(=O)N[C@H](C(=O)N1CCC2(CC2)C[C@H]1C(=O)N[C@@H](CCC(C)(F)F)C(=O)C(N)=O)C(C)(C)C,N1CCC2(CC1)CC2,regression,strict,train,False,8.130768280269024,active
CHEMBL5440103,CNC(=O)C(=O)[C@H](CCC(C)(F)F)NC(=O)[C@@H]1CC2(CCN1C(=O)[C@@H](NC(=O)OC)C(C)(C)C)CC2,N1CCC2(CC1)CC2,regression,strict,test,False,8.187086643357144,active
CHEMBL5401144,COC(=O)N[C@H](C(=O)N1CCC2(CC2)C[C@H]1C(=O)N[C@@H](CCC(C)(F)F)C(=O)C(=O)NC1CC1)C(C)(C)C,N(CCCNC1CC1)CC2NCCC3(CC3)C2,regression,strict,train,False,8.113509274827518,active
CHEMBL5424206,COC(=O)N[C@H](C(=O)N1CCC2(CCCC2)CC1C(=O)N[C@@H](CCC(C)(F)F)C(=O)C(=O)NC1CC1)C(C)(C)C,N(CCCNC1CC1)CC2NCCC3(CCCC3)C2,regression,strict,train,False,8.130768280269024,active
CHEMBL5433055,CNC(=O)C(=O)[C@H](CCC(C)(F)F)NC(=O)[C@@H]1[C@H]2CCC[C@H]2CN1C(=O)[C@H](CC(F)(F)F)NC(=O)OC,N1CC2CCCC2C1,regression,strict,train,False,8.154901959985743,active
CHEMBL5418521,CNC(=O)C(=O)[C@H](CCC(C)(F)F)NC(=O)C1C2CC(C)(C)C2CN1C(=O)[C@@H](NC(=O)OC)C(C)(C)C,N1CC2CCC2C1,regression,strict,train,False,8.301029995663981,active
CHEMBL5441770,C=CCn1c(Sc2ncnc3[nH]ccc23)nc2sccc2c1=O,n1cnc2[nH]ccc2c1Sc3ncc4ccsc4n3,regression,strict,train,False,4.002176919254275,inactive
CHEMBL5441521,O=C(Nc1cnc2[nH]ncc2c1)C1CCN(c2ccc3nncn3n2)CC1,n1nc2ccc(nn2c1)N3CCC(CNc4cnc5[nH]ncc5c4)CC3,regression,strict,train,False,3.905266906246218,inactive
CHEMBL5441693,Cc1[nH]c2ncnc(NC(=O)C3CC=CC3)c2c1C,n1cnc(NCC2CC=CC2)c3cc[nH]c13,regression,strict,train,False,4.376761050070008,inactive
CHEMBL5441601,Cc1[nH]c2ncnc(NC(=O)c3ncn(-c4ccccc4)n3)c2c1C,n1cnc(NCc2ncn(n2)-c3ccccc3)c4cc[nH]c14,regression,strict,train,False,4.002176919254275,inactive
CHEMBL5442081,CC(C)[C@@H](Nc1ncnc2n[nH]cc12)c1cnn(C)c1,n1cc(c[nH]1)CNc2ncnc3n[nH]cc32,regression,strict,train,False,4.365966319580321,inactive
CHEMBL5441616,Cc1nc(C)c(CC(=O)Nc2cnc3[nH]ncc3c2)c(=O)[nH]1,n1cncc(c1)CCNc2cnc3[nH]ncc3c2,regression,strict,train,False,4.002176919254275,inactive
CHEMBL5441712,Cc1cccc(C)c1-n1nnnc1CSc1ncnc2[nH]cnc12,n1nc(n(n1)-c2ccccc2)CSc3ncnc4[nH]cnc34,regression,strict,train,False,4.002176919254275,inactive
CHEMBL5441611,Brc1ccc(-n2nnnc2Sc2ncnc3[nH]ccc23)cc1,n1nc(Sc2ncnc3[nH]ccc23)n(n1)-c4ccccc4,regression,strict,train,False,3.905266906246218,inactive
CHEMBL5441898,c1ccc(-c2cc(CNc3ncnc4[nH]ccc34)on2)cc1,n1oc(cc1-c2ccccc2)CNc3ncnc4[nH]ccc43,regression,strict,train,False,3.905266906246218,inactive
CHEMBL5441463,O=C(OCc1ccc(Cl)nc1)c1ncnc2[nH]ccc12,n1cccc(c1)COCc2ncnc3[nH]ccc32,regression,strict,train,False,4.002176919254275,inactive
CHEMBL5441834,CC(C)OCCNC(=O)c1cc2c(=O)n3ccccc3nc2n1C,n1ccc=2cn3ccccc3nc12,regression,strict,train,False,3.905266906246218,inactive
CHEMBL5442113,O=C(O)[C@H]1CCCCCN1C(=O)c1ncnc2[nH]ccc12,n1cnc(c2cc[nH]c12)CN3CCCCCC3,regression,strict,train,False,3.905266906246218,inactive
CHEMBL5441553,FC(F)(F)CO[C@@H]1CCCN(c2ncnc3[nH]ccc23)C1,n1cnc(c2cc[nH]c12)N3CCCCC3,regression,strict,train,False,3.905266906246218,inactive
CHEMBL5441660,C[C@@H](CO)Nc1ncnc2[nH]c(C(=O)OC(C)(C)C)cc12,n1cnc2[nH]ccc2c1,regression,strict,train,False,3.905266906246218,inactive
CHEMBL5309692,O[C@H]1C[C@](CNc2ncnc3[nH]ccc23)(c2ccccc2)C1,n1cnc(NCC2(c3ccccc3)CCC2)c4cc[nH]c14,regression,strict,train,False,3.905266906246218,inactive
CHEMBL5442118,Cc1[nH]c2ncnc(NC(=O)CCc3ccccc3)c2c1C,n1cnc(NCCCc2ccccc2)c3cc[nH]c13,regression,strict,train,False,4.002176919254275,inactive
CHEMBL5441654,Cc1[nH]c2ncnc(NC(=O)[C@@H]3CCO[C@@H]3C)c2c1C,n1cnc(NCC2COCC2)c3cc[nH]c13,regression,strict,train,False,3.9140960617506906,inactive
CHEMBL5442101,Cn1ncc2c(NCc3ncccc3O)ncnc21,n1cc2c(ncnc2NCc3ncccc3)[nH]1,regression,strict,train,False,3.905266906246218,inactive
CHEMBL5442109,CC(=O)Nc1ccc(S(=O)(=O)NNc2ncnc3sccc23)cc1,n1cnc(NNSc2ccccc2)c3ccsc13,regression,strict,train,False,4.002176919254275,inactive
CHEMBL5441470,Cc1cccc(Cl)c1-n1sc(=O)n(CC2CC2)c1=O,S1[CH]N([CH]N1c2ccccc2)CC3CC3,regression,strict,train,False,4.639028116274064,inactive
CHEMBL5442010,Cc1cc(NCc2cnc3c(c2)NC(=O)CO3)cnc1C,n1cccc(c1)NCc2cnc3OCCNc3c2,regression,strict,train,False,3.905266906246218,inactive
CHEMBL5441574,O=C(OCc1ncccc1Cl)c1ncnc2[nH]ccc12,n1cnc(c2cc[nH]c12)COCc3ncccc3,regression,strict,train,False,4.002176919254275,inactive
CHEMBL5441875,NS(=O)(=O)c1ccccc1CNc1ncnc2[nH]ccc12,n1cnc(NCc2ccccc2)c3cc[nH]c13,regression,strict,train,False,3.905266906246218,inactive
CHEMBL5441843,O=C(Nc1ccc(C(=O)NCc2c(C(=O)O)[nH]c3ccccc23)cc1)NC1CC1,c1ccc2c(c1)[nH]cc2CNCc3ccc(cc3)NCNC4CC4,regression,strict,train,False,4.864962808450382,inactive
CHEMBL5441699,O=C(Nc1ccccc1)Nc1ccc(C(=O)NC2c3cccc(O)c3CC2C(=O)O)cc1,c1ccc(cc1)NCNc2ccc(cc2)CNC3c4ccccc4CC3,regression,strict,train,False,6.269296872605577,active
CHEMBL5441673,O=C(NCc1cc2n(n1)CCCC2)c1cc2cncnc2[nH]1,n1cnc2[nH]c(cc2c1)CNCc3nn4c(c3)CCCC4,regression,strict,train,False,3.905266906246218,inactive
CHEMBL5441798,O=C(O)C[C@H](NC(=O)c1ncnc2[nH]ccc12)c1ccc(Br)cc1,n1cnc(c2cc[nH]c12)CNCc3ccccc3,regression,strict,test,False,5.523095946826202,intermediate
CHEMBL5442091,O=C(c1cccc(Br)c1)N1CCC(c2ccn3ncc(C(=O)N4CCCCC4)c3c2)CC1,n1cc(c2cc(ccn12)C3CCN(Cc4ccccc4)CC3)CN5CCCCC5,regression,strict,train,False,3.905266906246218,inactive
CHEMBL5441507,O=C(OCc1cccc(Cl)n1)c1ncnc2[nH]ccc12,n1cnc(c2cc[nH]c12)COCc3ncccc3,regression,strict,test,False,3.905266906246218,inactive
CHEMBL5441494,OC[C@@]1(Cc2ccc(F)cc2)CCN(c2ncnc3[nH]ccc23)C1,n1cnc(c2cc[nH]c12)N3CCC(Cc4ccccc4)C3,regression,strict,train,False,4.002176919254275,inactive
CHEMBL5442071,c1cc(-c2nnc(Sc3ncnc4[nH]ccc34)[nH]2)ccn1,n1nc([nH]c1Sc2ncnc3[nH]ccc23)-c4ccncc4,regression,strict,train,False,3.905266906246218,inactive
CHEMBL5441934,OC[C@@H](Nc1ncnc2[nH]c(I)cc12)c1ccccc1,n1cnc(NCc2ccccc2)c3cc[nH]c13,regression,strict,train,False,3.905266906246218,inactive
CHEMBL5441790,CC[C@@H]1C[C@@H](C(=O)Nc2ncnc3[nH]c(C)c(C)c23)CCO1,n1cnc(NCC2CCOCC2)c3cc[nH]c13,regression,strict,train,False,3.905266906246218,inactive
CHEMBL5442098,Cc1ccc(-c2n[nH]cc2CNc2cnc3[nH]ncc3c2)o1,n1cc2cc(cnc2[nH]1)NCc3c[nH]nc3-c4occc4,regression,strict,train,False,3.905266906246218,inactive
CHEMBL5441641,O=C(O)c1cscc1C(=O)N1CCC(c2ccn3ncc(C(=O)N4CCCCC4)c3c2)CC1,n1cc(c2cc(ccn12)C3CCN(Cc4cscc4)CC3)CN5CCCCC5,regression,strict,train,False,4.353694319715241,inactive
CHEMBL5441558,Cc1[nH]c2ncnc(NCc3ccco3)c2c1C,n1cnc(NCc2occc2)c3cc[nH]c13,regression,strict,train,False,4.002176919254275,inactive
CHEMBL4975056,Cc1[nH]c2ncnc(NC(=O)c3ccncc3Cl)c2c1C,n1ccc(cc1)CNc2ncnc3[nH]ccc32,regression,strict,train,False,4.597618235760902,inactive
CHEMBL5441488,O=C(c1ccccc1)N1CCC(c2ccn3ncc(C(=O)N4CCc5nc[nH]c5C4)c3c2)CC1,n1c[nH]c2c1CCN(Cc3cnn4ccc(cc34)C5CCN(Cc6ccccc6)CC5)C2,regression,strict,train,False,4.002176919254275,inactive
CHEMBL5442016,Cc1n[nH]nc1C(=O)N1CCC(c2ccn3ncc(C(=O)N4CCCCC4)c3c2)CC1,n1cc(n[nH]1)CN2CCC(c3ccn4ncc(c4c3)CN5CCCCC5)CC2,regression,strict,train,False,4.002176919254275,inactive
CHEMBL5442066,Cc1nc(C(=O)N2CCC(c3ccn4ncc(C(=O)N5CCCCC5)c4c3)CC2)c(=O)[nH]c1C,N=1C=CNCC1CN2CCC(c3ccn4ncc(c4c3)CN5CCCCC5)CC2,regression,strict,train,False,4.002176919254275,inactive
CHEMBL5441583,O=C(c1ncc[nH]1)N1CCC(c2ccn3ncc(C(=O)N4CCCCC4)c3c2)CC1,n1cc[nH]c1CN2CCC(c3ccn4ncc(c4c3)CN5CCCCC5)CC2,regression,strict,train,False,4.002176919254275,inactive
CHEMBL5441622,O=C(O)c1sccc1C(=O)N1CCC(c2ccn3ncc(C(=O)N4CCCCC4)c3c2)CC1,n1cc(c2cc(ccn12)C3CCN(Cc4cscc4)CC3)CN5CCCCC5,regression,strict,test,False,4.420399302725503,inactive
CHEMBL5442073,CC(C)c1c[nH]nc1NC(=O)c1ccc(NC(=O)Nc2ccccc2)cc1,n1[nH]ccc1NCc2ccc(cc2)NCNc3ccccc3,regression,strict,train,False,4.002176919254275,inactive
CHEMBL5441715,CO[C@@H]1CCCN(C(=O)c2cnn3ccc(C4CCN(C(=O)c5ccccc5)CC4)cc23)C1,n1cc(c2cc(ccn12)C3CCN(Cc4ccccc4)CC3)CN5CCCCC5,regression,strict,test,False,4.002176919254275,inactive
CHEMBL5441806,Cc1nccc(C(=O)N2CCC(c3ccn4ncc(C(=O)N5CCCCC5)c4c3)CC2)n1,n1cnc(cc1)CN2CCC(c3ccn4ncc(c4c3)CN5CCCCC5)CC2,regression,strict,train,False,4.002176919254275,inactive
CHEMBL5441644,O=C(c1cn2ncccc2n1)N1CCC(c2ccn3ncc(C(=O)N4CCCCC4)c3c2)CC1,n1cccc2nc(cn12)CN3CCC(c4ccn5ncc(c5c4)CN6CCCCC6)CC3,regression,strict,train,False,4.002176919254275,inactive
CHEMBL5441911,O=C(c1cc(O)ccn1)N1CCC(c2ccn3ncc(C(=O)N4CCCCC4)c3c2)CC1,n1ccccc1CN2CCC(c3ccn4ncc(c4c3)CN5CCCCC5)CC2,regression,strict,train,False,4.002176919254275,inactive
CHEMBL5441885,Cc1n[nH]c(C)c1C(=O)N1CCC(c2ccn3ncc(C(=O)N4CCCCC4)c3c2)CC1,n1cc(c[nH]1)CN2CCC(c3ccn4ncc(c4c3)CN5CCCCC5)CC2,regression,strict,train,False,4.002176919254275,inactive
CHEMBL5441905,O=C(CCN(Cc1cccc(Cl)c1)C(=O)c1ccc(F)cn1)N1CCNCC1,n1ccccc1CN(Cc2ccccc2)CCCN3CCNCC3,regression,strict,train,False,4.002176919254275,inactive
CHEMBL5441897,O=C(c1cnc[nH]1)N1CCC(c2ccn3ncc(C(=O)N4CCCCC4)c3c2)CC1,n1c[nH]c(c1)CN2CCC(c3ccn4ncc(c4c3)CN5CCCCC5)CC2,regression,strict,train,False,4.002176919254275,inactive
CHEMBL5441785,O=C(N[C@H]1CCC[C@H]1C(=O)O)c1cnn2ccc(C3CCN(C(=O)c4ccccc4)CC3)cc12,n1cc(c2cc(ccn12)C3CCN(Cc4ccccc4)CC3)CNC5CCCC5,regression,strict,train,False,4.446529627786878,inactive
CHEMBL5442031,O=C(O)c1ccsc1C(=O)N1CCC(c2ccn3ncc(C(=O)N4CCCCC4)c3c2)CC1,n1cc(c2cc(ccn12)C3CCN(Cc4sccc4)CC3)CN5CCCCC5,regression,strict,train,False,4.229818349495683,inactive
CHEMBL5441560,O=C(c1c[nH]c(=O)cn1)N1CCC(c2ccn3ncc(C(=O)N4CCCCC4)c3c2)CC1,N1=CCNC=C1CN2CCC(c3ccn4ncc(c4c3)CN5CCCCC5)CC2,regression,strict,train,False,4.105933285052125,inactive
CHEMBL5441907,O=C(c1cccnc1S)N1CCC(c2ccn3ncc(C(=O)N4CCCCC4)c3c2)CC1,n1cccc(c1)CN2CCC(c3ccn4ncc(c4c3)CN5CCCCC5)CC2,regression,strict,train,False,4.210708443714005,inactive
CHEMBL5442102,O=C(c1ccccc1)N1CCC(c2ccn3ncc(C(=O)N4CCCC[C@H](O)C4)c3c2)CC1,n1cc(c2cc(ccn12)C3CCN(Cc4ccccc4)CC3)CN5CCCCCC5,regression,strict,train,False,4.002176919254275,inactive
CHEMBL5441894,O=C(c1nnn[nH]1)N1CCC(c2ccn3ncc(C(=O)N4CCCCC4)c3c2)CC1,n1n[nH]c(n1)CN2CCC(c3ccn4ncc(c4c3)CN5CCCCC5)CC2,regression,strict,train,False,4.548443816923572,inactive
CHEMBL5442097,Cn1nc(C(=O)N2CCC(c3ccn4ncc(C(=O)N5CCCCC5)c4c3)CC2)cc1C(=O)O,n1cc(c2cc(ccn12)C3CCN(Cc4n[nH]cc4)CC3)CN5CCCCC5,regression,strict,train,False,4.177694590176769,inactive
CHEMBL5441545,CC(C)[C@@H](Nc1ncnc2[nH]ccc12)c1ccc2c(c1)OCCO2,n1cnc(NCc2ccc3OCCOc3c2)c4cc[nH]c14,regression,strict,train,False,5.810182287504952,intermediate
CHEMBL5441768,O=C(O)c1ccc(C(=O)N2CCC(c3ccn4ncc(C(=O)N5CCCCC5)c4c3)CC2)o1,n1cc(c2cc(ccn12)C3CCN(Cc4occc4)CC3)CN5CCCCC5,regression,strict,train,False,4.167159106666376,inactive
CHEMBL5442061,CC(C)[C@@H](Nc1ncnc2[nH]ccc12)C(F)F,n1cnc2[nH]ccc2c1,regression,strict,train,False,4.8192435076964415,inactive
CHEMBL5441598,CC(C)[C@H](CO)Nc1ncnc2[nH]ccc12,n1cnc2[nH]ccc2c1,regression,strict,train,False,4.9515970438472605,inactive
CHEMBL5441978,CC(C)[C@@H](Nc1ncnc2[nH]ccc12)c1cccs1,n1cnc(NCc2sccc2)c3cc[nH]c13,regression,strict,train,False,4.826638883105768,inactive
CHEMBL5441493,O=C(O)c1cnc(C(=O)N2CCC(c3ccn4ncc(C(=O)N5CCCCC5)c4c3)CC2)cn1,n1ccnc(c1)CN2CCC(c3ccn4ncc(c4c3)CN5CCCCC5)CC2,regression,strict,train,False,4.002176919254275,inactive
CHEMBL5442092,Cn1nc(C(=O)O)cc1C(=O)N1CCC(c2ccn3ncc(C(=O)N4CCCCC4)c3c2)CC1,n1ccc([nH]1)CN2CCC(c3ccn4ncc(c4c3)CN5CCCCC5)CC2,regression,strict,train,False,4.002176919254275,inactive
CHEMBL5441741,CC(C)[C@@H](Nc1ncnc2[nH]ccc12)C(N)=O,n1cnc2[nH]ccc2c1,regression,strict,train,False,4.51345618011748,inactive
CHEMBL5441995,Cn1cc([C@@H](Nc2ncnc3[nH]ccc23)C2CCC2)cn1,n1cc(c[nH]1)C(Nc2ncnc3[nH]ccc32)C4CCC4,regression,strict,train,False,4.82344574038671,inactive
CHEMBL5442020,COc1ccccc1C[C@@H](Nc1ncnc2[nH]ccc12)C(C)C,n1cnc(NCCc2ccccc2)c3cc[nH]c13,regression,strict,train,False,4.010937482230595,inactive
CHEMBL5441527,CC(C)[C@@H](Nc1ncnc2[nH]ccc12)c1nc2ccccc2[nH]1,n1cnc(NCc2nc3ccccc3[nH]2)c4cc[nH]c14,regression,strict,train,False,4.0150408571652,inactive
CHEMBL5441637,CC(C)[C@H]1N(c2ncnc3[nH]ccc23)CC12CCOCC2,n1cnc(c2cc[nH]c12)N3CC4(C3)CCOCC4,regression,strict,train,False,4.002176919254275,inactive
CHEMBL5441734,CC(C)[C@@H]1C(=O)NCCN1c1ncnc2[nH]ccc12,n1cnc(c2cc[nH]c12)N3CCNCC3,regression,strict,train,False,4.452705375294679,inactive
CHEMBL5441745,CC(C)(NC(=O)c1ncnc2[nH]ccc12)c1cc(C(=O)O)[nH]n1,n1cnc(c2cc[nH]c12)CNCc3n[nH]cc3,regression,strict,train,False,4.002176919254275,inactive
CHEMBL5441581,O=C(N[C@@H](C(=O)O)C1Cc2ccccc2C1)c1ncnc2[nH]ccc12,n1cnc(c2cc[nH]c12)CNCC3Cc4ccccc4C3,regression,strict,train,False,4.002176919254275,inactive
CHEMBL5441698,O=C(N[C@@H](C(=O)O)c1ccc2c(c1)CCO2)c1ncnc2[nH]ccc12,n1cnc(c2cc[nH]c12)CNCc3ccc4OCCc4c3,regression,strict,train,False,4.116168286670548,inactive
CHEMBL5442111,CC(C)[C@@H](CCN(C)C(=O)c1nn(C)c2ccc(F)cc12)Nc1ncnc2[nH]ccc12,n1cnc(NCCCNCc2n[nH]c3ccccc23)c4cc[nH]c14,regression,strict,train,False,4.002176919254275,inactive
CHEMBL5441640,Cc1ncnc2c1C[C@@H](C(=O)N(C)CC[C@@H](Nc1ncnc3[nH]ccc13)C(C)C)CC2,n1cnc2c(c1)CC(CNCCCNc3ncnc4[nH]ccc43)CC2,regression,strict,train,False,4.002176919254275,inactive
CHEMBL5441667,Cc1nc2ccc(C(=O)N(C)CC[C@@H](Nc3ncnc4[nH]ccc34)C(C)C)cc2s1,n1cnc(NCCCNCc2ccc3ncsc3c2)c4cc[nH]c14,regression,strict,train,False,4.002176919254275,inactive
CHEMBL5441618,Cc1ccc2snc(C(=O)N(C)CC[C@@H](Nc3ncnc4[nH]ccc34)C(C)C)c2c1,n1sc2ccccc2c1CNCCCNc3ncnc4[nH]ccc43,regression,strict,train,False,4.002176919254275,inactive
CHEMBL5441929,CC(C)[C@@H](CCN(C)C(=O)c1cc2nccnc2cc1F)Nc1ncnc2[nH]ccc12,n1cnc(NCCCNCc2ccc3nccnc3c2)c4cc[nH]c14,regression,strict,train,False,4.002176919254275,inactive
CHEMBL5441840,Cc1csc(NC(=O)CSC[C@@H](NC(=O)c2ncnc3[nH]ccc23)C(=O)O)n1,n1ccsc1NCCSCCNCc2ncnc3[nH]ccc32,regression,strict,train,False,4.002176919254275,inactive
CHEMBL5441967,COc1ccc2c(c1)CCN(c1ncnc3[nH]ccc13)[C@H]2C(C)C,n1cnc(c2cc[nH]c12)N3Cc4ccccc4CC3,regression,strict,train,False,4.882579544834398,inactive
CHEMBL5441799,CC(C)[C@@H](CCN(C)C(=O)c1cccc2cc(F)ccc12)Nc1ncnc2[nH]ccc12,n1cnc(NCCCNCc2cccc3ccccc32)c4cc[nH]c14,regression,strict,train,False,4.002176919254275,inactive
CHEMBL5442083,CC(C)(C)n1cc([C@H]2N(c3ncnc4[nH]ccc34)CC23CCOCC3)cn1,n1cc(c[nH]1)C2N(c3ncnc4[nH]ccc43)CC52CCOCC5,regression,strict,train,False,4.002176919254275,inactive
CHEMBL5441500,Cc1ccc2c(c1)C[C@@H](C(=O)N(C)CC[C@@H](Nc1ncnc3[nH]ccc13)C(C)C)S2,n1cnc(NCCCNCC2Sc3ccccc3C2)c4cc[nH]c14,regression,strict,train,False,4.002176919254275,inactive
CHEMBL5441688,C[C@@H](Cc1ccc(Cl)s1)Nc1ccc([C@@H](CC(=O)O)NC(=O)c2ncnc3[nH]ccc23)cc1,n1cnc(c2cc[nH]c12)CNCc3ccc(cc3)NCCc4sccc4,regression,strict,train,False,4.331991692198523,inactive
CHEMBL5441904,C[C@H]1C[C@H]1c1nnc(Nc2ccc([C@@H](CC(=O)O)NC(=O)c3ncnc4[nH]ccc34)cc2)o1,n1nc(oc1Nc2ccc(cc2)CNCc3ncnc4[nH]ccc43)C5CC5,regression,strict,train,False,5.157952711490362,intermediate
CHEMBL5441671,Cn1cc([C@@H](Nc2ncnc3[nH]ccc23)c2ccc(F)cc2)cn1,n1cc(c[nH]1)C(Nc2ncnc3[nH]ccc32)c4ccccc4,regression,strict,train,False,4.002176919254275,inactive
CHEMBL5441932,O=C(O)c1cn(CCCNC(=O)c2ncnc3[nH]ccc23)nn1,n1nn(cc1)CCCNCc2ncnc3[nH]ccc32,regression,strict,train,False,4.002176919254275,inactive
CHEMBL5441554,O=C(O)c1cn(CCNC(=O)c2ncnc3[nH]ccc23)cn1,n1ccn(c1)CCNCc2ncnc3[nH]ccc32,regression,strict,train,False,4.002176919254275,inactive
CHEMBL5442130,CC(C)[C@@H](CN1CCCCC1)Nc1ncnc2[nH]ccc12,n1cnc(NCCN2CCCCC2)c3cc[nH]c13,regression,strict,train,False,4.002176919254275,inactive
CHEMBL5441523,COc1cccc(CSC[C@@H](NC(=O)c2ncnc3[nH]ccc23)C(=O)O)c1,n1cnc(c2cc[nH]c12)CNCCSCc3ccccc3,regression,strict,train,False,4.002176919254275,inactive
CHEMBL5441565,CS(=O)(=O)NC1CCC(Nc2ccc([C@@H](CC(=O)O)NC(=O)c3c[nH]c4ncncc34)cc2)CC1,n1cnc2[nH]cc(c2c1)CNCc3ccc(cc3)NC4CCCCC4,regression,strict,train,False,4.002176919254275,inactive
CHEMBL5442011,Cc1[nH]c2ncnc(NC(=O)C3CC(C(F)(F)F)C3)c2c1C,n1cnc(NCC2CCC2)c3cc[nH]c13,regression,strict,train,False,4.002176919254275,inactive
CHEMBL5442162,C[C@H]1C[C@H]1c1nnc(Nc2ccc([C@@H](CC(=O)O)NC(=O)c3c[nH]c4ncncc34)cc2)o1,n1nc(oc1Nc2ccc(cc2)CNCc3c[nH]c4ncncc43)C5CC5,regression,strict,train,False,4.040529297924893,inactive
CHEMBL5441919,O=C(Nc1ncnc2c(C(=O)Nc3ccccc3C(=O)N3CCCC3)csc12)NC1CC1,n1cnc2c(scc2CNc3ccccc3CN4CCCC4)c1NCNC5CC5,regression,strict,train,False,4.002176919254275,inactive
CHEMBL5441499,O=C(Nc1ncnc2c(C(=O)NC3(c4ccccc4F)CCCCC3)csc12)NC1CC1,n1cnc2c(scc2CNC3(c4ccccc4)CCCCC3)c1NCNC5CC5,regression,strict,train,False,4.002176919254275,inactive
CHEMBL5441551,CS(=O)(=O)NC1CCC(Nc2ccc([C@@H](CC(=O)O)NC(=O)c3ncnc4[nH]ccc34)cc2)CC1,n1cnc(c2cc[nH]c12)CNCc3ccc(cc3)NC4CCCCC4,regression,strict,train,False,4.097564662227982,inactive
CHEMBL5441921,O=C(N[C@@H]1CCC[C@@H]1C(=O)O)c1cnn2ccc(C3CCN(C(=O)c4ccc(Cl)cc4)CC3)cc12,n1cc(c2cc(ccn12)C3CCN(Cc4ccccc4)CC3)CNC5CCCC5,regression,strict,train,False,4.545299928951625,inactive
CHEMBL5442084,CCc1coc(Nc2ccc([C@@H](CC(=O)O)NC(=O)c3c[nH]c4ncncc34)cc2)n1,n1cnc2[nH]cc(c2c1)CNCc3ccc(cc3)Nc4ncco4,regression,strict,train,False,4.133833807564647,inactive
CHEMBL5441775,O=C(NCc1ccccc1F)c1ncnc2[nH]ccc12,n1cnc(c2cc[nH]c12)CNCc3ccccc3,regression,strict,test,False,4.002176919254275,inactive
CHEMBL5442038,O=C(NCc1ccc(F)cn1)c1ncnc2[nH]ccc12,n1cnc(c2cc[nH]c12)CNCc3ncccc3,regression,strict,train,False,4.002176919254275,inactive
CHEMBL5441691,O=S(=O)(Cc1ccc(F)cc1)Nc1cnc2[nH]ccc2c1,n1cc(cc2cc[nH]c12)NSCc3ccccc3,regression,strict,train,False,4.002176919254275,inactive
CHEMBL5441926,NC(=O)c1ccc(S(=O)(=O)Nc2cnc3[nH]ccc3c2)cc1,n1cc(cc2cc[nH]c12)NSc3ccccc3,regression,strict,train,False,4.002176919254275,inactive
CHEMBL5441692,O=C(N[C@@H](CCO)c1ccccc1F)c1ncnc2[nH]ccc12,n1cnc(c2cc[nH]c12)CNCc3ccccc3,regression,strict,test,False,4.002176919254275,inactive
CHEMBL5441536,CC(=O)c1ccc(S(=O)(=O)Nc2cnc3[nH]ccc3c2)cc1,n1cc(cc2cc[nH]c12)NSc3ccccc3,regression,strict,train,False,4.002176919254275,inactive
CHEMBL5442124,CN(C)C(=O)c1cccc(S(=O)(=O)Nc2cnc3[nH]ccc3c2)c1,n1cc(cc2cc[nH]c12)NSc3ccccc3,regression,strict,train,False,4.002176919254275,inactive
CHEMBL5441795,CCc1cnn(C)c1NC(=O)c1ncnc2[nH]ccc12,n1ccc([nH]1)NCc2ncnc3[nH]ccc32,regression,strict,train,False,4.002176919254275,inactive
CHEMBL5441762,N#CCc1cccc(S(=O)(=O)Nc2cnc3[nH]ccc3c2)c1,n1cc(cc2cc[nH]c12)NSc3ccccc3,regression,strict,train,False,4.002176919254275,inactive
CHEMBL5441772,O=S(=O)(Cc1ccccc1F)Nc1cnc2[nH]ccc2c1,n1cc(cc2cc[nH]c12)NSCc3ccccc3,regression,strict,train,False,4.002176919254275,inactive
CHEMBL5441694,COc1ccc(S(=O)(=O)Nc2cnc3[nH]ccc3c2)cc1C(N)=O,n1cc(cc2cc[nH]c12)NSc3ccccc3,regression,strict,train,False,4.002176919254275,inactive
CHEMBL5441783,NC(=O)C[C@@H](NC(=O)c1ncnc2[nH]ccc12)C1CCCCC1,n1cnc(c2cc[nH]c12)CNCC3CCCCC3,regression,strict,train,False,4.002176919254275,inactive
CHEMBL5442131,C[C@@H](c1ccc(F)c(F)c1)N(C)C(=O)c1ncnc2[nH]ccc12,n1cnc(c2cc[nH]c12)CNCc3ccccc3,regression,strict,test,False,4.002176919254275,inactive
CHEMBL5441857,Cc1cc(C)cc(CS(=O)(=O)Nc2cnc3[nH]ccc3c2)c1,n1cc(cc2cc[nH]c12)NSCc3ccccc3,regression,strict,train,False,4.002176919254275,inactive
CHEMBL5441730,CC(C)[C@@H](Cc1ccc(F)cc1)NC(=O)c1ncnc2[nH]ccc12,n1cnc(c2cc[nH]c12)CNCCc3ccccc3,regression,strict,train,False,4.002176919254275,inactive
CHEMBL5441906,Cc1ccc(C(=O)N2CCC(c3ccn4ncc(C(=O)N[C@@H]5CCC[C@@H]5C(=O)O)c4c3)CC2)cc1,n1cc(c2cc(ccn12)C3CCN(Cc4ccccc4)CC3)CNC5CCCC5,regression,strict,train,False,4.6733569638973655,inactive
CHEMBL5442026,Cc1[nH]c2ncnc(NC(=O)c3ccc(Cl)cn3)c2c1C,n1cnc(NCc2ncccc2)c3cc[nH]c13,regression,strict,train,False,4.002176919254275,inactive
CHEMBL5441572,O=C(NCc1nc(-c2cc3c(N4CCCC5(CC5)C4)ncnc3[nH]2)c[nH]1)c1ccc(F)nc1,n1cccc(c1)CNCc2nc(c[nH]2)-c3cc4c(ncnc4N5CCCC6(C5)CC6)[nH]3,regression,strict,train,False,4.641770009255486,inactive
CHEMBL5442136,Cc1[nH]c2ncnc(NC(=O)C3(c4ccc(F)cc4)CCC3)c2c1C,n1cnc(NCC2(c3ccccc3)CCC2)c4cc[nH]c14,regression,strict,test,False,4.685143042220429,inactive
CHEMBL5441593,CC(C)n1nccc1S(=O)(=O)Nc1cnc2[nH]ccc2c1,n1ccc(SNc2cnc3[nH]ccc3c2)[nH]1,regression,strict,train,False,4.002176919254275,inactive
CHEMBL5441895,O=C(Nc1cccc2c(C(=O)N[C@@H](c3ccccc3)C(F)F)c[nH]c12)NC1CC1,c1ccc(cc1)CNCc2c[nH]c3c(cccc23)NCNC4CC4,regression,strict,train,False,4.002176919254275,inactive
CHEMBL5441912,O=C(Nc1ccc(C(=O)Nc2c(C(=O)O)sc3cnccc23)cc1)NC1CC1,n1ccc2c(scc2NCc3ccc(cc3)NCNC4CC4)c1,regression,strict,train,False,4.002176919254275,inactive
CHEMBL5441631,Cc1[nH]c2ncnc(NC(=O)c3ccc(-n4cccn4)nc3)c2c1C,n1cnc(NCc2cnc(cc2)-n3nccc3)c4cc[nH]c14,regression,strict,train,False,4.002176919254275,inactive
CHEMBL5442022,NC(=O)C[C@H](NC(=O)c1ncnc2[nH]ccc12)c1ccc(Cl)cc1,n1cnc(c2cc[nH]c12)CNCc3ccccc3,regression,strict,test,False,4.002176919254275,inactive
CHEMBL5441742,O=C(O)C[C@@H](NC(=O)c1ncnc2[nH]ccc12)c1ccc(F)cc1,n1cnc(c2cc[nH]c12)CNCc3ccccc3,regression,strict,test,False,5.546758126980522,intermediate
CHEMBL5441915,NC(=O)[C@@H](NC(=O)c1ncnc2[nH]ccc12)c1ccc(F)cc1,n1cnc(c2cc[nH]c12)CNCc3ccccc3,regression,strict,test,False,4.002176919254275,inactive
CHEMBL5441793,COc1ccc(C(=O)N2CCC(c3ccn4ncc(C(=O)N[C@@H]5CCC[C@@H]5C(=O)O)c4c3)CC2)cc1,n1cc(c2cc(ccn12)C3CCN(Cc4ccccc4)CC3)CNC5CCCC5,regression,strict,train,False,4.649693821120889,inactive
CHEMBL5441925,COc1ccc([C@@H](CC(=O)O)NC(=O)c2ncnc3[nH]ccc23)cc1,n1cnc(c2cc[nH]c12)CNCc3ccccc3,regression,strict,test,False,5.581146522360598,intermediate
CHEMBL5442041,O=C(N[C@@H](CO)Cc1ccncc1)c1ncnc2[nH]ccc12,n1ccc(cc1)CCNCc2ncnc3[nH]ccc32,regression,strict,train,False,4.002176919254275,inactive
CHEMBL5441861,O=C(O)C[C@@H](NC(=O)c1ncnc2[nH]ccc12)c1ccncc1,n1ccc(cc1)CNCc2ncnc3[nH]ccc32,regression,strict,train,False,4.470338699346315,inactive
CHEMBL5441853,Cc1[nH]c2ncnc(NC(=O)c3cnc(Cl)cn3)c2c1C,n1ccnc(c1)CNc2ncnc3[nH]ccc32,regression,strict,train,False,4.002176919254275,inactive
CHEMBL5441590,Cc1[nH]c2ncnc(NC(=O)c3ccc(Cl)nn3)c2c1C,n1nc(ccc1)CNc2ncnc3[nH]ccc32,regression,strict,train,False,4.002176919254275,inactive
CHEMBL5442129,Cc1[nH]c2ncnc(NC(=O)c3cc(Cl)ccn3)c2c1C,n1cnc(NCc2ncccc2)c3cc[nH]c13,regression,strict,train,False,4.002176919254275,inactive
CHEMBL5441827,COc1ccc(C(=O)Nc2ncnc3[nH]c(C)c(C)c23)cn1,n1cccc(c1)CNc2ncnc3[nH]ccc32,regression,strict,train,False,4.002176919254275,inactive
CHEMBL5442135,O=C(N[C@@H]1CCC[C@@H]1C(=O)O)c1cnn2ccc(C3CCN(C(=O)c4ccc(Cl)c(Cl)c4)CC3)cc12,n1cc(c2cc(ccn12)C3CCN(Cc4ccccc4)CC3)CNC5CCCC5,regression,strict,train,False,4.404283380056576,inactive
CHEMBL5441485,Cc1ccc(C(=O)Nc2ncnc3[nH]c(C)c(C)c23)cn1,n1cccc(c1)CNc2ncnc3[nH]ccc32,regression,strict,train,False,4.002176919254275,inactive
CHEMBL5441621,Cc1[nH]c2ncnc(NC(=O)c3cccnn3)c2c1C,n1nc(ccc1)CNc2ncnc3[nH]ccc32,regression,strict,test,False,4.002176919254275,inactive
CHEMBL5441728,CN(C)c1ccc(C(=O)N[C@@H](CC(=O)O)c2ccc(Br)cc2)nc1,n1ccccc1CNCc2ccccc2,regression,strict,train,False,4.002176919254275,inactive
CHEMBL5441821,O=C(O)C[C@@H](NC(=O)c1nccc2[nH]ncc12)c1ccc(Br)cc1,n1cc2c(nccc2[nH]1)CNCc3ccccc3,regression,strict,train,False,4.612023205009563,inactive
CHEMBL5441538,Cc1nc(C(=O)N[C@@H](CC(=O)O)c2ccc(Br)cc2)c2cc[nH]c2n1,n1cnc(c2cc[nH]c12)CNCc3ccccc3,regression,strict,test,False,5.540155357611792,intermediate
CHEMBL5442121,Cn1ccc2c(C(=O)N[C@@H](CC(=O)O)c3ccc(Br)cc3)ccnc21,n1ccc(c2cc[nH]c12)CNCc3ccccc3,regression,strict,train,False,4.456801414362353,inactive
CHEMBL5441957,Cn1ncc2c(C(=O)N[C@@H](CC(=O)O)c3ccc(Br)cc3)ccnc21,n1cc2c(nccc2CNCc3ccccc3)[nH]1,regression,strict,train,False,4.1193721654750055,inactive
CHEMBL5441873,O=C(O)C[C@@H](NC(=O)c1cccc2[nH]ncc12)c1ccc(Br)cc1,n1cc2c(cccc2CNCc3ccccc3)[nH]1,regression,strict,train,False,4.002176919254275,inactive
CHEMBL5442106,O=C(O)C[C@@H](NC(=O)c1nccc2cc[nH]c12)c1ccc(Br)cc1,n1ccc2cc[nH]c2c1CNCc3ccccc3,regression,strict,train,False,4.517005002341558,inactive
CHEMBL5441668,Cc1cc2c(C(=O)N[C@@H](CC(=O)O)c3ccc(Br)cc3)cccc2[nH]1,c1ccc(cc1)CNCc2cccc3[nH]ccc32,regression,strict,train,False,4.002176919254275,inactive
CHEMBL5441970,Cc1nc2c(C(=O)N[C@@H](CC(=O)O)c3ccc(Br)cc3)ccnc2[nH]1,n1ccc(c2nc[nH]c12)CNCc3ccccc3,regression,strict,train,False,4.6905401775387885,inactive
CHEMBL5441899,O=C(O)C[C@@H](NC(=O)c1c[nH]c2ncccc12)c1ccc(Br)cc1,n1cccc2c1[nH]cc2CNCc3ccccc3,regression,strict,train,False,4.549781693800011,inactive
CHEMBL5441796,O=C(O)C[C@@H](NC(=O)c1ccnc(-n2cccc2)c1)c1ccc(Br)cc1,n1ccc(cc1-n2cccc2)CNCc3ccccc3,regression,strict,train,False,4.002176919254275,inactive
CHEMBL5441743,O=C(O)C[C@@H](NC(=O)Cc1c[nH]c2ncccc12)c1ccc(Br)cc1,n1cccc2c1[nH]cc2CCNCc3ccccc3,regression,strict,train,False,4.002176919254275,inactive
CHEMBL5442056,O=C(O)C[C@@H](NC(=O)c1cc2[nH]ccc2cn1)c1ccc(Br)cc1,n1cc2cc[nH]c2cc1CNCc3ccccc3,regression,strict,train,False,5.143663903901711,intermediate
CHEMBL5441607,Cc1[nH]c2ncnc(NC(=O)c3cccc(Cl)n3)c2c1C,n1cnc(NCc2ncccc2)c3cc[nH]c13,regression,strict,train,False,4.002176919254275,inactive
CHEMBL5441862,Cc1[nH]c2ncnc(NC(=O)c3ccc(-n4cnnc4)cc3)c2c1C,n1ncn(c1)-c2ccc(cc2)CNc3ncnc4[nH]ccc43,regression,strict,train,False,4.002176919254275,inactive
CHEMBL5441636,COc1ccc2c(NC(=O)c3ccc(NC(=O)NC4CC4)cc3)c(C(=O)O)sc2c1,s1cc(NCc2ccc(cc2)NCNC3CC3)c4ccccc14,regression,strict,train,False,4.002176919254275,inactive
CHEMBL5441850,Cc1[nH]c2ncnc(NC(=O)c3ccc(C#N)nc3)c2c1C,n1cccc(c1)CNc2ncnc3[nH]ccc32,regression,strict,train,False,4.002176919254275,inactive
CHEMBL5441695,O=C(O)C[C@@H](NC(=O)c1ccnc2cn[nH]c12)c1ccc(Br)cc1,n1cc2nccc(c2[nH]1)CNCc3ccccc3,regression,strict,train,False,5.0034883278458215,intermediate
CHEMBL5441646,O=C(O)C[C@@H](CNC(=O)c1ncnc2[nH]ccc12)c1ccc(Cl)cc1,n1cnc(c2cc[nH]c12)CNCCc3ccccc3,regression,strict,train,False,4.165563400032457,inactive
CHEMBL5442068,O=C(O)C[C@@H](NC(=O)c1ccc2[nH]ccc2n1)c1ccc(Br)cc1,n1c2cc[nH]c2ccc1CNCc3ccccc3,regression,strict,train,False,4.400471710254443,inactive
CHEMBL5441665,Cc1[nH]c2ncnc(NC(=O)c3ccc(N(C)C)nc3)c2c1C,n1cccc(c1)CNc2ncnc3[nH]ccc32,regression,strict,train,False,4.002176919254275,inactive
CHEMBL5442089,O=C(N[C@@H](C(=O)O)c1ccc(Br)cc1)c1ncnc2[nH]ccc12,n1cnc(c2cc[nH]c12)CNCc3ccccc3,regression,strict,test,False,4.240162247232081,inactive
CHEMBL5441466,O=C(O)C[C@@H](NC(=O)c1ccnc2ncccc12)c1ccc(Br)cc1,n1cccc2c1nccc2CNCc3ccccc3,regression,strict,train,False,4.043997344075727,inactive
CHEMBL5441638,Cc1[nH]c2ncnc(NC(=O)Cc3ccc(Cl)nc3)c2c1C,n1cccc(c1)CCNc2ncnc3[nH]ccc32,regression,strict,train,False,4.002176919254275,inactive
CHEMBL5441880,Cc1[nH]c2ncnc(NC(=O)c3ncccc3Cl)c2c1C,n1cnc(NCc2ncccc2)c3cc[nH]c13,regression,strict,train,False,4.261041163771918,inactive
CHEMBL5441998,COC[C@@H]1C[C@@H]1CNc1ccc([C@@H](CC(=O)O)NC(=O)c2c[nH]c3ncncc23)cc1,n1cnc2[nH]cc(c2c1)CNCc3ccc(cc3)NCC4CC4,regression,strict,train,False,4.002176919254275,inactive
CHEMBL5442059,O=C(Nc1cccc2c(C(=O)N[C@@H]3c4ccccc4C[C@@H]3C(=O)O)c[nH]c12)NC1CC1,c1ccc2c(c1)CCC2NCc3c[nH]c4c(cccc34)NCNC5CC5,regression,strict,train,False,5.54591772926891,intermediate
CHEMBL5441483,O=C(Nc1cccc2c(C(=O)N[C@@H](C(=O)O)c3ccc4c(c3)OCCO4)c[nH]c12)NC1CC1,O1c2ccc(cc2OCC1)CNCc3c[nH]c4c(cccc34)NCNC5CC5,regression,strict,train,False,4.002176919254275,inactive
CHEMBL5442005,O=C(Nc1ncnc2c(C(=O)N[C@@H](c3cccs3)C3CCCC3)csc12)NC1CC1,n1cnc2c(scc2CNC(c3sccc3)C4CCCC4)c1NCNC5CC5,regression,strict,train,False,4.002176919254275,inactive
CHEMBL5441577,COCc1cc(CNc2ccc([C@@H](CC(=O)O)NC(=O)c3ncnc4[nH]ccc34)cc2)on1,n1oc(cc1)CNc2ccc(cc2)CNCc3ncnc4[nH]ccc43,regression,strict,train,False,4.938962409936582,inactive
CHEMBL5442009,Cc1[nH]c2ncnc(NC(=O)Cc3cn[nH]c3)c2c1C,n1cc(c[nH]1)CCNc2ncnc3[nH]ccc32,regression,strict,train,False,4.059914537056758,inactive
CHEMBL5441996,Cc1ncc(CCNC(=O)c2csc3c(NC(=O)NC4CC4)ncnc23)s1,n1csc(c1)CCNCc2csc3c(ncnc32)NCNC4CC4,regression,strict,train,False,4.002176919254275,inactive
CHEMBL5441986,C[C@@H](O)[C@@H](NC(=O)c1csc2c(NC(=O)NC3CC3)ncnc12)c1ccccc1F,n1cnc2c(scc2CNCc3ccccc3)c1NCNC4CC4,regression,strict,train,False,4.002176919254275,inactive
CHEMBL5441928,Cc1[nH]c2ncnc(NC(=O)[C@@H]3CCc4c(Cl)cccc43)c2c1C,n1cnc(NCC2c3ccccc3CC2)c4cc[nH]c14,regression,strict,train,False,4.002176919254275,inactive
CHEMBL5442001,Cc1[nH]c2ncnc(NC(=O)c3ccc(S(C)(=O)=O)nc3)c2c1C,n1cccc(c1)CNc2ncnc3[nH]ccc32,regression,strict,train,False,4.002176919254275,inactive
CHEMBL5441661,COCc1cc(CNc2ccc([C@@H](CC(=O)O)NC(=O)c3c[nH]c4ncncc34)cc2)on1,n1oc(cc1)CNc2ccc(cc2)CNCc3c[nH]c4ncncc43,regression,strict,train,False,4.002176919254275,inactive
CHEMBL5441711,O=C(O)C[C@@H](NC(=O)c1cccc2[nH]cnc12)c1ccc(Br)cc1,n1c[nH]c2cccc(c12)CNCc3ccccc3,regression,strict,train,False,4.4006027801039815,inactive
CHEMBL5442088,Cc1[nH]c2ncnc(NC(=O)[C@@H]3CCCc4ncccc43)c2c1C,n1cnc(NCC2c3cccnc3CCC2)c4cc[nH]c14,regression,strict,train,False,4.002176919254275,inactive
CHEMBL5441800,COc1cc(Nc2ccc([C@@H](CC(=O)O)NC(=O)c3ncnc4[nH]ccc34)cc2)n[nH]1,n1cnc(c2cc[nH]c12)CNCc3ccc(cc3)Nc4n[nH]cc4,regression,strict,train,False,5.129742445011121,intermediate
CHEMBL5441685,O=C(O)C[C@@H](NC(=O)c1ncnc2[nH]ccc12)c1ccccn1,n1cnc(c2cc[nH]c12)CNCc3ncccc3,regression,strict,test,False,4.785765650974376,inactive
CHEMBL5441569,O=C(O)C[C@@H](NC(=O)c1cccc2cc[nH]c12)c1ccc(Br)cc1,c1ccc(cc1)CNCc2cccc3cc[nH]c32,regression,strict,train,False,4.002176919254275,inactive
CHEMBL5441808,Cc1[nH]c2ncnc(NC(=O)c3cccnc3)c2c1C,n1cccc(c1)CNc2ncnc3[nH]ccc32,regression,strict,train,False,4.002176919254275,inactive
CHEMBL5441918,O=C(O)C[C@@H](NC(=O)c1ncnc2[nH]ccc12)c1ccc(Cl)cc1,n1cnc(c2cc[nH]c12)CNCc3ccccc3,regression,strict,test,False,5.536032396379101,intermediate
CHEMBL5442046,Cc1ccc([C@@H](CC(=O)O)NC(=O)c2ncnc3[nH]ccc23)cc1,n1cnc(c2cc[nH]c12)CNCc3ccccc3,regression,strict,test,False,5.199489123105632,intermediate
CHEMBL5441543,Cn1cc([C@@H](NC(=O)c2c[nH]c3c(NC(=O)NC4CC4)cccc23)C2CCC2)cn1,n1cc(c[nH]1)C(NCc2c[nH]c3c(cccc23)NCNC4CC4)C5CCC5,regression,strict,train,False,4.002176919254275,inactive
CHEMBL5441955,O=C(N[C@@H](Cc1ccc(Br)cc1)C(=O)O)c1ncnc2[nH]ccc12,n1cnc(c2cc[nH]c12)CNCCc3ccccc3,regression,strict,train,False,4.002176919254275,inactive
CHEMBL5441475,O=C(O)C[C@@H](NC(=O)c1ncnc2[nH]ccc12)c1ccccc1,n1cnc(c2cc[nH]c12)CNCc3ccccc3,regression,strict,test,False,5.3770092951899136,intermediate
CHEMBL5442143,O=C(O)C[C@@H](NC(=O)c1cnc2[nH]ccc2c1)c1ccc(Br)cc1,n1cc(cc2cc[nH]c12)CNCc3ccccc3,regression,strict,train,False,4.002176919254275,inactive
CHEMBL5441964,CC(=O)Nc1ccc(C(=O)Nc2ncnc3[nH]c(C)c(C)c23)cc1Cl,n1cnc(NCc2ccccc2)c3cc[nH]c13,regression,strict,train,False,4.002176919254275,inactive
CHEMBL5441747,O=C(NCSC[C@@H](NC(=O)c1ncnc2[nH]ccc12)C(=O)O)c1ccccc1,n1cnc(c2cc[nH]c12)CNCCSCNCc3ccccc3,regression,strict,train,False,4.002176919254275,inactive
CHEMBL5442064,CC(C)[C@@H](NC(=O)c1ccnc2ccccc12)c1ccc2c(c1)OCCO2,n1ccc(c2ccccc12)CNCc3ccc4OCCOc4c3,regression,strict,train,False,4.002176919254275,inactive
CHEMBL5441713,CC(C)[C@@H](NC(=O)c1c[nH]c2c(NC(=O)NC3CC3)cccc12)C(F)F,c1cc2cc[nH]c2c(c1)NCNC3CC3,regression,strict,train,False,4.002176919254275,inactive
CHEMBL5442040,CC(C)[C@@H](NCc1ccc(-n2ccnc2)cc1)c1ccc2c(c1)OCCO2,n1ccn(c1)-c2ccc(cc2)CNCc3ccc4OCCOc4c3,regression,strict,train,False,4.002176919254275,inactive
CHEMBL5441599,Cc1[nH]c2ncnc(NC(=O)c3ccnnc3)c2c1C,n1ncc(cc1)CNc2ncnc3[nH]ccc32,regression,strict,train,False,4.002176919254275,inactive
CHEMBL5441975,O=C(O)C[C@@H](NC(=O)c1cncc2[nH]ccc12)c1ccc(Br)cc1,n1cc2[nH]ccc2c(c1)CNCc3ccccc3,regression,strict,train,False,4.4138404497059565,inactive
CHEMBL5441547,NS(=O)(=O)C[C@@H](NC(=O)c1ncnc2[nH]ccc12)c1ccc(Br)cc1,n1cnc(c2cc[nH]c12)CNCc3ccccc3,regression,strict,test,False,4.002176919254275,inactive
CHEMBL5441837,CC(C)[C@@H](CO)NC(=O)c1c[nH]c2c(NC(=O)NC3CC3)cccc12,c1cc2cc[nH]c2c(c1)NCNC3CC3,regression,strict,test,False,4.002176919254275,inactive
CHEMBL5441890,O=C(Nc1ccc(C(=O)Nc2c(C(=O)O)sc3ncccc23)cc1)NC1CC1,n1cccc2c1scc2NCc3ccc(cc3)NCNC4CC4,regression,strict,train,False,4.002176919254275,inactive
CHEMBL5441552,Cc1nnc(N[C@@H](c2ccc3c(c2)OCCO3)C(C)C)c2ccccc12,n1nc(NCc2ccc3OCCOc3c2)c4ccccc4c1,regression,strict,train,False,4.002176919254275,inactive
CHEMBL5441887,Cn1c(C(=O)O)c(NC(=O)c2ccc(NC(=O)NC3CC3)cc2)c2ccccc21,c1ccc2c(c1)[nH]cc2NCc3ccc(cc3)NCNC4CC4,regression,strict,train,False,4.002176919254275,inactive
CHEMBL5441974,CC(C)[C@@H](NCc1ncc[nH]1)c1ccc2c(c1)OCCO2,n1cc[nH]c1CNCc2ccc3OCCOc3c2,regression,strict,train,False,4.002176919254275,inactive
CHEMBL5441825,COC[C@@H]1C[C@@H]1CNc1ccc([C@@H](CC(=O)O)NC(=O)c2ncnc3[nH]ccc23)cc1,n1cnc(c2cc[nH]c12)CNCc3ccc(cc3)NCC4CC4,regression,strict,train,False,4.354474573399645,inactive
CHEMBL5441514,O=C(O)C[C@@H](NC(=O)c1ncnc2[nH]ccc12)c1ccc(NCC2C[C@@H](O)[C@@H](O)C2)cc1,n1cnc(c2cc[nH]c12)CNCc3ccc(cc3)NCC4CCCC4,regression,strict,train,False,4.580912055606968,inactive
CHEMBL5441831,Cc1[nH]c2ncnc(NC(=O)[C@@H]3Cc4ccccc4CO3)c2c1C,n1cnc(NCC2OCc3ccccc3C2)c4cc[nH]c14,regression,strict,train,False,4.002176919254275,inactive
CHEMBL5442078,CCc1coc(Nc2ccc([C@@H](CC(=O)O)NC(=O)c3ncnc4[nH]ccc34)cc2)n1,n1cnc(c2cc[nH]c12)CNCc3ccc(cc3)Nc4ncco4,regression,strict,train,False,4.833318322826435,inactive
CHEMBL5441659,COC(=O)C[C@@H](NC(=O)c1ncnc2[nH]ccc12)c1ccc(Br)cc1,n1cnc(c2cc[nH]c12)CNCc3ccccc3,regression,strict,test,False,4.002176919254275,inactive
CHEMBL5441867,Cc1[nH]c2ncnc(NC(=O)[C@@H](CC(F)F)C3CCC3)c2c1C,n1cnc(NCCC2CCC2)c3cc[nH]c13,regression,strict,train,False,5.085921414610888,intermediate
CHEMBL5441953,Cc1[nH]c2ncnc(NC(=O)c3cncc(Cl)n3)c2c1C,n1ccnc(c1)CNc2ncnc3[nH]ccc32,regression,strict,test,False,4.002176919254275,inactive
CHEMBL5441858,CC(C)[C@@H](Nc1nc(C(F)F)nc2ccccc12)c1ccc2c(c1)OCCO2,n1cnc(NCc2ccc3OCCOc3c2)c4ccccc14,regression,strict,train,False,4.002176919254275,inactive
CHEMBL5442007,CC(C)[C@@H](NCc1ccc(-n2cccn2)cc1)c1ccc2c(c1)OCCO2,n1cccn1-c2ccc(cc2)CNCc3ccc4OCCOc4c3,regression,strict,train,False,4.002176919254275,inactive
CHEMBL5442033,CC(C)[C@@H](Nc1ncnc2ccccc12)c1ccc2c(c1)OCCO2,n1cnc(NCc2ccc3OCCOc3c2)c4ccccc14,regression,strict,test,False,4.228478660370526,inactive
CHEMBL5441820,CC(C)[C@@H](Nc1ncnc2c1ccn2C)c1ccc2c(c1)OCCO2,n1cnc(NCc2ccc3OCCOc3c2)c4cc[nH]c14,regression,strict,train,False,4.002176919254275,inactive
CHEMBL2004515,c1nc(-c2ccc3c(c2)OCO3)c2cc[nH]c2n1,n1cnc(-c2ccc3OCOc3c2)c4cc[nH]c14,regression,strict,train,False,4.002176919254275,inactive
CHEMBL5441758,Cc1[nH]c2ncnc(NC(=O)c3ccc(C(F)(F)F)nc3)c2c1C,n1cccc(c1)CNc2ncnc3[nH]ccc32,regression,strict,train,False,4.002176919254275,inactive
CHEMBL5441658,Cc1[nH]c2ncnc(NC(=O)c3cncnc3)c2c1C,n1cncc(c1)CNc2ncnc3[nH]ccc32,regression,strict,train,False,4.002176919254275,inactive
CHEMBL5441966,O=C(Nc1cccc2c(C(=O)N[C@@H](CO)c3ccc4c(c3)OCCO4)c[nH]c12)NC1CC1,O1c2ccc(cc2OCC1)CNCc3c[nH]c4c(cccc34)NCNC5CC5,regression,strict,test,False,4.002176919254275,inactive
CHEMBL5442013,O=C(Nc1ccc(C(=O)Nc2c(C(=O)O)[nH]c3ccccc23)cc1)NC1CC1,c1ccc2c(c1)[nH]cc2NCc3ccc(cc3)NCNC4CC4,regression,strict,test,False,4.002176919254275,inactive
CHEMBL5442021,CC(C)[C@@H](Nc1ncnc2ncccc12)c1ccc2c(c1)OCCO2,n1cnc(NCc2ccc3OCCOc3c2)c4cccnc14,regression,strict,train,False,4.002176919254275,inactive
CHEMBL5442137,CC(C)[C@@H](NCc1cccc2[nH]ccc12)c1ccc2c(c1)OCCO2,O1c2ccc(cc2OCC1)CNCc3cccc4[nH]ccc43,regression,strict,train,False,4.002176919254275,inactive
CHEMBL4532243,CCOC(=O)C1=C(Nc2cc(C)cc(C)c2)OCC1=O,O1C(=CCC1)Nc2ccccc2,regression,strict,train,False,4.002176919254275,inactive
CHEMBL5442063,c1nc(N2CCC[C@@H](Nc3ccc4c(c3)OCCO4)C2)c2cc[nH]c2n1,n1cnc(c2cc[nH]c12)N3CCCC(Nc4ccc5OCCOc5c4)C3,regression,strict,train,False,4.002176919254275,inactive
CHEMBL5442138,Cc1[nH]c2ncnc(C(=O)Nc3ccnc(Cl)c3)c2c1C,n1ccc(cc1)NCc2ncnc3[nH]ccc32,regression,strict,train,False,4.002176919254275,inactive
CHEMBL5441836,CNS(=O)(=O)C[C@@H](NC(=O)c1ncnc2[nH]ccc12)c1ccc(Br)cc1,n1cnc(c2cc[nH]c12)CNCc3ccccc3,regression,strict,test,False,4.002176919254275,inactive
CHEMBL5441557,CC(C)[C@@H](Nc1ncnc2c1cnn2C)c1ccc2c(c1)OCCO2,n1cc2c(ncnc2NCc3ccc4OCCOc4c3)[nH]1,regression,strict,train,False,4.002176919254275,inactive
CHEMBL5442108,CC(C)[C@@H](NC(=O)c1ccccn1)c1ccc2c(c1)OCCO2,n1ccccc1CNCc2ccc3OCCOc3c2,regression,strict,train,False,4.002176919254275,inactive
CHEMBL5441615,Cc1[nH]c2ncnc(NC(=O)c3ccncc3)c2c1C,n1ccc(cc1)CNc2ncnc3[nH]ccc32,regression,strict,train,False,4.002176919254275,inactive
CHEMBL5442048,Cn1ncc2c(N[C@@H](c3ccc4c(c3)OCCO4)C3CC3)ncnc21,n1cc2c(ncnc2NC(c3ccc4OCCOc4c3)C5CC5)[nH]1,regression,strict,train,False,4.002176919254275,inactive
CHEMBL5441540,Cc1[nH]nc2ncc(C(=O)N[C@@H](c3ccc4c(c3)OCCO4)C(C)C)cc12,n1cc(cc2c[nH]nc12)CNCc3ccc4OCCOc4c3,regression,strict,train,False,4.002176919254275,inactive
CHEMBL5442115,CC(C)[C@@H](NC(=O)c1ccnc(-n2ccnc2)c1)c1ccc2c(c1)OCCO2,n1ccn(c1)-c2nccc(c2)CNCc3ccc4OCCOc4c3,regression,strict,train,False,4.002176919254275,inactive
CHEMBL5441497,COc1ccc([C@@H]2CCN(c3ncnc4[nH]ccc34)C2)cc1,n1cnc(c2cc[nH]c12)N3CCC(c4ccccc4)C3,regression,strict,train,False,4.002176919254275,inactive
CHEMBL5441945,C[C@@H]1Oc2ccc(Nc3ncnc4[nH]ccc34)cc2NC1=O,n1cnc(Nc2ccc3OCCNc3c2)c4cc[nH]c14,regression,strict,train,False,4.002176919254275,inactive
CHEMBL5441876,c1nc(NCc2ccc3c(c2)OCCO3)c2cc[nH]c2n1,n1cnc(NCc2ccc3OCCOc3c2)c4cc[nH]c14,regression,strict,train,False,4.060081579630944,inactive
CHEMBL5441848,CC(C)[C@@H](NC(=O)c1cnn(-c2ccccc2)n1)c1ccc2c(c1)OCCO2,n1cc(nn1-c2ccccc2)CNCc3ccc4OCCOc4c3,regression,strict,train,False,4.002176919254275,inactive
CHEMBL5441678,Cc1ncc(C(=O)Nc2ncnc3[nH]c(C)c(C)c23)cn1,n1cncc(c1)CNc2ncnc3[nH]ccc32,regression,strict,train,False,4.002176919254275,inactive
CHEMBL5441487,Cc1ccc2c(NC(=O)c3ccc(NC(=O)NC4CC4)cc3)c(C(=O)O)sc2n1,n1cccc2c1scc2NCc3ccc(cc3)NCNC4CC4,regression,strict,train,False,4.002176919254275,inactive
CHEMBL5441841,O=C(N[C@@H](Cc1nn[nH]n1)c1ccc(Br)cc1)c1ncnc2[nH]ccc12,n1nc(n[nH]1)CC(NCc2ncnc3[nH]ccc32)c4ccccc4,regression,strict,train,False,5.695078838099108,intermediate
CHEMBL5441914,COc1ccc([C@@H](Nc2ncnc3[nH]ccc23)C(C)C)cc1,n1cnc(NCc2ccccc2)c3cc[nH]c13,regression,strict,train,False,5.137719506700295,intermediate
CHEMBL5441491,Cn1c(C(=O)O)c(NC(=O)c2ccc(NC(=O)NC3CC3)cc2)c2cccnc21,n1cccc2c1[nH]cc2NCc3ccc(cc3)NCNC4CC4,regression,strict,train,False,4.002176919254275,inactive
CHEMBL5441931,O=C(Nc1cccc2c(C(=O)Nc3cc4c(cc3CO)OCCO4)c[nH]c12)NC1CC1,O1c2ccc(cc2OCC1)NCc3c[nH]c4c(cccc34)NCNC5CC5,regression,strict,train,False,4.002176919254275,inactive
CHEMBL5441501,c1nc(Nc2ccc3c(c2)OCO3)c2cc[nH]c2n1,n1cnc(Nc2ccc3OCOc3c2)c4cc[nH]c14,regression,strict,train,False,4.002176919254275,inactive
CHEMBL5441568,CC(C)[C@@H]1C[C@@H](Nc2ncnc3[nH]ccc23)CCO1,n1cnc(NC2CCOCC2)c3cc[nH]c13,regression,strict,train,False,4.002176919254275,inactive
CHEMBL5441704,COc1ccc(Nc2ncnc3[nH]ccc23)cc1OC,n1cnc(Nc2ccccc2)c3cc[nH]c13,regression,strict,train,False,4.002176919254275,inactive
CHEMBL5441937,O=C(O)C[C@@H](NC(=O)c1ccc(NC(=O)NC2CC2)cc1)c1cccc(O)c1,c1ccc(cc1)CNCc2ccc(cc2)NCNC3CC3,regression,strict,train,False,5.0504148486733484,intermediate
CHEMBL5442151,N#CC[C@@H](NC(=O)c1ncnc2[nH]ccc12)c1ccc(Br)cc1,n1cnc(c2cc[nH]c12)CNCc3ccccc3,regression,strict,test,False,4.002176919254275,inactive
CHEMBL5442099,O=C(Nc1cccc2c(C(=O)Nc3ccccc3C(=O)O)c[nH]c12)NC1CC1,c1ccc(cc1)NCc2c[nH]c3c(cccc23)NCNC4CC4,regression,strict,train,False,4.700111526254879,inactive
CHEMBL5442150,c1ccc2c(N[C@@H](c3ccc4c(c3)OCCO4)C3CC3)ncnc2c1,n1cnc(NC(c2ccc3OCCOc3c2)C4CC4)c5ccccc15,regression,strict,train,False,4.002176919254275,inactive
CHEMBL5442096,c1ccc2c(c1)OCC[C@@H]2Nc1ncnc2[nH]ccc12,n1cnc(NC2c3ccccc3OCC2)c4cc[nH]c14,regression,strict,train,False,4.002176919254275,inactive
CHEMBL5441828,c1nc(N[C@@H](c2ccc3c(c2)OCCO3)C2CC2)c2cn[nH]c2n1,n1cc2c(ncnc2NC(c3ccc4OCCOc4c3)C5CC5)[nH]1,regression,strict,test,False,4.726373793727041,inactive
CHEMBL5441740,CC(C)Cc1ccc2c(NC(=O)c3ccc(NC(=O)NC4CC4)cc3)c(C(=O)O)sc2n1,n1cccc2c1scc2NCc3ccc(cc3)NCNC4CC4,regression,strict,train,False,4.002176919254275,inactive
CHEMBL5441586,O=C(O)C[C@@H](NC(=O)c1ncnc2[nH]ccc12)c1ccc(NCC2=NO[C@@H]3COC[C@H]23)cc1,N=1OC2COCC2C1CNc3ccc(cc3)CNCc4ncnc5[nH]ccc54,regression,strict,train,False,5.107265562899596,intermediate
CHEMBL5442159,O=C(O)C[C@@H](NC(=O)c1ncnc2[nH]ccc12)c1ccc(NCc2ccno2)cc1,n1oc(cc1)CNc2ccc(cc2)CNCc3ncnc4[nH]ccc43,regression,strict,test,False,4.914227932365436,inactive
CHEMBL5442079,O=C(Nc1ccc2c(C(=O)N[C@@H]3c4ccccc4C[C@@H]3C(=O)O)cnn2c1)NC1CC1,n1cc(c2ccc(cn12)NCNC3CC3)CNC4c5ccccc5CC4,regression,strict,train,False,4.247659558498189,inactive
CHEMBL5441628,O=C(Nc1ccc(C(=O)Nc2c(C(=O)O)sc3ccncc23)cc1)NC1CC1,n1ccc2scc(NCc3ccc(cc3)NCNC4CC4)c2c1,regression,strict,train,False,4.002176919254275,inactive
CHEMBL5441605,CC(=O)Nc1ccc([C@@H](CC(=O)O)NC(=O)c2ncnc3[nH]ccc23)cc1,n1cnc(c2cc[nH]c12)CNCc3ccccc3,regression,strict,test,False,4.837331064744607,inactive
CHEMBL5441684,O=C(O)C[C@@H](NC(=O)c1ncnc2[nH]ccc12)c1ccc(Nc2nnc(C3CC3)o2)cc1,n1nc(oc1Nc2ccc(cc2)CNCc3ncnc4[nH]ccc43)C5CC5,regression,strict,test,False,5.380645753485624,intermediate
CHEMBL5441811,CS(=O)(=O)Nc1ccc([C@@H](CC(=O)O)NC(=O)c2ncnc3[nH]ccc23)cc1,n1cnc(c2cc[nH]c12)CNCc3ccccc3,regression,strict,test,False,4.956421611083414,inactive
CHEMBL5441679,Cc1nc2nc[nH]c(NC(=O)c3ccc(NC(=O)NC4CC4)nc3)c-2c1C,n1cnc(NCc2cnc(cc2)NCNC3CC3)c4C=CN=c14,regression,strict,train,False,4.002176919254275,inactive
CHEMBL5441774,O=C(Nc1cccc2c(C(=O)Nc3cc4c(cc3C(=O)O)OCCO4)c[nH]c12)NC1CC1,O1c2ccc(cc2OCC1)NCc3c[nH]c4c(cccc34)NCNC5CC5,regression,strict,test,False,4.002176919254275,inactive
CHEMBL5442123,NC(=O)[C@@H](NC(=O)c1ncnc2[nH]ccc12)c1ccc(Br)cc1,n1cnc(c2cc[nH]c12)CNCc3ccccc3,regression,strict,test,False,4.002176919254275,inactive
CHEMBL5442134,O=C(O)C[C@@H](NC(=O)c1ncnc2[nH]ccc12)c1ccc(Nc2nnco2)cc1,n1nc(oc1)Nc2ccc(cc2)CNCc3ncnc4[nH]ccc43,regression,strict,train,False,5.220078991284498,intermediate
CHEMBL5441973,Cc1nnc(Nc2ccc([C@@H](CC(=O)O)NC(=O)c3ncnc4[nH]ccc34)cc2)o1,n1nc(oc1)Nc2ccc(cc2)CNCc3ncnc4[nH]ccc43,regression,strict,test,False,4.952277436406765,inactive
CHEMBL5441965,O=C(O)C[C@@H](NC(=O)c1c[nH]c2ncncc12)c1ccc(NCC2=NO[C@@H]3COC[C@H]23)cc1,n1cnc2[nH]cc(c2c1)CNCc3ccc(cc3)NCC4=NOC5COCC45,regression,strict,train,False,4.002176919254275,inactive
CHEMBL5441511,CC(C)[C@@H](Nc1ncnc2[nH]c3cc(F)ccc3c12)c1ccc2c(c1)OCCO2,n1cnc(NCc2ccc3OCCOc3c2)c4c1[nH]c5ccccc54,regression,strict,train,False,5.03193753992355,intermediate
CHEMBL5441721,O=C(Nc1ccc(C(=O)Nc2c(C(=O)O)oc3cc(Br)ccc23)cc1)NC1CC1,o1cc(NCc2ccc(cc2)NCNC3CC3)c4ccccc14,regression,strict,train,False,4.002176919254275,inactive
CHEMBL5441981,O=C(O)[C@@H](Nc1ncnc2[nH]ccc12)c1ccc2c(c1)OCCO2,n1cnc(NCc2ccc3OCCOc3c2)c4cc[nH]c14,regression,strict,train,False,5.061405230417844,intermediate
CHEMBL5441909,Cc1[nH]c2ncnc(NC(=O)c3ccc(-n4cccc4)nc3)c2c1C,n1cnc(NCc2cnc(cc2)-n3cccc3)c4cc[nH]c14,regression,strict,train,False,4.002176919254275,inactive
CHEMBL5441484,CNc1ccc([C@@H](CC(=O)O)NC(=O)c2ncnc3[nH]ccc23)cc1,n1cnc(c2cc[nH]c12)CNCc3ccccc3,regression,strict,test,False,4.4984204441952444,inactive
CHEMBL5441635,c1nc(N[C@@H](c2ccc3c(c2)OCCO3)C2CCC2)c2cc[nH]c2n1,n1cnc(NC(c2ccc3OCCOc3c2)C4CCC4)c5cc[nH]c15,regression,strict,train,False,5.232176501992483,intermediate
CHEMBL5442090,C[C@@H](Nc1ncnc2[nH]ccc12)[C@@H]1CCS(=O)(=O)C1,n1cnc(NCC2CSCC2)c3cc[nH]c13,regression,strict,train,False,4.002176919254275,inactive
CHEMBL5441744,COc1ccc([C@@H](Nc2ncnc3[nH]ccc23)C(C)C)cc1OC,n1cnc(NCc2ccccc2)c3cc[nH]c13,regression,strict,train,False,4.002176919254275,inactive
CHEMBL5441948,O=C(O)C[C@@H](NC(=O)c1ccc(NC(=O)NC2CC2)cc1)C1CCOCC1,O1CCC(CNCc2ccc(cc2)NCNC3CC3)CC1,regression,strict,train,False,4.002176919254275,inactive
CHEMBL5441763,FC(F)[C@@H](Nc1ncnc2[nH]ccc12)c1ccc2c(c1)OCCO2,n1cnc(NCc2ccc3OCCOc3c2)c4cc[nH]c14,regression,strict,train,False,4.713251703386288,inactive
CHEMBL5441578,COc1cccc([C@@H](CC(=O)O)NC(=O)c2ncnc3[nH]ccc23)c1,n1cnc(c2cc[nH]c12)CNCc3ccccc3,regression,strict,test,False,4.721029306074941,inactive
CHEMBL5441901,O=C(O)C[C@H](NC(=O)c1ccc(NC(=O)NC2CC2)cc1)c1cccnc1,n1cccc(c1)CNCc2ccc(cc2)NCNC3CC3,regression,strict,train,False,4.26546818799679,inactive
CHEMBL5442104,O=C(O)C[C@@H](NC(=O)c1ccc(NC(=O)NC2CC2)cc1)c1cccc(F)c1,c1ccc(cc1)CNCc2ccc(cc2)NCNC3CC3,regression,strict,train,False,4.524474084960719,inactive
CHEMBL5441832,O=C(O)C[C@@H](NC(=O)c1ccc(NC(=O)NC2CC2)cc1)c1cccnc1,n1cccc(c1)CNCc2ccc(cc2)NCNC3CC3,regression,strict,test,False,4.13881818580453,inactive
CHEMBL5441677,C[C@@H](Nc1ncnc2[nH]ccc12)[C@@H]1CCCCO1,n1cnc(NCC2OCCCC2)c3cc[nH]c13,regression,strict,train,False,4.002176919254275,inactive
CHEMBL5441883,CC(C)[C@@H](Nc1ncnc2[nH]c(-c3cc[nH]n3)cc12)c1ccc2c(c1)OCCO2,n1cnc(NCc2ccc3OCCOc3c2)c4cc([nH]c14)-c5n[nH]cc5,regression,strict,train,False,5.733885950468324,intermediate
CHEMBL5441561,C[C@@H](Nc1ncnc2[nH]ccc12)[C@@H]1CCOC1,n1cnc(NCC2COCC2)c3cc[nH]c13,regression,strict,test,False,4.002176919254275,inactive
CHEMBL5441502,CNC(=O)c1ccc([C@@H](CC(=O)O)NC(=O)c2ncnc3[nH]ccc23)cc1,n1cnc(c2cc[nH]c12)CNCc3ccccc3,regression,strict,test,False,4.949639580521729,inactive
CHEMBL5441674,CNC(=N)C[C@@H](NC(=O)c1ncnc2[nH]ccc12)c1ccc(Br)cc1,n1cnc(c2cc[nH]c12)CNCc3ccccc3,regression,strict,test,False,4.002176919254275,inactive
CHEMBL5441651,N=C(N)C[C@@H](NC(=O)c1ncnc2[nH]ccc12)c1ccc(Br)cc1,n1cnc(c2cc[nH]c12)CNCc3ccccc3,regression,strict,test,False,4.002176919254275,inactive
CHEMBL5441773,O[C@@H]1CCCC[C@@H]1Nc1ncnc2[nH]ccc12,n1cnc(NC2CCCCC2)c3cc[nH]c13,regression,strict,train,False,4.011380852472224,inactive
CHEMBL5441566,CC(C)[C@@H]1C[C@H](Nc2[nH]cnc3nccc2-3)CCO1,n1cnc(NC2CCOCC2)c3C=CN=c13,regression,strict,train,False,4.002176919254275,inactive
CHEMBL5442060,COc1cccc([C@@H](Nc2ncnc3[nH]ccc23)C(C)C)c1,n1cnc(NCc2ccccc2)c3cc[nH]c13,regression,strict,train,False,4.483861423282925,inactive
CHEMBL5441807,CC(C)[C@@H](Nc1ncc2c(n1)CCCC2)c1ccc2c(c1)OCCO2,n1cc2c(nc1NCc3ccc4OCCOc4c3)CCCC2,regression,strict,train,False,4.002176919254275,inactive
CHEMBL5441940,c1nc(N[C@@H](C2CC2)[C@@H]2CCCOC2)c2cc[nH]c2n1,n1cnc(NC(C2COCCC2)C3CC3)c4cc[nH]c14,regression,strict,train,False,4.002176919254275,inactive
CHEMBL5442074,O[C@H]1CCCC[C@@H]1Nc1ncnc2[nH]ccc12,n1cnc(NC2CCCCC2)c3cc[nH]c13,regression,strict,test,False,4.2216569785665055,inactive
CHEMBL5441489,CC(C)[C@@H](Nc1ncnc2[nH]ccc12)c1ccc2c(n1)OCCO2,n1cnc(NCc2nc3OCCOc3cc2)c4cc[nH]c14,regression,strict,train,False,5.940562812148133,intermediate
CHEMBL5442126,COc1ccc([C@H](CC(=O)O)NC(=O)c2ccc(NC(=O)NC3CC3)cc2)cc1,c1ccc(cc1)CNCc2ccc(cc2)NCNC3CC3,regression,strict,train,False,4.320635707655532,inactive
CHEMBL5442053,COc1ccc([C@@H](CC(=O)O)NC(=O)c2ccc(NC(=O)NC3CC3)cc2)cc1,c1ccc(cc1)CNCc2ccc(cc2)NCNC3CC3,regression,strict,train,False,4.322087506356536,inactive
CHEMBL5441602,CS(=O)(=O)Nc1cccc([C@@H](CC(=O)O)NC(=O)c2ncnc3[nH]ccc23)c1,n1cnc(c2cc[nH]c12)CNCc3ccccc3,regression,strict,test,False,4.368147158655679,inactive
CHEMBL5441935,CC(=O)Nc1cccc([C@@H](CC(=O)O)NC(=O)c2ncnc3[nH]ccc23)c1,n1cnc(c2cc[nH]c12)CNCc3ccccc3,regression,strict,test,False,4.707057576945064,inactive
CHEMBL5441416,CC(C)[C@@H](Nc1ncnc2[nH]c(-c3cnn(C)c3C#N)cc12)c1ccc2c(c1)OCCO2,n1cc(c[nH]1)-c2cc3c(ncnc3NCc4ccc5OCCOc5c4)[nH]2,regression,strict,train,False,4.597824624968495,inactive
CHEMBL5441842,CNc1cccc([C@@H](CC(=O)O)NC(=O)c2ncnc3[nH]ccc23)c1,n1cnc(c2cc[nH]c12)CNCc3ccccc3,regression,strict,test,False,4.33738853133683,inactive
CHEMBL5441471,CC(C)(C)[C@@H](Nc1ncnc2[nH]ccc12)c1ccc2c(c1)OCCO2,n1cnc(NCc2ccc3OCCOc3c2)c4cc[nH]c14,regression,strict,train,False,5.942143791258112,intermediate
CHEMBL5441681,CC(C)[C@H](Nc1ncnc2[nH]ccc12)c1ccc2c(c1)OCCO2,n1cnc(NCc2ccc3OCCOc3c2)c4cc[nH]c14,regression,strict,train,False,4.188125737891188,inactive
CHEMBL5441833,c1nc(N2CCC[C@@H]2c2ccc3c(c2)OCCO3)c2cc[nH]c2n1,n1cnc(c2cc[nH]c12)N3CCCC3c4ccc5OCCOc5c4,regression,strict,train,False,4.002176919254275,inactive
CHEMBL5441645,CC(C)[C@@H](Nc1ncnc2[nH]ccc12)c1cnn(C)c1,n1cc(c[nH]1)CNc2ncnc3[nH]ccc32,regression,strict,train,False,5.449343680221554,intermediate
CHEMBL5441441,CC(C)[C@@H](Nc1ncnc2[nH]c(-c3cnn(CC(N)=O)c3)cc12)c1ccc2c(c1)OCCO2,n1cc(c[nH]1)-c2cc3c(ncnc3NCc4ccc5OCCOc5c4)[nH]2,regression,strict,train,False,6.505497552953827,active
CHEMBL5442149,c1nc(N[C@@H](c2ccc3c(c2)OCCO3)C2CCCC2)c2cc[nH]c2n1,n1cnc(NC(c2ccc3OCCOc3c2)C4CCCC4)c5cc[nH]c15,regression,strict,train,False,5.649461256798189,intermediate
CHEMBL5441544,COCc1noc(C)c1-c1cc2c(N[C@@H](c3ccc4c(c3)OCCO4)C(C)C)ncnc2[nH]1,n1occ(c1)-c2cc3c(ncnc3NCc4ccc5OCCOc5c4)[nH]2,regression,strict,train,False,4.002176919254275,inactive
CHEMBL5441592,COc1ccc(CN(c2ncnc3[nH]ccc23)C(C)C)cc1OC,n1cnc(NCc2ccccc2)c3cc[nH]c13,regression,strict,train,False,4.002176919254275,inactive
CHEMBL5442142,CC(C)[C@@H](Nc1ncnc2[nH]ccc12)c1ccc(C(F)(F)F)cc1,n1cnc(NCc2ccccc2)c3cc[nH]c13,regression,strict,train,False,4.379947270905604,inactive
CHEMBL5441460,COC(=O)c1c[nH]c(-c2cc(N[C@@H](c3ccc4c(c3)OCCO4)C(C)C)ncn2)c1,n1cnc(cc1NCc2ccc3OCCOc3c2)-c4ccc[nH]4,regression,strict,train,False,4.002176919254275,inactive
CHEMBL5441555,CC(C)[C@@H](Nc1ncnc2[nH]c(-c3cnoc3)cc12)c1ccc2c(c1)OCCO2,n1occ(c1)-c2cc3c(ncnc3NCc4ccc5OCCOc5c4)[nH]2,regression,strict,train,False,4.189099075561284,inactive
CHEMBL5441542,CC(C)[C@@H](Nc1ncnc2[nH]ccc12)c1cnc2c(c1)OCCO2,n1cnc(NCc2cnc3OCCOc3c2)c4cc[nH]c14,regression,strict,train,False,4.002176919254275,inactive
CHEMBL5441804,O=C(O)C[C@@H](NC(=O)c1ncnc2[nH]c3cc(F)ccc3c12)c1ccc(Br)cc1,n1cnc(c2c1[nH]c3ccccc32)CNCc4ccccc4,regression,strict,train,False,6.000651930793278,active
CHEMBL5441676,CC(C)[C@@H](Nc1ncnc2[nH]ccc12)c1cccc(C(F)(F)F)c1,n1cnc(NCc2ccccc2)c3cc[nH]c13,regression,strict,train,False,4.094868207496558,inactive
CHEMBL5441815,CC(C)[C@@H](Nc1ncnc2[nH]ccc12)c1cc2c(cn1)OCCO2,n1cnc(NCc2ncc3OCCOc3c2)c4cc[nH]c14,regression,strict,train,False,5.231029091861636,intermediate
CHEMBL5441927,COc1ccc([C@@H](CC(=O)O)NC(=O)c2cc3cccc(NC(=O)NC4CC4)c3[nH]2)cc1,c1ccc(cc1)CNCc2cc3cccc(NCNC4CC4)c3[nH]2,regression,strict,train,False,4.002176919254275,inactive
CHEMBL5441784,CC(C)[C@@H](Nc1ncnc2[nH]ccc12)c1ccc2c(c1)C(=O)NCC2,n1cnc(NCc2ccc3c(c2)CNCC3)c4cc[nH]c14,regression,strict,train,False,5.629764562716823,intermediate
CHEMBL5441720,Cc1nn(CC(C)C)c(Cl)c1[C@@H]1CCCN1c1ncnc2[nH]ccc12,n1cc(c[nH]1)C2N(c3ncnc4[nH]ccc43)CCC2,regression,strict,train,False,4.002176919254275,inactive
CHEMBL5441407,CC(C)[C@@H](Nc1ncnc2[nH]ccc12)c1ccc2c(c1)NC(=O)CO2,n1cnc(NCc2ccc3OCCNc3c2)c4cc[nH]c14,regression,strict,train,False,5.986404476462711,intermediate
CHEMBL5442012,CC(C)[C@@H](Nc1ncnc2[nH]ccc12)c1ccncc1,n1ccc(cc1)CNc2ncnc3[nH]ccc32,regression,strict,train,False,4.633857323185112,inactive
CHEMBL5441865,O=C(O)C[C@@H](NC(=O)c1ccc(NC(=O)NC2CC2)cc1)c1cccc(C(F)F)c1,c1ccc(cc1)CNCc2ccc(cc2)NCNC3CC3,regression,strict,train,False,4.128619737804231,inactive
CHEMBL5442128,c1nc(N[C@@H](c2ccc3c(c2)OCCO3)[C@@H]2CCN2)c2cc[nH]c2n1,n1cnc(NC(c2ccc3OCCOc3c2)C4NCC4)c5cc[nH]c15,regression,strict,train,False,4.002176919254275,inactive
CHEMBL5441675,O=C(Nc1cccc2c(C(=O)N[C@H]3c4ccccc4C[C@H]3C(=O)O)c[nH]c12)NC1CC1,c1ccc2c(c1)CCC2NCc3c[nH]c4c(cccc34)NCNC5CC5,regression,strict,test,False,5.142456439491725,intermediate
CHEMBL5441777,CNC(=O)c1cccc([C@@H](CC(=O)O)NC(=O)c2ncnc3[nH]ccc23)c1,n1cnc(c2cc[nH]c12)CNCc3ccccc3,regression,strict,test,False,4.7441729172967655,inactive
CHEMBL5441816,CC(C)[C@@H](Nc1cc(-c2cc[nH]n2)ncn1)c1ccc2c(c1)OCCO2,n1cnc(cc1NCc2ccc3OCCOc3c2)-c4n[nH]cc4,regression,strict,train,False,4.002176919254275,inactive
CHEMBL5441606,CC(C)[C@@H](Nc1ccc(NC(=O)NC2CC2)cc1)c1ccc2c(c1)OCCO2,O1c2ccc(cc2OCC1)CNc3ccc(cc3)NCNC4CC4,regression,strict,train,False,4.002176919254275,inactive
CHEMBL5442035,CC(C)[C@@H](Nc1ncnc2[nH]ccc12)c1ccc2c(c1)N(C)CCO2,n1cnc(NCc2ccc3OCCNc3c2)c4cc[nH]c14,regression,strict,train,False,4.526286817784927,inactive
CHEMBL5441464,CC(C)[C@@H](Nc1ncnc2[nH]ccc12)c1ccc2c(c1)OCC(=O)N2,n1cnc(NCc2ccc3NCCOc3c2)c4cc[nH]c14,regression,strict,train,False,4.590624889395728,inactive
CHEMBL5441579,O=C(O)[C@@H]1C[C@@H]2OCC[C@@H]2N1c1ncnc2[nH]ccc12,n1cnc(c2cc[nH]c12)N3CCC4OCCC34,regression,strict,train,False,4.002176919254275,inactive
CHEMBL5441480,O=C(O)[C@@H](CC1CCCCC1)Nc1ncnc2[nH]ccc12,n1cnc(NCCC2CCCCC2)c3cc[nH]c13,regression,strict,train,False,4.136468966398424,inactive
CHEMBL5441703,O=C(O)[C@@H]1[C@@H](c2ccccc2)CCN1c1ncnc2[nH]ccc12,n1cnc(c2cc[nH]c12)N3CCC(c4ccccc4)C3,regression,strict,test,False,4.002176919254275,inactive
CHEMBL5442002,CO[C@@H]1C[C@@H](C(=O)O)N(c2ncnc3[nH]ccc23)C1,n1cnc(c2cc[nH]c12)N3CCCC3,regression,strict,train,False,4.002176919254275,inactive
CHEMBL5441529,CC(C)[C@@H](Nc1cc(-c2c[nH]cn2)ncn1)c1ccc2c(c1)OCCO2,n1cnc(cc1NCc2ccc3OCCOc3c2)-c4nc[nH]c4,regression,strict,train,False,4.002176919254275,inactive
CHEMBL5442075,CC(C)[C@@H](Nc1ncnc2[nH]ccc12)C(=O)O,n1cnc2[nH]ccc2c1,regression,strict,train,False,4.734757531366199,inactive
CHEMBL5442157,O=C(O)[C@@H](Nc1ncnc2[nH]ccc12)C1CC(F)(F)C1,n1cnc(NCC2CCC2)c3cc[nH]c13,regression,strict,test,False,4.002176919254275,inactive
CHEMBL5441805,Cc1nc(N[C@@H](c2ccc3c(c2)OCCO3)C(C)C)c2cc[nH]c2n1,n1cnc(NCc2ccc3OCCOc3c2)c4cc[nH]c14,regression,strict,train,False,4.002176919254275,inactive
CHEMBL5441386,CC(C)[C@@H](Nc1ncnc2[nH]ccc12)c1ccc2c(c1)S(=O)(=O)CCC2,n1cnc(NCc2ccc3c(SCCC3)c2)c4cc[nH]c14,regression,strict,test,False,4.70546213218096,inactive
CHEMBL5441817,CC(C)[C@@H](Nc1cnc(C(=O)O)cn1)c1ccc2c(c1)OCCO2,n1ccnc(c1)NCc2ccc3OCCOc3c2,regression,strict,train,False,4.002176919254275,inactive
CHEMBL5441648,Cc1nnc(Nc2ccc(C(=O)N[C@@H]3c4cccc(O)c4C[C@H]3C(=O)O)cc2)o1,n1nc(oc1)Nc2ccc(cc2)CNC3c4ccccc4CC3,regression,strict,train,False,4.591200562477473,inactive
CHEMBL5441818,Cc1nnc(Nc2ccc(C(=O)N[C@@H]3c4cccc(O)c4C[C@@H]3C(=O)O)cc2)o1,n1nc(oc1)Nc2ccc(cc2)CNC3c4ccccc4CC3,regression,strict,train,False,5.138435721221559,intermediate
CHEMBL5441920,Cc1nnc(Nc2ccc(C(=O)N[C@H]3c4cccc(O)c4C[C@H]3C(=O)O)cc2)o1,n1nc(oc1)Nc2ccc(cc2)CNC3c4ccccc4CC3,regression,strict,train,False,4.002176919254275,inactive
CHEMBL5441941,Cc1nnc(Nc2ccc(C(=O)N[C@H]3c4cccc(O)c4C[C@@H]3C(=O)O)cc2)o1,n1nc(oc1)Nc2ccc(cc2)CNC3c4ccccc4CC3,regression,strict,train,False,4.002176919254275,inactive
CHEMBL5441537,O=C(O)[C@@H](CC1CC1)Nc1ncnc2[nH]ccc12,n1cnc(NCCC2CC2)c3cc[nH]c13,regression,strict,train,False,4.002176919254275,inactive
CHEMBL5442103,CNc1nc(C(=O)N[C@@H](Cc2nn[nH]n2)c2ccc(OC)cc2)c2ccnc-2[nH]1,n1nc(n[nH]1)CC(NCc2ncnc3=NC=Cc32)c4ccccc4,regression,strict,train,False,4.345058579711417,inactive
CHEMBL5441409,COc1ccc([C@@H](Cc2nnn[nH]2)NC(=O)c2ncnc3[nH]ccc23)cc1,n1n[nH]c(n1)CC(NCc2ncnc3[nH]ccc32)c4ccccc4,regression,strict,test,False,5.317381160086291,intermediate
CHEMBL5441803,COc1ccc([C@@H](Cc2nn[nH]n2)NC(=O)c2nc(OC)nc3[nH]ccc23)cc1,n1nc(n[nH]1)CC(NCc2ncnc3[nH]ccc32)c4ccccc4,regression,strict,train,False,5.322347430507037,intermediate
CHEMBL5441655,O=C(O)[C@@H](CC(F)F)Nc1ncnc2[nH]ccc12,n1cnc2[nH]ccc2c1,regression,strict,train,False,4.057857956780696,inactive
CHEMBL5441604,CC(C)[C@@H](Nc1ncnc2[nH]ccc12)c1ccc2c(c1)CCCS2(=O)=O,n1cnc(NCc2ccc3SCCCc3c2)c4cc[nH]c14,regression,strict,train,False,5.549442990581671,intermediate
CHEMBL5441729,O=C(Nc1ccc(C(=O)N[C@@H]2c3ccccc3C[C@@H]2C(=O)O)cc1)c1ccc2c(c1)OCCO2,O1c2ccc(cc2OCC1)CNc3ccc(cc3)CNC4c5ccccc5CC4,regression,strict,train,False,4.002176919254275,inactive
CHEMBL5441767,COc1ccc([C@@H](Cc2nn[nH]n2)NC(=O)c2nc(C)nc3[nH]ccc23)cc1,n1nc(n[nH]1)CC(NCc2ncnc3[nH]ccc32)c4ccccc4,regression,strict,train,False,5.757582815582281,intermediate
CHEMBL5442127,CCC[C@H](Nc1ncnc2[nH]ccc12)C(=O)O,n1cnc2[nH]ccc2c1,regression,strict,train,False,4.002176919254275,inactive
CHEMBL5441392,CNC(=O)c1cc2c(N[C@@H](c3ccc4c(c3)OCCO4)C(C)C)ncnc2[nH]1,n1cnc(NCc2ccc3OCCOc3c2)c4cc[nH]c14,regression,strict,train,False,6.38933983691012,active
CHEMBL5441963,CC(C)c1nc(N[C@@H](c2ccc3c(c2)OCCO3)C(C)C)c2cc[nH]c2n1,n1cnc(NCc2ccc3OCCOc3c2)c4cc[nH]c14,regression,strict,train,False,4.002176919254275,inactive
CHEMBL5441535,O=C(O)[C@@H]1C[C@H](F)CN1c1ncnc2[nH]ccc12,n1cnc(c2cc[nH]c12)N3CCCC3,regression,strict,train,False,4.002176919254275,inactive
CHEMBL5442139,O=C(O)[C@@H]1C[C@@H](O)CN1c1ncnc2[nH]ccc12,n1cnc(c2cc[nH]c12)N3CCCC3,regression,strict,train,False,4.002176919254275,inactive
CHEMBL5441863,CC(C)[C@@H](Nc1ncnc2[nH]ccc12)c1ccc2c(c1)CCNC2=O,n1cnc(NCc2ccc3c(c2)CCNC3)c4cc[nH]c14,regression,strict,train,False,4.820735535660974,inactive
CHEMBL5442116,CC(C)[C@@H](Nc1ncnc2[nH]cc(Br)c12)c1ccc2c(c1)OCCO2,n1cnc(NCc2ccc3OCCOc3c2)c4cc[nH]c14,regression,strict,train,False,4.961300376979377,inactive
CHEMBL5441614,CN1CC[C@@H]1[C@@H](Nc1ncnc2[nH]ccc12)c1ccc2c(c1)OCCO2,n1cnc(NC(c2ccc3OCCOc3c2)C4NCC4)c5cc[nH]c15,regression,strict,test,False,4.082150656958895,inactive
CHEMBL5442052,c1nc(N[C@@H](c2ccc3c(c2)OCCO3)C2CNC2)c2cc[nH]c2n1,n1cnc(NC(c2ccc3OCCOc3c2)C4CNC4)c5cc[nH]c15,regression,strict,train,False,4.002176919254275,inactive
CHEMBL5441541,CCC[C@@H](Nc1ncnc2[nH]ccc12)C(=O)O,n1cnc2[nH]ccc2c1,regression,strict,train,False,4.002176919254275,inactive
CHEMBL5442044,O=C(O)[C@H](CC1CC1)Nc1ncnc2[nH]ccc12,n1cnc(NCCC2CC2)c3cc[nH]c13,regression,strict,test,False,4.002176919254275,inactive
CHEMBL5441462,CC(C)C[C@@H](Nc1ncnc2[nH]ccc12)C(=O)O,n1cnc2[nH]ccc2c1,regression,strict,train,False,4.002176919254275,inactive
CHEMBL5441656,O=C(O)[C@@H](Nc1ncnc2[nH]ccc12)C1CC1,n1cnc(NCC2CC2)c3cc[nH]c13,regression,strict,train,False,4.142140035581046,inactive
CHEMBL5169608,CC(C)[C@H](Nc1ncnc2[nH]ccc12)C(=O)O,n1cnc2[nH]ccc2c1,regression,strict,train,False,4.4692369812414405,inactive
CHEMBL5441746,CC(C)[C@@H](Nc1ncnc2[nH]cc(C#N)c12)c1ccc2c(c1)OCCO2,n1cnc(NCc2ccc3OCCOc3c2)c4cc[nH]c14,regression,strict,train,False,5.388648496745181,intermediate
CHEMBL5441709,CNc1nc(N[C@@H](c2ccc3c(c2)OCCO3)C(C)C)c2cc[nH]c2n1,n1cnc(NCc2ccc3OCCOc3c2)c4cc[nH]c14,regression,strict,train,False,4.002176919254275,inactive
CHEMBL5441649,COc1nc(N[C@@H](c2ccc3c(c2)OCCO3)C(C)C)c2cc[nH]c2n1,n1cnc(NCc2ccc3OCCOc3c2)c4cc[nH]c14,regression,strict,train,False,4.002176919254275,inactive
CHEMBL5441702,CC(C)[C@@H](Nc1ncnc2[nH]cc(Cl)c12)c1ccc2c(c1)OCCO2,n1cnc(NCc2ccc3OCCOc3c2)c4cc[nH]c14,regression,strict,train,False,5.107015449289284,intermediate
CHEMBL5442122,CC(C)[C@@H](Nc1nc(C2CC2)nc2[nH]ccc12)c1ccc2c(c1)OCCO2,n1c(nc(NCc2ccc3OCCOc3c2)c4cc[nH]c14)C5CC5,regression,strict,train,False,4.002176919254275,inactive
CHEMBL5441613,CC(C)[C@@H](Nc1ncnc2[nH]cc(C(N)=O)c12)c1ccc2c(c1)OCCO2,n1cnc(NCc2ccc3OCCOc3c2)c4cc[nH]c14,regression,strict,train,False,6.083282922401188,active
CHEMBL5441722,CC(C)[C@@H](Nc1nc(N(C)C)nc2[nH]ccc12)c1ccc2c(c1)OCCO2,n1cnc(NCc2ccc3OCCOc3c2)c4cc[nH]c14,regression,strict,train,False,4.002176919254275,inactive
CHEMBL5441632,CO[C@H]1C[C@@H](C(=O)O)N(c2ncnc3[nH]ccc23)C1,n1cnc(c2cc[nH]c12)N3CCCC3,regression,strict,train,False,4.088719846917813,inactive
CHEMBL5441549,CNC(=O)c1c[nH]c2ncnc(N[C@@H](c3ccc4c(c3)OCCO4)C(C)C)c12,n1cnc(NCc2ccc3OCCOc3c2)c4cc[nH]c14,regression,strict,train,False,6.1487416512809245,active
CHEMBL5441751,COC(=O)c1cc2c(N[C@@H](c3ccc4c(c3)OCCO4)C(C)C)ncnc2[nH]1,n1cnc(NCc2ccc3OCCOc3c2)c4cc[nH]c14,regression,strict,train,False,5.228669791700493,intermediate
CHEMBL5441708,CC(C)[C@@H](Nc1ncnc2[nH]cc(C(=O)N(C)C)c12)c1ccc2c(c1)OCCO2,n1cnc(NCc2ccc3OCCOc3c2)c4cc[nH]c14,regression,strict,train,False,5.707854732185878,intermediate
CHEMBL5442047,CC(C)[C@@H](Nc1ncnc2[nH]cc(S(N)(=O)=O)c12)c1ccc2c(c1)OCCO2,n1cnc(NCc2ccc3OCCOc3c2)c4cc[nH]c14,regression,strict,train,False,5.488116639021126,intermediate
CHEMBL5441600,O=C(O)[C@@H]1CC2(CCCCC2)CN1c1ncnc2[nH]ccc12,n1cnc(c2cc[nH]c12)N3CCC4(C3)CCCCC4,regression,strict,train,False,4.002176919254275,inactive
CHEMBL5442023,N#Cc1ccc(C(=O)Nc2ccc(C(=O)N[C@@H]3c4ccccc4C[C@@H]3C(=O)O)cc2)cc1,c1ccc(cc1)CNc2ccc(cc2)CNC3c4ccccc4CC3,regression,strict,train,False,4.002176919254275,inactive
CHEMBL5441414,CC(C)[C@@H](Nc1ncnc2[nH]c(-c3cnn(C)c3C#N)cc12)c1ccc2c(n1)OCCO2,n1cc(c[nH]1)-c2cc3c(ncnc3NCc4nc5OCCOc5cc4)[nH]2,regression,strict,train,False,6.917613614077164,active
CHEMBL5441877,O=C(Nc1ccc(C(=O)N[C@@H]2c3ccccc3C[C@@H]2C(=O)O)cc1)c1ccc(C(=O)NC2CC2)cc1,c1ccc2c(c1)CCC2NCc3ccc(cc3)NCc4ccc(cc4)CNC5CC5,regression,strict,train,False,4.002176919254275,inactive
CHEMBL5441852,COc1ccc(C(=O)Nc2ccc(C(=O)N[C@@H]3c4ccccc4C[C@@H]3C(=O)O)cc2)cc1S(=O)(=O)NCCN1CCCC1,S(NCCN1CCCC1)c2cccc(c2)CNc3ccc(cc3)CNC4c5ccccc5CC4,regression,strict,train,False,4.002176919254275,inactive
CHEMBL5442028,O=C(Nc1ccc(C(=O)N[C@@H]2c3ccccc3C[C@@H]2C(=O)O)cc1)c1ccc(N2CCC(O)CC2)cc1,c1ccc2c(c1)CCC2NCc3ccc(cc3)NCc4ccc(cc4)N5CCCCC5,regression,strict,train,False,4.002176919254275,inactive
CHEMBL5441789,O=C(O)[C@H](CC1CCCCC1)Nc1ncnc2[nH]ccc12,n1cnc(NCCC2CCCCC2)c3cc[nH]c13,regression,strict,test,False,4.035865347651211,inactive
CHEMBL5441662,O=C(O)[C@H]1C[C@H](O)CN1c1ncnc2[nH]ccc12,n1cnc(c2cc[nH]c12)N3CCCC3,regression,strict,train,False,4.002176919254275,inactive
CHEMBL5441881,CC(C)[C@H](Nc1ncnc2[nH]ccc12)c1ccc2c(c1)NC(=O)CO2,n1cnc(NCc2ccc3OCCNc3c2)c4cc[nH]c14,regression,strict,train,False,4.002176919254275,inactive
CHEMBL5441939,O=C(O)[C@H]1C[C@@H](F)CN1c1ncnc2[nH]ccc12,n1cnc(c2cc[nH]c12)N3CCCC3,regression,strict,train,False,4.002176919254275,inactive
CHEMBL5441686,COc1ccc([C@@H]2CN(C(=O)c3ncnc4[nH]ccc34)C[C@H]2C(=O)O)cc1,n1cnc(c2cc[nH]c12)CN3CCC(c4ccccc4)C3,regression,strict,train,False,4.002176919254275,inactive
CHEMBL5441428,CC(C)[C@@H](Nc1ncnc2[nH]c(C(N)=O)cc12)c1ccc2c(c1)OCCO2,n1cnc(NCc2ccc3OCCOc3c2)c4cc[nH]c14,regression,strict,train,False,6.33771448427787,active
CHEMBL5441617,COC(=O)c1c[nH]c2ncnc(N[C@@H](c3ccc4c(c3)OCCO4)C(C)C)c12,n1cnc(NCc2ccc3OCCOc3c2)c4cc[nH]c14,regression,strict,train,False,5.481354475669688,intermediate
CHEMBL5441399,CCNC(=O)c1cc2c(N[C@@H](c3ccc4c(c3)OCCO4)C(C)C)ncnc2[nH]1,n1cnc(NCc2ccc3OCCOc3c2)c4cc[nH]c14,regression,strict,train,False,6.430041181903406,active
CHEMBL5441528,C[C@@H](C(=O)O)[C@@H](NC(=O)c1ncnc2[nH]ccc12)c1ccc(Br)cc1,n1cnc(c2cc[nH]c12)CNCc3ccccc3,regression,strict,test,False,6.173925197299173,active
CHEMBL5441801,CNS(=O)(=O)c1c[nH]c2ncnc(N[C@@H](c3ccc4c(c3)OCCO4)C(C)C)c12,n1cnc(NCc2ccc3OCCOc3c2)c4cc[nH]c14,regression,strict,train,False,5.587707490676953,intermediate
CHEMBL5442112,COc1ccc([C@@H](CC(=O)O)NC(=O)c2c[nH]c3c(NC(=O)NC4CC4)cccc23)cc1,c1ccc(cc1)CNCc2c[nH]c3c(cccc23)NCNC4CC4,regression,strict,test,False,4.002176919254275,inactive
CHEMBL5441608,CC(C)[C@H](Nc1ncnc2[nH]c(-c3cnn(CC(N)=O)c3)cc12)c1ccc2c(c1)OCCO2,n1cc(c[nH]1)-c2cc3c(ncnc3NCc4ccc5OCCOc5c4)[nH]2,regression,strict,train,False,4.037247214759512,inactive
CHEMBL5442110,CC(C)[C@@H](Nc1ncnc2[nH]c(-c3ccoc3)cc12)c1ccc2c(c1)OCCO2,n1cnc(NCc2ccc3OCCOc3c2)c4cc([nH]c14)-c5cocc5,regression,strict,train,False,5.801342913045577,intermediate
CHEMBL5442050,CC(C)[C@@H](Nc1ncnc2[nH]c(-c3cccc(C#N)c3)cc12)c1ccc2c(c1)OCCO2,n1cnc(NCc2ccc3OCCOc3c2)c4cc([nH]c14)-c5ccccc5,regression,strict,train,False,4.700133298675894,inactive
CHEMBL5441972,CC(C)[C@@H](Nc1ncnc2[nH]c(-c3cnc(C#N)nc3)cc12)c1ccc2c(c1)OCCO2,n1cncc(c1)-c2cc3c(ncnc3NCc4ccc5OCCOc5c4)[nH]2,regression,strict,train,False,5.5990305207743445,intermediate
CHEMBL5441498,COc1cnn(C)c1-c1cc2c(N[C@@H](c3ccc4c(c3)OCCO4)C(C)C)ncnc2[nH]1,n1ccc([nH]1)-c2cc3c(ncnc3NCc4ccc5OCCOc5c4)[nH]2,regression,strict,test,False,4.272706865928999,inactive
CHEMBL5441809,CC(C)[C@@H](Nc1ncnc2[nH]c(-c3ccc(C4(C#N)CC4)cc3)cc12)c1ccc2c(c1)OCCO2,n1cnc(NCc2ccc3OCCOc3c2)c4cc([nH]c14)-c5ccc(cc5)C6CC6,regression,strict,train,False,4.002176919254275,inactive
CHEMBL5441440,CC(C)[C@@H](Nc1ncnc2[nH]c(-c3cnn(C)n3)cc12)c1ccc2c(c1)OCCO2,n1cc(n[nH]1)-c2cc3c(ncnc3NCc4ccc5OCCOc5c4)[nH]2,regression,strict,test,False,6.300162274132754,active
CHEMBL5441788,CC(C)[C@@H](Nc1ncnc2[nH]cc(S(=O)(=O)N(C)C)c12)c1ccc2c(c1)OCCO2,n1cnc(NCc2ccc3OCCOc3c2)c4cc[nH]c14,regression,strict,train,False,5.429807438904274,intermediate
CHEMBL5441951,COc1ccc([C@@](C)(CC(=O)O)NC(=O)c2ncnc3[nH]ccc23)cc1,n1cnc(c2cc[nH]c12)CNCc3ccccc3,regression,strict,test,False,4.727160894815874,inactive
CHEMBL5441619,CC(C)[C@@H](Nc1ncnc2[nH]c(-c3cnn(C(C)C)c3C#N)cc12)c1ccc2c(c1)OCCO2,n1cc(c[nH]1)-c2cc3c(ncnc3NCc4ccc5OCCOc5c4)[nH]2,regression,strict,train,False,5.7141052875191605,intermediate
CHEMBL5441423,CC(C)[C@@H](Nc1ncnc2[nH]c(-c3cnn(CCC(N)=O)c3)cc12)c1ccc2c(c1)OCCO2,n1cc(c[nH]1)-c2cc3c(ncnc3NCc4ccc5OCCOc5c4)[nH]2,regression,strict,train,False,6.527975302299718,active
CHEMBL5441437,Cn1ncc(-c2cc3c(N[C@@H](c4ccc5c(c4)OCCO5)C(C)(C)C)ncnc3[nH]2)c1C#N,n1cc(c[nH]1)-c2cc3c(ncnc3NCc4ccc5OCCOc5c4)[nH]2,regression,strict,train,False,6.494171966145164,active
CHEMBL5441432,CC(C)[C@@H](Nc1ncnc2[nH]c(-c3cnn(CC(=O)N(C)C)c3)cc12)c1ccc2c(c1)OCCO2,n1cc(c[nH]1)-c2cc3c(ncnc3NCc4ccc5OCCOc5c4)[nH]2,regression,strict,train,False,5.045403765073649,intermediate
CHEMBL5441990,CC(C)[C@@H](Nc1ncnc2[nH]c(C(=O)N(C)C)cc12)c1ccc2c(c1)OCCO2,n1cnc(NCc2ccc3OCCOc3c2)c4cc[nH]c14,regression,strict,train,False,4.690923698177668,inactive
CHEMBL5441421,Cc1ncc(-c2cc3c(N[C@@H](c4ccc5c(c4)OCCO5)C(C)C)ncnc3[nH]2)cn1,n1cncc(c1)-c2cc3c(ncnc3NCc4ccc5OCCOc5c4)[nH]2,regression,strict,test,False,6.274088367704952,active
CHEMBL5441465,CC(C)[C@@H](Nc1ncnc2[nH]c(C3CCS(=O)(=O)CC3)cc12)c1ccc2c(c1)OCCO2,n1cnc(NCc2ccc3OCCOc3c2)c4cc([nH]c14)C5CCSCC5,regression,strict,train,False,5.82929834418393,intermediate
CHEMBL5441886,COc1cc(Nc2ccc(C(=O)N[C@@H]3c4cccc(O)c4C[C@@H]3C(=O)O)cc2)[nH]n1,n1ccc([nH]1)Nc2ccc(cc2)CNC3c4ccccc4CC3,regression,strict,train,False,4.456412012872097,inactive
CHEMBL5442025,COc1cc(Nc2ccc(C(=O)N[C@@H]3c4cccc(O)c4C[C@H]3C(=O)O)cc2)[nH]n1,n1ccc([nH]1)Nc2ccc(cc2)CNC3c4ccccc4CC3,regression,strict,test,False,4.002176919254275,inactive
CHEMBL5441474,CCn1ncc(-c2cc3c(N[C@@H](c4ccc5c(c4)OCCO5)C(C)C)ncnc3[nH]2)c1C#N,n1cc(c[nH]1)-c2cc3c(ncnc3NCc4ccc5OCCOc5c4)[nH]2,regression,strict,train,False,6.081707487244644,active
CHEMBL5441900,COCCn1ncc(-c2cc3c(N[C@@H](c4ccc5c(c4)OCCO5)C(C)C)ncnc3[nH]2)c1C#N,n1cc(c[nH]1)-c2cc3c(ncnc3NCc4ccc5OCCOc5c4)[nH]2,regression,strict,train,False,6.375202421039239,active
CHEMBL5441802,CC(C)[C@@H](Nc1ncnc2[nH]c(-c3cncc(C#N)c3)cc12)c1ccc2c(c1)OCCO2,n1cccc(c1)-c2cc3c(ncnc3NCc4ccc5OCCOc5c4)[nH]2,regression,strict,train,False,5.189062158457908,intermediate
CHEMBL5441520,Cc1c(C#N)cncc1-c1cc2c(N[C@@H](c3ccc4c(c3)OCCO4)C(C)C)ncnc2[nH]1,n1cccc(c1)-c2cc3c(ncnc3NCc4ccc5OCCOc5c4)[nH]2,regression,strict,train,False,4.751732396465353,inactive
CHEMBL5441509,CC(C)[C@@H](Nc1ncnc2[nH]c(-c3ccc(-n4cccn4)cc3)cc12)c1ccc2c(c1)OCCO2,n1cnc(NCc2ccc3OCCOc3c2)c4cc([nH]c14)-c5ccc(cc5)-n6nccc6,regression,strict,train,False,4.002176919254275,inactive
CHEMBL5441780,CC(C)[C@@H](Nc1ncnc2[nH]c(-c3cncc(OCCN(C)C)c3)cc12)c1ccc2c(c1)OCCO2,n1cccc(c1)-c2cc3c(ncnc3NCc4ccc5OCCOc5c4)[nH]2,regression,strict,train,False,6.047207556955908,active
CHEMBL5441922,Cc1noc(C)c1-c1cc2c(N[C@@H](c3ccc4c(c3)OCCO4)C(C)C)ncnc2[nH]1,n1occ(c1)-c2cc3c(ncnc3NCc4ccc5OCCOc5c4)[nH]2,regression,strict,train,False,4.754363970593797,inactive
CHEMBL5442086,CCn1cc(-c2cc3c(N[C@@H](c4ccc5c(c4)OCCO5)C(C)C)ncnc3[nH]2)cn1,n1cc(c[nH]1)-c2cc3c(ncnc3NCc4ccc5OCCOc5c4)[nH]2,regression,strict,train,False,6.1944991418416,active
CHEMBL5442119,CC(C)[C@@H](Nc1ncnc2[nH]c(C3=CCOC3)cc12)c1ccc2c(c1)OCCO2,n1cnc(NCc2ccc3OCCOc3c2)c4cc([nH]c14)C5=CCOC5,regression,strict,train,False,6.308034897232639,active
CHEMBL5442094,COC(=O)c1c[nH]c(-c2cc3c(N[C@@H](c4ccc5c(c4)OCCO5)C(C)C)ncnc3[nH]2)c1,n1cnc(NCc2ccc3OCCOc3c2)c4cc([nH]c14)-c5ccc[nH]5,regression,strict,train,False,5.483596851552597,intermediate
CHEMBL5441516,CC(C)[C@@H](Nc1ncnc2[nH]c([C@@H]3CCOC3)cc12)c1ccc2c(c1)OCCO2,n1cnc(NCc2ccc3OCCOc3c2)c4cc([nH]c14)C5COCC5,regression,strict,train,False,5.7198771036976925,intermediate
CHEMBL5441956,CC(C)[C@@H](Nc1ncnc2[nH]c(-c3ccnc(C#N)c3)cc12)c1ccc2c(c1)OCCO2,n1ccc(cc1)-c2cc3c(ncnc3NCc4ccc5OCCOc5c4)[nH]2,regression,strict,train,False,5.666451972810093,intermediate
CHEMBL5441643,CC(C)[C@@H](Nc1ncnc2[nH]c(-c3[nH]ncc3C3CC3)cc12)c1ccc2c(c1)OCCO2,n1cc(c([nH]1)-c2cc3c(ncnc3NCc4ccc5OCCOc5c4)[nH]2)C6CC6,regression,strict,train,False,4.818256425589245,inactive
CHEMBL5441997,Cc1coc(-c2cc3c(N[C@@H](c4ccc5c(c4)OCCO5)C(C)C)ncnc3[nH]2)c1,n1cnc(NCc2ccc3OCCOc3c2)c4cc([nH]c14)-c5occc5,regression,strict,train,False,4.002176919254275,inactive
CHEMBL5441609,CC(C)[C@@H](Nc1ncnc2[nH]c(-c3cncn3C)cc12)c1ccc2c(c1)OCCO2,n1c[nH]c(c1)-c2cc3c(ncnc3NCc4ccc5OCCOc5c4)[nH]2,regression,strict,train,False,5.1809828013109405,intermediate
CHEMBL5441792,Cc1cnn(-c2ccc(-c3cc4c(N[C@@H](c5ccc6c(c5)OCCO6)C(C)C)ncnc4[nH]3)cc2)c1,n1cnc(NCc2ccc3OCCOc3c2)c4cc([nH]c14)-c5ccc(cc5)-n6nccc6,regression,strict,test,False,4.002176919254275,inactive
CHEMBL5442085,Cc1cc(-c2cc3c(N[C@@H](c4ccc5c(c4)OCCO5)C(C)C)ncnc3[nH]2)n(C)n1,n1ccc([nH]1)-c2cc3c(ncnc3NCc4ccc5OCCOc5c4)[nH]2,regression,strict,test,False,5.981091555683673,intermediate
CHEMBL5442100,CC(C)[C@@H](Nc1ncnc2[nH]c(-c3cnn(CC4CC4)c3)cc12)c1ccc2c(c1)OCCO2,n1cnc(NCc2ccc3OCCOc3c2)c4cc([nH]c14)-c5cnn(c5)CC6CC6,regression,strict,train,False,6.081707487244644,active
CHEMBL5442004,Cc1nn(C)nc1-c1cc2c(N[C@@H](c3ccc4c(c3)OCCO4)C(C)C)ncnc2[nH]1,n1cc(n[nH]1)-c2cc3c(ncnc3NCc4ccc5OCCOc5c4)[nH]2,regression,strict,test,False,4.5100626033432905,inactive
CHEMBL5441690,Cc1cc(-c2cc3c(N[C@@H](c4ccc5c(c4)OCCO5)C(C)C)ncnc3[nH]2)[nH]n1,n1ccc([nH]1)-c2cc3c(ncnc3NCc4ccc5OCCOc5c4)[nH]2,regression,strict,test,False,5.548904688366083,intermediate
CHEMBL5441781,CC(C)[C@@H](Nc1ncnc2[nH]c(-c3ccnn3C3CC3)cc12)c1ccc2c(c1)OCCO2,n1cnc(NCc2ccc3OCCOc3c2)c4cc([nH]c14)-c5ccnn5C6CC6,regression,strict,train,False,5.937982401142888,intermediate
CHEMBL5441630,CC(C)[C@@H](Nc1ncnc2[nH]c(-c3ccnn3CC3CC3)cc12)c1ccc2c(c1)OCCO2,n1cnc(NCc2ccc3OCCOc3c2)c4cc([nH]c14)-c5ccnn5CC6CC6,regression,strict,train,False,5.39099287211093,intermediate
CHEMBL5441576,CC(C)[C@@H](Nc1ncnc2[nH]c(-c3cccc4c3CN(C)C4=O)cc12)c1ccc2c(c1)OCCO2,n1cnc(NCc2ccc3OCCOc3c2)c4cc([nH]c14)-c5cccc6c5CNC6,regression,strict,train,False,5.630042392653947,intermediate
CHEMBL5441826,CC(=O)c1ccc(-c2cc3c(N[C@@H](c4ccc5c(c4)OCCO5)C(C)C)ncnc3[nH]2)o1,n1cnc(NCc2ccc3OCCOc3c2)c4cc([nH]c14)-c5occc5,regression,strict,train,False,5.830619504688051,intermediate
CHEMBL5441683,CC(C)[C@@H](Nc1ncnc2[nH]c(-c3ccn(C)n3)cc12)c1ccc2c(c1)OCCO2,n1cnc(NCc2ccc3OCCOc3c2)c4cc([nH]c14)-c5n[nH]cc5,regression,strict,train,False,6.000869458712629,active
CHEMBL5442029,CCn1cc(-c2cc3c(N[C@@H](c4ccc5c(c4)OCCO5)C(C)C)ncnc3[nH]2)c(C)n1,n1cc(c[nH]1)-c2cc3c(ncnc3NCc4ccc5OCCOc5c4)[nH]2,regression,strict,train,False,6.348721986001856,active
CHEMBL5441629,CCn1ccc(-c2cc3c(N[C@@H](c4ccc5c(c4)OCCO5)C(C)C)ncnc3[nH]2)n1,n1cnc(NCc2ccc3OCCOc3c2)c4cc([nH]c14)-c5n[nH]cc5,regression,strict,train,False,5.846490010699163,intermediate
CHEMBL5441492,CC(C)[C@@H](Nc1ncnc2[nH]c(-c3cccc(NC(N)=O)c3)cc12)c1ccc2c(c1)OCCO2,n1cnc(NCc2ccc3OCCOc3c2)c4cc([nH]c14)-c5ccccc5,regression,strict,train,False,5.260269471435283,intermediate
CHEMBL5441765,CC(C)[C@@H](Nc1ncnc2[nH]c(-c3ccn(C(C)C)n3)cc12)c1ccc2c(c1)OCCO2,n1cnc(NCc2ccc3OCCOc3c2)c4cc([nH]c14)-c5n[nH]cc5,regression,strict,train,False,5.611898798429484,intermediate
CHEMBL5441847,CC(C)c1n[nH]cc1-c1cc2c(N[C@@H](c3ccc4c(c3)OCCO4)C(C)C)ncnc2[nH]1,n1cc(c[nH]1)-c2cc3c(ncnc3NCc4ccc5OCCOc5c4)[nH]2,regression,strict,train,False,5.690902382587986,intermediate
CHEMBL5441467,CCn1ncc(-c2cc3c(N[C@@H](c4ccc5c(c4)OCCO5)C(C)C)ncnc3[nH]2)c1C,n1cc(c[nH]1)-c2cc3c(ncnc3NCc4ccc5OCCOc5c4)[nH]2,regression,strict,train,False,6.0072256357446445,active
CHEMBL5441882,CC(C)[C@@H](Nc1ncnc2[nH]c(-c3cn(C)nc3C#N)cc12)c1ccc2c(c1)OCCO2,n1cc(c[nH]1)-c2cc3c(ncnc3NCc4ccc5OCCOc5c4)[nH]2,regression,strict,train,False,6.0670191780768015,active
CHEMBL5441908,Cc1cocc1-c1cc2c(N[C@@H](c3ccc4c(c3)OCCO4)C(C)C)ncnc2[nH]1,n1cnc(NCc2ccc3OCCOc3c2)c4cc([nH]c14)-c5cocc5,regression,strict,train,False,5.594653639824291,intermediate
CHEMBL5441812,CC(C)[C@@H](Nc1ncnc2[nH]c(-c3ccnc(N4CCCC4)c3)cc12)c1ccc2c(c1)OCCO2,n1cnc(NCc2ccc3OCCOc3c2)c4cc([nH]c14)-c5ccnc(c5)N6CCCC6,regression,strict,train,False,4.771984824898212,inactive
CHEMBL5441732,CC(=O)c1ccc(-c2cc3c(N[C@@H](c4ccc5c(c4)OCCO5)C(C)C)ncnc3[nH]2)[nH]1,n1cnc(NCc2ccc3OCCOc3c2)c4cc([nH]c14)-c5ccc[nH]5,regression,strict,test,False,5.507588862686317,intermediate
CHEMBL5441952,CC(C)[C@@H](Nc1ncnc2[nH]c(-c3cnn(C4CCC4)n3)cc12)c1ccc2c(c1)OCCO2,n1cnc(NCc2ccc3OCCOc3c2)c4cc([nH]c14)-c5nn(nc5)C6CCC6,regression,strict,train,False,5.411336204219796,intermediate
CHEMBL5441515,CC(C)[C@@H](Nc1ncnc2[nH]c(-c3ccnn3C3CCC3)cc12)c1ccc2c(c1)OCCO2,n1cnc(NCc2ccc3OCCOc3c2)c4cc([nH]c14)-c5ccnn5C6CCC6,regression,strict,train,False,5.144026798831456,intermediate
CHEMBL5442042,COc1nn(C)cc1-c1cc2c(N[C@@H](c3ccc4c(c3)OCCO4)C(C)C)ncnc2[nH]1,n1cc(c[nH]1)-c2cc3c(ncnc3NCc4ccc5OCCOc5c4)[nH]2,regression,strict,train,False,5.733533104559759,intermediate
CHEMBL5442039,CC(C)[C@@H](Nc1ncnc2[nH]c(-c3ccc4[nH]ncc4c3)cc12)c1ccc2c(c1)OCCO2,n1cc2cc(ccc2[nH]1)-c3cc4c(ncnc4NCc5ccc6OCCOc6c5)[nH]3,regression,strict,train,False,4.697712373023788,inactive
CHEMBL5441657,CC(C)[C@@H](Nc1ncnc2[nH]c(-c3cccc(CN4CCCS4(=O)=O)c3)cc12)c1ccc2c(c1)OCCO2,n1cnc(NCc2ccc3OCCOc3c2)c4cc([nH]c14)-c5cccc(c5)CN6SCCC6,regression,strict,train,False,4.002176919254275,inactive
CHEMBL5442027,CC(C)[C@@H](Nc1ncnc2[nH]c(-c3ccc4nccn4c3)cc12)c1ccc2c(c1)OCCO2,n1cnc(NCc2ccc3OCCOc3c2)c4cc([nH]c14)-c5ccc6nccn6c5,regression,strict,train,False,5.899974269892137,intermediate
CHEMBL5442076,Cc1cc(-c2cc3c(N[C@@H](c4ccc5c(c4)OCCO5)C(C)C)ncnc3[nH]2)c[nH]1,n1cnc(NCc2ccc3OCCOc3c2)c4cc([nH]c14)-c5cc[nH]c5,regression,strict,train,False,5.004891542255259,intermediate
CHEMBL5441573,CNCc1cc(-c2cc3c(N[C@@H](c4ccc5c(c4)OCCO5)C(C)C)ncnc3[nH]2)co1,n1cnc(NCc2ccc3OCCOc3c2)c4cc([nH]c14)-c5cocc5,regression,strict,train,False,6.478861916295964,active
CHEMBL5441866,CC(C)[C@@H](Nc1ncnc2[nH]c(-c3cc4c(C#N)cccc4[nH]3)cc12)c1ccc2c(c1)OCCO2,n1cnc(NCc2ccc3OCCOc3c2)c4cc([nH]c14)-c5cc6ccccc6[nH]5,regression,strict,train,False,4.002176919254275,inactive
CHEMBL5441687,CC(C)[C@@H](Nc1ncnc2[nH]c(-c3cnc(C4CC4)o3)cc12)c1ccc2c(c1)OCCO2,n1cnc(NCc2ccc3OCCOc3c2)c4cc([nH]c14)-c5oc(nc5)C6CC6,regression,strict,train,False,5.453642444636586,intermediate
CHEMBL5441669,Cc1cc(-c2cc3c(N[C@@H](c4ccc5c(c4)OCCO5)C(C)C)ncnc3[nH]2)nn1C,n1cnc(NCc2ccc3OCCOc3c2)c4cc([nH]c14)-c5n[nH]cc5,regression,strict,train,False,5.655705994101687,intermediate
CHEMBL5441961,CC(C)[C@@H](Nc1ncnc2[nH]c(-c3ccc(S(N)(=O)=O)cc3)cc12)c1ccc2c(c1)OCCO2,n1cnc(NCc2ccc3OCCOc3c2)c4cc([nH]c14)-c5ccccc5,regression,strict,train,False,5.764092972959308,intermediate
CHEMBL5441504,CCn1ncc(-c2cc3c(N[C@@H](c4ccc5c(c4)OCCO5)C(C)C)ncnc3[nH]2)n1,n1cc(n[nH]1)-c2cc3c(ncnc3NCc4ccc5OCCOc5c4)[nH]2,regression,strict,test,False,5.936291440608582,intermediate
CHEMBL5442018,Cc1cn(C)nc1-c1cc2c(N[C@@H](c3ccc4c(c3)OCCO4)C(C)C)ncnc2[nH]1,n1cnc(NCc2ccc3OCCOc3c2)c4cc([nH]c14)-c5n[nH]cc5,regression,strict,train,False,4.002176919254275,inactive
CHEMBL5441794,CC(C)[C@@H](Nc1ncnc2[nH]c(-c3ccc(C#N)nc3)cc12)c1ccc2c(c1)OCCO2,n1cccc(c1)-c2cc3c(ncnc3NCc4ccc5OCCOc5c4)[nH]2,regression,strict,train,False,5.701037818079883,intermediate
CHEMBL5441468,CC(C)[C@@H](Nc1ncnc2[nH]c(-c3ccoc3C#N)cc12)c1ccc2c(c1)OCCO2,n1cnc(NCc2ccc3OCCOc3c2)c4cc([nH]c14)-c5cocc5,regression,strict,train,False,5.570651527076338,intermediate
CHEMBL5441723,Cc1ccoc1-c1cc2c(N[C@@H](c3ccc4c(c3)OCCO4)C(C)C)ncnc2[nH]1,n1cnc(NCc2ccc3OCCOc3c2)c4cc([nH]c14)-c5occc5,regression,strict,train,False,4.378418704152062,inactive
CHEMBL5441639,Cc1n[nH]c(-c2cc3c(N[C@@H](c4ccc5c(c4)OCCO5)C(C)C)ncnc3[nH]2)c1C,n1ccc([nH]1)-c2cc3c(ncnc3NCc4ccc5OCCOc5c4)[nH]2,regression,strict,test,False,5.315468807890636,intermediate
CHEMBL5441797,CC(C)[C@@H](Nc1ncnc2[nH]c(-c3cn(C)nc3C3CC3)cc12)c1ccc2c(c1)OCCO2,n1cnc(NCc2ccc3OCCOc3c2)c4cc([nH]c14)-c5c[nH]nc5C6CC6,regression,strict,train,False,5.925183559354825,intermediate
CHEMBL5441530,CC(C)[C@@H](Nc1ncnc2[nH]ccc12)c1ccc2c(c1)N(C)C(=O)CO2,n1cnc(NCc2ccc3OCCNc3c2)c4cc[nH]c14,regression,strict,train,False,4.170377861268814,inactive
CHEMBL5441822,CC(C)[C@@H](Nc1ncnc2[nH]c(-c3cnc4c(c3)CC(=O)N4)cc12)c1ccc2c(c1)OCCO2,n1cnc(NCc2ccc3OCCOc3c2)c4cc([nH]c14)-c5cnc6NCCc6c5,regression,strict,train,False,5.85325198636936,intermediate
CHEMBL5442144,CC(C)[C@@H](Nc1ncnc2[nH]c(-c3ccnn3C(C)C)cc12)c1ccc2c(c1)OCCO2,n1ccc([nH]1)-c2cc3c(ncnc3NCc4ccc5OCCOc5c4)[nH]2,regression,strict,test,False,5.526075306583842,intermediate
CHEMBL5441705,CC(C)[C@@H](Nc1ncnc2[nH]c(-c3ccco3)cc12)c1ccc2c(c1)OCCO2,n1cnc(NCc2ccc3OCCOc3c2)c4cc([nH]c14)-c5occc5,regression,strict,train,False,5.211266141172293,intermediate
CHEMBL5441766,Cc1c(-c2cc3c(N[C@@H](c4ccc5c(c4)OCCO5)C(C)C)ncnc3[nH]2)cnn1C,n1cc(c[nH]1)-c2cc3c(ncnc3NCc4ccc5OCCOc5c4)[nH]2,regression,strict,train,False,6.173925197299173,active
CHEMBL5442153,CC(C)[C@@H](Nc1ncnc2[nH]c(-c3cnn(C(C)C)n3)cc12)c1ccc2c(c1)OCCO2,n1cc(n[nH]1)-c2cc3c(ncnc3NCc4ccc5OCCOc5c4)[nH]2,regression,strict,test,False,5.717944629316293,intermediate
CHEMBL5441851,CC(C)[C@@H](Nc1ncnc2[nH]c(-c3cn[nH]c3)cc12)c1ccc2c(c1)OCCO2,n1cc(c[nH]1)-c2cc3c(ncnc3NCc4ccc5OCCOc5c4)[nH]2,regression,strict,train,False,6.139661993429006,active
CHEMBL5441854,COC(=O)c1cc(-c2cc3c(N[C@@H](c4ccc5c(c4)OCCO5)C(C)C)ncnc3[nH]2)c[nH]1,n1cnc(NCc2ccc3OCCOc3c2)c4cc([nH]c14)-c5cc[nH]c5,regression,strict,train,False,5.302465537403039,intermediate
CHEMBL5441526,CNC(=O)Cn1cc(-c2cc3c(N[C@@H](c4ccc5c(c4)OCCO5)C(C)C)ncnc3[nH]2)cn1,n1cc(c[nH]1)-c2cc3c(ncnc3NCc4ccc5OCCOc5c4)[nH]2,regression,strict,train,False,4.7667499904589,inactive
CHEMBL5441589,CC(C)[C@@H](Nc1ncnc2[nH]c(-c3cnn(-c4ccc(F)cc4)c3)cc12)c1ccc2c(c1)OCCO2,n1cnc(NCc2ccc3OCCOc3c2)c4cc([nH]c14)-c5cnn(c5)-c6ccccc6,regression,strict,train,False,4.5739118531639456,inactive
CHEMBL5442120,CC(C)[C@@H](Nc1ncnc2[nH]c(-c3cnn(CC4(C#N)CC4)c3)cc12)c1ccc2c(c1)OCCO2,n1cnc(NCc2ccc3OCCOc3c2)c4cc([nH]c14)-c5cnn(c5)CC6CC6,regression,strict,test,False,6.363010898187771,active
CHEMBL5441874,Cc1ncc(-c2cc3c(N[C@@H](c4ccc5c(c4)OCCO5)C(C)C)ncnc3[nH]2)n1C,n1c[nH]c(c1)-c2cc3c(ncnc3NCc4ccc5OCCOc5c4)[nH]2,regression,strict,test,False,6.159580222263513,active
CHEMBL5441724,CC(C)[C@@H](Nc1ncnc2[nH]c(-c3cncc(C(=O)N(C)C)c3)cc12)c1ccc2c(c1)OCCO2,n1cccc(c1)-c2cc3c(ncnc3NCc4ccc5OCCOc5c4)[nH]2,regression,strict,train,False,6.106515653781514,active
CHEMBL5441587,CC(C)[C@@H](Nc1ncnc2[nH]c(-c3cc[nH]c3)cc12)c1ccc2c(c1)OCCO2,n1cnc(NCc2ccc3OCCOc3c2)c4cc([nH]c14)-c5cc[nH]c5,regression,strict,train,False,5.30592153791924,intermediate
CHEMBL5441869,CNC(=O)c1cc2c(N[C@@H](c3ccc4c(c3)NC(=O)CO4)C(C)C)ncnc2[nH]1,n1cnc(NCc2ccc3OCCNc3c2)c4cc[nH]c14,regression,strict,train,False,6.806875401645538,active
CHEMBL5441733,CC(C)[C@@H](Nc1ncnc2[nH]ccc12)c1ccc2c(c1)NC(=O)[C@@H](C)O2,n1cnc(NCc2ccc3OCCNc3c2)c4cc[nH]c14,regression,strict,train,False,5.553851324303817,intermediate
CHEMBL5441980,COCCn1cc(-c2cc3c(N[C@@H](c4ccc5c(c4)OCCO5)C(C)C)ncnc3[nH]2)c(C#N)n1,n1cc(c[nH]1)-c2cc3c(ncnc3NCc4ccc5OCCOc5c4)[nH]2,regression,strict,train,False,6.112382699664264,active
CHEMBL5441584,CCc1n[nH]cc1-c1cc2c(N[C@@H](c3ccc4c(c3)OCCO4)C(C)C)ncnc2[nH]1,n1cc(c[nH]1)-c2cc3c(ncnc3NCc4ccc5OCCOc5c4)[nH]2,regression,strict,train,False,5.968995718636463,intermediate
CHEMBL5441653,Cc1nnn(C)c1-c1cc2c(N[C@@H](c3ccc4c(c3)OCCO4)C(C)C)ncnc2[nH]1,n1n[nH]c(c1)-c2cc3c(ncnc3NCc4ccc5OCCOc5c4)[nH]2,regression,strict,train,False,5.027103215563455,intermediate
CHEMBL5441652,CC(C)[C@@H](Nc1ncnc2[nH]c(-c3cnn(C)c3C#N)cc12)c1ccc2c(c1)NC(=O)CO2,n1cc(c[nH]1)-c2cc3c(ncnc3NCc4ccc5OCCNc5c4)[nH]2,regression,strict,train,False,4.477473175797289,inactive
CHEMBL5442152,Cc1nn(CC(N)=O)cc1-c1cc2c(N[C@@H](c3ccc4c(c3)OCCO4)C(C)C)ncnc2[nH]1,n1cc(c[nH]1)-c2cc3c(ncnc3NCc4ccc5OCCOc5c4)[nH]2,regression,strict,train,False,6.474307475494989,active
CHEMBL5441472,CC(C)[C@@H](Nc1ncnc2[nH]c(-c3cc(-c4ccccc4)n[nH]3)cc12)c1ccc2c(c1)OCCO2,n1cnc(NCc2ccc3OCCOc3c2)c4cc([nH]c14)-c5cc(n[nH]5)-c6ccccc6,regression,strict,train,False,4.002176919254275,inactive
CHEMBL5441625,Cc1noc2ncc(-c3cc4c(N[C@@H](c5ccc6c(c5)OCCO6)C(C)C)ncnc4[nH]3)cc12,n1oc2ncc(cc2c1)-c3cc4c(ncnc4NCc5ccc6OCCOc6c5)[nH]3,regression,strict,train,False,5.472885888360195,intermediate
CHEMBL5441878,CC(C)[C@@H](Nc1ncnc2[nH]ccc12)c1ccc2c(n1)NC(=O)CO2,n1cnc(NCc2nc3NCCOc3cc2)c4cc[nH]c14,regression,strict,train,False,5.574955125448611,intermediate
CHEMBL5441539,CC(C)(C)[C@@H](Nc1ncnc2[nH]c(-c3cnn(CC(N)=O)c3)cc12)c1ccc2c(c1)OCCO2,n1cc(c[nH]1)-c2cc3c(ncnc3NCc4ccc5OCCOc5c4)[nH]2,regression,strict,train,False,4.595673826673568,inactive
CHEMBL5441752,CC(C)[C@@H](Nc1ncnc2[nH]c(-c3cccc(Cn4ccnc4)c3)cc12)c1ccc2c(c1)OCCO2,n1ccn(c1)Cc2cccc(c2)-c3cc4c(ncnc4NCc5ccc6OCCOc6c5)[nH]3,regression,strict,train,False,4.002176919254275,inactive
CHEMBL5441548,CC(C)[C@@H](Nc1ncnc2[nH]ccc12)c1ccc2cn[nH]c2c1,n1cc2ccc(cc2[nH]1)CNc3ncnc4[nH]ccc43,regression,strict,train,False,4.002176919254275,inactive
CHEMBL5442051,Cc1nn(C)cc1-c1cc2c(N[C@@H](c3ccc4c(c3)OCCO4)C(C)C)ncnc2[nH]1,n1cc(c[nH]1)-c2cc3c(ncnc3NCc4ccc5OCCOc5c4)[nH]2,regression,strict,train,False,6.339450717482907,active
CHEMBL5441958,Cc1cn[nH]c1-c1cc2c(N[C@@H](c3ccc4c(c3)OCCO4)C(C)C)ncnc2[nH]1,n1ccc([nH]1)-c2cc3c(ncnc3NCc4ccc5OCCOc5c4)[nH]2,regression,strict,test,False,5.089998494792077,intermediate
CHEMBL5441938,CC(C)[C@@H](Nc1ncnc2[nH]c(-c3cnn(C4CCC4)c3)cc12)c1ccc2c(c1)OCCO2,n1cnc(NCc2ccc3OCCOc3c2)c4cc([nH]c14)-c5cnn(c5)C6CCC6,regression,strict,train,False,5.864867348623225,intermediate
CHEMBL5441749,CCn1nccc1-c1cc2c(N[C@@H](c3ccc4c(c3)OCCO4)C(C)C)ncnc2[nH]1,n1ccc([nH]1)-c2cc3c(ncnc3NCc4ccc5OCCOc5c4)[nH]2,regression,strict,test,False,5.920456992597094,intermediate
CHEMBL5441580,CC(C)[C@@H](Nc1ncnc2[nH]c(-c3ccnn3C)cc12)c1ccc2c(c1)OCCO2,n1ccc([nH]1)-c2cc3c(ncnc3NCc4ccc5OCCOc5c4)[nH]2,regression,strict,test,False,6.094383988958332,active
CHEMBL5441620,CC(C)[C@@H](Nc1ncnc2[nH]c(-c3cnn(C)c3)cc12)c1ccc2c(c1)OCCO2,n1cc(c[nH]1)-c2cc3c(ncnc3NCc4ccc5OCCOc5c4)[nH]2,regression,strict,train,False,6.228657537168631,active
CHEMBL5442015,CC(C)[C@@H](Nc1ncnc2[nH]c(-c3cnn(C(C)C)c3)cc12)c1ccc2c(c1)OCCO2,n1cc(c[nH]1)-c2cc3c(ncnc3NCc4ccc5OCCOc5c4)[nH]2,regression,strict,train,False,6.064996848546345,active
CHEMBL5441634,CC(C)[C@@H](Nc1ncnc2[nH]c(-c3cnn(C4CC4)c3)cc12)c1ccc2c(c1)OCCO2,n1cnc(NCc2ccc3OCCOc3c2)c4cc([nH]c14)-c5cnn(c5)C6CC6,regression,strict,train,False,5.951687701290842,intermediate
CHEMBL5441988,CNC(=O)c1cccc(-c2cc3c(N[C@@H](c4ccc5c(c4)OCCO5)C(C)C)ncnc3[nH]2)c1,n1cnc(NCc2ccc3OCCOc3c2)c4cc([nH]c14)-c5ccccc5,regression,strict,train,False,6.371951826720331,active
CHEMBL5441706,CCCn1nccc1-c1cc2c(N[C@@H](c3ccc4c(c3)OCCO4)C(C)C)ncnc2[nH]1,n1ccc([nH]1)-c2cc3c(ncnc3NCc4ccc5OCCOc5c4)[nH]2,regression,strict,test,False,5.616304290855124,intermediate
CHEMBL5441591,COC(=O)c1coc(-c2cc3c(N[C@@H](c4ccc5c(c4)OCCO5)C(C)C)ncnc3[nH]2)c1,n1cnc(NCc2ccc3OCCOc3c2)c4cc([nH]c14)-c5occc5,regression,strict,train,False,4.99825186862285,inactive
CHEMBL5441664,Cc1occc1-c1cc2c(N[C@@H](c3ccc4c(c3)OCCO4)C(C)C)ncnc2[nH]1,n1cnc(NCc2ccc3OCCOc3c2)c4cc([nH]c14)-c5cocc5,regression,strict,train,False,5.045050327455583,intermediate
CHEMBL5441725,CC(C)[C@@H](Nc1ncnc2[nH]c(-c3cccc(CN4CCS(=O)(=O)CC4)c3)cc12)c1ccc2c(c1)OCCO2,n1cnc(NCc2ccc3OCCOc3c2)c4cc([nH]c14)-c5cccc(c5)CN6CCSCC6,regression,strict,train,False,5.465550811122384,intermediate
CHEMBL5441942,Cc1ccc(-c2cc3c(N[C@@H](c4ccc5c(c4)OCCO5)C(C)C)ncnc3[nH]2)o1,n1cnc(NCc2ccc3OCCOc3c2)c4cc([nH]c14)-c5occc5,regression,strict,train,False,4.408262201758581,inactive
CHEMBL5442006,CC(C)[C@@H](Nc1ncnc2[nH]c(-c3ccc(CC#N)cc3)cc12)c1ccc2c(c1)OCCO2,n1cnc(NCc2ccc3OCCOc3c2)c4cc([nH]c14)-c5ccccc5,regression,strict,train,False,4.5581399737105,inactive
CHEMBL5441924,Cc1ncc(-c2cc3c(N[C@@H](c4ccc5c(c4)OCCO5)C(C)C)ncnc3[nH]2)o1,n1coc(c1)-c2cc3c(ncnc3NCc4ccc5OCCOc5c4)[nH]2,regression,strict,train,False,5.885500216506343,intermediate
CHEMBL5442036,CC(C)[C@@H](Nc1ncnc2[nH]c(-c3cnn(CC(N)=O)c3)cc12)c1ccc2c(n1)NC(=O)CO2,n1cc(c[nH]1)-c2cc3c(ncnc3NCc4nc5NCCOc5cc4)[nH]2,regression,strict,train,False,6.519513967659568,active
CHEMBL5441959,CC(C)[C@@H](Nc1ncnc2[nH]c(C3=CCCN(C(=O)OCc4ccccc4)C3)cc12)c1ccc2c(c1)OCCO2,n1cnc(NCc2ccc3OCCOc3c2)c4cc([nH]c14)C5=CCCN(COCc6ccccc6)C5,regression,strict,train,False,4.002176919254275,inactive
CHEMBL5441764,CC(C)[C@@H](Nc1ncnc2[nH]c(-c3cnn([C@@H](C)C(N)=O)c3)cc12)c1ccc2c(c1)OCCO2,n1cc(c[nH]1)-c2cc3c(ncnc3NCc4ccc5OCCOc5c4)[nH]2,regression,strict,train,False,6.325751404472202,active
CHEMBL5441525,CC(C)[C@@H](Nc1ncnc2[nH]c([C@@H]3CCCNC3)cc12)c1ccc2c(c1)OCCO2,n1cnc(NCc2ccc3OCCOc3c2)c4cc([nH]c14)C5CNCCC5,regression,strict,train,False,5.324282744827444,intermediate
CHEMBL5441849,CC(C)[C@@H](Nc1ncnc2[nH]ccc12)c1ccc2nn[nH]c2c1,n1nc2ccc(cc2[nH]1)CNc3ncnc4[nH]ccc43,regression,strict,train,False,5.411690936099293,intermediate
CHEMBL5441823,CC(C)[C@@H](Nc1ncnc2[nH]c(-c3cnn(CC(N)=O)c3)cc12)c1ccc2c(c1)NC(=O)CO2,n1cc(c[nH]1)-c2cc3c(ncnc3NCc4ccc5OCCNc5c4)[nH]2,regression,strict,train,False,4.9153969145917,inactive
CHEMBL5441508,CC(C)[C@@H](Nc1ncnc2[nH]c(-c3cnn(C4(C(N)=O)CC4)c3)cc12)c1ccc2c(c1)OCCO2,n1cnc(NCc2ccc3OCCOc3c2)c4cc([nH]c14)-c5cnn(c5)C6CC6,regression,strict,test,False,5.904830648568245,intermediate
CHEMBL5442019,Cc1cc(-c2cc3c(N[C@@H](c4ccc5c(c4)OCCO5)C(C)C)ncnc3[nH]2)co1,n1cnc(NCc2ccc3OCCOc3c2)c4cc([nH]c14)-c5cocc5,regression,strict,train,False,4.882839225907857,inactive
CHEMBL5441976,CNc1cc(N[C@@H](c2ccc3c(c2)S(=O)(=O)CCC3)C(C)C)ncn1,n1cnc(cc1)NCc2ccc3c(SCCC3)c2,regression,strict,train,False,5.216239304256076,intermediate
CHEMBL5441839,CC(C)[C@@H](Nc1cc(C(N)=O)ccn1)c1ccc2c(c1)S(=O)(=O)CCC2,n1ccccc1NCc2ccc3c(SCCC3)c2,regression,strict,train,False,4.002176919254275,inactive
CHEMBL5441682,CNC(=O)c1c[nH]c2ncnc(N[C@@H](c3ccc4c(c3)NC(=O)CO4)C(C)C)c12,n1cnc(NCc2ccc3OCCNc3c2)c4cc[nH]c14,regression,strict,train,False,6.51427857351842,active
CHEMBL5441830,Cc1n[nH]c(C)c1-c1cc2c(N[C@@H](c3ccc4c(c3)OCCO4)C(C)C)ncnc2[nH]1,n1cc(c[nH]1)-c2cc3c(ncnc3NCc4ccc5OCCOc5c4)[nH]2,regression,strict,train,False,4.49850255438586,inactive
CHEMBL5441594,CNC(=O)c1c[nH]c2ncnc(N[C@@H](c3ccc4c(c3)S(=O)(=O)CCC4)C(C)C)c12,n1cnc(NCc2ccc3c(SCCC3)c2)c4cc[nH]c14,regression,strict,test,False,4.92986974013971,inactive
CHEMBL5441434,CC(C)[C@@H](Nc1ncnc2[nH]c(-c3cnn(C)c3C#N)cc12)c1ccc2c(n1)NC(=O)CO2,n1cc(c[nH]1)-c2cc3c(ncnc3NCc4nc5NCCOc5cc4)[nH]2,regression,strict,train,False,4.361530711066788,inactive
CHEMBL5441391,Cn1ncc(-c2cc3c(N[C@@H](c4ccc5c(n4)OCCO5)C(C)(C)C)ncnc3[nH]2)c1C#N,n1cc(c[nH]1)-c2cc3c(ncnc3NCc4nc5OCCOc5cc4)[nH]2,regression,strict,train,False,7.009407468521832,active
CHEMBL5441422,CC(C)[C@@H](Nc1ncnc2[nH]c(-c3cnn(CC(N)=O)c3)cc12)c1ccc2c(n1)OCCO2,n1cc(c[nH]1)-c2cc3c(ncnc3NCc4nc5OCCOc5cc4)[nH]2,regression,strict,train,False,6.8297382846050425,active
CHEMBL5441418,CC(C)[C@@H](Nc1ncnc2[nH]cc(C(=O)NC3CC3)c12)c1ccc2c(c1)S(=O)(=O)CCC2,n1cnc(NCc2ccc3c(SCCC3)c2)c4c1[nH]cc4CNC5CC5,regression,strict,train,False,6.732828271596986,active
CHEMBL5441427,CC(C)(C)[C@@H](Nc1ncnc2[nH]c(-c3cnn(CC(N)=O)c3)cc12)c1ccc2c(n1)OCCO2,n1cc(c[nH]1)-c2cc3c(ncnc3NCc4nc5OCCOc5cc4)[nH]2,regression,strict,train,False,6.9967549451868525,active
CHEMBL5441481,Cc1nnc(CNC(=O)c2cc3c(N[C@@H](c4ccc5c(c4)OCCO5)C(C)C)ncnc3[nH]2)o1,n1nc(oc1)CNCc2cc3c(ncnc3NCc4ccc5OCCOc5c4)[nH]2,regression,strict,train,False,5.951558196449596,intermediate
CHEMBL5441810,COCCNC(=O)c1c[nH]c2ncnc(N[C@@H](c3ccc4c(c3)S(=O)(=O)CCC4)C(C)C)c12,n1cnc(NCc2ccc3c(SCCC3)c2)c4cc[nH]c14,regression,strict,test,False,6.486782399932061,active
CHEMBL5441435,CC(C)[C@@H](Nc1ncnc2[nH]c(-c3cnn(C)c3C#N)cc12)c1ccc2c(c1)S(=O)(=O)CCC2,n1cc(c[nH]1)-c2cc3c(ncnc3NCc4ccc5c(SCCC5)c4)[nH]2,regression,strict,train,False,4.953212282955069,inactive
CHEMBL5442114,CC(C)[C@@H](Nc1ncnc2[nH]c(C(=O)Nc3cn[nH]c3)cc12)c1ccc2c(c1)OCCO2,n1cc(c[nH]1)NCc2cc3c(ncnc3NCc4ccc5OCCOc5c4)[nH]2,regression,strict,train,False,5.590235895733654,intermediate
CHEMBL5441550,Cc1cc(CNC(=O)c2cc3c(N[C@@H](c4ccc5c(c4)OCCO5)C(C)C)ncnc3[nH]2)[nH]n1,n1ccc([nH]1)CNCc2cc3c(ncnc3NCc4ccc5OCCOc5c4)[nH]2,regression,strict,train,False,5.921905849593589,intermediate
CHEMBL5441647,CC(C)[C@@H](Nc1ncnc2[nH]c(C(=O)NCCn3cncn3)cc12)c1ccc2c(c1)OCCO2,n1cnn(c1)CCNCc2cc3c(ncnc3NCc4ccc5OCCOc5c4)[nH]2,regression,strict,train,False,5.749579997691106,intermediate
CHEMBL5442045,CC(C)[C@@H](Nc1ncnc2[nH]c(C(=O)NCCC3CN(C)C3)cc12)c1ccc2c(c1)OCCO2,n1cnc(NCc2ccc3OCCOc3c2)c4cc([nH]c14)CNCCC5CNC5,regression,strict,train,False,6.048662481204082,active
CHEMBL5441757,CNc1c[nH]c2ncnc(N[C@@H](c3ccc4c(c3)OCCO4)C(C)C)c12,n1cnc(NCc2ccc3OCCOc3c2)c4cc[nH]c14,regression,strict,train,False,4.538786694538865,inactive
CHEMBL5442043,CC(C)[C@@H](c1ccc2c(c1)OCCO2)N(C)c1ncnc2[nH]c(Br)cc12,n1cnc(NCc2ccc3OCCOc3c2)c4cc[nH]c14,regression,strict,train,False,4.002176919254275,inactive
CHEMBL5442072,CC(C)[C@@H](Nc1ncnc2[nH]c(C(=O)NC3COC3)cc12)c1ccc2c(c1)OCCO2,n1cnc(NCc2ccc3OCCOc3c2)c4cc([nH]c14)CNC5COC5,regression,strict,train,False,5.943095148663527,intermediate
CHEMBL5441718,CC(C)[C@@H](c1ccc2c(c1)OCCO2)N(C)c1ncnc2[nH]c(-c3cnn(CC(N)=O)c3)cc12,n1cc(c[nH]1)-c2cc3c(ncnc3NCc4ccc5OCCOc5c4)[nH]2,regression,strict,train,False,4.697582480849378,inactive
CHEMBL5441670,CC(C)[C@@H](Nc1ccnc2[nH]ncc12)c1ccc2c(c1)S(=O)(=O)CCC2,n1cc2c(nccc2NCc3ccc4c(SCCC4)c3)[nH]1,regression,strict,train,False,4.002176919254275,inactive
CHEMBL5441433,CC(C)[C@@H](Nc1ncnc2[nH]c(-c3cnn(CC(=O)N(C)C)c3)cc12)c1ccc2c(c1)S(=O)(=O)CCC2,n1cc(c[nH]1)-c2cc3c(ncnc3NCc4ccc5c(SCCC5)c4)[nH]2,regression,strict,train,False,7.435164916682962,active
CHEMBL5442067,CC(C)[C@@H](Nc1ncnc2[nH]c(C(=O)O)cc12)c1ccc2c(c1)OCCO2,n1cnc(NCc2ccc3OCCOc3c2)c4cc[nH]c14,regression,strict,train,False,4.935616895587804,inactive
CHEMBL5441984,Cc1ccc([C@@H](Nc2ncnc3[nH]ccc23)C(C)C)cc1S(C)(=O)=O,n1cnc(NCc2ccccc2)c3cc[nH]c13,regression,strict,train,False,5.032218091924201,intermediate
CHEMBL5441417,CC(C)[C@H](Nc1ncnc2[nH]ccc12)c1ccc2c(c1)S(=O)(=O)CCC2,n1cnc(NCc2ccc3c(SCCC3)c2)c4cc[nH]c14,regression,strict,test,False,6.516888381591151,active
CHEMBL5441420,CC(C)[C@@H](Nc1ncnc2[nH]c(-c3cnn(C)c3)cc12)c1ccc2c(c1)S(=O)(=O)CCC2,n1cc(c[nH]1)-c2cc3c(ncnc3NCc4ccc5c(SCCC5)c4)[nH]2,regression,strict,train,False,7.128816391671502,active
CHEMBL5441429,CC(C)[C@@H](Nc1ncnc2[nH]c(-c3cnn(CC(N)=O)c3)cc12)c1ccc2c(c1)S(=O)(=O)CCC2,n1cc(c[nH]1)-c2cc3c(ncnc3NCc4ccc5c(SCCC5)c4)[nH]2,regression,strict,train,False,5.538276430730607,intermediate
CHEMBL5441736,Cc1cnn(C)c1NC(=O)c1cc2c(N[C@@H](c3ccc4c(c3)OCCO4)C(C)C)ncnc2[nH]1,n1ccc([nH]1)NCc2cc3c(ncnc3NCc4ccc5OCCOc5c4)[nH]2,regression,strict,train,False,4.19802035708147,inactive
CHEMBL5441672,CC(C)[C@@H](Nc1ncnc2[nH]c(C(=O)Nc3cnccc3O)cc12)c1ccc2c(c1)OCCO2,n1cccc(c1)NCc2cc3c(ncnc3NCc4ccc5OCCOc5c4)[nH]2,regression,strict,train,False,4.855130136951381,inactive
CHEMBL5441486,CC(C)[C@@H](Nc1ncnc2[nH]c(C(=O)NC3(CF)COC3)cc12)c1ccc2c(c1)OCCO2,n1cnc(NCc2ccc3OCCOc3c2)c4cc([nH]c14)CNC5COC5,regression,strict,test,False,5.824633168938651,intermediate
CHEMBL5441430,CNC(=O)c1cc2c(N[C@@H](c3ccc4c(c3)S(=O)(=O)CCC4)C(C)C)ncnc2[nH]1,n1cnc(NCc2ccc3c(SCCC3)c2)c4cc[nH]c14,regression,strict,test,False,7.315379021973032,active
CHEMBL5441612,CO[C@@H]1CCC[C@H]1NC(=O)c1cc2c(N[C@@H](c3ccc4c(c3)OCCO4)C(C)C)ncnc2[nH]1,n1cnc(NCc2ccc3OCCOc3c2)c4cc([nH]c14)CNC5CCCC5,regression,strict,train,False,5.930146978886375,intermediate
CHEMBL5442107,CC(C)[C@@H](Nc1ncnc2[nH]c(C(=O)NC34CC(C#N)(C3)C4)cc12)c1ccc2c(c1)OCCO2,n1cnc(NCc2ccc3OCCOc3c2)c4cc([nH]c14)CNC56CC(C5)C6,regression,strict,train,False,5.784494621768181,intermediate
CHEMBL5441754,CC(C)[C@@H](Nc1ncnc2[nH]c(C(=O)NC[C@@H]3CCOC3)cc12)c1ccc2c(c1)OCCO2,n1cnc(NCc2ccc3OCCOc3c2)c4cc([nH]c14)CNCC5COCC5,regression,strict,train,False,6.063737658096523,active
CHEMBL5441954,CC(C)[C@@H](Nc1ncnc2[nH]c(C(=O)NCC3(F)CC3)cc12)c1ccc2c(c1)OCCO2,n1cnc(NCc2ccc3OCCOc3c2)c4cc([nH]c14)CNCC5CC5,regression,strict,train,False,5.77249893502857,intermediate
CHEMBL5442095,COCCC1(NC(=O)c2cc3c(N[C@@H](c4ccc5c(c4)OCCO5)C(C)C)ncnc3[nH]2)CC1,n1cnc(NCc2ccc3OCCOc3c2)c4cc([nH]c14)CNC5CC5,regression,strict,train,False,5.440213031799443,intermediate
CHEMBL5442125,COc1cn[nH]c1NC(=O)c1cc2c(N[C@@H](c3ccc4c(c3)OCCO4)C(C)C)ncnc2[nH]1,n1ccc([nH]1)NCc2cc3c(ncnc3NCc4ccc5OCCOc5c4)[nH]2,regression,strict,test,False,4.139332653555863,inactive
CHEMBL5441771,CC(C)[C@@H](Nc1ncnc2[nH]c(C(=O)NCCC(F)F)cc12)c1ccc2c(c1)OCCO2,n1cnc(NCc2ccc3OCCOc3c2)c4cc[nH]c14,regression,strict,train,False,5.963970269343457,intermediate
CHEMBL5441892,CC(C)[C@@H](Nc1ncnc2[nH]c(C(=O)NCc3cnco3)cc12)c1ccc2c(c1)OCCO2,n1coc(c1)CNCc2cc3c(ncnc3NCc4ccc5OCCOc5c4)[nH]2,regression,strict,train,False,5.921361961630328,intermediate
CHEMBL5441893,CC(C)[C@@H](Nc1ncnc2[nH]c(C(=O)NCC3=NCCCN3)cc12)c1ccc2c(c1)OCCO2,n1cnc(NCc2ccc3OCCOc3c2)c4cc([nH]c14)CNCC5=NCCCN5,regression,strict,train,False,5.240218875872635,intermediate
CHEMBL5442077,CC(C)[C@@H](Nc1ncnc2[nH]c(C(=O)NCCc3cn[nH]c3)cc12)c1ccc2c(c1)OCCO2,n1cc(c[nH]1)CCNCc2cc3c(ncnc3NCc4ccc5OCCOc5c4)[nH]2,regression,strict,train,False,5.622967090689636,intermediate
CHEMBL5441533,CC(C)[C@@H](Nc1ncnc2[nH]c(C(=O)NCc3c[nH]cn3)cc12)c1ccc2c(c1)OCCO2,n1cnc(NCc2ccc3OCCOc3c2)c4cc([nH]c14)CNCc5nc[nH]c5,regression,strict,train,False,5.730720610228102,intermediate
CHEMBL5441595,CC(C)[C@@H](Nc1ncnc2[nH]c(C(=O)N[C@H]3[C@@H]4CN(C)C[C@@H]43)cc12)c1ccc2c(c1)OCCO2,n1cnc(NCc2ccc3OCCOc3c2)c4cc([nH]c14)CNC5C6CNCC56,regression,strict,train,False,5.801068130067791,intermediate
CHEMBL5441936,CC(C)[C@@H](Nc1ncnc2[nH]c(C(=O)NCc3ncccn3)cc12)c1ccc2c(c1)OCCO2,n1cnc(NCc2ccc3OCCOc3c2)c4cc([nH]c14)CNCc5ncccn5,regression,strict,train,False,5.355758414156272,intermediate
CHEMBL5441950,CC(=O)N1CC(NC(=O)c2cc3c(N[C@@H](c4ccc5c(c4)OCCO5)C(C)C)ncnc3[nH]2)C1,n1cnc(NCc2ccc3OCCOc3c2)c4cc([nH]c14)CNC5CNC5,regression,strict,train,False,5.854803593885818,intermediate
CHEMBL5441626,CC(C)[C@@H](Nc1ncnc2[nH]c(C(=O)NCCc3cnco3)cc12)c1ccc2c(c1)OCCO2,n1coc(c1)CCNCc2cc3c(ncnc3NCc4ccc5OCCOc5c4)[nH]2,regression,strict,train,False,5.843450848668219,intermediate
CHEMBL5441575,CC(C)[C@@H](Nc1ncnc2[nH]c(C(=O)NCC(C)(C)C#N)cc12)c1ccc2c(c1)OCCO2,n1cnc(NCc2ccc3OCCOc3c2)c4cc[nH]c14,regression,strict,train,False,5.499694899989435,intermediate
CHEMBL5441913,CC(C)[C@@H](Nc1ncnc2[nH]c(C(=O)Nc3cnoc3)cc12)c1ccc2c(c1)OCCO2,n1occ(c1)NCc2cc3c(ncnc3NCc4ccc5OCCOc5c4)[nH]2,regression,strict,train,False,5.416687848016922,intermediate
CHEMBL5442037,CC(C)[C@@H](Nc1ncnc2[nH]c(C(=O)NCC3(CO)CCC3)cc12)c1ccc2c(c1)OCCO2,n1cnc(NCc2ccc3OCCOc3c2)c4cc([nH]c14)CNCC5CCC5,regression,strict,train,False,5.739809316730037,intermediate
CHEMBL5441844,CC(C)[C@@H](Nc1ncnc2[nH]c(C(=O)NCC3(C#N)CC3)cc12)c1ccc2c(c1)OCCO2,n1cnc(NCc2ccc3OCCOc3c2)c4cc([nH]c14)CNCC5CC5,regression,strict,train,False,5.729321163855293,intermediate
CHEMBL5441946,COc1nc(NC(=O)c2cc3c(N[C@@H](c4ccc5c(c4)OCCO5)C(C)C)ncnc3[nH]2)n[nH]1,n1cnc(NCc2ccc3OCCOc3c2)c4cc([nH]c14)CNc5nc[nH]n5,regression,strict,train,False,4.32644462188446,inactive
CHEMBL5441518,Cc1ncn(C)c1NC(=O)c1cc2c(N[C@@H](c3ccc4c(c3)OCCO4)C(C)C)ncnc2[nH]1,n1c[nH]c(c1)NCc2cc3c(ncnc3NCc4ccc5OCCOc5c4)[nH]2,regression,strict,train,False,4.818099271803596,inactive
CHEMBL5441531,CC(C)[C@@H](Nc1ccnc2nn[nH]c12)c1ccc2c(c1)S(=O)(=O)CCC2,n1nc2nccc(NCc3ccc4c(SCCC4)c3)c2[nH]1,regression,strict,train,False,4.002176919254275,inactive
CHEMBL5442087,CC(C)[C@@H](Nc1ncnc2[nH]c(C(=O)NC3CN(C)C3)cc12)c1ccc2c(c1)OCCO2,n1cnc(NCc2ccc3OCCOc3c2)c4cc([nH]c14)CNC5CNC5,regression,strict,test,False,5.62736411941828,intermediate
CHEMBL5441727,CC(C)[C@@H](Nc1n[nH]c2ncccc12)c1ccc2c(c1)S(=O)(=O)CCC2,n1cccc2c1[nH]nc2NCc3ccc4c(SCCC4)c3,regression,strict,train,False,4.361091626534814,inactive
CHEMBL5441390,CCNC(=O)c1cc2c(N[C@@H](c3ccc4c(c3)S(=O)(=O)CCC4)C(C)C)ncnc2[nH]1,n1cnc(NCc2ccc3c(SCCC3)c2)c4cc[nH]c14,regression,strict,test,False,7.364292908113617,active
CHEMBL5441714,CC(C)[C@@H](Nc1ncnc2[nH]c([C@@]3(O)CCOC3)cc12)c1ccc2c(c1)OCCO2,n1cnc(NCc2ccc3OCCOc3c2)c4cc([nH]c14)C5COCC5,regression,strict,test,False,4.783280032809722,inactive
CHEMBL5441868,O=C1NCCc2ccc(CNc3ncnc4[nH]ccc34)cc21,n1cnc(NCc2ccc3c(c2)CNCC3)c4cc[nH]c14,regression,strict,test,False,4.002176919254275,inactive
CHEMBL5441532,CC(C)[C@@H](Nc1ccnc2nccn12)c1ccc2c(c1)S(=O)(=O)CCC2,n1ccc(NCc2ccc3c(SCCC3)c2)n4ccnc14,regression,strict,train,False,4.002176919254275,inactive
CHEMBL5442000,CC(C)[C@@H](Nc1cnc2[nH]cnc2c1)c1ccc2c(c1)S(=O)(=O)CCC2,n1c[nH]c2ncc(cc12)NCc3ccc4c(SCCC4)c3,regression,strict,train,False,4.002176919254275,inactive
CHEMBL5441476,CC(C)[C@@H](Nc1ncnc2[nH]cnc12)c1ccc2c(c1)S(=O)(=O)CCC2,n1cnc(NCc2ccc3c(SCCC3)c2)c4nc[nH]c14,regression,strict,train,False,4.468116781247654,inactive
CHEMBL5441490,CC(C)[C@@H](Nc1ncnc2n[nH]cc12)c1ccc2c(c1)S(=O)(=O)CCC2,n1cnc(NCc2ccc3c(SCCC3)c2)c4c[nH]nc14,regression,strict,train,False,4.471709065858992,inactive
CHEMBL5441546,CC(C)[C@@H](Nc1ncnc2[nH]c([C@@]3(O)CCCNC3)cc12)c1ccc2c(c1)OCCO2,n1cnc(NCc2ccc3OCCOc3c2)c4cc([nH]c14)C5CNCCC5,regression,strict,test,False,4.79872580660887,inactive
CHEMBL5441415,CC(C)[C@H](Nc1ncnc2[nH]c(-c3cnn(C)c3C#N)cc12)c1ccc2c(n1)OCCO2,n1cc(c[nH]1)-c2cc3c(ncnc3NCc4nc5OCCOc5cc4)[nH]2,regression,strict,train,False,4.795197444989348,inactive
CHEMBL5442017,CC(C)[C@@H](Nc1ncnc2[nH]c(C(=O)Nc3ncco3)cc12)c1ccc2c(c1)OCCO2,n1cnc(NCc2ccc3OCCOc3c2)c4cc([nH]c14)CNc5ncco5,regression,strict,train,False,5.182831427618944,intermediate
CHEMBL5441731,O=C(O)CC(NC(=O)c1ncnc2[nH]ccc12)c1ccc(NC2C[C@H]3CC(CO)C[C@@H]23)cc1,n1cnc(c2cc[nH]c12)CNCc3ccc(cc3)NC4CC5CCCC45,regression,strict,train,False,4.002176919254275,inactive
CHEMBL5441513,CC(C)[C@@H](Nc1ncnc2[nH]c(C(=O)Nc3cn(C)nc3O)cc12)c1ccc2c(c1)OCCO2,n1cc(c[nH]1)NCc2cc3c(ncnc3NCc4ccc5OCCOc5c4)[nH]2,regression,strict,test,False,6.190777078310578,active
CHEMBL5441413,CNC(=O)Cn1cc(-c2cc3c(N[C@@H](c4ccc5c(c4)S(=O)(=O)CCC5)C(C)C)ncnc3[nH]2)cn1,n1cc(c[nH]1)-c2cc3c(ncnc3NCc4ccc5c(SCCC5)c4)[nH]2,regression,strict,train,False,7.079876673709276,active
CHEMBL5441495,CC(C)[C@@H](Nc1ncnc2[nH]c(C(=O)NCc3ccno3)cc12)c1ccc2c(c1)OCCO2,n1oc(cc1)CNCc2cc3c(ncnc3NCc4ccc5OCCOc5c4)[nH]2,regression,strict,train,False,6.091246980815466,active
CHEMBL5441627,CC(C)[C@@H](Nc1ncnc2[nH]c(C(=O)N[C@H]3[C@@H]4COC[C@@H]43)cc12)c1ccc2c(c1)OCCO2,n1cnc(NCc2ccc3OCCOc3c2)c4cc([nH]c14)CNC5C6COCC56,regression,strict,train,False,6.23210238398191,active
CHEMBL5441755,CC(C)[C@@H](Nc1ncnc2[nH]c(C(=O)NCC3CN(C)C3)cc12)c1ccc2c(c1)OCCO2,n1cnc(NCc2ccc3OCCOc3c2)c4cc([nH]c14)CNCC5CNC5,regression,strict,train,False,6.08196966321512,active
CHEMBL5442032,Cc1ncc(CNC(=O)c2cc3c(N[C@@H](c4ccc5c(c4)OCCO5)C(C)C)ncnc3[nH]2)o1,n1coc(c1)CNCc2cc3c(ncnc3NCc4ccc5OCCOc5c4)[nH]2,regression,strict,test,False,6.18111458540599,active
CHEMBL5441977,CC(C)[C@@H](Nc1ncnc2[nH]c(C(=O)NCCc3c[nH]nn3)cc12)c1ccc2c(c1)OCCO2,n1nc(c[nH]1)CCNCc2cc3c(ncnc3NCc4ccc5OCCOc5c4)[nH]2,regression,strict,train,False,5.95116991347165,intermediate
CHEMBL5441983,CC(C)[C@@H](Nc1ncnc2[nH]c(C(=O)NCc3nncn3C)cc12)c1ccc2c(c1)OCCO2,n1nc([nH]c1)CNCc2cc3c(ncnc3NCc4ccc5OCCOc5c4)[nH]2,regression,strict,train,False,5.8819006879220055,intermediate
CHEMBL5441748,CCc1[nH]nnc1NC(=O)c1cc2c(N[C@@H](c3ccc4c(c3)OCCO4)C(C)C)ncnc2[nH]1,n1nc(c[nH]1)NCc2cc3c(ncnc3NCc4ccc5OCCOc5c4)[nH]2,regression,strict,train,False,5.36146082700808,intermediate
CHEMBL5441846,CC(C)[C@@H](Nc1nccc2[nH]c(=O)[nH]c12)c1ccc2c(c1)S(=O)(=O)CCC2,n1ccc2NCNc2c1NCc3ccc4c(SCCC4)c3,regression,strict,train,False,4.002176919254275,inactive
CHEMBL5441819,CC(C)[C@@H](Nc1ncnc(N)c1Cl)c1ccc2c(c1)S(=O)(=O)CCC2,n1cnc(cc1)NCc2ccc3c(SCCC3)c2,regression,strict,train,False,4.465491612404127,inactive
CHEMBL5442070,CC(C)[C@@H](Nc1ncnc2[nH]c(C(=O)NCc3ccn(C)n3)cc12)c1ccc2c(c1)OCCO2,n1cnc(NCc2ccc3OCCOc3c2)c4cc([nH]c14)CNCc5n[nH]cc5,regression,strict,train,False,6.000217201545865,active
CHEMBL5441923,COc1ccc([C@@H](NC(=O)c2[nH]cnc3nccc2-3)C(C)c2nnn[nH]2)cc1,n1n[nH]c(n1)CC(NCc2ncnc3=NC=Cc32)c4ccccc4,regression,strict,train,False,5.1552278030536005,intermediate
CHEMBL5441401,CNCc1cc(-c2cc3c(N[C@@H](c4ccc5c(c4)S(=O)(=O)CCC5)C(C)C)ncnc3[nH]2)co1,n1cnc(NCc2ccc3c(SCCC3)c2)c4cc([nH]c14)-c5cocc5,regression,strict,train,False,6.82198281990828,active
CHEMBL5442057,CC(C)[C@@H](Nc1ncnc2[nH]c(C(=O)N[C@@H]3CCN(C)C3)cc12)c1ccc2c(c1)OCCO2,n1cnc(NCc2ccc3OCCOc3c2)c4cc([nH]c14)CNC5CNCC5,regression,strict,train,False,6.33913452199613,active
CHEMBL5441610,CC(C)[C@@H](Nc1ncnc2[nH]ccc12)c1cccc(S(C)(=O)=O)c1,n1cnc(NCc2ccccc2)c3cc[nH]c13,regression,strict,train,False,4.015846385648231,inactive
CHEMBL5441719,CC(C)[C@@H](Nc1ncnc2[nH]ccc12)c1ccc(F)c(C#N)c1,n1cnc(NCc2ccccc2)c3cc[nH]c13,regression,strict,train,False,4.984158428315634,inactive
CHEMBL5441872,COc1ccc([C@@H](NC(=O)c2ncnc3[nH]ccc23)C(C)(C)C#N)cc1,n1cnc(c2cc[nH]c12)CNCc3ccccc3,regression,strict,test,False,4.002176919254275,inactive
CHEMBL5441735,CNc1nccc(N[C@@H](c2ccc3c(c2)S(=O)(=O)CCC3)C(C)C)n1,n1cnc(cc1)NCc2ccc3c(SCCC3)c2,regression,strict,train,False,4.002176919254275,inactive
CHEMBL5441891,CC(C)[C@@H](Nc1ncnc2[nH]ccc12)c1ccc2c(c1)S(=O)(=O)N(C)CC2,n1cnc(NCc2ccc3c(SNCC3)c2)c4cc[nH]c14,regression,strict,train,False,4.943590679350082,inactive
CHEMBL5442080,CC(C)[C@@H](c1ccc2c(c1)S(=O)(=O)CCC2)n1c(=O)[nH]c2c(N)ccnc21,n1cccc2NCN(c12)Cc3ccc4c(SCCC4)c3,regression,strict,train,False,4.002176919254275,inactive
CHEMBL5441985,COc1ccc([C@@H](NC(=O)c2ncnc3[nH]ccc23)C(C)(C)c2nnn[nH]2)cc1,n1n[nH]c(n1)CC(NCc2ncnc3[nH]ccc32)c4ccccc4,regression,strict,test,False,5.552997101533838,intermediate
CHEMBL5441624,CC(C)[C@@H](Nc1cccc2nc[nH]c(=O)c12)c1ccc2c(c1)S(=O)(=O)CCC2,n1cnc2cccc(NCc3ccc4c(SCCC4)c3)c2c1,regression,strict,train,False,4.002176919254275,inactive
CHEMBL5441989,CC(C)[C@H](Nc1ncnc2[nH]c(-c3cnn(C)c3C#N)cc12)c1ccc2c(c1)OCCO2,n1cc(c[nH]1)-c2cc3c(ncnc3NCc4ccc5OCCOc5c4)[nH]2,regression,strict,train,False,6.244506271584881,active
CHEMBL5441506,CC(C)[C@@H](Nc1ncnc2[nH]c(C(=O)NCC3(CO)CC3)cc12)c1ccc2c(c1)OCCO2,n1cnc(NCc2ccc3OCCOc3c2)c4cc([nH]c14)CNCC5CC5,regression,strict,train,False,5.832682665251824,intermediate
CHEMBL5441482,CC(C)[C@@H](Nc1ncnc2[nH]ccc12)c1ccc2c(c1)S(=O)(=O)CO2,n1cnc(NCc2ccc3OCSc3c2)c4cc[nH]c14,regression,strict,train,False,5.52483748091691,intermediate
CHEMBL5441582,CC(C)[C@@H](Nc1ccnc2[nH]ccc12)c1ccc2c(c1)S(=O)(=O)CCC2,n1ccc(NCc2ccc3c(SCCC3)c2)c4cc[nH]c14,regression,strict,test,False,4.002176919254275,inactive
CHEMBL5441603,CNCc1cc(-c2cc3c(N[C@@H](c4ccc5c(c4)NC(=O)CO5)C(C)C)ncnc3[nH]2)co1,n1cnc(NCc2ccc3OCCNc3c2)c4cc([nH]c14)-c5cocc5,regression,strict,train,False,6.6020599913279625,active
CHEMBL5441642,CCNC(=O)c1cc2c(N[C@@H](c3cccc(-c4ccc(OC)nc4)c3)C(C)C)ncnc2[nH]1,n1cccc(c1)-c2cccc(c2)CNc3ncnc4[nH]ccc43,regression,strict,train,False,4.714555217092585,inactive
CHEMBL5441737,CC(C)[C@@H](Nc1ncnc2[nH]ccc12)c1ccc2c(c1)S(=O)(=O)NCC2,n1cnc(NCc2ccc3c(SNCC3)c2)c4cc[nH]c14,regression,strict,train,False,5.950781977329818,intermediate
CHEMBL5441753,COc1c(Cl)ncnc1N[C@@H](c1ccc2c(c1)S(=O)(=O)CCC2)C(C)C,n1cnc(cc1)NCc2ccc3c(SCCC3)c2,regression,strict,train,False,4.002176919254275,inactive
CHEMBL5441633,CCNC(=O)c1cc2c(N[C@@H](C(=O)NC3CCOCC3)C(C)C)ncnc2[nH]1,n1cnc(NCCNC2CCOCC2)c3cc[nH]c13,regression,strict,train,False,4.002176919254275,inactive
CHEMBL5442140,CCNC(=O)c1cc2c(N[C@@H](CC(=O)Nc3cnn(C(C)C)c3)C(C)C)ncnc2[nH]1,n1cc(c[nH]1)NCCCNc2ncnc3[nH]ccc32,regression,strict,train,False,4.591514117217283,inactive
CHEMBL5441756,CCNC(=O)c1cc2c(N[C@@H](CCc3cccc(NS(C)(=O)=O)c3)C(C)C)ncnc2[nH]1,n1cnc(NCCCc2ccccc2)c3cc[nH]c13,regression,strict,test,False,4.002176919254275,inactive
CHEMBL5441477,CC(C)[C@@H](Nc1c(N)cnc2[nH]ccc12)c1ccc2c(c1)S(=O)(=O)CCC2,n1ccc(NCc2ccc3c(SCCC3)c2)c4cc[nH]c14,regression,strict,test,False,4.002176919254275,inactive
CHEMBL5441411,CCNC(=O)c1cc2c(N[C@@H](c3ccc4c(c3)S(=O)(=O)NCC4)C(C)C)ncnc2[nH]1,n1cnc(NCc2ccc3c(SNCC3)c2)c4cc[nH]c14,regression,strict,train,False,6.87533278230139,active
CHEMBL5441707,CCNC(=O)c1cc2c(N[C@@H](c3cc4c(cc3Cl)OCO4)C(C)C)ncnc2[nH]1,n1cnc(NCc2ccc3OCOc3c2)c4cc[nH]c14,regression,strict,train,False,5.254144804826271,intermediate
CHEMBL5441680,CCNC(=O)c1cc2c(N[C@@H](c3nc4ccccc4o3)C(C)C)ncnc2[nH]1,n1cnc(NCc2nc3ccccc3o2)c4cc[nH]c14,regression,strict,train,False,4.720481343561551,inactive
CHEMBL5441917,CCNC(=O)c1cc2c(N[C@@H](c3cccnc3OCC(F)(F)F)C(C)C)ncnc2[nH]1,n1cccc(c1)CNc2ncnc3[nH]ccc32,regression,strict,train,False,4.002176919254275,inactive
CHEMBL5441400,CC(C)[C@H](Nc1ncnc2[nH]c(-c3cnn(C)c3C#N)cc12)c1ccc2c(c1)S(=O)(=O)CCC2,n1cc(c[nH]1)-c2cc3c(ncnc3NCc4ccc5c(SCCC5)c4)[nH]2,regression,strict,train,False,7.814363423038088,active
CHEMBL5441993,Cn1ncc(-c2cc3c(N[C@H](c4ccc5c(n4)OCCO5)C(C)(C)C)ncnc3[nH]2)c1C#N,n1cc(c[nH]1)-c2cc3c(ncnc3NCc4nc5OCCOc5cc4)[nH]2,regression,strict,train,False,5.325874017257291,intermediate
CHEMBL5441436,CNC(=O)c1c[nH]c2ncnc(N[C@H](c3ccc4c(c3)S(=O)(=O)CCC4)C(C)C)c12,n1cnc(NCc2ccc3c(SCCC3)c2)c4cc[nH]c14,regression,strict,test,False,6.799514301999169,active
CHEMBL5441700,CC(C)(C)[C@H](Nc1ncnc2[nH]c(-c3cnn(CC(N)=O)c3)cc12)c1ccc2c(n1)OCCO2,n1cc(c[nH]1)-c2cc3c(ncnc3NCc4nc5OCCOc5cc4)[nH]2,regression,strict,train,False,4.906088258950621,inactive
CHEMBL5441943,CNC(=O)Cn1cc(-c2cc3c(N[C@H](c4ccc5c(c4)OCCO5)C(C)C)ncnc3[nH]2)cn1,n1cc(c[nH]1)-c2cc3c(ncnc3NCc4ccc5OCCOc5c4)[nH]2,regression,strict,train,False,6.660548558693559,active
CHEMBL5441403,CNCc1cc(-c2cc3c(N[C@H](c4ccc5c(c4)S(=O)(=O)CCC5)C(C)C)ncnc3[nH]2)co1,n1cnc(NCc2ccc3c(SCCC3)c2)c4cc([nH]c14)-c5cocc5,regression,strict,test,False,5.767342652871437,intermediate
CHEMBL5441424,CNC(=O)Cn1cc(-c2cc3c(N[C@H](c4ccc5c(c4)S(=O)(=O)CCC5)C(C)C)ncnc3[nH]2)cn1,n1cc(c[nH]1)-c2cc3c(ncnc3NCc4ccc5c(SCCC5)c4)[nH]2,regression,strict,train,False,5.382231057713011,intermediate
CHEMBL5441404,CC(C)[C@H](Nc1ncnc2[nH]c(-c3cnn(C)c3C#N)cc12)c1ccc2c(n1)NC(=O)CO2,n1cc(c[nH]1)-c2cc3c(ncnc3NCc4nc5NCCOc5cc4)[nH]2,regression,strict,train,False,7.008773924307505,active
CHEMBL5442154,CC(C)[C@@H](Nc1ncnc2[nH]ccc12)c1ccc2c(c1)SCCO2,n1cnc(NCc2ccc3OCCSc3c2)c4cc[nH]c14,regression,strict,test,False,5.721017883134557,intermediate
CHEMBL5441397,CC(C)[C@@H](Nc1ncnc2[nH]c(-c3cnn(C)c3)cc12)c1ccc2c(c1)S(=O)(=O)NCC2,n1cc(c[nH]1)-c2cc3c(ncnc3NCc4ccc5c(SNCC5)c4)[nH]2,regression,strict,train,False,7.1938200260161125,active
CHEMBL5441962,CC(C)[C@H](Nc1ncnc2[nH]c(C(=O)N[C@@H]3CCN(C)C3)cc12)c1ccc2c(c1)S(=O)(=O)CCC2,n1cnc(NCc2ccc3c(SCCC3)c2)c4cc([nH]c14)CNC5CNCC5,regression,strict,train,False,5.544241796895864,intermediate
CHEMBL5441396,CC(C)[C@@H](Nc1ncnc2[nH]c(C(=O)N[C@@H]3CCN(C)C3)cc12)c1ccc2c(c1)S(=O)(=O)CCC2,n1cnc(NCc2ccc3c(SCCC3)c2)c4cc([nH]c14)CNC5CNCC5,regression,strict,train,False,6.666121092721087,active
CHEMBL5441419,CC(C)[C@@H](Nc1ncnc2[nH]c(-c3ccc4nnn(C)c4c3)cc12)c1ccc2c(c1)S(=O)(=O)CCC2,n1nc2ccc(cc2[nH]1)-c3cc4c(ncnc4NCc5ccc6c(SCCC6)c5)[nH]3,regression,strict,train,False,7.033858267260968,active
CHEMBL5441496,CCNC(=O)c1cc2c(N[C@@H](c3ccc4ncn(C)c(=O)c4c3)C(C)C)ncnc2[nH]1,n1cnc2ccc(cc2c1)CNc3ncnc4[nH]ccc43,regression,strict,train,False,6.364516253185088,active
CHEMBL5483082,CC(C)[C@@H](Nc1ncnc2[nH]ccc12)c1ccc2c(c1)[S+]([O-])CCO2,n1cnc(NCc2ccc3OCCSc3c2)c4cc[nH]c14,regression,strict,test,False,6.210419287835575,active
CHEMBL5441787,COC(=O)c1cc2c(N[C@@H](c3ccc4c(c3)CCN4)C(C)C)ncnc2[nH]1,n1cnc(NCc2ccc3NCCc3c2)c4cc[nH]c14,regression,strict,train,False,4.500280850407543,inactive
CHEMBL5441425,CC(C)[C@@H](Nc1ncnc2[nH]c(-c3ccc4cncn4c3)cc12)c1ccc2c(c1)S(=O)(=O)CCC2,n1cc2ccc(cn2c1)-c3cc4c(ncnc4NCc5ccc6c(SCCC6)c5)[nH]3,regression,strict,train,False,6.962573502059376,active
CHEMBL5442161,CNC(=O)c1cc2c(N[C@H](c3ccc4c(c3)NC(=O)CO4)C(C)C)ncnc2[nH]1,n1cnc(NCc2ccc3OCCNc3c2)c4cc[nH]c14,regression,strict,train,False,5.660498871091892,intermediate
CHEMBL5441478,CNc1nccc(N[C@H](c2ccc3c(c2)S(=O)(=O)CCC3)C(C)C)n1,n1cnc(cc1)NCc2ccc3c(SCCC3)c2,regression,strict,train,False,4.002176919254275,inactive
CHEMBL5441845,CCNC(=O)c1cc2c(N[C@@H](c3ccc4c(c3)CCN4C(=O)C3CC3)C(C)C)ncnc2[nH]1,n1cnc(NCc2ccc3c(c2)CCN3CC4CC4)c5cc[nH]c15,regression,strict,train,False,4.609347452751679,inactive
CHEMBL5441405,CNCc1cc(-c2cc3c(N[C@@H](c4ccc5c(c4)S(=O)(=O)NCC5)C(C)C)ncnc3[nH]2)co1,n1cnc(NCc2ccc3c(SNCC3)c2)c4cc([nH]c14)-c5cocc5,regression,strict,train,False,7.106515653781514,active
CHEMBL5441824,CC(C)[C@H](Nc1ncnc2[nH]cc(C(=O)NC3CC3)c12)c1ccc2c(c1)S(=O)(=O)CCC2,n1cnc(NCc2ccc3c(SCCC3)c2)c4c1[nH]cc4CNC5CC5,regression,strict,test,False,5.311758204022288,intermediate
CHEMBL5442156,CCNC(=O)c1cc2c(N[C@@H](c3cnc(NC(C)=O)s3)C(C)C)ncnc2[nH]1,n1csc(c1)CNc2ncnc3[nH]ccc32,regression,strict,train,False,5.335201380805782,intermediate
CHEMBL5441991,CC(C)[C@@H](Nc1ncnc2[nH]c(C3=CCS(=O)(=O)C3)cc12)c1ccc2c(c1)S(=O)(=O)CCC2,n1cnc(NCc2ccc3c(SCCC3)c2)c4cc([nH]c14)C5=CCSC5,regression,strict,train,False,6.880524159093202,active
CHEMBL5441394,CC(C)[C@H](Nc1ncnc2[nH]c(-c3cnn(CC(N)=O)c3)cc12)c1ccc2c(c1)S(=O)(=O)CCC2,n1cc(c[nH]1)-c2cc3c(ncnc3NCc4ccc5c(SCCC5)c4)[nH]2,regression,strict,train,False,7.63591825858893,active
CHEMBL5441838,CCNC(=O)c1cc2c(N[C@@H](c3ccc4c(c3)S(=O)(=O)CCC4)C3CC3)ncnc2[nH]1,n1cnc(NC(c2ccc3c(SCCC3)c2)C4CC4)c5cc[nH]c15,regression,strict,train,False,6.484126156288321,active
CHEMBL5441596,CCNC(=O)c1cc2c(N[C@@H](c3ccc4c(n3)NC(=O)CO4)C(C)C)ncnc2[nH]1,n1cnc(NCc2nc3NCCOc3cc2)c4cc[nH]c14,regression,strict,test,False,6.086451042093482,active
CHEMBL5441395,Cc1nn(C)cc1-c1cc2c(N[C@H](c3ccc4c(c3)S(=O)(=O)CCC4)C(C)C)ncnc2[nH]1,n1cc(c[nH]1)-c2cc3c(ncnc3NCc4ccc5c(SCCC5)c4)[nH]2,regression,strict,train,False,7.081727649008855,active
CHEMBL5441389,Cc1nn(C)cc1-c1cc2c(N[C@@H](c3ccc4c(c3)S(=O)(=O)CCC4)C(C)C)ncnc2[nH]1,n1cc(c[nH]1)-c2cc3c(ncnc3NCc4ccc5c(SCCC5)c4)[nH]2,regression,strict,train,False,4.623131178361332,inactive
CHEMBL5441761,CC(C)[C@H](Nc1ncnc2[nH]c(-c3cnn(CC(N)=O)c3)cc12)c1ccc2c(n1)OCCO2,n1cc(c[nH]1)-c2cc3c(ncnc3NCc4nc5OCCOc5cc4)[nH]2,regression,strict,train,False,4.934793871945688,inactive
CHEMBL5441479,CC(C)[C@H](Nc1ncnc2[nH]cnc12)c1ccc2c(c1)S(=O)(=O)CCC2,n1cnc(NCc2ccc3c(SCCC3)c2)c4nc[nH]c14,regression,strict,test,False,6.129011186239425,active
CHEMBL5441388,CCNC(=O)c1cc2c(N[C@@H](c3ccc4c(c3)S(=O)(=O)CCO4)C(C)C)ncnc2[nH]1,n1cnc(NCc2ccc3OCCSc3c2)c4cc[nH]c14,regression,strict,test,False,7.219442679850478,active
CHEMBL5441406,CC(C)[C@@H](Nc1ncnc2[nH]ccc12)c1ccc2c(c1)S(=O)(=O)CCO2,n1cnc(NCc2ccc3OCCSc3c2)c4cc[nH]c14,regression,strict,test,False,6.742321425130816,active
CHEMBL5441426,CC(C)[C@@H](Nc1ncnc2[nH]c(-c3cncc(S(C)(=O)=O)c3)cc12)c1ccc2c(c1)S(=O)(=O)CCC2,n1cccc(c1)-c2cc3c(ncnc3NCc4ccc5c(SCCC5)c4)[nH]2,regression,strict,train,False,7.0996328713435295,active
CHEMBL5441505,CC(C)[C@H](Nc1ccnc2[nH]ccc12)c1ccc2c(c1)S(=O)(=O)CCC2,n1ccc(NCc2ccc3c(SCCC3)c2)c4cc[nH]c14,regression,strict,test,False,4.002176919254275,inactive
CHEMBL5442146,CCNC(=O)c1cc2c(N[C@H](c3ccc4c(c3)S(=O)(=O)CCC4)C(C)C)ncnc2[nH]1,n1cnc(NCc2ccc3c(SCCC3)c2)c4cc[nH]c14,regression,strict,test,False,5.8941493256148565,intermediate
CHEMBL5441412,CC(C)[C@H](Nc1ncnc2[nH]c(-c3cnn(C)c3)cc12)c1ccc2c(c1)S(=O)(=O)CCC2,n1cc(c[nH]1)-c2cc3c(ncnc3NCc4ccc5c(SCCC5)c4)[nH]2,regression,strict,train,False,5.038816290187564,intermediate
CHEMBL5441402,CC(C)(C)[C@H](Nc1ncnc2[nH]c(-c3cnn(CC(N)=O)c3)cc12)c1ccc2c(c1)OCCO2,n1cc(c[nH]1)-c2cc3c(ncnc3NCc4ccc5OCCOc5c4)[nH]2,regression,strict,train,False,6.913640169325252,active
CHEMBL5441782,CC(C)[C@H](Nc1ncnc2[nH]c(C(=O)N[C@H]3CCN(C)C3)cc12)c1ccc2c(c1)S(=O)(=O)CCC2,n1cnc(NCc2ccc3c(SCCC3)c2)c4cc([nH]c14)CNC5CNCC5,regression,strict,train,False,5.502379350218712,intermediate
CHEMBL5441387,CC(C)[C@@H](Nc1ncnc2[nH]c(C(=O)N[C@H]3CCN(C)C3)cc12)c1ccc2c(c1)S(=O)(=O)CCC2,n1cnc(NCc2ccc3c(SCCC3)c2)c4cc([nH]c14)CNC5CNCC5,regression,strict,train,False,7.094204119632131,active
CHEMBL5441431,CNC(=O)c1cccc(-c2cc3c(N[C@H](c4ccc5c(c4)S(=O)(=O)CCC5)C(C)C)ncnc3[nH]2)c1,n1cnc(NCc2ccc3c(SCCC3)c2)c4cc([nH]c14)-c5ccccc5,regression,strict,train,False,7.674836324619299,active
CHEMBL5441701,CNC(=O)c1cc2c(N[C@H](c3ccc4c(c3)S(=O)(=O)CCC4)C(C)C)ncnc2[nH]1,n1cnc(NCc2ccc3c(SCCC3)c2)c4cc[nH]c14,regression,strict,test,False,5.747632485540101,intermediate
CHEMBL5442155,CC(C)[C@H](Nc1ncnc2[nH]c(-c3cnn(CC(N)=O)c3)cc12)c1ccc2c(c1)NC(=O)CO2,n1cc(c[nH]1)-c2cc3c(ncnc3NCc4ccc5OCCNc5c4)[nH]2,regression,strict,train,False,4.002176919254275,inactive
CHEMBL5441393,CNC(=O)c1cccc(-c2cc3c(N[C@@H](c4ccc5c(c4)S(=O)(=O)CCC5)C(C)C)ncnc3[nH]2)c1,n1cnc(NCc2ccc3c(SCCC3)c2)c4cc([nH]c14)-c5ccccc5,regression,strict,train,False,5.171662399940995,intermediate
CHEMBL5441410,CC(C)[C@H](Nc1ncnc2[nH]c(-c3cnn(C)c3C#N)cc12)c1ccc2c(c1)NC(=O)CO2,n1cc(c[nH]1)-c2cc3c(ncnc3NCc4ccc5OCCNc5c4)[nH]2,regression,strict,train,False,6.7544873321858505,active
CHEMBL5441835,CC(C)[C@@H](Nc1ncnc2[nH]c(C(=O)NC3CCN(C)CC3)cc12)c1ccc2c(c1)S(=O)(=O)CCC2,n1cnc(NCc2ccc3c(SCCC3)c2)c4cc([nH]c14)CNC5CCNCC5,regression,strict,train,False,6.681936665037238,active
CHEMBL5442049,CC(C)[C@@H](Nc1ncnc2[nH]c(C(=O)NC3CN(C)C3)cc12)c1ccc2c(c1)S(=O)(=O)CCC2,n1cnc(NCc2ccc3c(SCCC3)c2)c4cc([nH]c14)CNC5CNC5,regression,strict,train,False,6.723538195826756,active
CHEMBL5441992,CC(C)[C@@H](Nc1ncnc2[nH]c(S(C)(=O)=O)cc12)c1ccc2c(c1)S(=O)(=O)CCC2,n1cnc(NCc2ccc3c(SCCC3)c2)c4cc[nH]c14,regression,strict,test,False,6.0034883278458215,active
CHEMBL5441726,CNS(=O)(=O)c1cc2c(N[C@@H](c3ccc4c(c3)S(=O)(=O)CCC4)C(C)C)ncnc2[nH]1,n1cnc(NCc2ccc3c(SCCC3)c2)c4cc[nH]c14,regression,strict,test,False,5.933301449577005,intermediate
CHEMBL5441473,CC(C)[C@@H](Nc1ncnc2[nH]c(-c3ccc(S(=O)(=O)NCCO)cc3)cc12)c1ccc2c(c1)S(=O)(=O)CCC2,n1cnc(NCc2ccc3c(SCCC3)c2)c4cc([nH]c14)-c5ccccc5,regression,strict,train,False,6.938045155926886,active
CHEMBL5441459,CC(C)[C@@H](Nc1ncnc2[nH]c(-c3cccc(-n4cnnn4)c3)cc12)c1ccc2c(c1)S(=O)(=O)CCC2,n1ncn(n1)-c2cccc(c2)-c3cc4c(ncnc4NCc5ccc6c(SCCC6)c5)[nH]3,regression,strict,train,False,6.617982957425132,active
CHEMBL5441949,CCNC(=O)c1cc2c(NC3(c4ccc5c(c4)S(=O)(=O)CCC5)CCC3)ncnc2[nH]1,n1cnc(NC2(c3ccc4c(SCCC4)c3)CCC2)c5cc[nH]c15,regression,strict,train,False,5.515273195701338,intermediate
CHEMBL5441930,CC(C)[C@@H](Nc1ncnc2[nH]c(-c3cc(O)nc4ccccc34)cc12)c1ccc2c(c1)S(=O)(=O)CCC2,n1cnc(NCc2ccc3c(SCCC3)c2)c4cc([nH]c14)-c5ccnc6ccccc65,regression,strict,train,False,5.776504059037605,intermediate
CHEMBL5441871,CC(C)[C@@H](Nc1ncnc2[nH]c(-c3ccc(=O)n(C)c3)cc12)c1ccc2c(c1)S(=O)(=O)CCC2,n1cnc(NCc2ccc3c(SCCC3)c2)c4cc([nH]c14)C=5C=CCNC5,regression,strict,train,False,7.280668713016273,active
CHEMBL5441570,CC(C)[C@@H](Nc1ncnc2[nH]c(-c3ccc(S(N)(=O)=O)c4nsnc34)cc12)c1ccc2c(c1)S(=O)(=O)CCC2,n1snc2c1cccc2-c3cc4c(ncnc4NCc5ccc6c(SCCC6)c5)[nH]3,regression,strict,train,False,6.616184634019569,active
CHEMBL5441517,CC(C)[C@@H](Nc1ncnc2[nH]c(-c3ccc4c(c3)C(C)(C)C(=O)N4)cc12)c1ccc2c(c1)S(=O)(=O)CCC2,n1cnc(NCc2ccc3c(SCCC3)c2)c4cc([nH]c14)-c5ccc6NCCc6c5,regression,strict,train,False,6.476253533188435,active
CHEMBL5441571,CC(C)[C@@H](Nc1ncnc2[nH]c(-c3cccc4c3NC(=O)C4)cc12)c1ccc2c(c1)S(=O)(=O)CCC2,n1cnc(NCc2ccc3c(SCCC3)c2)c4cc([nH]c14)-c5cccc6c5NCC6,regression,strict,train,False,6.443697499232712,active
CHEMBL5442158,CC(C)[C@@H](Nc1ncnc2[nH]c(-c3ccnc(OCCN(C)C)c3)cc12)c1ccc2c(c1)S(=O)(=O)CCC2,n1ccc(cc1)-c2cc3c(ncnc3NCc4ccc5c(SCCC5)c4)[nH]2,regression,strict,train,False,6.943095148663527,active
CHEMBL5442054,CC(C)[C@@H](Nc1ncnc2[nH]c(-c3cn[nH]c3)cc12)c1ccc2c(c1)S(=O)(=O)CCC2,n1cc(c[nH]1)-c2cc3c(ncnc3NCc4ccc5c(SCCC5)c4)[nH]2,regression,strict,train,False,7.196542884351586,active
CHEMBL5441689,CC(C)[C@@H](Nc1ncnc2[nH]c(-c3cnc(N)nc3)cc12)c1ccc2c(c1)S(=O)(=O)CCC2,n1cncc(c1)-c2cc3c(ncnc3NCc4ccc5c(SCCC5)c4)[nH]2,regression,strict,train,False,7.074000733543844,active
CHEMBL5441716,CC(C)[C@@H](Nc1ncnc2[nH]c(-c3cnc(N4CC(O)C4)nc3)cc12)c1ccc2c(c1)S(=O)(=O)CCC2,n1cnc(NCc2ccc3c(SCCC3)c2)c4cc([nH]c14)-c5cnc(nc5)N6CCC6,regression,strict,train,False,7.033076458801586,active
CHEMBL5441696,CC(C)[C@@H](Nc1ncnc2[nH]c(-c3cncnc3)cc12)c1ccc2c(c1)S(=O)(=O)CCC2,n1cncc(c1)-c2cc3c(ncnc3NCc4ccc5c(SCCC5)c4)[nH]2,regression,strict,test,False,6.355233269615981,active
CHEMBL5441776,CC(C)[C@@H](Nc1ncnc2[nH]c(C3=CCOC3)cc12)c1ccc2c(c1)S(=O)(=O)CCC2,n1cnc(NCc2ccc3c(SCCC3)c2)c4cc([nH]c14)C5=CCOC5,regression,strict,train,False,6.833668578233475,active
CHEMBL5441829,CC(C)[C@@H](Nc1ncnc2[nH]c(-c3ccc(S(C)(=O)=O)nc3)cc12)c1ccc2c(c1)S(=O)(=O)CCC2,n1cccc(c1)-c2cc3c(ncnc3NCc4ccc5c(SCCC5)c4)[nH]2,regression,strict,test,False,7.185752404268079,active
CHEMBL5442055,Cc1nnn(C)c1-c1cc2c(N[C@@H](c3ccc4c(c3)S(=O)(=O)CCC4)C(C)C)ncnc2[nH]1,n1n[nH]c(c1)-c2cc3c(ncnc3NCc4ccc5c(SCCC5)c4)[nH]2,regression,strict,train,False,6.380384994257193,active
CHEMBL5441896,CC(C)[C@@H](Nc1ncnc2[nH]c(-c3ccn(C)c(=O)c3)cc12)c1ccc2c(c1)S(=O)(=O)CCC2,n1cnc(NCc2ccc3c(SCCC3)c2)c4cc([nH]c14)C=5C=CNCC5,regression,strict,train,False,7.080921907623926,active
CHEMBL5441697,CCNC(=O)c1cc2c(N[C@H](c3ccccc3N(C)S(C)(=O)=O)C(C)C)ncnc2[nH]1,n1cnc(NCc2ccccc2)c3cc[nH]c13,regression,strict,train,False,4.002176919254275,inactive
CHEMBL5441738,CC(C)[C@@H](Nc1ncnc2[nH]ccc12)c1ccc2c(n1)S(=O)(=O)CCC2,n1cnc(NCc2nc3SCCCc3cc2)c4cc[nH]c14,regression,strict,train,False,6.022505030926964,active
CHEMBL5441960,CC(C)[C@H](Nc1ncnc2[nH]c(-c3cnn(CC(=O)N(C)C)c3)cc12)c1ccc2c(c1)S(=O)(=O)CCC2,n1cc(c[nH]1)-c2cc3c(ncnc3NCc4ccc5c(SCCC5)c4)[nH]2,regression,strict,train,False,5.309272456129633,intermediate
CHEMBL5441663,CC(C)[C@H](Nc1ncnc2n[nH]cc12)c1ccc2c(c1)S(=O)(=O)CCC2,n1cnc(NCc2ccc3c(SCCC3)c2)c4c[nH]nc14,regression,strict,test,False,5.933674074637962,intermediate
CHEMBL5441879,CC(C)[C@H](Nc1ncnc(N)c1Cl)c1ccc2c(c1)S(=O)(=O)CCC2,n1cnc(cc1)NCc2ccc3c(SCCC3)c2,regression,strict,train,False,5.648396927580871,intermediate
CHEMBL5442093,CC(C)[C@H](Nc1cccc2nc[nH]c(=O)c12)c1ccc2c(c1)S(=O)(=O)CCC2,n1cnc2cccc(NCc3ccc4c(SCCC4)c3)c2c1,regression,strict,test,False,4.002176919254275,inactive
CHEMBL5441650,CCNC(=O)c1cc2c(N[C@H](c3ccc4nc(NC(C)=O)sc4c3)C(C)C)ncnc2[nH]1,n1cnc(NCc2ccc3ncsc3c2)c4cc[nH]c14,regression,strict,train,False,4.520986454543866,inactive
CHEMBL5441791,CC(=O)N1CCN(Cc2cccc(-c3cc4c(N[C@@H](c5ccc6c(c5)S(=O)(=O)CCC6)C(C)C)ncnc4[nH]3)c2)CC1,n1cnc(NCc2ccc3c(SCCC3)c2)c4cc([nH]c14)-c5cccc(c5)CN6CCNCC6,regression,strict,train,False,6.591194914918232,active
CHEMBL5442008,CC(C)[C@@H](Nc1ncnc2[nH]c(-c3ccn4cnnc4c3)cc12)c1ccc2c(c1)S(=O)(=O)CCC2,n1nc2cc(ccn2c1)-c3cc4c(ncnc4NCc5ccc6c(SCCC6)c5)[nH]3,regression,strict,train,False,7.011738403271244,active
CHEMBL5441987,CC(C)[C@@H](Nc1ncnc2[nH]c(-c3cnc4c(c3)nnn4C)cc12)c1ccc2c(c1)S(=O)(=O)CCC2,n1nc2cc(cnc2[nH]1)-c3cc4c(ncnc4NCc5ccc6c(SCCC6)c5)[nH]3,regression,strict,train,False,6.619185990000234,active
CHEMBL5441856,CC(C)[C@@H](Nc1ncnc2[nH]c(-c3cc4c(cc3F)NC(=O)CC4)cc12)c1ccc2c(c1)S(=O)(=O)CCC2,n1cnc(NCc2ccc3c(SCCC3)c2)c4cc([nH]c14)-c5ccc6NCCCc6c5,regression,strict,train,False,6.557520230935552,active
CHEMBL5441860,Cc1n[nH]c(C)c1-c1cc2c(N[C@@H](c3ccc4c(c3)S(=O)(=O)CCC4)C(C)C)ncnc2[nH]1,n1cc(c[nH]1)-c2cc3c(ncnc3NCc4ccc5c(SCCC5)c4)[nH]2,regression,strict,train,False,6.386863201788346,active
CHEMBL5441813,CC(C)[C@@H](Nc1ncnc2[nH]c(-c3cnc4n3CCC4)cc12)c1ccc2c(c1)S(=O)(=O)CCC2,n1cnc(NCc2ccc3c(SCCC3)c2)c4cc([nH]c14)-c5cnc6n5CCC6,regression,strict,train,False,7.289036881004725,active
CHEMBL5441510,CC(=O)Nc1ccc(-c2cc3c(N[C@@H](c4ccc5c(c4)S(=O)(=O)CCC5)C(C)C)ncnc3[nH]2)cc1F,n1cnc(NCc2ccc3c(SCCC3)c2)c4cc([nH]c14)-c5ccccc5,regression,strict,train,False,6.7536655826844765,active
CHEMBL5442082,CC(C)[C@@H](NC(=O)c1ncnc2[nH]ccc12)c1ccc2c(c1)S(=O)(=O)CCC2,n1cnc(c2cc[nH]c12)CNCc3ccc4c(SCCC4)c3,regression,strict,train,False,4.002176919254275,inactive
CHEMBL5441994,CC(C)[C@H](NC(=O)c1ncnc2[nH]ccc12)c1ccc2c(c1)S(=O)(=O)CCC2,n1cnc(c2cc[nH]c12)CNCc3ccc4c(SCCC4)c3,regression,strict,test,False,4.002176919254275,inactive
CHEMBL5441519,CCNC(=O)c1cc2c(N[C@H](c3ccnc(N)c3)C(C)C)ncnc2[nH]1,n1ccc(cc1)CNc2ncnc3[nH]ccc32,regression,strict,train,False,5.746904414150968,intermediate
CHEMBL5441439,CCNC(=O)c1cc2c(N[C@H](c3ccc4c(c3)OCCO4)C(C)C)ncnc2[nH]1,n1cnc(NCc2ccc3OCCOc3c2)c4cc[nH]c14,regression,strict,train,False,4.329512939209649,inactive
CHEMBL5442133,CC(C)[C@@H](Nc1ccncn1)c1ccc2c(c1)S(=O)(=O)CCC2,n1cnc(cc1)NCc2ccc3c(SCCC3)c2,regression,strict,train,False,4.002176919254275,inactive
CHEMBL5441778,CC(C)[C@H](Nc1ncnc2[nH]c(-c3cnn(CC(=O)N(C)C)c3)cc12)c1ccc2c(c1)OCCO2,n1cc(c[nH]1)-c2cc3c(ncnc3NCc4ccc5OCCOc5c4)[nH]2,regression,strict,train,False,6.501689446210399,active
CHEMBL5441859,CC(C)[C@H](Nc1ncnc2c1OCCO2)c1ccc2c(c1)S(=O)(=O)CCC2,n1cnc(NCc2ccc3c(SCCC3)c2)c4OCCOc14,regression,strict,train,False,4.415374821581482,inactive
CHEMBL5441556,CC(C)[C@@H](Nc1ncnc2c1OCCO2)c1ccc2c(c1)S(=O)(=O)CCC2,n1cnc(NCc2ccc3c(SCCC3)c2)c4OCCOc14,regression,strict,test,False,4.002176919254275,inactive
CHEMBL5441564,CC(C)[C@@H](Nc1ncnc(N2CCCC2)n1)c1ccc2c(c1)S(=O)(=O)CCC2,n1cnc(nc1NCc2ccc3c(SCCC3)c2)N4CCCC4,regression,strict,train,False,4.002176919254275,inactive
CHEMBL5441710,CC(C)[C@H](Nc1ncnc(N2CCCC2)n1)c1ccc2c(c1)S(=O)(=O)CCC2,n1cnc(nc1NCc2ccc3c(SCCC3)c2)N4CCCC4,regression,strict,test,False,4.002176919254275,inactive
CHEMBL5442065,CC(C)[C@@H](Nc1ncnc2c1CNCC2)c1ccc2c(c1)S(=O)(=O)CCC2,n1cnc2c(c1NCc3ccc4c(SCCC4)c3)CNCC2,regression,strict,train,False,4.002176919254275,inactive
CHEMBL5441944,CC(C)[C@@H](Nc1ncncc1Cl)c1ccc2c(c1)S(=O)(=O)CCC2,n1cnc(cc1)NCc2ccc3c(SCCC3)c2,regression,strict,train,False,4.002176919254275,inactive
CHEMBL5441855,CC(C)[C@H](Nc1ncnc2c1CNCC2)c1ccc2c(c1)S(=O)(=O)CCC2,n1cnc2c(c1NCc3ccc4c(SCCC4)c3)CNCC2,regression,strict,test,False,4.002176919254275,inactive
CHEMBL5442160,CC(C)[C@H](Nc1ncncc1Cl)c1ccc2c(c1)S(=O)(=O)CCC2,n1cnc(cc1)NCc2ccc3c(SCCC3)c2,regression,strict,train,False,4.002176919254275,inactive
CHEMBL5441563,CC(C)[C@@H](Nc1cc(N)ncn1)c1ccc2c(c1)S(=O)(=O)CCC2,n1cnc(cc1)NCc2ccc3c(SCCC3)c2,regression,strict,train,False,4.358287985090114,inactive
CHEMBL5441522,CC(C)[C@@H](Nc1cc(N2CCOCC2)ncn1)c1ccc2c(c1)S(=O)(=O)CCC2,n1cnc(cc1NCc2ccc3c(SCCC3)c2)N4CCOCC4,regression,strict,train,False,4.002176919254275,inactive
CHEMBL5442141,CC(C)[C@H](Nc1cc(N2CCOCC2)ncn1)c1ccc2c(c1)S(=O)(=O)CCC2,n1cnc(cc1NCc2ccc3c(SCCC3)c2)N4CCOCC4,regression,strict,test,False,4.002176919254275,inactive
CHEMBL5441903,CC(=O)N1[C@@H]2CC[C@H]1c1c(ncnc1N[C@@H](c1ccc3c(c1)S(=O)(=O)CCC3)C(C)C)C2,n1cnc2c(c1NCc3ccc4c(SCCC4)c3)C5NC(C2)CC5,regression,strict,train,False,4.002176919254275,inactive
CHEMBL5441968,CC(C)[C@H](Nc1ncnc(N)c1F)c1ccc2c(c1)S(=O)(=O)CCC2,n1cnc(cc1)NCc2ccc3c(SCCC3)c2,regression,strict,train,False,4.002176919254275,inactive
CHEMBL5441902,CCNC(=O)c1cc2c(N[C@H](c3ccc4c(c3)NS(=O)(=O)CO4)C(C)C)ncnc2[nH]1,n1cnc(NCc2ccc3OCSNc3c2)c4cc[nH]c14,regression,strict,train,False,7.460087915420882,active
CHEMBL5441982,CC(C)[C@@H](Nc1ncnc2[nH]c(-c3cnn(C)c3)cc12)c1ccc2c(c1)S(=O)(=O)CCO2,n1cc(c[nH]1)-c2cc3c(ncnc3NCc4ccc5OCCSc5c4)[nH]2,regression,strict,train,False,7.327902142064283,active
CHEMBL5441760,CCNC(=O)c1cc2c(N[C@H](c3cnc(C(=O)N(C)C)nc3)C(C)C)ncnc2[nH]1,n1cncc(c1)CNc2ncnc3[nH]ccc32,regression,strict,train,False,4.323699719229211,inactive
CHEMBL5441888,CC(C)[C@@H](Nc1ncnc2c1CCO2)c1ccc2c(c1)S(=O)(=O)CCC2,n1cnc(NCc2ccc3c(SCCC3)c2)c4c1OCC4,regression,strict,train,False,4.20129412188495,inactive
CHEMBL5441717,CC(C)[C@H](Nc1ncnc(O)c1Cl)c1ccc2c(c1)S(=O)(=O)CCC2,n1cnc(cc1)NCc2ccc3c(SCCC3)c2,regression,strict,train,False,4.002176919254275,inactive
CHEMBL5442062,CC(C)[C@H](Nc1ncnc2c1CCO2)c1ccc2c(c1)S(=O)(=O)CCC2,n1cnc(NCc2ccc3c(SCCC3)c2)c4c1OCC4,regression,strict,test,False,4.002176919254275,inactive
CHEMBL5441512,CC(C)[C@H](Nc1nc(N)ncc1Cl)c1ccc2c(c1)S(=O)(=O)CCC2,n1cnc(cc1)NCc2ccc3c(SCCC3)c2,regression,strict,train,False,4.002176919254275,inactive
CHEMBL5441597,CC(C)[C@@H](NC(=O)Cc1ncnc2[nH]ccc12)c1ccc2c(c1)S(=O)(=O)CCC2,n1cnc(c2cc[nH]c12)CCNCc3ccc4c(SCCC4)c3,regression,strict,train,False,4.002176919254275,inactive
CHEMBL5441759,CC(C)[C@H](Oc1cc(N)ncn1)c1ccc2c(c1)S(=O)(=O)CCC2,n1cnc(OCc2ccc3c(SCCC3)c2)cc1,regression,strict,train,False,4.223008415143595,inactive
CHEMBL5441979,CC(C)[C@@H](Oc1cc(N)ncn1)c1ccc2c(c1)S(=O)(=O)CCC2,n1cnc(OCc2ccc3c(SCCC3)c2)cc1,regression,strict,test,False,4.171643055406042,inactive
CHEMBL5441933,Cc1nc(N)c(Cl)c(N[C@H](c2ccc3c(c2)S(=O)(=O)CCC3)C(C)C)n1,n1cnc(cc1)NCc2ccc3c(SCCC3)c2,regression,strict,train,False,4.002176919254275,inactive
CHEMBL5441814,O=C(O)C[C@@H](NC(=O)c1ncnc2[nH]ccc12)c1ccc(Br)cc1,n1cnc(c2cc[nH]c12)CNCc3ccccc3,regression,strict,test,False,5.810229043653126,intermediate
CHEMBL5442117,COc1ccc([C@H](CC(=O)O)NC(=O)c2ncnc3[nH]ccc23)cc1,n1cnc(c2cc[nH]c12)CNCc3ccccc3,regression,strict,test,False,5.84103473961659,intermediate
CHEMBL5441786,CC(C)[C@H](Nc1ncnc(-n2cccn2)n1)c1ccc2c(c1)S(=O)(=O)CCC2,n1cnc(nc1NCc2ccc3c(SCCC3)c2)-n4nccc4,regression,strict,train,False,4.002176919254275,inactive
CHEMBL5442034,CC(C)[C@@H](Nc1cc(N2CCC[C@H]2C(=O)O)ncn1)c1ccc2c(c1)S(=O)(=O)CCC2,n1cnc(cc1NCc2ccc3c(SCCC3)c2)N4CCCC4,regression,strict,train,False,4.002176919254275,inactive
CHEMBL5441469,CC(C)[C@H](Nc1ncncc1-n1nccn1)c1ccc2c(c1)S(=O)(=O)CCC2,n1cnc(NCc2ccc3c(SCCC3)c2)c(c1)-n4nccn4,regression,strict,train,False,4.002176919254275,inactive
CHEMBL5441408,C[C@H](C(=O)O)[C@@H](NC(=O)c1ncnc2[nH]ccc12)c1ccc(Br)cc1,n1cnc(c2cc[nH]c12)CNCc3ccccc3,regression,strict,test,False,5.946537395074545,intermediate
CHEMBL5441438,C[C@@H](C(=O)O)[C@H](NC(=O)c1ncnc2[nH]ccc12)c1ccc(Br)cc1,n1cnc(c2cc[nH]c12)CNCc3ccccc3,regression,strict,test,False,5.7903956336451206,intermediate
CHEMBL5441870,CC(C)[C@H](Nc1cc(N2CCNCC2)ncn1)c1ccc2c(c1)S(=O)(=O)CCC2,n1cnc(cc1NCc2ccc3c(SCCC3)c2)N4CCNCC4,regression,strict,train,False,4.002176919254275,inactive
CHEMBL5441910,CC(C)[C@H](Nc1cc(O)ncn1)c1ccc2c(c1)S(=O)(=O)CCC2,n1cnc(cc1)NCc2ccc3c(SCCC3)c2,regression,strict,train,False,4.002176919254275,inactive
CHEMBL5441969,CNc1ncnc(N[C@H](c2ccc3c(c2)S(=O)(=O)CCC3)C(C)C)c1Cl,n1cnc(cc1)NCc2ccc3c(SCCC3)c2,regression,strict,train,False,4.002176919254275,inactive
CHEMBL5441588,CCNC(=O)c1cc2c(NC3(c4ccc5c(c4)S(=O)(=O)CCC5)CC3)ncnc2[nH]1,n1cnc(NC2(c3ccc4c(SCCC4)c3)CC2)c5cc[nH]c15,regression,strict,train,False,4.608517955774954,inactive
CHEMBL5441916,CC(C)[C@H](Nc1cc(-n2ccnn2)ncn1)c1ccc2c(c1)S(=O)(=O)CCC2,n1nn(cc1)-c2ncnc(c2)NCc3ccc4c(SCCC4)c3,regression,strict,train,False,4.002176919254275,inactive
CHEMBL5441769,CC(C)[C@H](Nc1ncncc1-n1cncn1)c1ccc2c(c1)S(=O)(=O)CCC2,n1cnc(NCc2ccc3c(SCCC3)c2)c(c1)-n4ncnc4,regression,strict,train,False,4.002176919254275,inactive
CHEMBL5441461,CC(C)[C@@H](Nc1cc(-n2ccnn2)ncn1)c1ccc2c(c1)S(=O)(=O)CCC2,n1nn(cc1)-c2ncnc(c2)NCc3ccc4c(SCCC4)c3,regression,strict,test,False,4.002176919254275,inactive
CHEMBL5442132,CC(C)[C@@H](Nc1cc(N2CCNCC2)ncn1)c1ccc2c(c1)S(=O)(=O)CCC2,n1cnc(cc1NCc2ccc3c(SCCC3)c2)N4CCNCC4,regression,strict,test,False,4.002176919254275,inactive
CHEMBL5441559,CC(C)[C@H](Nc1ncncc1-n1ccnn1)c1ccc2c(c1)S(=O)(=O)CCC2,n1nn(cc1)-c2cncnc2NCc3ccc4c(SCCC4)c3,regression,strict,train,False,4.002176919254275,inactive
CHEMBL5442024,CC(C)[C@@H](Nc1cc(-n2nccn2)ncn1)c1ccc2c(c1)S(=O)(=O)CCC2,n1cnc(cc1NCc2ccc3c(SCCC3)c2)-n4nccn4,regression,strict,train,False,4.002176919254275,inactive
CHEMBL5442069,CC(C)[C@@H](Nc1cc(NCC(F)(F)F)ncn1)c1ccc2c(c1)S(=O)(=O)CCC2,n1cnc(cc1)NCc2ccc3c(SCCC3)c2,regression,strict,train,False,5.648783654660658,intermediate
CHEMBL5441947,CC(C)[C@H](Nc1cc(-n2cncn2)ncn1)c1ccc2c(c1)S(=O)(=O)CCC2,n1cnn(c1)-c2ncnc(c2)NCc3ccc4c(SCCC4)c3,regression,strict,train,False,4.002176919254275,inactive
CHEMBL5442058,CC(C)[C@H](Nc1cc(-n2nccn2)ncn1)c1ccc2c(c1)S(=O)(=O)CCC2,n1cnc(cc1NCc2ccc3c(SCCC3)c2)-n4nccn4,regression,strict,test,False,4.002176919254275,inactive
CHEMBL5441889,CC(C)[C@H](Nc1cc(NCC(F)(F)F)ncn1)c1ccc2c(c1)S(=O)(=O)CCC2,n1cnc(cc1)NCc2ccc3c(SCCC3)c2,regression,strict,train,False,4.002176919254275,inactive
CHEMBL5441524,CCNC(=O)c1cc2c(N[C@H](c3ccc4c(n3)S(=O)(=O)CCO4)C(C)C)ncnc2[nH]1,n1cnc(NCc2nc3SCCOc3cc2)c4cc[nH]c14,regression,strict,train,False,6.958607314841775,active
CHEMBL5441864,COc1ncnc(N[C@H](c2ccc3c(c2)S(=O)(=O)CCC3)C(C)C)c1F,n1cnc(cc1)NCc2ccc3c(SCCC3)c2,regression,strict,train,False,4.002176919254275,inactive
CHEMBL5441779,CNCc1cc(-c2cc3c(N[C@H](c4ccc5c(c4)S(=O)(=O)CCO5)C(C)C)ncnc3[nH]2)co1,n1cnc(NCc2ccc3OCCSc3c2)c4cc([nH]c14)-c5cocc5,regression,strict,train,False,7.244125144327507,active
CHEMBL5441666,CC(C)[C@@H](Nc1ncncc1N1CCOCC1)c1ccc2c(c1)S(=O)(=O)CCC2,n1cnc(NCc2ccc3c(SCCC3)c2)c(c1)N4CCOCC4,regression,strict,train,False,4.002176919254275,inactive
CHEMBL5442148,CC(C)[C@H](Nc1ncnc2nccnc12)c1ccc2c(c1)S(=O)(=O)CCC2,n1cnc(NCc2ccc3c(SCCC3)c2)c4nccnc14,regression,strict,train,False,4.002176919254275,inactive
CHEMBL5441503,CC(C)[C@H](Nc1ncnc2ccoc12)c1ccc2c(c1)S(=O)(=O)CCC2,n1cnc(NCc2ccc3c(SCCC3)c2)c4occc14,regression,strict,train,False,4.002176919254275,inactive
CHEMBL5442003,CC(C)[C@H](Nc1ncnc2[nH]nnc12)c1ccc2c(c1)S(=O)(=O)CCC2,n1nc2c(ncnc2NCc3ccc4c(SCCC4)c3)[nH]1,regression,strict,train,False,4.002176919254275,inactive
CHEMBL5441750,CC(C)[C@H](Nc1cc(-c2nc[nH]n2)ncn1)c1ccc2c(c1)S(=O)(=O)CCC2,n1c[nH]nc1-c2ncnc(c2)NCc3ccc4c(SCCC4)c3,regression,strict,train,False,4.002176919254275,inactive
CHEMBL5441623,CC(C)[C@H](Nc1ncnc2c1NCCO2)c1ccc2c(c1)S(=O)(=O)CCC2,n1cnc(NCc2ccc3c(SCCC3)c2)c4NCCOc14,regression,strict,train,False,4.002176919254275,inactive
CHEMBL5442147,CC(C)[C@H](Nc1nccc2[nH]ccc12)c1ccc2c(c1)S(=O)(=O)CCC2,n1ccc2[nH]ccc2c1NCc3ccc4c(SCCC4)c3,regression,strict,train,False,4.002176919254275,inactive
CHEMBL5441562,CC(C)[C@@H](Oc1ncnc2[nH]ccc12)c1ccc2c(c1)S(=O)(=O)CCC2,n1cnc2[nH]ccc2c1OCc3ccc4c(SCCC4)c3,regression,strict,train,False,5.218316415492649,intermediate
CHEMBL5441971,CCNC(=O)c1cc2c(N[C@H](c3ccc4c(n3)S(=O)(=O)CCC4)C(C)C)ncnc2[nH]1,n1cnc(NCc2nc3SCCCc3cc2)c4cc[nH]c14,regression,strict,test,False,6.924453038607469,active
CHEMBL5442145,CC(C)[C@H](Nc1ncncc1N1CCNCC1)c1ccc2c(c1)S(=O)(=O)CCC2,n1cnc(NCc2ccc3c(SCCC3)c2)c(c1)N4CCNCC4,regression,strict,train,False,4.002176919254275,inactive
CHEMBL5441884,CC(C)[C@H](Nc1ncnc2cn[nH]c12)c1ccc2c(c1)S(=O)(=O)CCC2,n1cc2ncnc(NCc3ccc4c(SCCC4)c3)c2[nH]1,regression,strict,train,False,4.002176919254275,inactive
CHEMBL5441534,CC(C)[C@H](Nc1ncncc1-c1nc[nH]n1)c1ccc2c(c1)S(=O)(=O)CCC2,n1cnc(NCc2ccc3c(SCCC3)c2)c(c1)-c4nc[nH]n4,regression,strict,train,False,4.002176919254275,inactive
CHEMBL5441398,COc1ccc([C@H](Cc2nnn[nH]2)NC(=O)c2ncnc3[nH]ccc23)cc1,n1n[nH]c(n1)CC(NCc2ncnc3[nH]ccc32)c4ccccc4,regression,strict,test,False,5.912573542963715,intermediate
CHEMBL5442105,CC(C)[C@@H](Oc1ncnc2[nH]ccc12)c1ccc2c(c1)OCCO2,n1cnc2[nH]ccc2c1OCc3ccc4OCCOc4c3,regression,strict,train,False,4.002176919254275,inactive
CHEMBL5441739,CC(C)[C@@H](Nc1ncnc2[nH]c(Br)cc12)c1ccc2c(c1)S(=O)(=O)CCC2,n1cnc(NCc2ccc3c(SCCC3)c2)c4cc[nH]c14,regression,strict,test,False,6.473660722610156,active
CHEMBL5441567,CC(C)[C@H](Nc1ncnc2c1CCN2)c1ccc2c(c1)S(=O)(=O)CCC2,n1cnc2NCCc2c1NCc3ccc4c(SCCC4)c3,regression,strict,train,False,4.282928937371585,inactive
