algorithm,drop_intermediate,file_size_kb,fingerprint,strategy,target,train_accuracy,train_f1,train_inference_time_ns,train_mcc,train_precision,train_sensitivity,train_specificity,test_accuracy,test_f1,test_inference_time_ns,test_mcc,test_precision,test_sensitivity,test_specificity,cv_best_mean_score,cv_split_0,cv_split_1,cv_split_2,estimator__C,estimator__algorithm,estimator__coef0,estimator__degree,estimator__early_stopping,estimator__gamma,estimator__l2_regularization,estimator__leaf_size,estimator__learning_rate,estimator__max_depth,estimator__max_features,estimator__max_iter,estimator__min_samples_leaf,estimator__min_samples_split,estimator__n_estimators,estimator__n_iter_no_change,estimator__n_jobs,estimator__n_neighbors,estimator__oob_score,estimator__p,estimator__random_state,estimator__shrinking,estimator__warm_start,estimator__weights,selectpercentile__percentile,variancethreshold__threshold
rf,True,931.5947265625,AtomPairs2DCount,random,hcv_ns3,0.9824561403508771,0.9838709677419355,9649342,0.9646401985111662,0.9838709677419355,0.9838709677419355,0.9807692307692307,0.9824561403508771,0.9836065573770492,8446084,0.9653494919339114,0.967741935483871,1.0,0.9629629629629629,0.9210526315789473,0.9210526315789473,0.9342105263157895,0.9078947368421053,,,,,,,,,,None,sqrt,,1.0,3.0,100.0,,,,True,,22.0,,True,,80,0.08999999999999998
rf,False,6674.5908203125,AtomPairs2DCount,random,hcv_ns3,0.90633608815427,0.9064347691761628,36786621,0.8588528264812717,0.9076879120504227,0.90633608815427,,0.9560439560439561,0.9557476527204912,29173706,0.9340982891873927,0.9582354966970351,0.9560439560439561,,0.6887052341597796,0.7355371900826446,0.6694214876033058,0.6611570247933884,,,,,,,,,,10,log2,,1.0,2.0,500.0,,,,True,,22.0,,True,,100,0.08999999999999998
hgb,True,2674.4404296875,AtomPairs2DCount,random,hcv_ns3,0.9868421052631579,0.9878542510121457,51093550,0.9735386776217729,0.991869918699187,0.9838709677419355,0.9903846153846154,0.9649122807017544,0.9666666666666667,15677977,0.9296296296296296,0.9666666666666667,0.9666666666666667,0.9629629629629629,0.9078947368421053,0.9342105263157895,0.9342105263157895,0.8552631578947368,,,,,True,,0.0,,0.01,None,,1000.0,8.0,,,100.0,,,,,22.0,,True,,80,0.15999999999999998
hgb,False,2086.1708984375,AtomPairs2DCount,random,hcv_ns3,0.8925619834710744,0.8925740906129058,22234800,0.8379342429304818,0.8932658847483259,0.8925619834710744,,0.9560439560439561,0.956200494662033,85546881,0.9333918845851874,0.9576923076923077,0.9560439560439561,,0.650137741046832,0.6776859504132231,0.6033057851239669,0.6694214876033058,,,,,True,,0.0,,0.01,None,,1000.0,16.0,,,100.0,,,,,22.0,,True,,90,0.08999999999999998
svm,True,622.1123046875,AtomPairs2DCount,random,hcv_ns3,0.9736842105263158,0.975609756097561,7088877,0.9471900171948989,0.9836065573770492,0.967741935483871,0.9807692307692307,0.9824561403508771,0.9836065573770492,4736070,0.9653494919339114,0.967741935483871,1.0,0.9629629629629629,0.9298245614035089,0.9736842105263158,0.9342105263157895,0.881578947368421,10.0,,0.1,3.0,,0.001,,,,,,,,,,,,,,,22.0,False,,,80,0.15999999999999998
svm,False,855.1552734375,AtomPairs2DCount,random,hcv_ns3,0.8760330578512396,0.8759199699638571,18629269,0.812927951468013,0.8760005008765339,0.8760330578512396,,0.9340659340659341,0.9336741689682867,7952267,0.8996317368979896,0.9336745875207414,0.9340659340659341,,0.6831955922865015,0.7024793388429752,0.6611570247933884,0.6859504132231405,10.0,,0.0,3.0,,0.001,,,,,,,,,,,,,,,22.0,False,,,90,0.15999999999999998
dt,True,199.2099609375,AtomPairs2DCount,random,hcv_ns3,0.9298245614035088,0.9384615384615385,4587123,0.8621891534815506,0.8970588235294118,0.9838709677419355,0.8653846153846154,0.9649122807017544,0.967741935483871,4258277,0.9316949906249123,0.9375,1.0,0.9259259259259259,0.9166666666666666,0.9342105263157895,0.9342105263157895,0.881578947368421,,,,,,,,,,20,log2,,2.0,4.0,,,,,,,22.0,,,,80,0.15999999999999998
dt,False,203.943359375,AtomPairs2DCount,random,hcv_ns3,0.7575757575757576,0.7540215867506086,4443857,0.6380940950473821,0.7568092448674753,0.7575757575757576,,0.7802197802197802,0.7786710418375717,4174046,0.6740600894278479,0.78723983389882,0.7802197802197802,,0.6666666666666666,0.6942148760330579,0.6528925619834711,0.6528925619834711,,,,,,,,,,10,sqrt,,4.0,2.0,,,,,,,22.0,,,,90,0.15999999999999998
knn,True,674.9921875,AtomPairs2DCount,random,hcv_ns3,0.9780701754385965,0.9795918367346939,55348713,0.9562375931931884,0.9917355371900827,0.967741935483871,0.9903846153846154,0.9824561403508771,0.9836065573770492,16027740,0.9653494919339114,0.967741935483871,1.0,0.9629629629629629,0.9298245614035089,0.9210526315789473,0.9605263157894737,0.9078947368421053,,auto,,,,,,10.0,,,,,,,,,-1.0,5.0,,1.0,,,,distance,80,0.15999999999999998
knn,False,893.83203125,AtomPairs2DCount,random,hcv_ns3,0.9118457300275482,0.9120463834547883,33073806,0.8670580132863411,0.9124820873083889,0.9118457300275482,,0.9560439560439561,0.9559471297932836,21181966,0.9336545671556788,0.956967956967957,0.9560439560439561,,0.6639118457300276,0.6942148760330579,0.6942148760330579,0.6033057851239669,,ball_tree,,,,,,30.0,,,,,,,,,-1.0,5.0,,1.0,,,,distance,80,0.08999999999999998
rf,True,2412.1572265625,AtomPairs2DCount,stratified,hcv_ns3,0.9868421052631579,0.9874476987447699,28540981,0.973660956834017,0.9915966386554622,0.9833333333333333,0.9907407407407407,0.9649122807017544,0.9696969696969697,24214736,0.9305279968604795,1.0,0.9411764705882353,1.0,0.9166666666666666,0.8421052631578947,0.9605263157894737,0.9473684210526315,,,,,,,,,,None,log2,,1.0,2.0,500.0,,,,True,,22.0,,True,,80,0.15999999999999998
rf,False,13164.3251953125,AtomPairs2DCount,stratified,hcv_ns3,0.9228650137741047,0.9227717424998527,69426065,0.8835594299527236,0.922830403743201,0.9228650137741047,,0.8791208791208791,0.8776556776556778,51582134,0.8212989840348331,0.8812794348508634,0.8791208791208791,,0.6831955922865015,0.6776859504132231,0.71900826446281,0.6528925619834711,,,,,,,,,,30,log2,,1.0,4.0,1000.0,,,,True,,22.0,,True,,80,0.15999999999999998
hgb,True,1508.80078125,AtomPairs2DCount,stratified,hcv_ns3,0.9780701754385965,0.979253112033195,15138705,0.9560351688064346,0.9752066115702479,0.9833333333333333,0.9722222222222222,0.9649122807017544,0.9696969696969697,9770933,0.9305279968604795,1.0,0.9411764705882353,1.0,0.9078947368421053,0.881578947368421,0.9473684210526315,0.8947368421052632,,,,,True,,0.0,,0.01,10,,10000.0,8.0,,,100.0,,,,,22.0,,True,,80,0.08999999999999998
hgb,False,1112.5185546875,AtomPairs2DCount,stratified,hcv_ns3,0.8898071625344353,0.8896557975558047,15135535,0.8336217710215129,0.8895659806622374,0.8898071625344353,,0.8351648351648352,0.8351648351648352,10126976,0.7523584905660378,0.8351648351648352,0.8351648351648352,,0.6639118457300276,0.6528925619834711,0.71900826446281,0.6198347107438017,,,,,True,,0.01,,0.01,10,,10000.0,16.0,,,100.0,,,,,22.0,,True,,80,0.08999999999999998
svm,True,728.2333984375,AtomPairs2DCount,stratified,hcv_ns3,0.9692982456140351,0.970954356846473,10488462,0.9384337461249208,0.9669421487603306,0.975,0.9629629629629629,0.9824561403508771,0.9850746268656716,5743259,0.9644413195335055,1.0,0.9705882352941176,1.0,0.9210526315789473,0.8947368421052632,0.9210526315789473,0.9473684210526315,1.0,,0.0,2.0,,0.005,,,,,,,,,,,,,,,22.0,True,,,80,0.15999999999999998
svm,False,795.53515625,AtomPairs2DCount,stratified,hcv_ns3,0.9146005509641874,0.9145493555533727,17293585,0.8709938217456189,0.9145667977482436,0.9146005509641874,,0.9120879120879121,0.9115457047660437,7097516,0.8702830188679245,0.9153415708715248,0.9120879120879121,,0.6446280991735537,0.6033057851239669,0.71900826446281,0.6115702479338843,300.0,,0.1,4.0,,0.001,,,,,,,,,,,,,,,22.0,False,,,80,0.15999999999999998
dt,True,199.0458984375,AtomPairs2DCount,stratified,hcv_ns3,0.9342105263157895,0.9387755102040817,4253512,0.86859382448355,0.92,0.9583333333333334,0.9074074074074074,0.9298245614035088,0.9393939393939394,4068304,0.8584626492775348,0.96875,0.9117647058823529,0.9565217391304348,0.9254385964912281,0.881578947368421,0.9342105263157895,0.9605263157894737,,,,,,,,,,20,log2,,1.0,8.0,,,,,,,22.0,,,,80,0.15999999999999998
dt,False,210.0986328125,AtomPairs2DCount,stratified,hcv_ns3,0.8457300275482094,0.8451390435532053,4288311,0.7689129682492364,0.847010135539425,0.8457300275482094,,0.8461538461538461,0.84002664002664,4031480,0.7764506749775706,0.8495682888540032,0.8461538461538461,,0.6556473829201103,0.6611570247933884,0.743801652892562,0.5619834710743802,,,,,,,,,,None,sqrt,,2.0,3.0,,,,,,,22.0,,,,90,0.15999999999999998
knn,True,705.4375,AtomPairs2DCount,stratified,hcv_ns3,0.9780701754385965,0.979253112033195,13679800,0.9560351688064346,0.9752066115702479,0.9833333333333333,0.9722222222222222,0.9824561403508771,0.9850746268656716,7403856,0.9644413195335055,1.0,0.9705882352941176,1.0,0.9298245614035089,0.8947368421052632,0.9342105263157895,0.9605263157894737,,auto,,,,,,10.0,,,,,,,,,-1.0,3.0,,1.0,,,,distance,80,0.08999999999999998
knn,False,900.98046875,AtomPairs2DCount,stratified,hcv_ns3,0.9201101928374655,0.9199737636101273,31780431,0.8795619459939757,0.9206676296321248,0.9201101928374655,,0.9010989010989011,0.9000638150401974,20621982,0.8531279594044134,0.9019423290835972,0.9010989010989011,,0.6831955922865015,0.6859504132231405,0.7520661157024794,0.6115702479338843,,ball_tree,,,,,,20.0,,,,,,,,,-1.0,7.0,,1.0,,,,distance,80,0.08999999999999998
rf,True,1037.376953125,AtomPairs2DCount,strict,hcv_ns3,0.9921259842519685,0.9926470588235294,9451091,0.9842967493499295,0.9854014598540146,1.0,0.9831932773109243,1.0,1.0,7643776,1.0,1.0,1.0,1.0,0.927710843373494,0.9397590361445783,0.9156626506024096,0.927710843373494,,,,,,,,,,None,log2,,1.0,2.0,100.0,,,,True,,22.0,,True,,80,0.15999999999999998
rf,False,1559.6630859375,AtomPairs2DCount,strict,hcv_ns3,0.9328358208955224,0.9328078541575775,11229119,0.8989911435481123,0.932797097947374,0.9328358208955224,,0.9615384615384616,0.9614549623350891,8828664,0.9407397674729746,0.9644230769230769,0.9615384615384616,,0.6439393939393939,0.6287878787878788,0.6287878787878788,0.6742424242424242,,,,,,,,,,None,None,,1.0,4.0,100.0,,,,True,,22.0,,True,,90,0.08999999999999998
hgb,True,1077.873046875,AtomPairs2DCount,strict,hcv_ns3,0.9763779527559056,0.9779411764705882,10213288,0.9526397218937874,0.9708029197080292,0.9851851851851852,0.9663865546218487,1.0,1.0,7772867,1.0,1.0,1.0,1.0,0.9196787148594378,0.963855421686747,0.891566265060241,0.9036144578313253,,,,,True,,0.0,,0.01,None,,1000.0,8.0,,,100.0,,,,,22.0,,True,,90,0.08999999999999998
hgb,False,1752.19140625,AtomPairs2DCount,strict,hcv_ns3,0.8830845771144279,0.8822999702583347,115791639,0.8244974521467128,0.8823965535236765,0.8830845771144279,,0.9423076923076923,0.9432121629770005,20454432,0.9088543492167541,0.9453177257525085,0.9423076923076923,,0.6388888888888888,0.6060606060606061,0.6287878787878788,0.6818181818181818,,,,,True,,0.1,,0.01,20,,99999999.0,32.0,,,100.0,,,,,22.0,,True,,90,0.08999999999999998
svm,True,630.5185546875,AtomPairs2DCount,strict,hcv_ns3,0.9921259842519685,0.9925373134328358,8600254,0.9843277566631432,1.0,0.9851851851851852,1.0,0.967741935483871,0.972972972972973,4528724,0.935143800239036,1.0,0.9473684210526315,1.0,0.9236947791164659,0.927710843373494,0.9036144578313253,0.9397590361445783,10.0,,0.0,2.0,,0.001,,,,,,,,,,,,,,,22.0,True,,,80,0.15999999999999998
svm,False,875.0810546875,AtomPairs2DCount,strict,hcv_ns3,0.9029850746268657,0.9027915651186159,21659808,0.8542988658795285,0.9028561209463677,0.9029850746268657,,0.9230769230769231,0.9232028200931638,6372560,0.8775172508483031,0.9241638795986623,0.9230769230769231,,0.6439393939393939,0.6060606060606061,0.6439393939393939,0.6818181818181818,10.0,,0.1,3.0,,0.001,,,,,,,,,,,,,,,22.0,True,,,90,0.15999999999999998
dt,True,198.8974609375,AtomPairs2DCount,strict,hcv_ns3,0.9803149606299213,0.981549815498155,4429823,0.9604834279550803,0.9779411764705882,0.9851851851851852,0.9747899159663865,0.967741935483871,0.972972972972973,4029243,0.935143800239036,1.0,0.9473684210526315,1.0,0.9196787148594378,0.963855421686747,0.8674698795180723,0.927710843373494,,,,,,,,,,10,sqrt,,1.0,3.0,,,,,,,22.0,,,,90,0.15999999999999998
dt,False,209.396484375,AtomPairs2DCount,strict,hcv_ns3,0.8582089552238806,0.8575967213127271,4621654,0.7871781333844278,0.8585631042439466,0.8582089552238806,,0.8653846153846154,0.8694618923342328,4205453,0.7887071156533253,0.8768622681666159,0.8653846153846154,,0.664141414141414,0.6439393939393939,0.6742424242424242,0.6742424242424242,,,,,,,,,,10,sqrt,,1.0,4.0,,,,,,,22.0,,,,90,0.15999999999999998
knn,True,728.0859375,AtomPairs2DCount,strict,hcv_ns3,0.9881889763779528,0.988929889298893,15255821,0.9763025688382726,0.9852941176470589,0.9925925925925926,0.9831932773109243,1.0,1.0,6371618,1.0,1.0,1.0,1.0,0.9357429718875502,0.9397590361445783,0.9156626506024096,0.9518072289156626,,auto,,,,,,30.0,,,,,,,,,-1.0,3.0,,1.0,,,,distance,80,0.08999999999999998
knn,False,951.806640625,AtomPairs2DCount,strict,hcv_ns3,0.9303482587064676,0.9304939497861355,27405470,0.8953698875044452,0.930764595984156,0.9303482587064676,,0.9807692307692307,0.9810707209923335,9434603,0.9700328944067492,0.9826923076923078,0.9807692307692307,,0.6338383838383838,0.6287878787878788,0.6136363636363636,0.6590909090909091,,auto,,,,,,40.0,,,,,,,,,-1.0,5.0,,1.0,,,,distance,90,0.08999999999999998
rf,True,1264.6005859375,AtomPairs2D,random,hcv_ns3,0.956140350877193,0.96,9744504,0.9116061158923583,0.9523809523809523,0.967741935483871,0.9423076923076923,0.9122807017543859,0.9180327868852459,8483070,0.8242599508051089,0.9032258064516129,0.9333333333333333,0.8888888888888888,0.9078947368421053,0.9342105263157895,0.9210526315789473,0.868421052631579,,,,,,,,,,30,sqrt,,1.0,2.0,100.0,,,,True,,22.0,,True,,90,0.08999999999999998
rf,False,1457.958984375,AtomPairs2D,random,hcv_ns3,0.7988980716253443,0.7971490008684071,10476179,0.6981065087055519,0.7979007552967492,0.7988980716253443,,0.8131868131868132,0.8135311981465827,8875051,0.7144778085613419,0.8150464919695688,0.8131868131868132,,0.6942148760330579,0.7024793388429752,0.6776859504132231,0.7024793388429752,,,,,,,,,,20,None,,1.0,8.0,100.0,,,,True,,22.0,,True,,80,0.15999999999999998
hgb,True,896.564453125,AtomPairs2D,random,hcv_ns3,0.9298245614035088,0.9375,10108446,0.8598577804857348,0.9090909090909091,0.967741935483871,0.8846153846153846,0.9122807017543859,0.9152542372881356,8810651,0.8249081486743332,0.9310344827586207,0.9,0.9259259259259259,0.912280701754386,0.9605263157894737,0.9342105263157895,0.8421052631578947,,,,,True,,0.01,,0.01,50,,1000.0,8.0,,,100.0,,,,,22.0,,True,,90,0.15999999999999998
hgb,False,3662.611328125,AtomPairs2D,random,hcv_ns3,0.8016528925619835,0.7999536654251191,45423870,0.7019382041619477,0.8009814290392804,0.8016528925619835,,0.8681318681318682,0.867497886728656,27090498,0.7997456141408493,0.8717948717948717,0.8681318681318682,,0.672176308539945,0.6859504132231405,0.6776859504132231,0.6528925619834711,,,,,True,,0.0,,0.01,10,,10000.0,16.0,,,100.0,,,,,22.0,,True,,90,0.15999999999999998
svm,True,573.6435546875,AtomPairs2D,random,hcv_ns3,0.9122807017543859,0.9193548387096774,5689243,0.8232009925558312,0.9193548387096774,0.9193548387096774,0.9038461538461539,0.9122807017543859,0.9152542372881356,4531602,0.8249081486743332,0.9310344827586207,0.9,0.9259259259259259,0.8991228070175438,0.9473684210526315,0.8947368421052632,0.8552631578947368,200.0,,0.5,3.0,,0.001,,,,,,,,,,,,,,,22.0,False,,,80,0.08999999999999998
svm,False,601.0029296875,AtomPairs2D,random,hcv_ns3,0.7134986225895317,0.7100748892287408,10292231,0.5692336418826396,0.7098648281803362,0.7134986225895317,,0.6483516483516484,0.6464156464156465,5459956,0.4676977183512502,0.64749500425893,0.6483516483516484,,0.6611570247933883,0.7107438016528925,0.6611570247933884,0.6115702479338843,100.0,,0.5,2.0,,0.005,,,,,,,,,,,,,,,22.0,False,,,80,0.15999999999999998
dt,True,196.0947265625,AtomPairs2D,random,hcv_ns3,0.8903508771929824,0.9011857707509882,4263564,0.7789082122895622,0.8837209302325582,0.9193548387096774,0.8557692307692307,0.8070175438596491,0.8135593220338984,4007040,0.6140571869055574,0.8275862068965517,0.8,0.8148148148148148,0.8991228070175438,0.9342105263157895,0.9078947368421053,0.8552631578947368,,,,,,,,,,None,log2,,2.0,4.0,,,,,,,22.0,,,,80,0.15999999999999998
dt,False,201.71875,AtomPairs2D,random,hcv_ns3,0.7603305785123967,0.7554608272586303,4484233,0.6436326257235109,0.7594438920993946,0.7603305785123967,,0.7802197802197802,0.7780861357216037,4522398,0.6725363622074044,0.7835954275609447,0.7802197802197802,,0.6694214876033057,0.6611570247933884,0.6363636363636364,0.7107438016528925,,,,,,,,,,None,None,,2.0,8.0,,,,,,,22.0,,,,100,0.15999999999999998
knn,True,519.85546875,AtomPairs2D,random,hcv_ns3,0.8859649122807017,0.8934426229508197,50530817,0.7713513728818081,0.9083333333333333,0.8790322580645161,0.8942307692307693,0.9122807017543859,0.9152542372881356,40710539,0.8249081486743332,0.9310344827586207,0.9,0.9259259259259259,0.9035087719298245,0.9210526315789473,0.881578947368421,0.9078947368421053,,auto,,,,,,40.0,,,,,,,,,-1.0,3.0,,2.0,,,,uniform,90,0.15999999999999998
knn,False,979.0234375,AtomPairs2D,random,hcv_ns3,0.8264462809917356,0.8255824902653671,31540689,0.738851444456026,0.8264003033182634,0.8264462809917356,,0.9010989010989011,0.9006175247104129,21233736,0.8511295542128308,0.9051040534557018,0.9010989010989011,,0.6611570247933884,0.7024793388429752,0.7024793388429752,0.5785123966942148,,kd_tree,,,,,,40.0,,,,,,,,,-1.0,9.0,,1.0,,,,distance,80,0.08999999999999998
rf,True,7051.4208984375,AtomPairs2D,stratified,hcv_ns3,0.9473684210526315,0.9512195121951219,61047141,0.8954053273686237,0.9285714285714286,0.975,0.9166666666666666,0.9649122807017544,0.9696969696969697,48662660,0.9305279968604795,1.0,0.9411764705882353,1.0,0.9166666666666666,0.9078947368421053,0.9210526315789473,0.9210526315789473,,,,,,,,,,None,sqrt,,1.0,2.0,1000.0,,,,True,,22.0,,True,,80,0.15999999999999998
rf,False,1287.94140625,AtomPairs2D,stratified,hcv_ns3,0.7796143250688705,0.7784458702587652,10563331,0.667237912609694,0.7806455927253878,0.7796143250688705,,0.7362637362637363,0.7343425804964266,8658956,0.6046760070985495,0.7371533228676086,0.7362637362637363,,0.6418732782369146,0.6611570247933884,0.7024793388429752,0.5619834710743802,,,,,,,,,,None,log2,,2.0,8.0,100.0,,,,True,,22.0,,True,,100,0.08999999999999998
hgb,True,2202.599609375,AtomPairs2D,stratified,hcv_ns3,0.9429824561403509,0.9473684210526315,22110472,0.8869703423307064,0.9212598425196851,0.975,0.9074074074074074,0.9298245614035088,0.9393939393939394,15375147,0.8584626492775348,0.96875,0.9117647058823529,0.9565217391304348,0.899122807017544,0.8947368421052632,0.9078947368421053,0.8947368421052632,,,,,True,,0.0,,0.01,None,,1000.0,8.0,,,100.0,,,,,22.0,,True,,90,0.15999999999999998
hgb,False,1688.5166015625,AtomPairs2D,stratified,hcv_ns3,0.8099173553719008,0.808070391364753,20171985,0.7156462725122666,0.8106908061468272,0.8099173553719008,,0.8021978021978022,0.7987542821550918,10831198,0.7048678358748753,0.7989211599759267,0.8021978021978022,,0.6418732782369146,0.6446280991735537,0.6776859504132231,0.6033057851239669,,,,,True,,0.01,,0.01,10,,1000.0,8.0,,,100.0,,,,,22.0,,True,,80,0.08999999999999998
svm,True,539.056640625,AtomPairs2D,stratified,hcv_ns3,0.9122807017543859,0.9173553719008265,5173936,0.8240387948322142,0.9098360655737705,0.925,0.8981481481481481,0.8421052631578947,0.8571428571428571,4284625,0.6939748635282846,0.9310344827586207,0.7941176470588235,0.9130434782608695,0.899122807017544,0.868421052631579,0.9210526315789473,0.9078947368421053,100.0,,0.1,2.0,,0.005,,,,,,,,,,,,,,,22.0,True,,,80,0.15999999999999998
svm,False,717.5302734375,AtomPairs2D,stratified,hcv_ns3,0.7052341597796143,0.70366921129969,12854141,0.5552932306940623,0.7027338429965057,0.7052341597796143,,0.6923076923076923,0.6890545812378697,6095081,0.538339395004466,0.6891618980098243,0.6923076923076923,,0.6308539944903582,0.6528925619834711,0.6694214876033058,0.5702479338842975,100.0,,0.5,3.0,,0.001,,,,,,,,,,,,,,,22.0,True,,,80,0.08999999999999998
dt,True,199.1591796875,AtomPairs2D,stratified,hcv_ns3,0.9473684210526315,0.9508196721311475,4325407,0.8948047213695102,0.9354838709677419,0.9666666666666667,0.9259259259259259,0.9473684210526315,0.9552238805970149,4092490,0.892012920042847,0.9696969696969697,0.9411764705882353,0.9565217391304348,0.912280701754386,0.881578947368421,0.9210526315789473,0.9342105263157895,,,,,,,,,,20,sqrt,,1.0,2.0,,,,,,,22.0,,,,90,0.15999999999999998
dt,False,208.578125,AtomPairs2D,stratified,hcv_ns3,0.8181818181818182,0.8158365263063301,4377154,0.7296603278248256,0.820493556030746,0.8181818181818182,,0.8131868131868132,0.8069285640135843,4063689,0.7251586062251403,0.8118616677440207,0.8131868131868132,,0.6336088154269973,0.6694214876033058,0.6363636363636364,0.5950413223140496,,,,,,,,,,None,None,,1.0,4.0,,,,,,,22.0,,,,90,0.08999999999999998
knn,True,602.29296875,AtomPairs2D,stratified,hcv_ns3,0.956140350877193,0.959349593495935,36426413,0.9130716837756889,0.9365079365079365,0.9833333333333333,0.9259259259259259,0.9298245614035088,0.9393939393939394,21847501,0.8584626492775348,0.96875,0.9117647058823529,0.9565217391304348,0.9210526315789473,0.881578947368421,0.9210526315789473,0.9605263157894737,,auto,,,,,,10.0,,,,,,,,,-1.0,9.0,,1.0,,,,distance,80,0.08999999999999998
knn,False,684.1767578125,AtomPairs2D,stratified,hcv_ns3,0.8347107438016529,0.832348467759025,33631170,0.7569822168979857,0.8414049738725063,0.8347107438016529,,0.8241758241758241,0.8173975278452891,22361576,0.7450856966580097,0.8303538249190423,0.8241758241758241,,0.6446280991735537,0.6446280991735537,0.6942148760330579,0.5950413223140496,,ball_tree,,,,,,30.0,,,,,,,,,-1.0,7.0,,2.0,,,,distance,90,0.15999999999999998
rf,True,1073.3583984375,AtomPairs2D,strict,hcv_ns3,0.968503937007874,0.9710144927536232,10109394,0.9376290795224185,0.950354609929078,0.9925925925925926,0.9411764705882353,0.9032258064516129,0.918918918918919,7913234,0.8009333474269521,0.9444444444444444,0.8947368421052632,0.9166666666666666,0.8995983935742973,0.9036144578313253,0.8554216867469879,0.9397590361445783,,,,,,,,,,10,None,,1.0,4.0,100.0,,,,True,,22.0,,True,,100,0.08999999999999998
rf,False,1461.4365234375,AtomPairs2D,strict,hcv_ns3,0.7810945273631841,0.7800176263646355,11162092,0.6717828320010976,0.7813474579808812,0.7810945273631841,,0.8076923076923077,0.7912087912087912,8709837,0.6912055893577288,0.7936454849498328,0.8076923076923077,,0.6136363636363636,0.5454545454545454,0.6060606060606061,0.6893939393939394,,,,,,,,,,None,log2,,2.0,3.0,100.0,,,,True,,22.0,,True,,80,0.08999999999999998
hgb,True,1195.4365234375,AtomPairs2D,strict,hcv_ns3,0.9606299212598425,0.9640287769784173,13433781,0.9224914644433813,0.9370629370629371,0.9925925925925926,0.9243697478991597,0.9032258064516129,0.918918918918919,9500010,0.8009333474269521,0.9444444444444444,0.8947368421052632,0.9166666666666666,0.8835341365461847,0.927710843373494,0.8192771084337349,0.9036144578313253,,,,,True,,0.0,,0.01,10,,1000.0,8.0,,,100.0,,,,,22.0,,True,,80,0.08999999999999998
hgb,False,1667.814453125,AtomPairs2D,strict,hcv_ns3,0.7686567164179104,0.7655346250103164,33454924,0.6548972165726246,0.7677515732876123,0.7686567164179104,,0.75,0.7504385964912281,25221921,0.6074282570845753,0.7560439560439561,0.75,,0.6388888888888888,0.6742424242424242,0.5984848484848485,0.6439393939393939,,,,,True,,0.01,,0.01,None,,10000.0,16.0,,,100.0,,,,,22.0,,True,,80,0.15999999999999998
svm,True,588.4208984375,AtomPairs2D,strict,hcv_ns3,0.9291338582677166,0.9338235294117647,6330384,0.8576686395253611,0.927007299270073,0.9407407407407408,0.9159663865546218,0.8387096774193549,0.8648648648648649,4430053,0.6667228946148682,0.8888888888888888,0.8421052631578947,0.8333333333333334,0.8955823293172691,0.9036144578313253,0.8674698795180723,0.9156626506024096,200.0,,0.1,3.0,,0.001,,,,,,,,,,,,,,,22.0,False,,,90,0.08999999999999998
svm,False,593.2890625,AtomPairs2D,strict,hcv_ns3,0.6666666666666666,0.6614952285898584,9919064,0.5008326578992748,0.662037351123172,0.6666666666666666,,0.6730769230769231,0.6721431868731378,4861569,0.4775161304346464,0.6719063545150502,0.6730769230769231,,0.6287878787878788,0.5984848484848485,0.6515151515151515,0.6363636363636364,300.0,,0.5,4.0,,0.001,,,,,,,,,,,,,,,22.0,False,,,80,0.15999999999999998
dt,True,196.8916015625,AtomPairs2D,strict,hcv_ns3,0.9488188976377953,0.953405017921147,4189474,0.8990663940455567,0.9236111111111112,0.9851851851851852,0.907563025210084,0.8709677419354839,0.8947368421052632,4003832,0.7280701754385965,0.8947368421052632,0.8947368421052632,0.8333333333333334,0.8955823293172691,0.8795180722891566,0.8674698795180723,0.9397590361445783,,,,,,,,,,30,None,,2.0,3.0,,,,,,,22.0,,,,90,0.08999999999999998
dt,False,200.4609375,AtomPairs2D,strict,hcv_ns3,0.7338308457711443,0.7265556117208519,4445616,0.6128634411193842,0.7458214489614633,0.7338308457711443,,0.8461538461538461,0.8513111888111887,4056829,0.7643960517497326,0.8674658674658675,0.8461538461538461,,0.6136363636363636,0.6136363636363636,0.6439393939393939,0.5833333333333334,,,,,,,,,,None,None,,4.0,2.0,,,,,,,22.0,,,,80,0.08999999999999998
knn,True,508.23046875,AtomPairs2D,strict,hcv_ns3,0.968503937007874,0.9710144927536232,35493549,0.9376290795224185,0.950354609929078,0.9925925925925926,0.9411764705882353,0.9032258064516129,0.918918918918919,32953395,0.8009333474269521,0.9444444444444444,0.8947368421052632,0.9166666666666666,0.8835341365461847,0.8795180722891566,0.8313253012048193,0.9397590361445783,,auto,,,,,,10.0,,,,,,,,,-1.0,5.0,,2.0,,,,distance,80,0.15999999999999998
knn,False,551.849609375,AtomPairs2D,strict,hcv_ns3,0.6840796019900498,0.678462196896804,51163609,0.527163416136214,0.6830279811348394,0.6840796019900498,,0.7115384615384616,0.6790970894898881,38716263,0.5353794367940554,0.6675501672240803,0.7115384615384616,,0.6287878787878788,0.5984848484848485,0.6287878787878788,0.6590909090909091,,brute,,,,,,10.0,,,,,,,,,-1.0,9.0,,2.0,,,,uniform,90,0.15999999999999998
rf,True,1193.15234375,EState,random,hcv_ns3,0.9210526315789473,0.9285714285714286,7100371,0.8409149595159532,0.9140625,0.9435483870967742,0.8942307692307693,0.9298245614035088,0.9354838709677419,6164656,0.8608861713374191,0.90625,0.9666666666666667,0.8888888888888888,0.8947368421052632,0.868421052631579,0.9342105263157895,0.881578947368421,,,,,,,,,,None,sqrt,,1.0,3.0,100.0,,,,True,,22.0,,True,,90,0.08999999999999998
rf,False,1513.7958984375,EState,random,hcv_ns3,0.7548209366391184,0.7511973461730016,7930635,0.6336669100787098,0.7575576261906588,0.7548209366391184,,0.7582417582417582,0.7567175681461394,6021392,0.6351424918042721,0.7652731883501114,0.7582417582417582,,0.650137741046832,0.6694214876033058,0.6363636363636364,0.6446280991735537,,,,,,,,,,20,log2,,1.0,8.0,100.0,,,,True,,22.0,,True,,90,0.08999999999999998
hgb,True,1927.6796875,EState,random,hcv_ns3,0.9254385964912281,0.933852140077821,19491908,0.8514016635094908,0.9022556390977443,0.967741935483871,0.875,0.9649122807017544,0.967741935483871,25322956,0.9316949906249123,0.9375,1.0,0.9259259259259259,0.8815789473684209,0.868421052631579,0.8947368421052632,0.881578947368421,,,,,True,,0.01,,0.01,None,,1000.0,8.0,,,100.0,,,,,22.0,,True,,80,0.08999999999999998
hgb,False,2489.5498046875,EState,random,hcv_ns3,0.6694214876033058,0.6624106420146261,17609792,0.5053230091744287,0.6654979352913385,0.6694214876033058,,0.6923076923076923,0.6913522207639855,12181490,0.530270375342018,0.6911806142575373,0.6923076923076923,,0.628099173553719,0.6859504132231405,0.6363636363636364,0.5619834710743802,,,,,True,,0.1,,0.01,10,,99999999.0,8.0,,,100.0,,,,,22.0,,True,,90,0.15999999999999998
svm,True,528.9794921875,EState,random,hcv_ns3,0.9298245614035088,0.9365079365079365,3087435,0.8586610360403549,0.921875,0.9516129032258065,0.9038461538461539,0.9473684210526315,0.9523809523809523,1805935,0.8989331499509895,0.9090909090909091,1.0,0.8888888888888888,0.9035087719298245,0.9078947368421053,0.9342105263157895,0.868421052631579,1.0,,0.0,3.0,,1.0,,,,,,,,,,,,,,,22.0,True,,,90,0.08999999999999998
svm,False,548.521484375,EState,random,hcv_ns3,0.6225895316804407,0.6229558866070906,6250204,0.4303782710549751,0.6234120221299606,0.6225895316804407,,0.6373626373626373,0.6362180951401255,2613980,0.44307556905533046,0.6393964562569214,0.6373626373626373,,0.6253443526170799,0.6776859504132231,0.5950413223140496,0.6033057851239669,200.0,,0.0,4.0,,0.001,,,,,,,,,,,,,,,22.0,True,,,80,0.08999999999999998
dt,True,184.7890625,EState,random,hcv_ns3,0.9078947368421053,0.9201520912547528,1444341,0.8195856534811748,0.8705035971223022,0.9758064516129032,0.8269230769230769,0.9473684210526315,0.9523809523809523,1783246,0.8989331499509895,0.9090909090909091,1.0,0.8888888888888888,0.8859649122807017,0.8289473684210527,0.9473684210526315,0.881578947368421,,,,,,,,,,20,None,,1.0,4.0,,,,,,,22.0,,,,80,0.08999999999999998
dt,False,186.490234375,EState,random,hcv_ns3,0.7024793388429752,0.697742614876931,1435066,0.5541776468454203,0.7011298127481578,0.7024793388429752,,0.6703296703296703,0.6700615108162277,1309966,0.500276572842219,0.6731861987034401,0.6703296703296703,,0.6446280991735537,0.6776859504132231,0.6528925619834711,0.6033057851239669,,,,,,,,,,None,None,,4.0,2.0,,,,,,,22.0,,,,100,0.15999999999999998
knn,True,468.3603515625,EState,random,hcv_ns3,0.8991228070175439,0.9125475285171103,18750369,0.8015345011440701,0.8633093525179856,0.967741935483871,0.8173076923076923,0.9473684210526315,0.9523809523809523,18646647,0.8989331499509895,0.9090909090909091,1.0,0.8888888888888888,0.8815789473684211,0.8947368421052632,0.9210526315789473,0.8289473684210527,,auto,,,,,,20.0,,,,,,,,,-1.0,7.0,,2.0,,,,distance,100,0.15999999999999998
knn,False,491.8857421875,EState,random,hcv_ns3,0.7162534435261708,0.7084573993771898,19080450,0.5818883842337041,0.7217024359069814,0.7162534435261708,,0.7802197802197802,0.780757337900195,17283561,0.6811900985104858,0.8038752721932445,0.7802197802197802,,0.6363636363636364,0.6198347107438017,0.6776859504132231,0.6115702479338843,,ball_tree,,,,,,10.0,,,,,,,,,-1.0,5.0,,1.0,,,,distance,90,0.15999999999999998
rf,True,3048.263671875,EState,stratified,hcv_ns3,0.9254385964912281,0.9322709163346613,30057726,0.8537446749001375,0.8931297709923665,0.975,0.8703703703703703,0.9298245614035088,0.9375,23274647,0.8669682733111429,1.0,0.8823529411764706,1.0,0.9035087719298246,0.868421052631579,0.9342105263157895,0.9078947368421053,,,,,,,,,,10,log2,,1.0,4.0,500.0,,,,True,,22.0,,True,,80,0.08999999999999998
rf,False,2274.9716796875,EState,stratified,hcv_ns3,0.7988980716253443,0.7958925437591952,8355757,0.7085644739304008,0.8151830620454841,0.7988980716253443,,0.8571428571428571,0.8558520045934233,5988918,0.7927107533927715,0.8692076344707924,0.8571428571428571,,0.628099173553719,0.628099173553719,0.71900826446281,0.5371900826446281,,,,,,,,,,30,sqrt,,1.0,2.0,100.0,,,,True,,22.0,,True,,90,0.08999999999999998
hgb,True,1330.96875,EState,stratified,hcv_ns3,0.9298245614035088,0.937007874015748,15946487,0.8650118350368913,0.8880597014925373,0.9916666666666667,0.8611111111111112,0.9473684210526315,0.9552238805970149,12791478,0.892012920042847,0.9696969696969697,0.9411764705882353,0.9565217391304348,0.8859649122807017,0.881578947368421,0.868421052631579,0.9078947368421053,,,,,True,,0.0,,0.01,None,,1000.0,16.0,,,100.0,,,,,22.0,,True,,100,0.08999999999999998
hgb,False,2133.9853515625,EState,stratified,hcv_ns3,0.721763085399449,0.7221627306170875,20757631,0.5794689718863177,0.7227428978810728,0.721763085399449,,0.6813186813186813,0.6852359445288978,18266942,0.5213328691605832,0.6922832722832722,0.6813186813186813,,0.6363636363636364,0.6942148760330579,0.6942148760330579,0.5206611570247934,,,,,True,,0.0,,0.01,10,,10000.0,16.0,,,100.0,,,,,22.0,,True,,90,0.08999999999999998
svm,True,525.4013671875,EState,stratified,hcv_ns3,0.9122807017543859,0.9206349206349206,3087951,0.8277676089132028,0.8787878787878788,0.9666666666666667,0.8518518518518519,0.9649122807017544,0.9696969696969697,1864008,0.9305279968604795,1.0,0.9411764705882353,1.0,0.9166666666666666,0.868421052631579,0.9473684210526315,0.9342105263157895,1.0,,0.5,4.0,,1.0,,,,,,,,,,,,,,,22.0,False,,,80,0.08999999999999998
svm,False,555.515625,EState,stratified,hcv_ns3,0.7988980716253443,0.7973222566166935,7025533,0.7012737376810038,0.8038228819474561,0.7988980716253443,,0.8021978021978022,0.8019880616895543,2807050,0.7055764192978213,0.8072271643700216,0.8021978021978022,,0.628099173553719,0.6363636363636364,0.7024793388429752,0.5454545454545454,200.0,,0.1,3.0,,1.0,,,,,,,,,,,,,,,22.0,True,,,90,0.08999999999999998
dt,True,186.0390625,EState,stratified,hcv_ns3,0.9166666666666666,0.924901185770751,1448850,0.8374185579922631,0.8796992481203008,0.975,0.8518518518518519,0.9649122807017544,0.9696969696969697,1429951,0.9305279968604795,1.0,0.9411764705882353,1.0,0.8815789473684211,0.8421052631578947,0.8947368421052632,0.9078947368421053,,,,,,,,,,None,log2,,1.0,4.0,,,,,,,22.0,,,,90,0.08999999999999998
dt,False,202.0654296875,EState,stratified,hcv_ns3,0.7878787878787878,0.7826811568277612,1475083,0.6963379317978423,0.8088272008748534,0.7878787878787878,,0.8681318681318682,0.8676442270003637,1382646,0.8128848706275947,0.8887871387871388,0.8681318681318682,,0.628099173553719,0.6115702479338843,0.6942148760330579,0.5785123966942148,,,,,,,,,,None,log2,,1.0,2.0,,,,,,,22.0,,,,90,0.08999999999999998
knn,True,508.134765625,EState,stratified,hcv_ns3,0.9166666666666666,0.924901185770751,18437259,0.8374185579922631,0.8796992481203008,0.975,0.8518518518518519,0.9649122807017544,0.9696969696969697,17139082,0.9305279968604795,1.0,0.9411764705882353,1.0,0.8903508771929824,0.8421052631578947,0.9078947368421053,0.9210526315789473,,kd_tree,,,,,,10.0,,,,,,,,,-1.0,5.0,,2.0,,,,distance,90,0.08999999999999998
knn,False,478.84765625,EState,stratified,hcv_ns3,0.7658402203856749,0.7604418135835247,30948454,0.661248846267289,0.7827704300633693,0.7658402203856749,,0.8351648351648352,0.8330249871832023,18363985,0.7575815738663227,0.8410591487514564,0.8351648351648352,,0.6446280991735538,0.6859504132231405,0.7355371900826446,0.512396694214876,,brute,,,,,,30.0,,,,,,,,,-1.0,9.0,,1.0,,,,distance,80,0.08999999999999998
rf,True,1219.6728515625,EState,strict,hcv_ns3,0.952755905511811,0.9568345323741008,7177366,0.906585359496764,0.9300699300699301,0.9851851851851852,0.9159663865546218,0.9354838709677419,0.95,5698898,0.8683134537528795,0.9047619047619048,1.0,0.8333333333333334,0.8875502008032128,0.9156626506024096,0.8313253012048193,0.9156626506024096,,,,,,,,,,10,sqrt,,1.0,2.0,100.0,,,,True,,22.0,,True,,90,0.08999999999999998
rf,False,4808.05859375,EState,strict,hcv_ns3,0.7039800995024875,0.6983628706394401,33676376,0.5604644889920101,0.7044774377412657,0.7039800995024875,,0.7692307692307693,0.7717854182119639,22818169,0.6466867305277184,0.7897037173352963,0.7692307692307693,,0.6439393939393939,0.6515151515151515,0.6287878787878788,0.6515151515151515,,,,,,,,,,30,None,,2.0,2.0,500.0,,,,True,,22.0,,True,,90,0.15999999999999998
hgb,True,1172.0654296875,EState,strict,hcv_ns3,0.9173228346456693,0.9236363636363636,10097593,0.8342277469778394,0.9071428571428571,0.9407407407407408,0.8907563025210085,0.9032258064516129,0.9230769230769231,8814649,0.7947695843356161,0.9,0.9473684210526315,0.8333333333333334,0.891566265060241,0.927710843373494,0.8674698795180723,0.8795180722891566,,,,,True,,0.0,,0.01,20,,1000.0,8.0,,,100.0,,,,,22.0,,True,,80,0.08999999999999998
hgb,False,952.5078125,EState,strict,hcv_ns3,0.6890547263681592,0.6832370793547757,11964486,0.5361447393851622,0.6890029480635578,0.6890547263681592,,0.75,0.7262140033879165,6798033,0.6023479884445805,0.7245454545454545,0.75,,0.6414141414141414,0.6439393939393939,0.6287878787878788,0.6515151515151515,,,,,True,,0.0,,0.01,20,,1000.0,16.0,,,100.0,,,,,22.0,,True,,90,0.08999999999999998
svm,True,526.5224609375,EState,strict,hcv_ns3,0.937007874015748,0.9416058394160584,3453928,0.8737000696986017,0.9280575539568345,0.9555555555555556,0.9159663865546218,0.8709677419354839,0.9,1963384,0.7266412586668833,0.8571428571428571,0.9473684210526315,0.75,0.8795180722891566,0.891566265060241,0.8192771084337349,0.927710843373494,1.0,,0.0,2.0,,1.0,,,,,,,,,,,,,,,22.0,False,,,80,0.08999999999999998
svm,False,553.75,EState,strict,hcv_ns3,0.8109452736318408,0.8084075234485205,7415171,0.7234482810032135,0.8204193910422453,0.8109452736318408,,0.7884615384615384,0.7912034015825108,2309835,0.6925075611927841,0.8290777849601378,0.7884615384615384,,0.6212121212121212,0.5606060606060606,0.6590909090909091,0.6439393939393939,10.0,,0.5,2.0,,1.0,,,,,,,,,,,,,,,22.0,False,,,80,0.08999999999999998
dt,True,185.4140625,EState,strict,hcv_ns3,0.937007874015748,0.9428571428571428,1566026,0.8756488450673008,0.9103448275862069,0.9777777777777777,0.8907563025210085,0.8709677419354839,0.9,1517057,0.7266412586668833,0.8571428571428571,0.9473684210526315,0.75,0.8674698795180723,0.8795180722891566,0.8313253012048193,0.891566265060241,,,,,,,,,,10,None,,1.0,2.0,,,,,,,22.0,,,,80,0.08999999999999998
dt,False,194.0458984375,EState,strict,hcv_ns3,0.7388059701492538,0.7336326036671823,1897420,0.616080714238785,0.7468478236953244,0.7388059701492538,,0.7307692307692307,0.7333154650227821,1561013,0.5969291304885316,0.7653083808774347,0.7307692307692307,,0.6363636363636364,0.6439393939393939,0.6136363636363636,0.6515151515151515,,,,,,,,,,30,None,,1.0,2.0,,,,,,,22.0,,,,90,0.15999999999999998
knn,True,499.1708984375,EState,strict,hcv_ns3,0.9448818897637795,0.950354609929078,18955628,0.8927340073722668,0.9115646258503401,0.9925925925925926,0.8907563025210085,0.9032258064516129,0.926829268292683,18193738,0.8048150549829897,0.8636363636363636,1.0,0.75,0.8755020080321286,0.8674698795180723,0.8554216867469879,0.9036144578313253,,ball_tree,,,,,,30.0,,,,,,,,,-1.0,7.0,,1.0,,,,distance,80,0.08999999999999998
knn,False,490.2001953125,EState,strict,hcv_ns3,0.8134328358208955,0.813051853402092,32541960,0.7196969408293347,0.8128114357788522,0.8134328358208955,,0.7307692307692307,0.7423264540337711,31229646,0.6105336925789274,0.7906532805429863,0.7307692307692307,,0.6186868686868686,0.6590909090909091,0.553030303030303,0.6439393939393939,,auto,,,,,,40.0,,,,,,,,,-1.0,7.0,,2.0,,,,distance,90,0.08999999999999998
rf,True,3461.4833984375,CDKextended,random,hcv_ns3,0.9649122807017544,0.967741935483871,33677171,0.9292803970223326,0.967741935483871,0.967741935483871,0.9615384615384616,0.9824561403508771,0.9836065573770492,27510558,0.9653494919339114,0.967741935483871,1.0,0.9629629629629629,0.9385964912280702,0.9868421052631579,0.9210526315789473,0.9078947368421053,,,,,,,,,,20,log2,,1.0,3.0,500.0,,,,True,,22.0,,True,,90,0.15999999999999998
rf,False,1376.6669921875,CDKextended,random,hcv_ns3,0.8457300275482094,0.8447840138461769,14716936,0.7689623985821692,0.8481965155651625,0.8457300275482094,,0.8791208791208791,0.8791056438115261,10569133,0.8188255360593889,0.8869533956605805,0.8791208791208791,,0.6997245179063362,0.7107438016528925,0.6942148760330579,0.6942148760330579,,,,,,,,,,None,sqrt,,2.0,8.0,100.0,,,,True,,22.0,,True,,100,0.15999999999999998
hgb,True,1864.9365234375,CDKextended,random,hcv_ns3,0.956140350877193,0.9590163934426229,23071345,0.9124409140106106,0.975,0.9435483870967742,0.9711538461538461,0.9649122807017544,0.9666666666666667,16577446,0.9296296296296296,0.9666666666666667,0.9666666666666667,0.9629629629629629,0.9210526315789473,0.9210526315789473,0.9210526315789473,0.9210526315789473,,,,,True,,0.01,,0.01,None,,1000.0,8.0,,,100.0,,,,,22.0,,True,,80,0.08999999999999998
hgb,False,1967.9375,CDKextended,random,hcv_ns3,0.8815426997245179,0.8817803981096571,25640368,0.8216983845449182,0.8841582355028414,0.8815426997245179,,0.967032967032967,0.9671397901829316,16961294,0.9506572297185695,0.9694451889573841,0.967032967032967,,0.6694214876033059,0.6528925619834711,0.6611570247933884,0.6942148760330579,,,,,True,,0.01,,0.01,20,,10000.0,16.0,,,100.0,,,,,22.0,,True,,90,0.15999999999999998
svm,True,1515.5498046875,CDKextended,random,hcv_ns3,0.9692982456140351,0.97165991902834,24097066,0.9382048956259493,0.975609756097561,0.967741935483871,0.9711538461538461,0.9649122807017544,0.9666666666666667,11747453,0.9296296296296296,0.9666666666666667,0.9666666666666667,0.9629629629629629,0.9342105263157895,0.9605263157894737,0.9342105263157895,0.9078947368421053,10.0,,0.0,3.0,,0.005,,,,,,,,,,,,,,,22.0,False,,,90,0.08999999999999998
svm,False,2009.7021484375,CDKextended,random,hcv_ns3,0.8787878787878788,0.8787317464825274,50135751,0.8175710445864711,0.8801674539018912,0.8787878787878788,,0.9340659340659341,0.9342859342859342,16120295,0.9019884568202683,0.9386730275324439,0.9340659340659341,,0.6694214876033059,0.6859504132231405,0.6942148760330579,0.628099173553719,10.0,,0.5,3.0,,0.005,,,,,,,,,,,,,,,22.0,True,,,80,0.15999999999999998
dt,True,204.8994140625,CDKextended,random,hcv_ns3,0.9342105263157895,0.9411764705882353,5892906,0.8683594020462115,0.916030534351145,0.967741935483871,0.8942307692307693,0.9473684210526315,0.9508196721311475,5044005,0.8948047213695102,0.9354838709677419,0.9666666666666667,0.9259259259259259,0.8947368421052632,0.9078947368421053,0.9078947368421053,0.868421052631579,,,,,,,,,,None,None,,2.0,3.0,,,,,,,22.0,,,,80,0.15999999999999998
dt,False,226.12109375,CDKextended,random,hcv_ns3,0.90633608815427,0.9067558054410767,5918608,0.8591750927215156,0.908784236395455,0.90633608815427,,0.9560439560439561,0.9559471297932836,5582526,0.9336545671556788,0.956967956967957,0.9560439560439561,,0.6391184573002755,0.6942148760330579,0.6198347107438017,0.6033057851239669,,,,,,,,,,30,sqrt,,1.0,2.0,,,,,,,22.0,,,,90,0.15999999999999998
knn,True,1769.9794921875,CDKextended,random,hcv_ns3,0.9649122807017544,0.967741935483871,35198455,0.9292803970223326,0.967741935483871,0.967741935483871,0.9615384615384616,0.9649122807017544,0.967741935483871,32529409,0.9316949906249123,0.9375,1.0,0.9259259259259259,0.9342105263157895,0.9605263157894737,0.9342105263157895,0.9078947368421053,,brute,,,,,,10.0,,,,,,,,,-1.0,5.0,,1.0,,,,distance,80,0.08999999999999998
knn,False,2639.0048828125,CDKextended,random,hcv_ns3,0.9035812672176309,0.9036771527030334,88680583,0.8545792718985704,0.9039075412013031,0.9035812672176309,,0.978021978021978,0.978021978021978,68103981,0.9664701547531319,0.978021978021978,0.978021978021978,,0.6859504132231405,0.7024793388429752,0.71900826446281,0.6363636363636364,,auto,,,,,,30.0,,,,,,,,,-1.0,7.0,,2.0,,,,distance,80,0.08999999999999998
rf,True,977.1337890625,CDKextended,stratified,hcv_ns3,0.9385964912280702,0.9435483870967742,11205506,0.8785883761592923,0.9140625,0.975,0.8981481481481481,0.9649122807017544,0.9696969696969697,9684381,0.9305279968604795,1.0,0.9411764705882353,1.0,0.9254385964912281,0.8947368421052632,0.9473684210526315,0.9342105263157895,,,,,,,,,,10,log2,,1.0,8.0,100.0,,,,True,,22.0,,True,,90,0.15999999999999998
rf,False,8391.4326171875,CDKextended,stratified,hcv_ns3,0.9090909090909091,0.9090728178090268,42629885,0.8626612901245349,0.9093449186357744,0.9090909090909091,,0.8571428571428571,0.8571428571428571,29166953,0.785377358490566,0.8571428571428571,0.8571428571428571,,0.6804407713498623,0.6942148760330579,0.743801652892562,0.6033057851239669,,,,,,,,,,None,log2,,1.0,4.0,500.0,,,,True,,22.0,,True,,100,0.15999999999999998
hgb,True,1070.01171875,CDKextended,stratified,hcv_ns3,0.9692982456140351,0.9707112970711297,20018798,0.9384906941346894,0.9747899159663865,0.9666666666666667,0.9722222222222222,0.9473684210526315,0.9538461538461539,11599018,0.8980874600910819,1.0,0.9117647058823529,1.0,0.9035087719298246,0.9078947368421053,0.8947368421052632,0.9078947368421053,,,,,True,,0.01,,0.01,10,,1000.0,8.0,,,100.0,,,,,22.0,,True,,80,0.08999999999999998
hgb,False,1164.1376953125,CDKextended,stratified,hcv_ns3,0.8512396694214877,0.8506994262768969,35260342,0.775629505138963,0.8521774372098344,0.8512396694214877,,0.8021978021978022,0.7996669996669996,249999107,0.7050925873298084,0.8015698587127158,0.8021978021978022,,0.6776859504132231,0.7272727272727273,0.7355371900826446,0.5702479338842975,,,,,True,,0.1,,0.01,50,,1000.0,32.0,,,100.0,,,,,22.0,,True,,80,0.15999999999999998
svm,True,1303.6552734375,CDKextended,stratified,hcv_ns3,0.9780701754385965,0.979253112033195,18312697,0.9560351688064346,0.9752066115702479,0.9833333333333333,0.9722222222222222,0.9473684210526315,0.9538461538461539,8782031,0.8980874600910819,1.0,0.9117647058823529,1.0,0.9298245614035087,0.9078947368421053,0.9473684210526315,0.9342105263157895,10.0,,0.0,2.0,,0.005,,,,,,,,,,,,,,,22.0,True,,,80,0.08999999999999998
svm,False,1985.6435546875,CDKextended,stratified,hcv_ns3,0.8870523415977961,0.8867678885595538,51626330,0.8299424666020007,0.88706524471076,0.8870523415977961,,0.8241758241758241,0.8211175957073543,16556676,0.7389179316927245,0.8237185472479589,0.8241758241758241,,0.6776859504132231,0.7024793388429752,0.7520661157024794,0.5785123966942148,10.0,,0.0,2.0,,0.005,,,,,,,,,,,,,,,22.0,True,,,80,0.15999999999999998
dt,True,208.962890625,CDKextended,stratified,hcv_ns3,0.9429824561403509,0.9477911646586346,5734056,0.8879801164534583,0.9147286821705426,0.9833333333333333,0.8981481481481481,0.9298245614035088,0.9375,5185207,0.8669682733111429,1.0,0.8823529411764706,1.0,0.8947368421052632,0.8552631578947368,0.9210526315789473,0.9078947368421053,,,,,,,,,,30,log2,,2.0,3.0,,,,,,,22.0,,,,90,0.08999999999999998
dt,False,214.0556640625,CDKextended,stratified,hcv_ns3,0.7988980716253443,0.7974322352974024,5976810,0.6993618478970623,0.8003972531640516,0.7988980716253443,,0.7802197802197802,0.7781396348195948,5063586,0.6785427864181323,0.7953948961372079,0.7802197802197802,,0.6556473829201102,0.6776859504132231,0.6942148760330579,0.5950413223140496,,,,,,,,,,30,sqrt,,2.0,8.0,,,,,,,22.0,,,,80,0.15999999999999998
knn,True,1447.5966796875,CDKextended,stratified,hcv_ns3,0.9736842105263158,0.9754098360655737,34916096,0.9477132992928111,0.9596774193548387,0.9916666666666667,0.9537037037037037,0.9824561403508771,0.9850746268656716,34466537,0.9644413195335055,1.0,0.9705882352941176,1.0,0.912280701754386,0.881578947368421,0.9210526315789473,0.9342105263157895,,auto,,,,,,30.0,,,,,,,,,-1.0,7.0,,1.0,,,,distance,80,0.15999999999999998
knn,False,2195.0751953125,CDKextended,stratified,hcv_ns3,0.8953168044077136,0.8949275407902799,89945744,0.8424550270758887,0.8953569850251077,0.8953168044077136,,0.9230769230769231,0.9223237968927624,92960011,0.8865699313618836,0.9257028685600114,0.9230769230769231,,0.6584022038567493,0.6611570247933884,0.7024793388429752,0.6115702479338843,,brute,,,,,,50.0,,,,,,,,,-1.0,9.0,,2.0,,,,distance,80,0.15999999999999998
rf,True,1044.2158203125,CDKextended,strict,hcv_ns3,0.9606299212598425,0.9640287769784173,11317516,0.9224914644433813,0.9370629370629371,0.9925925925925926,0.9243697478991597,0.967741935483871,0.9743589743589743,9054720,0.9331845119446278,0.95,1.0,0.9166666666666666,0.9156626506024096,0.927710843373494,0.8795180722891566,0.9397590361445783,,,,,,,,,,None,sqrt,,2.0,4.0,100.0,,,,True,,22.0,,True,,80,0.08999999999999998
rf,False,1711.6142578125,CDKextended,strict,hcv_ns3,0.8830845771144279,0.882748999961838,13710828,0.8254433500915066,0.8856291525726042,0.8830845771144279,,0.7884615384615384,0.7908989266547406,10011423,0.6790101881265341,0.8097045498361287,0.7884615384615384,,0.6641414141414141,0.6060606060606061,0.6590909090909091,0.7272727272727273,,,,,,,,,,20,sqrt,,2.0,3.0,100.0,,,,True,,22.0,,True,,90,0.08999999999999998
hgb,True,1630.2373046875,CDKextended,strict,hcv_ns3,0.9803149606299213,0.9816849816849816,16719387,0.9606849580272481,0.9710144927536232,0.9925925925925926,0.9663865546218487,0.967741935483871,0.9743589743589743,13327890,0.9331845119446278,0.95,1.0,0.9166666666666666,0.9076305220883535,0.9156626506024096,0.8674698795180723,0.9397590361445783,,,,,True,,0.0,,0.01,20,,99999999.0,8.0,,,100.0,,,,,22.0,,True,,80,0.15999999999999998
hgb,False,2339.1103515625,CDKextended,strict,hcv_ns3,0.8980099502487562,0.8975029214366642,27987766,0.8478149629709467,0.9005238638680244,0.8980099502487562,,0.9230769230769231,0.9227097234462209,21591393,0.8775172508483031,0.9232023411371237,0.9230769230769231,,0.648989898989899,0.6060606060606061,0.6439393939393939,0.696969696969697,,,,,True,,0.1,,0.01,20,,1000.0,16.0,,,100.0,,,,,22.0,,True,,90,0.15999999999999998
svm,True,1392.99609375,CDKextended,strict,hcv_ns3,0.9881889763779528,0.988929889298893,23373549,0.9763025688382726,0.9852941176470589,0.9925925925925926,0.9831932773109243,0.967741935483871,0.9743589743589743,7197683,0.9331845119446278,0.95,1.0,0.9166666666666666,0.9236947791164659,0.9397590361445783,0.891566265060241,0.9397590361445783,300.0,,0.1,3.0,,0.005,,,,,,,,,,,,,,,22.0,True,,,80,0.08999999999999998
svm,False,2436.0458984375,CDKextended,strict,hcv_ns3,0.845771144278607,0.8437758091258599,61418016,0.7754349644801635,0.8559670065973337,0.845771144278607,,0.8076923076923077,0.8075134168157425,12491254,0.7241321280464762,0.8517628205128205,0.8076923076923077,,0.6590909090909091,0.6287878787878788,0.6590909090909091,0.6893939393939394,10.0,,0.5,2.0,,0.001,,,,,,,,,,,,,,,22.0,True,,,80,0.08999999999999998
dt,True,206.0712890625,CDKextended,strict,hcv_ns3,0.968503937007874,0.9708029197080292,5758010,0.9371012032471897,0.9568345323741008,0.9851851851851852,0.9495798319327731,0.9032258064516129,0.926829268292683,4931327,0.8048150549829897,0.8636363636363636,1.0,0.75,0.891566265060241,0.891566265060241,0.8554216867469879,0.927710843373494,,,,,,,,,,None,None,,2.0,2.0,,,,,,,22.0,,,,80,0.15999999999999998
dt,False,218.3603515625,CDKextended,strict,hcv_ns3,0.8482587064676617,0.8467179781390248,6272656,0.7752231976744841,0.85146116521415,0.8482587064676617,,0.7307692307692307,0.7311250917693124,5190127,0.6024064940150741,0.7624165050635638,0.7307692307692307,,0.6338383838383838,0.6287878787878788,0.6212121212121212,0.6515151515151515,,,,,,,,,,20,sqrt,,2.0,4.0,,,,,,,22.0,,,,90,0.15999999999999998
knn,True,2092.3310546875,CDKextended,strict,hcv_ns3,0.984251968503937,0.9854014598540146,46121810,0.9688017700214836,0.9712230215827338,1.0,0.9663865546218487,0.967741935483871,0.9743589743589743,35872988,0.9331845119446278,0.95,1.0,0.9166666666666666,0.9116465863453814,0.9156626506024096,0.8674698795180723,0.9518072289156626,,auto,,,,,,10.0,,,,,,,,,-1.0,3.0,,1.0,,,,distance,90,0.08999999999999998
knn,False,3122.8798828125,CDKextended,strict,hcv_ns3,0.9378109452736318,0.9379304814128869,59795083,0.9065754782545068,0.9383454026053126,0.9378109452736318,,0.9230769230769231,0.9252465483234713,33296884,0.8828482643491186,0.934527972027972,0.9230769230769231,,0.6262626262626263,0.5606060606060606,0.6439393939393939,0.6742424242424242,,auto,,,,,,30.0,,,,,,,,,-1.0,3.0,,1.0,,,,distance,90,0.08999999999999998
rf,True,1074.501953125,CDK,random,hcv_ns3,0.9605263157894737,0.9635627530364372,11174992,0.9205380046280375,0.967479674796748,0.9596774193548387,0.9615384615384616,0.9824561403508771,0.9836065573770492,9721820,0.9653494919339114,0.967741935483871,1.0,0.9629629629629629,0.9342105263157895,0.9605263157894737,0.9473684210526315,0.8947368421052632,,,,,,,,,,20,sqrt,,1.0,3.0,100.0,,,,True,,22.0,,True,,90,0.08999999999999998
rf,False,1368.7890625,CDK,random,hcv_ns3,0.8402203856749312,0.8397840961965511,13518986,0.7604500575174201,0.8428323119881561,0.8402203856749312,,0.8791208791208791,0.8793035535892678,10007860,0.8204463782210825,0.8915187376725839,0.8791208791208791,,0.7052341597796143,0.7024793388429752,0.7024793388429752,0.7107438016528925,,,,,,,,,,10,sqrt,,2.0,8.0,100.0,,,,True,,22.0,,True,,90,0.08999999999999998
hgb,True,1752.61328125,CDK,random,hcv_ns3,0.956140350877193,0.959349593495935,41636693,0.9118794671752068,0.9672131147540983,0.9516129032258065,0.9615384615384616,0.9824561403508771,0.9836065573770492,30225136,0.9653494919339114,0.967741935483871,1.0,0.9629629629629629,0.9035087719298245,0.9473684210526315,0.8947368421052632,0.868421052631579,,,,,True,,0.0,,0.01,50,,10000.0,32.0,,,100.0,,,,,22.0,,True,,90,0.08999999999999998
hgb,False,1636.1845703125,CDK,random,hcv_ns3,0.8484848484848485,0.8480649270617923,30646123,0.7719001614390862,0.8504254456613383,0.8484848484848485,,0.9120879120879121,0.9120879120879121,21950871,0.8675386882829772,0.9154788069073783,0.9120879120879121,,0.6887052341597796,0.6776859504132231,0.6942148760330579,0.6942148760330579,,,,,True,,0.1,,0.01,10,,1000.0,32.0,,,100.0,,,,,22.0,,True,,80,0.08999999999999998
svm,True,1052.0537109375,CDK,random,hcv_ns3,0.9605263157894737,0.963855421686747,13757013,0.9204147248918711,0.96,0.967741935483871,0.9519230769230769,0.9649122807017544,0.9666666666666667,7025302,0.9296296296296296,0.9666666666666667,0.9666666666666667,0.9629629629629629,0.9298245614035089,0.9342105263157895,0.9473684210526315,0.9078947368421053,10.0,,0.5,2.0,,0.005,,,,,,,,,,,,,,,22.0,True,,,80,0.15999999999999998
svm,False,2076.3623046875,CDK,random,hcv_ns3,0.8292011019283747,0.8272582967427654,52982822,0.7455079531341798,0.8324306094016932,0.8292011019283747,,0.8681318681318682,0.8684113645458184,17333050,0.8044240861316627,0.879443288980456,0.8681318681318682,,0.6804407713498623,0.6859504132231405,0.6942148760330579,0.6611570247933884,10.0,,0.5,3.0,,0.001,,,,,,,,,,,,,,,22.0,False,,,90,0.15999999999999998
dt,True,203.017578125,CDK,random,hcv_ns3,0.8903508771929824,0.900398406374502,5579402,0.7787611114378579,0.889763779527559,0.9112903225806451,0.8653846153846154,0.9298245614035088,0.9333333333333333,5053341,0.8592592592592593,0.9333333333333333,0.9333333333333333,0.9259259259259259,0.899122807017544,0.8947368421052632,0.9342105263157895,0.868421052631579,,,,,,,,,,10,sqrt,,2.0,8.0,,,,,,,22.0,,,,90,0.15999999999999998
dt,False,213.5400390625,CDK,random,hcv_ns3,0.8126721763085399,0.8107787843787467,5966486,0.7227338599308641,0.8202476520506686,0.8126721763085399,,0.8351648351648352,0.8337416968995917,5102174,0.7562378985908259,0.8412593153972464,0.8351648351648352,,0.6418732782369146,0.628099173553719,0.6611570247933884,0.6363636363636364,,,,,,,,,,30,sqrt,,2.0,3.0,,,,,,,22.0,,,,80,0.15999999999999998
knn,True,1934.4248046875,CDK,random,hcv_ns3,0.9692982456140351,0.97165991902834,33887064,0.9382048956259493,0.975609756097561,0.967741935483871,0.9711538461538461,0.9824561403508771,0.9836065573770492,32747643,0.9653494919339114,0.967741935483871,1.0,0.9629629629629629,0.9342105263157895,0.9736842105263158,0.9342105263157895,0.8947368421052632,,auto,,,,,,10.0,,,,,,,,,-1.0,7.0,,1.0,,,,distance,90,0.08999999999999998
knn,False,2381.9892578125,CDK,random,hcv_ns3,0.9035812672176309,0.9035187122961418,47142289,0.8545770899952059,0.9034753125662216,0.9035812672176309,,0.9560439560439561,0.9559319112260288,33744305,0.9332743294439833,0.956169610015764,0.9560439560439561,,0.6804407713498623,0.7024793388429752,0.7107438016528925,0.628099173553719,,auto,,,,,,40.0,,,,,,,,,-1.0,7.0,,1.0,,,,distance,90,0.15999999999999998
rf,True,1038.0400390625,CDK,stratified,hcv_ns3,0.9649122807017544,0.9672131147540983,11125747,0.9300771066517108,0.9516129032258065,0.9833333333333333,0.9444444444444444,0.9473684210526315,0.9538461538461539,9527772,0.8980874600910819,1.0,0.9117647058823529,1.0,0.9210526315789473,0.881578947368421,0.9342105263157895,0.9473684210526315,,,,,,,,,,30,log2,,2.0,4.0,100.0,,,,True,,22.0,,True,,80,0.15999999999999998
rf,False,1645.88671875,CDK,stratified,hcv_ns3,0.8898071625344353,0.8890900584962316,13858292,0.8356322520801213,0.892138776750568,0.8898071625344353,,0.8351648351648352,0.8325519963310091,12623635,0.7607294638761419,0.8475731769742659,0.8351648351648352,,0.6859504132231405,0.7024793388429752,0.768595041322314,0.5867768595041323,,,,,,,,,,20,sqrt,,2.0,3.0,100.0,,,,True,,22.0,,True,,80,0.08999999999999998
hgb,True,1186.107421875,CDK,stratified,hcv_ns3,0.9736842105263158,0.9752066115702479,15343163,0.9473201893346714,0.9672131147540983,0.9833333333333333,0.9629629629629629,0.9473684210526315,0.9538461538461539,10109415,0.8980874600910819,1.0,0.9117647058823529,1.0,0.9035087719298245,0.868421052631579,0.9210526315789473,0.9210526315789473,,,,,True,,0.0,,0.01,None,,10000.0,8.0,,,100.0,,,,,22.0,,True,,80,0.15999999999999998
hgb,False,993.28125,CDK,stratified,hcv_ns3,0.8429752066115702,0.8421836136200909,19532637,0.7634740464004891,0.8432072578706337,0.8429752066115702,,0.7802197802197802,0.7758063437576622,13711403,0.6745814255135231,0.7810422425807042,0.7802197802197802,,0.6887052341597796,0.7272727272727273,0.7272727272727273,0.6115702479338843,,,,,True,,0.0,,0.01,None,,1000.0,32.0,,,100.0,,,,,22.0,,True,,80,0.15999999999999998
svm,True,1470.4365234375,CDK,stratified,hcv_ns3,0.9736842105263158,0.975,19806569,0.9472222222222222,0.975,0.975,0.9722222222222222,0.9473684210526315,0.9538461538461539,10284090,0.8980874600910819,1.0,0.9117647058823529,1.0,0.9254385964912281,0.8947368421052632,0.9473684210526315,0.9342105263157895,10.0,,0.0,2.0,,0.005,,,,,,,,,,,,,,,22.0,True,,,90,0.08999999999999998
svm,False,2358.8583984375,CDK,stratified,hcv_ns3,0.8953168044077136,0.8951378951577018,54614246,0.8429941575285466,0.8966713792411266,0.8953168044077136,,0.8461538461538461,0.8435197046805194,17226474,0.7719848270868912,0.8467619526443055,0.8461538461538461,,0.672176308539945,0.6859504132231405,0.7355371900826446,0.5950413223140496,10.0,,0.0,2.0,,0.005,,,,,,,,,,,,,,,22.0,True,,,100,0.15999999999999998
dt,True,204.1416015625,CDK,stratified,hcv_ns3,0.9517543859649122,0.9554655870445344,5811650,0.9046539063435955,0.9291338582677166,0.9833333333333333,0.9166666666666666,0.9649122807017544,0.9696969696969697,5205046,0.9305279968604795,1.0,0.9411764705882353,1.0,0.899122807017544,0.868421052631579,0.9210526315789473,0.9078947368421053,,,,,,,,,,None,None,,1.0,4.0,,,,,,,22.0,,,,90,0.08999999999999998
dt,False,210.5791015625,CDK,stratified,hcv_ns3,0.859504132231405,0.8575708428329827,6149866,0.7947742820971523,0.8678243672869477,0.859504132231405,,0.8131868131868132,0.8073183646954138,5067250,0.7286011128427229,0.8211420049929367,0.8131868131868132,,0.6721763085399449,0.6859504132231405,0.743801652892562,0.5867768595041323,,,,,,,,,,10,None,,1.0,8.0,,,,,,,22.0,,,,80,0.08999999999999998
knn,True,2524.0654296875,CDK,stratified,hcv_ns3,0.9736842105263158,0.9754098360655737,32553313,0.9477132992928111,0.9596774193548387,0.9916666666666667,0.9537037037037037,0.9824561403508771,0.9850746268656716,22009765,0.9644413195335055,1.0,0.9705882352941176,1.0,0.912280701754386,0.868421052631579,0.9473684210526315,0.9210526315789473,,ball_tree,,,,,,10.0,,,,,,,,,-1.0,3.0,,1.0,,,,distance,80,0.15999999999999998
knn,False,5851.8271484375,CDK,stratified,hcv_ns3,0.9090909090909091,0.9089135470620856,53403337,0.8632494550003671,0.9095636308192948,0.9090909090909091,,0.9230769230769231,0.9223237968927624,31249875,0.8865699313618836,0.9257028685600114,0.9230769230769231,,0.650137741046832,0.6611570247933884,0.7024793388429752,0.5867768595041323,,ball_tree,,,,,,10.0,,,,,,,,,-1.0,7.0,,1.0,,,,distance,90,0.08999999999999998
rf,True,2131.501953125,CDK,strict,hcv_ns3,0.9763779527559056,0.9781021897810219,30831328,0.9529514866343366,0.9640287769784173,0.9925925925925926,0.957983193277311,0.967741935483871,0.9743589743589743,23903501,0.9331845119446278,0.95,1.0,0.9166666666666666,0.9236947791164658,0.9518072289156626,0.891566265060241,0.927710843373494,,,,,,,,,,20,None,,2.0,3.0,500.0,,,,True,,22.0,,True,,80,0.08999999999999998
rf,False,6256.1650390625,CDK,strict,hcv_ns3,0.8955223880597015,0.8949233511131381,38879406,0.8449722499646949,0.8986370667670053,0.8955223880597015,,0.8653846153846154,0.865697310819262,25783452,0.7901940935854442,0.8731268731268731,0.8653846153846154,,0.6641414141414141,0.6287878787878788,0.6515151515151515,0.7121212121212122,,,,,,,,,,30,sqrt,,2.0,2.0,500.0,,,,True,,22.0,,True,,80,0.15999999999999998
hgb,True,1307.6650390625,CDK,strict,hcv_ns3,0.984251968503937,0.9852941176470589,81277872,0.9684682356218585,0.9781021897810219,0.9925925925925926,0.9747899159663865,0.967741935483871,0.9743589743589743,11007730,0.9331845119446278,0.95,1.0,0.9166666666666666,0.8875502008032128,0.8554216867469879,0.891566265060241,0.9156626506024096,,,,,True,,0.0,,0.01,50,,1000.0,8.0,,,100.0,,,,,22.0,,True,,80,0.08999999999999998
hgb,False,2490.283203125,CDK,strict,hcv_ns3,0.8955223880597015,0.8954120506359313,23281154,0.8436014256589455,0.8977857665364135,0.8955223880597015,,0.9230769230769231,0.9231694492212005,17244141,0.8796680222687365,0.9261363636363635,0.9230769230769231,,0.6464646464646465,0.6136363636363636,0.6666666666666666,0.6590909090909091,,,,,True,,0.1,,0.01,20,,10000.0,8.0,,,100.0,,,,,22.0,,True,,90,0.08999999999999998
svm,True,1365.5185546875,CDK,strict,hcv_ns3,0.9881889763779528,0.988929889298893,19620447,0.9763025688382726,0.9852941176470589,0.9925925925925926,0.9831932773109243,0.967741935483871,0.9743589743589743,6749541,0.9331845119446278,0.95,1.0,0.9166666666666666,0.9156626506024096,0.9156626506024096,0.891566265060241,0.9397590361445783,100.0,,0.0,4.0,,0.01,,,,,,,,,,,,,,,22.0,False,,,90,0.15999999999999998
svm,False,2510.4365234375,CDK,strict,hcv_ns3,0.8980099502487562,0.8982256049590941,70776274,0.847498970938273,0.9007915450479417,0.8980099502487562,,0.8653846153846154,0.8667224080267558,13534884,0.7898107133455062,0.8723776223776223,0.8653846153846154,,0.654040404040404,0.6287878787878788,0.6742424242424242,0.6590909090909091,10.0,,0.0,4.0,,0.005,,,,,,,,,,,,,,,22.0,False,,,80,0.08999999999999998
dt,True,201.4697265625,CDK,strict,hcv_ns3,0.9566929133858267,0.959409594095941,5736541,0.9130260053055037,0.9558823529411765,0.9629629629629629,0.9495798319327731,1.0,1.0,4878873,1.0,1.0,1.0,1.0,0.891566265060241,0.9156626506024096,0.8313253012048193,0.927710843373494,,,,,,,,,,None,None,,2.0,8.0,,,,,,,22.0,,,,80,0.15999999999999998
dt,False,213.3447265625,CDK,strict,hcv_ns3,0.9054726368159204,0.905749002528942,5955965,0.8584981615580616,0.9081539783132491,0.9054726368159204,,0.9230769230769231,0.9228859943145657,4855146,0.8767913060848341,0.9235470085470084,0.9230769230769231,,0.6338383838383838,0.6363636363636364,0.6515151515151515,0.6136363636363636,,,,,,,,,,10,None,,1.0,2.0,,,,,,,22.0,,,,100,0.15999999999999998
knn,True,3472.3232421875,CDK,strict,hcv_ns3,0.984251968503937,0.9854014598540146,43510965,0.9688017700214836,0.9712230215827338,1.0,0.9663865546218487,0.967741935483871,0.9743589743589743,32704760,0.9331845119446278,0.95,1.0,0.9166666666666666,0.9036144578313253,0.9156626506024096,0.8674698795180723,0.927710843373494,,kd_tree,,,,,,40.0,,,,,,,,,-1.0,3.0,,1.0,,,,distance,80,0.08999999999999998
knn,False,4150.1005859375,CDK,strict,hcv_ns3,0.9303482587064676,0.9303678459916498,68556343,0.8955252136042974,0.9312959592416115,0.9303482587064676,,0.7692307692307693,0.7800788954635108,31883980,0.6882625606269569,0.8538461538461538,0.7692307692307693,,0.6313131313131314,0.5984848484848485,0.6439393939393939,0.6515151515151515,,ball_tree,,,,,,40.0,,,,,,,,,-1.0,7.0,,1.0,,,,distance,80,0.15999999999999998
rf,True,2784.97265625,CDKgraphonly,random,hcv_ns3,0.9517543859649122,0.9558232931726908,29386679,0.9027204114622467,0.952,0.9596774193548387,0.9423076923076923,0.9824561403508771,0.9836065573770492,24504094,0.9653494919339114,0.967741935483871,1.0,0.9629629629629629,0.9429824561403509,0.9605263157894737,0.9736842105263158,0.8947368421052632,,,,,,,,,,10,sqrt,,1.0,4.0,500.0,,,,True,,22.0,,True,,90,0.15999999999999998
rf,False,10453.5888671875,CDKgraphonly,random,hcv_ns3,0.8898071625344353,0.8896695233530285,42258957,0.833767292378663,0.8898015859738349,0.8898071625344353,,0.9340659340659341,0.9345042421965499,29049996,0.8997127959661343,0.9362637362637363,0.9340659340659341,,0.6942148760330579,0.6942148760330579,0.71900826446281,0.6694214876033058,,,,,,,,,,None,log2,,1.0,2.0,500.0,,,,True,,22.0,,True,,100,0.15999999999999998
hgb,True,1955.052734375,CDKgraphonly,random,hcv_ns3,0.9605263157894737,0.9635627530364372,19253962,0.9205380046280375,0.967479674796748,0.9596774193548387,0.9615384615384616,0.9824561403508771,0.9836065573770492,14210278,0.9653494919339114,0.967741935483871,1.0,0.9629629629629629,0.9342105263157895,0.9473684210526315,0.9605263157894737,0.8947368421052632,,,,,True,,0.0,,0.01,10,,99999999.0,8.0,,,100.0,,,,,22.0,,True,,80,0.15999999999999998
hgb,False,2120.5263671875,CDKgraphonly,random,hcv_ns3,0.8677685950413223,0.867845034024758,19507625,0.8004665043396689,0.868779412486295,0.8677685950413223,,0.8901098901098901,0.8907024348200819,13671405,0.8344993279030463,0.8987038602423219,0.8901098901098901,,0.6804407713498623,0.6776859504132231,0.6776859504132231,0.6859504132231405,,,,,True,,0.01,,0.01,50,,10000.0,8.0,,,100.0,,,,,22.0,,True,,90,0.15999999999999998
svm,True,670.93359375,CDKgraphonly,random,hcv_ns3,0.9385964912280702,0.944,8553843,0.8761858373607534,0.9365079365079365,0.9516129032258065,0.9230769230769231,0.9824561403508771,0.9836065573770492,5649816,0.9653494919339114,0.967741935483871,1.0,0.9629629629629629,0.9429824561403509,0.9473684210526315,0.9605263157894737,0.9210526315789473,100.0,,0.5,2.0,,0.001,,,,,,,,,,,,,,,22.0,True,,,90,0.15999999999999998
svm,False,1386.3037109375,CDKgraphonly,random,hcv_ns3,0.8319559228650137,0.8301785240624434,33032635,0.7487844560166763,0.8332021061488146,0.8319559228650137,,0.8901098901098901,0.8905007224334955,12012795,0.8356494520181617,0.8990973659408672,0.8901098901098901,,0.6942148760330579,0.71900826446281,0.7024793388429752,0.6611570247933884,100.0,,0.0,2.0,,0.001,,,,,,,,,,,,,,,22.0,False,,,80,0.08999999999999998
dt,True,210.5009765625,CDKgraphonly,random,hcv_ns3,0.9166666666666666,0.9254901960784314,5451137,0.8327376057765936,0.9007633587786259,0.9516129032258065,0.875,0.9649122807017544,0.967741935483871,4952721,0.9316949906249123,0.9375,1.0,0.9259259259259259,0.9254385964912281,0.9605263157894737,0.9605263157894737,0.8552631578947368,,,,,,,,,,None,log2,,1.0,3.0,,,,,,,22.0,,,,80,0.08999999999999998
dt,False,216.8525390625,CDKgraphonly,random,hcv_ns3,0.7851239669421488,0.7811593192224334,6025750,0.6825470542283119,0.7900635660359001,0.7851239669421488,,0.8571428571428571,0.8567897670064852,5408384,0.7834120337217959,0.8572966968192431,0.8571428571428571,,0.6721763085399449,0.6528925619834711,0.6446280991735537,0.71900826446281,,,,,,,,,,20,sqrt,,2.0,3.0,,,,,,,22.0,,,,90,0.08999999999999998
knn,True,869.0478515625,CDKgraphonly,random,hcv_ns3,0.9605263157894737,0.963855421686747,38761541,0.9204147248918711,0.96,0.967741935483871,0.9519230769230769,0.9649122807017544,0.967741935483871,34627839,0.9316949906249123,0.9375,1.0,0.9259259259259259,0.9429824561403509,0.9605263157894737,0.9736842105263158,0.8947368421052632,,brute,,,,,,30.0,,,,,,,,,-1.0,3.0,,1.0,,,,distance,90,0.15999999999999998
knn,False,1775.4033203125,CDKgraphonly,random,hcv_ns3,0.8898071625344353,0.8896465941920487,61077413,0.8339646078550516,0.8896267873540602,0.8898071625344353,,0.9560439560439561,0.956267262149615,34809695,0.9331492345674746,0.9568892645815723,0.9560439560439561,,0.6776859504132231,0.6942148760330579,0.6776859504132231,0.6611570247933884,,brute,,,,,,10.0,,,,,,,,,-1.0,9.0,,1.0,,,,distance,90,0.08999999999999998
rf,True,1092.3837890625,CDKgraphonly,stratified,hcv_ns3,0.9692982456140351,0.9711934156378601,11226570,0.9386680862035982,0.959349593495935,0.9833333333333333,0.9537037037037037,0.9298245614035088,0.9375,10103993,0.8669682733111429,1.0,0.8823529411764706,1.0,0.9254385964912281,0.881578947368421,0.9473684210526315,0.9473684210526315,,,,,,,,,,10,log2,,1.0,4.0,100.0,,,,True,,22.0,,True,,80,0.15999999999999998
rf,False,17355.287109375,CDKgraphonly,stratified,hcv_ns3,0.8842975206611571,0.8842330992035776,76266796,0.825220058539212,0.8844620598124011,0.8842975206611571,,0.8461538461538461,0.8446120689655173,55278052,0.7709619382651549,0.8468008182293896,0.8461538461538461,,0.6666666666666666,0.6611570247933884,0.7107438016528925,0.628099173553719,,,,,,,,,,20,sqrt,,1.0,3.0,1000.0,,,,True,,22.0,,True,,90,0.15999999999999998
hgb,True,754.0029296875,CDKgraphonly,stratified,hcv_ns3,0.9517543859649122,0.9543568464730291,37781174,0.9032309007618932,0.9504132231404959,0.9583333333333334,0.9444444444444444,0.9122807017543859,0.9206349206349206,13218126,0.837036589463591,1.0,0.8529411764705882,1.0,0.8947368421052632,0.8552631578947368,0.9078947368421053,0.9210526315789473,,,,,True,,0.0,,0.01,10,,99999999.0,32.0,,,100.0,,,,,22.0,,True,,80,0.15999999999999998
hgb,False,1491.1884765625,CDKgraphonly,stratified,hcv_ns3,0.8539944903581267,0.8540691292850736,16122368,0.7794278872974614,0.8555879947117859,0.8539944903581267,,0.8131868131868132,0.8131868131868132,10899900,0.7193396226415094,0.8131868131868132,0.8131868131868132,,0.6694214876033059,0.6942148760330579,0.6859504132231405,0.628099173553719,,,,,True,,0.01,,0.01,10,,99999999.0,8.0,,,100.0,,,,,22.0,,True,,90,0.15999999999999998
svm,True,687.05859375,CDKgraphonly,stratified,hcv_ns3,0.9692982456140351,0.9711934156378601,9033628,0.9386680862035982,0.959349593495935,0.9833333333333333,0.9537037037037037,0.9473684210526315,0.9538461538461539,5914995,0.8980874600910819,1.0,0.9117647058823529,1.0,0.9210526315789473,0.8947368421052632,0.9210526315789473,0.9473684210526315,10.0,,0.1,3.0,,0.01,,,,,,,,,,,,,,,22.0,False,,,80,0.15999999999999998
svm,False,1490.6357421875,CDKgraphonly,stratified,hcv_ns3,0.8622589531680441,0.8621233727650841,35521497,0.7920860475357588,0.8622223090836882,0.8622589531680441,,0.8241758241758241,0.8229120186245028,13244088,0.7371962241216489,0.8241423890511113,0.8241758241758241,,0.6666666666666666,0.6942148760330579,0.6942148760330579,0.6115702479338843,10.0,,0.1,3.0,,0.01,,,,,,,,,,,,,,,22.0,True,,,80,0.08999999999999998
dt,True,206.017578125,CDKgraphonly,stratified,hcv_ns3,0.9254385964912281,0.9322709163346613,5626713,0.8537446749001375,0.8931297709923665,0.975,0.8703703703703703,0.8421052631578947,0.8615384615384616,5049821,0.6826976204338939,0.9032258064516129,0.8235294117647058,0.8695652173913043,0.9122807017543858,0.881578947368421,0.8947368421052632,0.9605263157894737,,,,,,,,,,10,sqrt,,2.0,8.0,,,,,,,22.0,,,,80,0.08999999999999998
dt,False,210.8740234375,CDKgraphonly,stratified,hcv_ns3,0.7603305785123967,0.7604559885595203,5606216,0.6374163964641096,0.7619998506567491,0.7603305785123967,,0.7032967032967034,0.7033230195058932,4834333,0.5541427792764936,0.7053746253746254,0.7032967032967034,,0.6584022038567493,0.6942148760330579,0.7024793388429752,0.5785123966942148,,,,,,,,,,30,sqrt,,2.0,8.0,,,,,,,22.0,,,,80,0.15999999999999998
knn,True,2246.2841796875,CDKgraphonly,stratified,hcv_ns3,0.9780701754385965,0.979253112033195,33102766,0.9560351688064346,0.9752066115702479,0.9833333333333333,0.9722222222222222,0.9649122807017544,0.9696969696969697,21232572,0.9305279968604795,1.0,0.9411764705882353,1.0,0.9078947368421053,0.868421052631579,0.9210526315789473,0.9342105263157895,,ball_tree,,,,,,10.0,,,,,,,,,-1.0,3.0,,1.0,,,,distance,90,0.08999999999999998
knn,False,1090.0888671875,CDKgraphonly,stratified,hcv_ns3,0.8760330578512396,0.8757097421118297,35942968,0.8131381264232838,0.8763773520183795,0.8760330578512396,,0.8901098901098901,0.8893109763799419,33905800,0.8370236486061428,0.892497978212264,0.8901098901098901,,0.6749311294765841,0.6694214876033058,0.71900826446281,0.6363636363636364,,auto,,,,,,10.0,,,,,,,,,-1.0,7.0,,1.0,,,,distance,80,0.15999999999999998
rf,True,1108.720703125,CDKgraphonly,strict,hcv_ns3,0.968503937007874,0.9708029197080292,11811692,0.9371012032471897,0.9568345323741008,0.9851851851851852,0.9495798319327731,0.967741935483871,0.9743589743589743,9554560,0.9331845119446278,0.95,1.0,0.9166666666666666,0.9156626506024096,0.927710843373494,0.8795180722891566,0.9397590361445783,,,,,,,,,,10,sqrt,,1.0,4.0,100.0,,,,True,,22.0,,True,,80,0.08999999999999998
rf,False,9570.701171875,CDKgraphonly,strict,hcv_ns3,0.9104477611940298,0.9104748103441626,43109084,0.8654569452710399,0.9106252395083895,0.9104477611940298,,0.8846153846153846,0.8859960552268245,26011619,0.8221633869583002,0.8942807192807193,0.8846153846153846,,0.6666666666666666,0.6515151515151515,0.6590909090909091,0.6893939393939394,,,,,,,,,,None,sqrt,,1.0,3.0,500.0,,,,True,,22.0,,True,,100,0.08999999999999998
hgb,True,637.423828125,CDKgraphonly,strict,hcv_ns3,0.9566929133858267,0.96,11204969,0.9135412099709413,0.9428571428571428,0.9777777777777777,0.9327731092436975,0.967741935483871,0.9743589743589743,8548030,0.9331845119446278,0.95,1.0,0.9166666666666666,0.9116465863453814,0.9156626506024096,0.8674698795180723,0.9518072289156626,,,,,True,,0.0,,0.01,None,,10000.0,16.0,,,100.0,,,,,22.0,,True,,80,0.15999999999999998
hgb,False,2088.9638671875,CDKgraphonly,strict,hcv_ns3,0.8805970149253731,0.8803439423166942,26330446,0.8215132553991352,0.8828209940572788,0.8805970149253731,,0.8461538461538461,0.8462072952572103,18371567,0.7681960710424117,0.8629462642620537,0.8461538461538461,,0.6515151515151515,0.6363636363636364,0.6212121212121212,0.696969696969697,,,,,True,,0.1,,0.01,50,,1000.0,16.0,,,100.0,,,,,22.0,,True,,90,0.08999999999999998
svm,True,959.8544921875,CDKgraphonly,strict,hcv_ns3,0.9803149606299213,0.9816849816849816,15260390,0.9606849580272481,0.9710144927536232,0.9925925925925926,0.9663865546218487,0.967741935483871,0.9743589743589743,6238413,0.9331845119446278,0.95,1.0,0.9166666666666666,0.9116465863453816,0.927710843373494,0.8674698795180723,0.9397590361445783,10.0,,0.1,3.0,,0.01,,,,,,,,,,,,,,,22.0,False,,,80,0.08999999999999998
svm,False,1628.1015625,CDKgraphonly,strict,hcv_ns3,0.917910447761194,0.9179105975107837,38478342,0.8767381559463231,0.9181419741121233,0.917910447761194,,0.8846153846153846,0.8859960552268245,9105054,0.8221633869583002,0.8942807192807193,0.8846153846153846,,0.6717171717171718,0.6893939393939394,0.6287878787878788,0.696969696969697,300.0,,0.0,4.0,,0.01,,,,,,,,,,,,,,,22.0,False,,,90,0.08999999999999998
dt,True,213.845703125,CDKgraphonly,strict,hcv_ns3,0.9803149606299213,0.981549815498155,5646189,0.9604834279550803,0.9779411764705882,0.9851851851851852,0.9747899159663865,0.967741935483871,0.9743589743589743,5159293,0.9331845119446278,0.95,1.0,0.9166666666666666,0.8955823293172691,0.927710843373494,0.8674698795180723,0.891566265060241,,,,,,,,,,20,log2,,1.0,2.0,,,,,,,22.0,,,,80,0.08999999999999998
dt,False,216.1416015625,CDKgraphonly,strict,hcv_ns3,0.7860696517412935,0.7820493517567358,5599176,0.6856638934883544,0.7921268021627851,0.7860696517412935,,0.8269230769230769,0.8256909756909757,4853898,0.7556607813060032,0.8698868021610496,0.8269230769230769,,0.6515151515151515,0.6060606060606061,0.6136363636363636,0.7348484848484849,,,,,,,,,,10,sqrt,,2.0,2.0,,,,,,,22.0,,,,100,0.08999999999999998
knn,True,849.8681640625,CDKgraphonly,strict,hcv_ns3,0.9803149606299213,0.9816849816849816,37660942,0.9606849580272481,0.9710144927536232,0.9925925925925926,0.9663865546218487,0.967741935483871,0.9743589743589743,21666177,0.9331845119446278,0.95,1.0,0.9166666666666666,0.9076305220883535,0.9156626506024096,0.8795180722891566,0.927710843373494,,brute,,,,,,30.0,,,,,,,,,-1.0,3.0,,1.0,,,,distance,80,0.15999999999999998
knn,False,3062.693359375,CDKgraphonly,strict,hcv_ns3,0.9129353233830846,0.9126275735944782,46559723,0.8707866547373337,0.9152586351733543,0.9129353233830846,,0.8846153846153846,0.8859960552268245,21383389,0.8221633869583002,0.8942807192807193,0.8846153846153846,,0.6464646464646465,0.6515151515151515,0.6136363636363636,0.6742424242424242,,ball_tree,,,,,,40.0,,,,,,,,,-1.0,3.0,,1.0,,,,distance,80,0.08999999999999998
rf,True,1110.1865234375,KlekotaRothCount,random,hcv_ns3,0.956140350877193,0.959349593495935,24228896,0.9118794671752068,0.9672131147540983,0.9516129032258065,0.9615384615384616,0.9824561403508771,0.9836065573770492,22623965,0.9653494919339114,0.967741935483871,1.0,0.9629629629629629,0.9429824561403509,0.9736842105263158,0.9605263157894737,0.8947368421052632,,,,,,,,,,10,sqrt,,1.0,2.0,100.0,,,,True,,22.0,,True,,90,0.15999999999999998
rf,False,1727.2138671875,KlekotaRothCount,random,hcv_ns3,0.8512396694214877,0.8502442316275045,27880589,0.7762104857357667,0.8509443176865199,0.8512396694214877,,0.9230769230769231,0.9231082308005385,23656966,0.8834254742885683,0.9246736169813093,0.9230769230769231,,0.6694214876033059,0.7355371900826446,0.6528925619834711,0.6198347107438017,,,,,,,,,,30,sqrt,,2.0,3.0,100.0,,,,True,,22.0,,True,,90,0.08999999999999998
hgb,True,905.3017578125,KlekotaRothCount,random,hcv_ns3,0.9385964912280702,0.944,64860889,0.8761858373607534,0.9365079365079365,0.9516129032258065,0.9230769230769231,0.9649122807017544,0.967741935483871,30185269,0.9316949906249123,0.9375,1.0,0.9259259259259259,0.9298245614035089,0.9473684210526315,0.9342105263157895,0.9078947368421053,,,,,True,,0.01,,0.01,None,,10000.0,32.0,,,100.0,,,,,22.0,,True,,80,0.15999999999999998
hgb,False,1479.2314453125,KlekotaRothCount,random,hcv_ns3,0.8154269972451791,0.8128294335492674,32446330,0.7229388401045921,0.8168488496184056,0.8154269972451791,,0.8791208791208791,0.877956311918576,26132707,0.8196214678697172,0.8831990231990231,0.8791208791208791,,0.652892561983471,0.6776859504132231,0.6776859504132231,0.6033057851239669,,,,,True,,0.0,,0.01,20,,1000.0,16.0,,,100.0,,,,,22.0,,True,,80,0.08999999999999998
svm,True,797.6787109375,KlekotaRothCount,random,hcv_ns3,0.9473684210526315,0.952,24248358,0.8938959766265558,0.9444444444444444,0.9596774193548387,0.9326923076923077,0.9824561403508771,0.9836065573770492,19871975,0.9653494919339114,0.967741935483871,1.0,0.9629629629629629,0.9385964912280702,0.9605263157894737,0.9605263157894737,0.8947368421052632,10.0,,0.0,2.0,,0.005,,,,,,,,,,,,,,,22.0,True,,,80,0.15999999999999998
svm,False,1212.6357421875,KlekotaRothCount,random,hcv_ns3,0.90633608815427,0.9061551031862668,38295847,0.8587074143349871,0.9061200017013781,0.90633608815427,,0.9340659340659341,0.9332903256809538,23025191,0.9005002874814431,0.9352205629128706,0.9340659340659341,,0.6721763085399449,0.6694214876033058,0.6859504132231405,0.6611570247933884,200.0,,0.1,4.0,,0.001,,,,,,,,,,,,,,,22.0,False,,,90,0.08999999999999998
dt,True,280.833984375,KlekotaRothCount,random,hcv_ns3,0.956140350877193,0.9596774193548387,19252124,0.9116004962779156,0.9596774193548387,0.9596774193548387,0.9519230769230769,0.9649122807017544,0.967741935483871,19128187,0.9316949906249123,0.9375,1.0,0.9259259259259259,0.9429824561403509,0.9605263157894737,0.9473684210526315,0.9210526315789473,,,,,,,,,,20,log2,,1.0,3.0,,,,,,,22.0,,,,90,0.15999999999999998
dt,False,294.943359375,KlekotaRothCount,random,hcv_ns3,0.8815426997245179,0.8804586750722684,19621582,0.8232266686796462,0.883100982274536,0.8815426997245179,,0.9230769230769231,0.922660424646522,18711390,0.8858171768171405,0.9264530745985396,0.9230769230769231,,0.6776859504132231,0.6859504132231405,0.7272727272727273,0.6198347107438017,,,,,,,,,,30,sqrt,,1.0,3.0,,,,,,,22.0,,,,90,0.15999999999999998
knn,True,897.46875,KlekotaRothCount,random,hcv_ns3,0.9649122807017544,0.967479674796748,33752725,0.9295347421850529,0.9754098360655737,0.9596774193548387,0.9711538461538461,0.9824561403508771,0.9836065573770492,22671754,0.9653494919339114,0.967741935483871,1.0,0.9629629629629629,0.9429824561403509,0.9605263157894737,0.9736842105263158,0.8947368421052632,,auto,,,,,,40.0,,,,,,,,,-1.0,5.0,,1.0,,,,distance,80,0.15999999999999998
knn,False,1231.048828125,KlekotaRothCount,random,hcv_ns3,0.9228650137741047,0.922499450083273,49700829,0.8837566230839475,0.922847769409669,0.9228650137741047,,0.945054945054945,0.9446635985097525,28019692,0.9169429719580533,0.9458376381453305,0.945054945054945,,0.6666666666666666,0.7355371900826446,0.6776859504132231,0.5867768595041323,,auto,,,,,,20.0,,,,,,,,,-1.0,9.0,,1.0,,,,distance,90,0.15999999999999998
rf,True,977.3525390625,KlekotaRothCount,stratified,hcv_ns3,0.9473684210526315,0.9504132231404959,24543142,0.8944853059764755,0.9426229508196722,0.9583333333333334,0.9351851851851852,0.8947368421052632,0.9032258064516129,23674828,0.8081732587924328,1.0,0.8235294117647058,1.0,0.9210526315789473,0.868421052631579,0.9473684210526315,0.9473684210526315,,,,,,,,,,None,sqrt,,1.0,8.0,100.0,,,,True,,22.0,,True,,90,0.08999999999999998
rf,False,2242.9345703125,KlekotaRothCount,stratified,hcv_ns3,0.9173553719008265,0.9169251779190217,25658322,0.8759142168705076,0.9180206966200877,0.9173553719008265,,0.8901098901098901,0.8894253287695911,23758330,0.837323232446157,0.8928350385246937,0.8901098901098901,,0.6887052341597796,0.7107438016528925,0.6942148760330579,0.6611570247933884,,,,,,,,,,None,sqrt,,1.0,3.0,100.0,,,,True,,22.0,,True,,80,0.08999999999999998
hgb,True,1223.361328125,KlekotaRothCount,stratified,hcv_ns3,0.9824561403508771,0.9834710743801653,31145224,0.9649318171207367,0.9754098360655737,0.9916666666666667,0.9722222222222222,1.0,1.0,65072824,1.0,1.0,1.0,1.0,0.912280701754386,0.868421052631579,0.9342105263157895,0.9342105263157895,,,,,True,,0.0,,0.01,None,,1000.0,16.0,,,100.0,,,,,22.0,,True,,90,0.08999999999999998
hgb,False,2075.556640625,KlekotaRothCount,stratified,hcv_ns3,0.8732782369146006,0.8728622002765594,54064085,0.808791145953789,0.8730186094399048,0.8732782369146006,,0.8791208791208791,0.8784592936909211,25689978,0.8190062199971508,0.8787364216243527,0.8791208791208791,,0.6639118457300276,0.6859504132231405,0.7024793388429752,0.6033057851239669,,,,,True,,0.0,,0.01,None,,1000.0,8.0,,,100.0,,,,,22.0,,True,,80,0.08999999999999998
svm,True,736.2724609375,KlekotaRothCount,stratified,hcv_ns3,0.9473684210526315,0.95,23331280,0.8944444444444445,0.95,0.95,0.9444444444444444,0.8771929824561403,0.8852459016393442,19799700,0.7802714459800285,1.0,0.7941176470588235,1.0,0.9166666666666666,0.8552631578947368,0.9473684210526315,0.9473684210526315,10.0,,0.5,2.0,,0.001,,,,,,,,,,,,,,,22.0,True,,,80,0.15999999999999998
svm,False,1156.994140625,KlekotaRothCount,stratified,hcv_ns3,0.8953168044077136,0.8949751494405594,40290114,0.8423549951404965,0.8953871165883276,0.8953168044077136,,0.9010989010989011,0.8989918979325758,24344394,0.854730695496812,0.9032807097323227,0.9010989010989011,,0.6914600550964187,0.7355371900826446,0.71900826446281,0.6198347107438017,100.0,,0.1,2.0,,0.001,,,,,,,,,,,,,,,22.0,True,,,80,0.08999999999999998
dt,True,277.765625,KlekotaRothCount,stratified,hcv_ns3,0.9210526315789473,0.9302325581395349,19323827,0.8512565307587486,0.8695652173913043,1.0,0.8333333333333334,0.9473684210526315,0.9552238805970149,18497801,0.892012920042847,0.9696969696969697,0.9411764705882353,0.9565217391304348,0.9078947368421053,0.868421052631579,0.9473684210526315,0.9078947368421053,,,,,,,,,,10,sqrt,,2.0,8.0,,,,,,,22.0,,,,90,0.08999999999999998
dt,False,284.2470703125,KlekotaRothCount,stratified,hcv_ns3,0.7933884297520661,0.7915858674219484,18848563,0.6884217930202633,0.7932070256936568,0.7933884297520661,,0.7142857142857143,0.713696559850406,18747461,0.5714881200985689,0.717687074829932,0.7142857142857143,,0.6776859504132231,0.768595041322314,0.6694214876033058,0.5950413223140496,,,,,,,,,,10,sqrt,,2.0,3.0,,,,,,,22.0,,,,90,0.15999999999999998
knn,True,1002.603515625,KlekotaRothCount,stratified,hcv_ns3,0.9736842105263158,0.9754098360655737,53479227,0.9477132992928111,0.9596774193548387,0.9916666666666667,0.9537037037037037,0.9824561403508771,0.9850746268656716,31436163,0.9644413195335055,1.0,0.9705882352941176,1.0,0.912280701754386,0.8552631578947368,0.9605263157894737,0.9210526315789473,,auto,,,,,,10.0,,,,,,,,,-1.0,5.0,,1.0,,,,distance,100,0.15999999999999998
knn,False,1281.3896484375,KlekotaRothCount,stratified,hcv_ns3,0.9146005509641874,0.9139416262464124,51236085,0.8715886862352061,0.9145480288679195,0.9146005509641874,,0.9230769230769231,0.9225822801816134,35551312,0.8861288709052855,0.9250571453018617,0.9230769230769231,,0.6666666666666666,0.6859504132231405,0.7024793388429752,0.6115702479338843,,kd_tree,,,,,,40.0,,,,,,,,,-1.0,7.0,,1.0,,,,distance,90,0.15999999999999998
rf,True,1224.525390625,KlekotaRothCount,strict,hcv_ns3,0.9724409448818898,0.9743589743589743,26269466,0.9448460654309271,0.9637681159420289,0.9851851851851852,0.957983193277311,0.967741935483871,0.972972972972973,22443103,0.935143800239036,1.0,0.9473684210526315,1.0,0.9116465863453816,0.9036144578313253,0.891566265060241,0.9397590361445783,,,,,,,,,,10,log2,,1.0,3.0,100.0,,,,True,,22.0,,True,,100,0.15999999999999998
rf,False,10682.1943359375,KlekotaRothCount,strict,hcv_ns3,0.9154228855721394,0.9153792657926786,87186134,0.8734477057470805,0.9173868319641496,0.9154228855721394,,0.9230769230769231,0.9236336032388663,60677384,0.8820914689836876,0.9305860805860806,0.9230769230769231,,0.6742424242424242,0.6818181818181818,0.6818181818181818,0.6590909090909091,,,,,,,,,,20,None,,2.0,2.0,1000.0,,,,True,,22.0,,True,,80,0.08999999999999998
hgb,True,1263.0048828125,KlekotaRothCount,strict,hcv_ns3,0.984251968503937,0.9851851851851852,29900400,0.9683784624961096,0.9851851851851852,0.9851851851851852,0.9831932773109243,0.967741935483871,0.972972972972973,26421076,0.935143800239036,1.0,0.9473684210526315,1.0,0.9116465863453816,0.9036144578313253,0.891566265060241,0.9397590361445783,,,,,True,,0.1,,0.01,None,,1000.0,8.0,,,100.0,,,,,22.0,,True,,100,0.15999999999999998
hgb,False,1743.501953125,KlekotaRothCount,strict,hcv_ns3,0.8955223880597015,0.8946923254712928,32403145,0.8439817235374222,0.8968634696588962,0.8955223880597015,,0.9230769230769231,0.9236336032388663,25102320,0.8820914689836876,0.9305860805860806,0.9230769230769231,,0.6767676767676768,0.6818181818181818,0.6893939393939394,0.6590909090909091,,,,,True,,0.1,,0.01,10,,1000.0,8.0,,,100.0,,,,,22.0,,True,,100,0.08999999999999998
svm,True,842.423828125,KlekotaRothCount,strict,hcv_ns3,0.9803149606299213,0.9816849816849816,26003499,0.9606849580272481,0.9710144927536232,0.9925925925925926,0.9663865546218487,0.967741935483871,0.972972972972973,20470206,0.935143800239036,1.0,0.9473684210526315,1.0,0.9236947791164658,0.9156626506024096,0.891566265060241,0.963855421686747,100.0,,0.1,2.0,,0.001,,,,,,,,,,,,,,,22.0,True,,,90,0.08999999999999998
svm,False,1207.169921875,KlekotaRothCount,strict,hcv_ns3,0.8930348258706468,0.8923657040209254,44573016,0.8396288464751945,0.8926892474672642,0.8930348258706468,,0.8653846153846154,0.8653878098645541,21857093,0.7998263721558918,0.883217659533449,0.8653846153846154,,0.6666666666666666,0.6287878787878788,0.696969696969697,0.6742424242424242,100.0,,0.1,3.0,,0.001,,,,,,,,,,,,,,,22.0,True,,,80,0.08999999999999998
dt,True,279.787109375,KlekotaRothCount,strict,hcv_ns3,0.9724409448818898,0.9745454545454545,19338651,0.9452665951681821,0.9571428571428572,0.9925925925925926,0.9495798319327731,0.967741935483871,0.972972972972973,20576827,0.935143800239036,1.0,0.9473684210526315,1.0,0.9076305220883535,0.9036144578313253,0.9036144578313253,0.9156626506024096,,,,,,,,,,20,sqrt,,1.0,3.0,,,,,,,22.0,,,,80,0.15999999999999998
dt,False,298.3779296875,KlekotaRothCount,strict,hcv_ns3,0.8980099502487562,0.8967915051379495,19906911,0.8482872335827237,0.8987647496607589,0.8980099502487562,,0.9230769230769231,0.9236336032388663,18641604,0.8820914689836876,0.9305860805860806,0.9230769230769231,,0.6590909090909091,0.6818181818181818,0.6363636363636364,0.6590909090909091,,,,,,,,,,20,sqrt,,1.0,3.0,,,,,,,22.0,,,,100,0.08999999999999998
knn,True,942.3515625,KlekotaRothCount,strict,hcv_ns3,0.9960629921259843,0.996309963099631,38318393,0.9921217097214649,0.9926470588235294,1.0,0.9915966386554622,0.967741935483871,0.972972972972973,21520230,0.935143800239036,1.0,0.9473684210526315,1.0,0.9196787148594376,0.927710843373494,0.9156626506024096,0.9156626506024096,,auto,,,,,,30.0,,,,,,,,,-1.0,5.0,,1.0,,,,distance,80,0.15999999999999998
knn,False,1439.3232421875,KlekotaRothCount,strict,hcv_ns3,0.9527363184079602,0.9527720029073362,47573616,0.9289569182097329,0.9528613779788094,0.9527363184079602,,0.9423076923076923,0.9425542406311637,37352389,0.9131907030445278,0.9502622377622377,0.9423076923076923,,0.6565656565656566,0.6666666666666666,0.6515151515151515,0.6515151515151515,,kd_tree,,,,,,40.0,,,,,,,,,-1.0,3.0,,1.0,,,,distance,80,0.08999999999999998
rf,True,1314.939453125,KlekotaRoth,random,hcv_ns3,0.956140350877193,0.959349593495935,25346870,0.9118794671752068,0.9672131147540983,0.9516129032258065,0.9615384615384616,0.9824561403508771,0.9836065573770492,23917900,0.9653494919339114,0.967741935483871,1.0,0.9629629629629629,0.9385964912280702,0.9736842105263158,0.9473684210526315,0.8947368421052632,,,,,,,,,,None,log2,,1.0,2.0,100.0,,,,True,,22.0,,True,,100,0.08999999999999998
rf,False,3776.3583984375,KlekotaRoth,random,hcv_ns3,0.790633608815427,0.7906085900725947,49142025,0.683927106749193,0.7932939407247708,0.790633608815427,,0.8131868131868132,0.812522275908949,40943521,0.7175006763736191,0.8214938371732796,0.8131868131868132,,0.6887052341597796,0.7272727272727273,0.6859504132231405,0.6528925619834711,,,,,,,,,,20,None,,4.0,3.0,500.0,,,,True,,22.0,,True,,90,0.15999999999999998
hgb,True,1128.4033203125,KlekotaRoth,random,hcv_ns3,0.9298245614035088,0.936,31504969,0.858475698094951,0.9285714285714286,0.9435483870967742,0.9134615384615384,0.9649122807017544,0.967741935483871,28120679,0.9316949906249123,0.9375,1.0,0.9259259259259259,0.912280701754386,0.9342105263157895,0.9342105263157895,0.868421052631579,,,,,True,,0.01,,0.01,50,,10000.0,16.0,,,100.0,,,,,22.0,,True,,80,0.15999999999999998
hgb,False,2598.712890625,KlekotaRoth,random,hcv_ns3,0.8512396694214877,0.8510794717475697,44617624,0.7755952161175551,0.852602230007953,0.8512396694214877,,0.8681318681318682,0.865592504808191,35111255,0.8017674593844867,0.8732055064792096,0.8681318681318682,,0.6666666666666666,0.7272727272727273,0.6198347107438017,0.6528925619834711,,,,,True,,0.1,,0.01,None,,10000.0,16.0,,,100.0,,,,,22.0,,True,,90,0.15999999999999998
svm,True,700.3349609375,KlekotaRoth,random,hcv_ns3,0.9517543859649122,0.9558232931726908,22650294,0.9027204114622467,0.952,0.9596774193548387,0.9423076923076923,0.9824561403508771,0.9830508474576272,19551763,0.9654754565201837,1.0,0.9666666666666667,1.0,0.9254385964912281,0.9210526315789473,0.9473684210526315,0.9078947368421053,200.0,,0.1,4.0,,0.01,,,,,,,,,,,,,,,22.0,True,,,80,0.08999999999999998
svm,False,1013.5654296875,KlekotaRoth,random,hcv_ns3,0.8292011019283747,0.8283266474336282,35314846,0.7428034226025059,0.8306857888163907,0.8292011019283747,,0.8241758241758241,0.8222949044866853,22826769,0.7365320214994676,0.8262287163386064,0.8241758241758241,,0.6639118457300276,0.6694214876033058,0.6694214876033058,0.6528925619834711,10.0,,0.0,2.0,,0.01,,,,,,,,,,,,,,,22.0,True,,,80,0.08999999999999998
dt,True,275.619140625,KlekotaRoth,random,hcv_ns3,0.9254385964912281,0.932806324110672,20108721,0.8499730671923315,0.9147286821705426,0.9516129032258065,0.8942307692307693,0.9473684210526315,0.9508196721311475,19954395,0.8948047213695102,0.9354838709677419,0.9666666666666667,0.9259259259259259,0.9254385964912281,0.9605263157894737,0.9210526315789473,0.8947368421052632,,,,,,,,,,30,sqrt,,1.0,3.0,,,,,,,22.0,,,,80,0.08999999999999998
dt,False,277.4912109375,KlekotaRoth,random,hcv_ns3,0.7603305785123967,0.7596371944191481,19313999,0.6396557794438971,0.7597961755653038,0.7603305785123967,,0.8131868131868132,0.8115673799884326,19158994,0.7248620101824634,0.8221408221408221,0.8131868131868132,,0.6639118457300276,0.6859504132231405,0.7024793388429752,0.6033057851239669,,,,,,,,,,None,None,,4.0,2.0,,,,,,,22.0,,,,80,0.08999999999999998
knn,True,940.81640625,KlekotaRoth,random,hcv_ns3,0.9517543859649122,0.9561752988047809,51870613,0.9028528380607435,0.9448818897637795,0.967741935483871,0.9326923076923077,0.9824561403508771,0.9836065573770492,48254222,0.9653494919339114,0.967741935483871,1.0,0.9629629629629629,0.9298245614035089,0.9736842105263158,0.9473684210526315,0.868421052631579,,auto,,,,,,10.0,,,,,,,,,-1.0,7.0,,1.0,,,,distance,90,0.08999999999999998
knn,False,1391.583984375,KlekotaRoth,random,hcv_ns3,0.721763085399449,0.7197596945336118,61108501,0.5799460980562566,0.7219456966357792,0.721763085399449,,0.6813186813186813,0.6727764203904182,39913935,0.5169210718470277,0.6869127041540836,0.6813186813186813,,0.6969696969696969,0.7024793388429752,0.7024793388429752,0.6859504132231405,,kd_tree,,,,,,40.0,,,,,,,,,-1.0,7.0,,2.0,,,,uniform,90,0.15999999999999998
rf,True,3881.55078125,KlekotaRoth,stratified,hcv_ns3,0.956140350877193,0.959349593495935,66709501,0.9130716837756889,0.9365079365079365,0.9833333333333333,0.9259259259259259,0.9298245614035088,0.9375,66199697,0.8669682733111429,1.0,0.8823529411764706,1.0,0.912280701754386,0.8552631578947368,0.9473684210526315,0.9342105263157895,,,,,,,,,,10,None,,2.0,2.0,1000.0,,,,True,,22.0,,True,,90,0.15999999999999998
rf,False,1293.22265625,KlekotaRoth,stratified,hcv_ns3,0.7823691460055097,0.7817220346702224,25725997,0.6715282440160794,0.7819757699024495,0.7823691460055097,,0.7472527472527473,0.746662142888558,24148318,0.6212028675102279,0.7497361624550565,0.7472527472527473,,0.6831955922865013,0.7355371900826446,0.6776859504132231,0.6363636363636364,,,,,,,,,,None,None,,4.0,8.0,100.0,,,,True,,22.0,,True,,80,0.15999999999999998
hgb,True,1394.896484375,KlekotaRoth,stratified,hcv_ns3,0.9649122807017544,0.9672131147540983,43458859,0.9300771066517108,0.9516129032258065,0.9833333333333333,0.9444444444444444,0.9473684210526315,0.9538461538461539,37003855,0.8980874600910819,1.0,0.9117647058823529,1.0,0.9166666666666666,0.868421052631579,0.9473684210526315,0.9342105263157895,,,,,True,,0.0,,0.01,None,,99999999.0,32.0,,,100.0,,,,,22.0,,True,,90,0.15999999999999998
hgb,False,1139.0947265625,KlekotaRoth,stratified,hcv_ns3,0.7575757575757576,0.7537666319004885,48017465,0.6390582806765769,0.7625885742537111,0.7575757575757576,,0.7472527472527473,0.7445870258773484,30188464,0.6251406135018542,0.7564640487717411,0.7472527472527473,,0.6611570247933884,0.6859504132231405,0.7024793388429752,0.5950413223140496,,,,,True,,0.01,,0.01,50,,1000.0,32.0,,,100.0,,,,,22.0,,True,,80,0.15999999999999998
svm,True,676.2314453125,KlekotaRoth,stratified,hcv_ns3,0.9298245614035088,0.9349593495934959,21700042,0.8600726145544931,0.9126984126984127,0.9583333333333334,0.8981481481481481,0.9298245614035088,0.9375,19473770,0.8669682733111429,1.0,0.8823529411764706,1.0,0.9166666666666666,0.868421052631579,0.9473684210526315,0.9342105263157895,100.0,,0.1,4.0,,0.001,,,,,,,,,,,,,,,22.0,True,,,80,0.15999999999999998
svm,False,873.990234375,KlekotaRoth,stratified,hcv_ns3,0.8126721763085399,0.8110416633363706,33867072,0.7186576473871511,0.8163337781041728,0.8126721763085399,,0.7582417582417582,0.7554804170188786,22392534,0.6418959822881133,0.7649841001489353,0.7582417582417582,,0.6666666666666666,0.7272727272727273,0.6694214876033058,0.6033057851239669,10.0,,0.0,2.0,,0.01,,,,,,,,,,,,,,,22.0,False,,,90,0.15999999999999998
dt,True,272.0244140625,KlekotaRoth,stratified,hcv_ns3,0.9122807017543859,0.9206349206349206,19338716,0.8277676089132028,0.8787878787878788,0.9666666666666667,0.8518518518518519,0.9298245614035088,0.9375,18820996,0.8669682733111429,1.0,0.8823529411764706,1.0,0.9078947368421053,0.868421052631579,0.9473684210526315,0.9078947368421053,,,,,,,,,,None,log2,,2.0,8.0,,,,,,,22.0,,,,90,0.08999999999999998
dt,False,279.099609375,KlekotaRoth,stratified,hcv_ns3,0.7052341597796143,0.7009790031418208,19057747,0.5586732242380983,0.7050989365798751,0.7052341597796143,,0.7362637362637363,0.7340256812784286,18405686,0.6085364537968407,0.7436903755585074,0.7362637362637363,,0.6694214876033057,0.7107438016528925,0.6942148760330579,0.6033057851239669,,,,,,,,,,None,log2,,2.0,3.0,,,,,,,22.0,,,,90,0.15999999999999998
knn,True,940.81640625,KlekotaRoth,stratified,hcv_ns3,0.9780701754385965,0.9794238683127572,48705696,0.9562913012607803,0.967479674796748,0.9916666666666667,0.9629629629629629,1.0,1.0,48183840,1.0,1.0,1.0,1.0,0.899122807017544,0.868421052631579,0.9210526315789473,0.9078947368421053,,auto,,,,,,10.0,,,,,,,,,-1.0,3.0,,1.0,,,,distance,90,0.08999999999999998
knn,False,916.23828125,KlekotaRoth,stratified,hcv_ns3,0.7134986225895317,0.707645995255966,78765734,0.5734755543551902,0.7114246309051504,0.7134986225895317,,0.6813186813186813,0.675210235773616,52285651,0.5261490267492583,0.6834294587400177,0.6813186813186813,,0.6804407713498623,0.7272727272727273,0.6942148760330579,0.6198347107438017,,auto,,,,,,30.0,,,,,,,,,-1.0,7.0,,2.0,,,,uniform,90,0.15999999999999998
rf,True,7458.62109375,KlekotaRoth,strict,hcv_ns3,0.9803149606299213,0.981549815498155,72604922,0.9604834279550803,0.9779411764705882,0.9851851851851852,0.9747899159663865,0.967741935483871,0.972972972972973,56202548,0.935143800239036,1.0,0.9473684210526315,1.0,0.9116465863453814,0.9036144578313253,0.8795180722891566,0.9518072289156626,,,,,,,,,,20,sqrt,,1.0,2.0,1000.0,,,,True,,22.0,,True,,90,0.08999999999999998
rf,False,21677.357421875,KlekotaRoth,strict,hcv_ns3,0.8930348258706468,0.8928342939465325,86812951,0.8399414813289827,0.8946127944146568,0.8930348258706468,,0.9038461538461539,0.9040337711069418,58936435,0.8516602010894728,0.9117132867132867,0.9038461538461539,,0.6792929292929294,0.7045454545454546,0.6363636363636364,0.696969696969697,,,,,,,,,,None,sqrt,,1.0,2.0,1000.0,,,,True,,22.0,,True,,80,0.15999999999999998
hgb,True,1179.90625,KlekotaRoth,strict,hcv_ns3,0.968503937007874,0.9710144927536232,27764403,0.9376290795224185,0.950354609929078,0.9925925925925926,0.9411764705882353,0.967741935483871,0.9743589743589743,24972443,0.9331845119446278,0.95,1.0,0.9166666666666666,0.9036144578313253,0.9156626506024096,0.8674698795180723,0.927710843373494,,,,,True,,0.01,,0.01,50,,1000.0,8.0,,,100.0,,,,,22.0,,True,,80,0.08999999999999998
hgb,False,2774.8095703125,KlekotaRoth,strict,hcv_ns3,0.8731343283582089,0.8725623619726538,33806169,0.8102979848096055,0.8756814917400592,0.8731343283582089,,0.9230769230769231,0.9236336032388663,26430927,0.8820914689836876,0.9305860805860806,0.9230769230769231,,0.6767676767676768,0.6818181818181818,0.6439393939393939,0.7045454545454546,,,,,True,,0.0,,0.01,50,,99999999.0,8.0,,,100.0,,,,,22.0,,True,,80,0.08999999999999998
svm,True,781.7060546875,KlekotaRoth,strict,hcv_ns3,0.9566929133858267,0.9602888086642599,23591439,0.9141471614769122,0.9366197183098591,0.9851851851851852,0.9243697478991597,0.967741935483871,0.9743589743589743,19194954,0.9331845119446278,0.95,1.0,0.9166666666666666,0.9156626506024096,0.9036144578313253,0.8795180722891566,0.963855421686747,10.0,,0.0,3.0,,0.01,,,,,,,,,,,,,,,22.0,False,,,90,0.08999999999999998
svm,False,1100.8056640625,KlekotaRoth,strict,hcv_ns3,0.8532338308457711,0.851646083740589,36862669,0.7811951657472292,0.8556594853785372,0.8532338308457711,,0.9038461538461539,0.9031354515050167,21386298,0.8487050997671637,0.9057609057609057,0.9038461538461539,,0.6767676767676768,0.6515151515151515,0.6666666666666666,0.7121212121212122,10.0,,0.1,4.0,,0.01,,,,,,,,,,,,,,,22.0,False,,,90,0.08999999999999998
dt,True,276.416015625,KlekotaRoth,strict,hcv_ns3,0.9291338582677166,0.9357142857142857,19205315,0.8597085593475922,0.903448275862069,0.9703703703703703,0.8823529411764706,0.9354838709677419,0.95,18600214,0.8683134537528795,0.9047619047619048,1.0,0.8333333333333334,0.8955823293172691,0.9156626506024096,0.8674698795180723,0.9036144578313253,,,,,,,,,,10,log2,,1.0,4.0,,,,,,,22.0,,,,90,0.08999999999999998
dt,False,277.255859375,KlekotaRoth,strict,hcv_ns3,0.7661691542288557,0.7617665680095885,18531011,0.6518762280605205,0.7673965801955229,0.7661691542288557,,0.7115384615384616,0.7086225178330441,17871768,0.5908131163288297,0.7666746297181078,0.7115384615384616,,0.6666666666666666,0.696969696969697,0.6742424242424242,0.6287878787878788,,,,,,,,,,20,None,,4.0,8.0,,,,,,,22.0,,,,80,0.15999999999999998
knn,True,931.73828125,KlekotaRoth,strict,hcv_ns3,0.984251968503937,0.9854014598540146,49755010,0.9688017700214836,0.9712230215827338,1.0,0.9663865546218487,0.967741935483871,0.9743589743589743,36394238,0.9331845119446278,0.95,1.0,0.9166666666666666,0.9036144578313253,0.9156626506024096,0.8433734939759037,0.9518072289156626,,auto,,,,,,20.0,,,,,,,,,-1.0,5.0,,1.0,,,,distance,80,0.08999999999999998
knn,False,919.12109375,KlekotaRoth,strict,hcv_ns3,0.763681592039801,0.7598521840462389,64416979,0.6497188734169685,0.7655056966398189,0.763681592039801,,0.8076923076923077,0.8094833980540164,38699404,0.7174230055515086,0.8452068764568765,0.8076923076923077,,0.6666666666666666,0.6439393939393939,0.6515151515151515,0.7045454545454546,,brute,,,,,,50.0,,,,,,,,,-1.0,3.0,,1.0,,,,uniform,80,0.15999999999999998
rf,True,3383.8232421875,MACCS,random,hcv_ns3,0.9605263157894737,0.9635627530364372,26746997,0.9205380046280375,0.967479674796748,0.9596774193548387,0.9615384615384616,0.9824561403508771,0.9836065573770492,22506440,0.9653494919339114,0.967741935483871,1.0,0.9629629629629629,0.9517543859649122,0.9868421052631579,0.9605263157894737,0.9078947368421053,,,,,,,,,,10,log2,,1.0,3.0,500.0,,,,True,,22.0,,True,,80,0.08999999999999998
rf,False,2165.7197265625,MACCS,random,hcv_ns3,0.8567493112947658,0.856672841863814,10281408,0.7840143300372753,0.8573047410173688,0.8567493112947658,,0.8791208791208791,0.8778476425535248,6582542,0.8198611233098657,0.8858894728459946,0.8791208791208791,,0.6776859504132231,0.6694214876033058,0.6942148760330579,0.6694214876033058,,,,,,,,,,20,log2,,1.0,4.0,100.0,,,,True,,22.0,,True,,80,0.08999999999999998
hgb,True,1377.4697265625,MACCS,random,hcv_ns3,0.9649122807017544,0.968,14294414,0.9293162551581607,0.9603174603174603,0.9758064516129032,0.9519230769230769,0.9824561403508771,0.9836065573770492,12307982,0.9653494919339114,0.967741935483871,1.0,0.9629629629629629,0.9298245614035089,0.9605263157894737,0.9473684210526315,0.881578947368421,,,,,True,,0.0,,0.01,20,,1000.0,16.0,,,100.0,,,,,22.0,,True,,80,0.08999999999999998
hgb,False,1825.3134765625,MACCS,random,hcv_ns3,0.8099173553719008,0.8079804779311672,17065114,0.7139391671951947,0.8086663551206339,0.8099173553719008,,0.8351648351648352,0.8351969597157082,11745912,0.7513310191456395,0.8452914681137678,0.8351648351648352,,0.6501377410468319,0.6446280991735537,0.6694214876033058,0.6363636363636364,,,,,True,,0.0,,0.01,50,,10000.0,16.0,,,100.0,,,,,22.0,,True,,80,0.15999999999999998
svm,True,555.591796875,MACCS,random,hcv_ns3,0.9385964912280702,0.9448818897637795,3253364,0.8769081067221165,0.9230769230769231,0.967741935483871,0.9038461538461539,0.9824561403508771,0.9836065573770492,2183307,0.9653494919339114,0.967741935483871,1.0,0.9629629629629629,0.9385964912280702,0.9605263157894737,0.9605263157894737,0.8947368421052632,10.0,,0.1,2.0,,0.01,,,,,,,,,,,,,,,22.0,False,,,80,0.08999999999999998
svm,False,632.181640625,MACCS,random,hcv_ns3,0.7548209366391184,0.7493409275794333,8309101,0.6342408995538774,0.7538196687621596,0.7548209366391184,,0.8021978021978022,0.8011582627762519,3427407,0.7015496228743124,0.802668759811617,0.8021978021978022,,0.6804407713498623,0.71900826446281,0.6859504132231405,0.6363636363636364,10.0,,0.5,4.0,,0.01,,,,,,,,,,,,,,,22.0,True,,,80,0.15999999999999998
dt,True,189.1533203125,MACCS,random,hcv_ns3,0.956140350877193,0.9596774193548387,1839477,0.9116004962779156,0.9596774193548387,0.9596774193548387,0.9519230769230769,1.0,1.0,1761179,1.0,1.0,1.0,1.0,0.9298245614035087,0.9473684210526315,0.9473684210526315,0.8947368421052632,,,,,,,,,,30,sqrt,,1.0,2.0,,,,,,,22.0,,,,80,0.08999999999999998
dt,False,205.171875,MACCS,random,hcv_ns3,0.8236914600550964,0.8216162040646997,1937775,0.7370318606662214,0.8247689373789175,0.8236914600550964,,0.8021978021978022,0.798838368238542,1768280,0.7102917949784082,0.8104927330733783,0.8021978021978022,,0.6446280991735538,0.6694214876033058,0.6942148760330579,0.5702479338842975,,,,,,,,,,30,log2,,1.0,4.0,,,,,,,22.0,,,,90,0.15999999999999998
knn,True,627.08984375,MACCS,random,hcv_ns3,0.9780701754385965,0.9795918367346939,18817784,0.9562375931931884,0.9917355371900827,0.967741935483871,0.9903846153846154,0.9824561403508771,0.9836065573770492,18381483,0.9653494919339114,0.967741935483871,1.0,0.9629629629629629,0.9385964912280702,0.9736842105263158,0.9473684210526315,0.8947368421052632,,ball_tree,,,,,,10.0,,,,,,,,,-1.0,7.0,,1.0,,,,distance,80,0.15999999999999998
knn,False,760.8984375,MACCS,random,hcv_ns3,0.8787878787878788,0.8781296313602382,29121148,0.8177987720803601,0.8786557860149392,0.8787878787878788,,0.8901098901098901,0.8895673423975311,18066384,0.8363371903206684,0.8955067155067155,0.8901098901098901,,0.6666666666666666,0.7107438016528925,0.6942148760330579,0.5950413223140496,,ball_tree,,,,,,40.0,,,,,,,,,-1.0,7.0,,1.0,,,,distance,80,0.15999999999999998
rf,True,3755.1044921875,MACCS,stratified,hcv_ns3,0.9912280701754386,0.9916666666666667,27377450,0.9824074074074074,0.9916666666666667,0.9916666666666667,0.9907407407407407,0.9473684210526315,0.9538461538461539,21362015,0.8980874600910819,1.0,0.9117647058823529,1.0,0.9254385964912281,0.881578947368421,0.9605263157894737,0.9342105263157895,,,,,,,,,,None,log2,,1.0,2.0,500.0,,,,True,,22.0,,True,,90,0.08999999999999998
rf,False,1598.7529296875,MACCS,stratified,hcv_ns3,0.8126721763085399,0.8099758789997523,7833185,0.7201418913863536,0.8131817061972274,0.8126721763085399,,0.8021978021978022,0.801307581631622,6193771,0.7058993618178788,0.8083457083457084,0.8021978021978022,,0.6611570247933884,0.71900826446281,0.6694214876033058,0.5950413223140496,,,,,,,,,,None,sqrt,,1.0,8.0,100.0,,,,True,,22.0,,True,,80,0.15999999999999998
hgb,True,909.1904296875,MACCS,stratified,hcv_ns3,0.9649122807017544,0.967479674796748,12309841,0.9307380401827542,0.9444444444444444,0.9916666666666667,0.9351851851851852,0.9649122807017544,0.9696969696969697,8432114,0.9305279968604795,1.0,0.9411764705882353,1.0,0.9254385964912281,0.9078947368421053,0.9210526315789473,0.9473684210526315,,,,,True,,0.0,,0.01,50,,99999999.0,16.0,,,100.0,,,,,22.0,,True,,80,0.08999999999999998
hgb,False,1974.8388671875,MACCS,stratified,hcv_ns3,0.8402203856749312,0.8398726536588306,11390637,0.7590016378890088,0.8408940762074371,0.8402203856749312,,0.7912087912087912,0.7920042126851711,7507648,0.6863884299714726,0.793073593073593,0.7912087912087912,,0.6666666666666666,0.6859504132231405,0.71900826446281,0.5950413223140496,,,,,True,,0.0,,0.01,None,,99999999.0,8.0,,,100.0,,,,,22.0,,True,,90,0.15999999999999998
svm,True,556.861328125,MACCS,stratified,hcv_ns3,0.9605263157894737,0.9635627530364372,3210836,0.9223374703564847,0.937007874015748,0.9916666666666667,0.9259259259259259,0.9473684210526315,0.9538461538461539,2161580,0.8980874600910819,1.0,0.9117647058823529,1.0,0.9385964912280702,0.8947368421052632,0.9605263157894737,0.9605263157894737,10.0,,0.5,3.0,,0.01,,,,,,,,,,,,,,,22.0,False,,,80,0.08999999999999998
svm,False,645.033203125,MACCS,stratified,hcv_ns3,0.7713498622589532,0.76714818640955,8058196,0.6587836527906706,0.7705295631075126,0.7713498622589532,,0.7142857142857143,0.7104112498215548,3209286,0.572903829881177,0.7137907137907138,0.7142857142857143,,0.6804407713498623,0.71900826446281,0.7024793388429752,0.6198347107438017,10.0,,0.0,4.0,,0.01,,,,,,,,,,,,,,,22.0,False,,,90,0.15999999999999998
dt,True,185.7314453125,MACCS,stratified,hcv_ns3,0.9035087719298246,0.9147286821705426,2097660,0.8153145883489348,0.855072463768116,0.9833333333333333,0.8148148148148148,0.8947368421052632,0.90625,1891464,0.7953491550810919,0.9666666666666667,0.8529411764705882,0.9565217391304348,0.8903508771929826,0.868421052631579,0.9342105263157895,0.868421052631579,,,,,,,,,,30,sqrt,,1.0,8.0,,,,,,,22.0,,,,80,0.15999999999999998
dt,False,196.51953125,MACCS,stratified,hcv_ns3,0.7465564738292011,0.7362099626165304,1980657,0.6380446329661918,0.7678144748889039,0.7465564738292011,,0.7692307692307693,0.7588711757725841,1779590,0.6711184944135807,0.79237998843262,0.7692307692307693,,0.6308539944903582,0.6694214876033058,0.6528925619834711,0.5702479338842975,,,,,,,,,,30,sqrt,,2.0,2.0,,,,,,,22.0,,,,80,0.08999999999999998
knn,True,518.5537109375,MACCS,stratified,hcv_ns3,0.9868421052631579,0.9875518672199171,19806416,0.9736365914879485,0.9834710743801653,0.9916666666666667,0.9814814814814815,0.9473684210526315,0.9538461538461539,18375640,0.8980874600910819,1.0,0.9117647058823529,1.0,0.9298245614035087,0.9078947368421053,0.9342105263157895,0.9473684210526315,,auto,,,,,,40.0,,,,,,,,,-1.0,5.0,,1.0,,,,distance,80,0.15999999999999998
knn,False,676.9072265625,MACCS,stratified,hcv_ns3,0.7520661157024794,0.7461764940802902,50022796,0.635109603133119,0.7573690124492264,0.7520661157024794,,0.7142857142857143,0.706376994261833,23452621,0.5794340768599677,0.7204356490070776,0.7142857142857143,,0.6446280991735538,0.7024793388429752,0.6611570247933884,0.5702479338842975,,brute,,,,,,10.0,,,,,,,,,-1.0,5.0,,1.0,,,,uniform,80,0.08999999999999998
rf,True,1277.158203125,MACCS,strict,hcv_ns3,0.9881889763779528,0.988929889298893,7228493,0.9763025688382726,0.9852941176470589,0.9925925925925926,0.9831932773109243,0.967741935483871,0.9743589743589743,7147438,0.9331845119446278,0.95,1.0,0.9166666666666666,0.927710843373494,0.927710843373494,0.8795180722891566,0.9759036144578314,,,,,,,,,,10,log2,,1.0,2.0,100.0,,,,True,,22.0,,True,,80,0.08999999999999998
rf,False,9535.671875,MACCS,strict,hcv_ns3,0.9079601990049752,0.9074366662662053,37074755,0.8634322356500826,0.9104307134048317,0.9079601990049752,,0.8653846153846154,0.8677476369784063,23494788,0.7964692115855919,0.8826923076923077,0.8653846153846154,,0.664141414141414,0.6287878787878788,0.6818181818181818,0.6818181818181818,,,,,,,,,,10,sqrt,,1.0,2.0,500.0,,,,True,,22.0,,True,,100,0.15999999999999998
hgb,True,822.1826171875,MACCS,strict,hcv_ns3,0.9724409448818898,0.9745454545454545,10644486,0.9452665951681821,0.9571428571428572,0.9925925925925926,0.9495798319327731,0.967741935483871,0.9743589743589743,8416120,0.9331845119446278,0.95,1.0,0.9166666666666666,0.9076305220883535,0.927710843373494,0.8433734939759037,0.9518072289156626,,,,,True,,0.01,,0.01,50,,1000.0,16.0,,,100.0,,,,,22.0,,True,,80,0.08999999999999998
hgb,False,2638.7783203125,MACCS,strict,hcv_ns3,0.8283582089552238,0.8272406933420247,16025531,0.7442668945664412,0.8325254980783072,0.8283582089552238,,0.8846153846153846,0.8835209505941213,9238020,0.8209271473374585,0.8897352647352648,0.8846153846153846,,0.6767676767676768,0.6590909090909091,0.6742424242424242,0.696969696969697,,,,,True,,0.0,,0.01,50,,1000.0,8.0,,,100.0,,,,,22.0,,True,,80,0.15999999999999998
svm,True,583.607421875,MACCS,strict,hcv_ns3,0.9724409448818898,0.9743589743589743,3996599,0.9448460654309271,0.9637681159420289,0.9851851851851852,0.957983193277311,0.967741935483871,0.9743589743589743,1881744,0.9331845119446278,0.95,1.0,0.9166666666666666,0.927710843373494,0.9397590361445783,0.8674698795180723,0.9759036144578314,10.0,,0.0,2.0,,0.01,,,,,,,,,,,,,,,22.0,True,,,100,0.08999999999999998
svm,False,652.396484375,MACCS,strict,hcv_ns3,0.7611940298507462,0.7562880349680323,10922318,0.6459714933037733,0.7629977019050282,0.7611940298507462,,0.8269230769230769,0.8221396250808015,2997724,0.7288521451274997,0.8275949593884376,0.8269230769230769,,0.6767676767676768,0.6212121212121212,0.7121212121212122,0.696969696969697,10.0,,0.0,2.0,,0.01,,,,,,,,,,,,,,,22.0,False,,,90,0.15999999999999998
dt,True,191.1923828125,MACCS,strict,hcv_ns3,0.9960629921259843,0.9962825278810409,1815664,0.9921295216121336,1.0,0.9925925925925926,1.0,1.0,1.0,1773495,1.0,1.0,1.0,1.0,0.891566265060241,0.927710843373494,0.8433734939759037,0.9036144578313253,,,,,,,,,,30,sqrt,,1.0,2.0,,,,,,,22.0,,,,80,0.08999999999999998
dt,False,196.66796875,MACCS,strict,hcv_ns3,0.753731343283582,0.7435881750414735,2052743,0.6440746186171231,0.7636505017949188,0.753731343283582,,0.7115384615384616,0.7193377411400668,1670386,0.5971348391996112,0.8084935897435896,0.7115384615384616,,0.6515151515151515,0.6212121212121212,0.6818181818181818,0.6515151515151515,,,,,,,,,,30,log2,,2.0,4.0,,,,,,,22.0,,,,80,0.08999999999999998
knn,True,554.4833984375,MACCS,strict,hcv_ns3,0.9921259842519685,0.9925925925925926,30549667,0.9841892312480548,0.9925925925925926,0.9925925925925926,0.9915966386554622,1.0,1.0,19468217,1.0,1.0,1.0,1.0,0.9036144578313253,0.9156626506024096,0.8313253012048193,0.963855421686747,,auto,,,,,,10.0,,,,,,,,,-1.0,3.0,,1.0,,,,distance,100,0.15999999999999998
knn,False,597.4384765625,MACCS,strict,hcv_ns3,0.8955223880597015,0.8940956979806849,33091835,0.8457045049430899,0.8977898833760795,0.8955223880597015,,0.8846153846153846,0.8868547150523896,18860942,0.8300304181632312,0.9075091575091575,0.8846153846153846,,0.6565656565656566,0.6212121212121212,0.6590909090909091,0.6893939393939394,,brute,,,,,,30.0,,,,,,,,,-1.0,5.0,,1.0,,,,distance,80,0.15999999999999998
rf,True,991.7216796875,PubChem,random,hcv_ns3,0.956140350877193,0.9596774193548387,9229119,0.9116004962779156,0.9596774193548387,0.9596774193548387,0.9519230769230769,0.9649122807017544,0.967741935483871,8250561,0.9316949906249123,0.9375,1.0,0.9259259259259259,0.9385964912280702,0.9342105263157895,0.9736842105263158,0.9078947368421053,,,,,,,,,,None,sqrt,,2.0,2.0,100.0,,,,True,,22.0,,True,,80,0.15999999999999998
rf,False,10116.9033203125,PubChem,random,hcv_ns3,0.8787878787878788,0.878383998584229,63037648,0.8181386655532537,0.8801224439595242,0.8787878787878788,,0.9560439560439561,0.9562830845849714,52679605,0.9345030267032655,0.9589656375370661,0.9560439560439561,,0.6804407713498623,0.6942148760330579,0.7024793388429752,0.6446280991735537,,,,,,,,,,10,None,,1.0,4.0,1000.0,,,,True,,22.0,,True,,80,0.08999999999999998
hgb,True,1435.2841796875,PubChem,random,hcv_ns3,0.9649122807017544,0.9672131147540983,20264989,0.9300771066517108,0.9833333333333333,0.9516129032258065,0.9807692307692307,0.9649122807017544,0.967741935483871,15848938,0.9316949906249123,0.9375,1.0,0.9259259259259259,0.9254385964912281,0.9473684210526315,0.9736842105263158,0.8552631578947368,,,,,True,,0.1,,0.01,50,,10000.0,16.0,,,100.0,,,,,22.0,,True,,90,0.08999999999999998
hgb,False,2093.1123046875,PubChem,random,hcv_ns3,0.8484848484848485,0.8476889290312338,24951974,0.7730576545260093,0.8512969883967216,0.8484848484848485,,0.9010989010989011,0.9009030185500774,17728585,0.8534529117930705,0.9102564102564104,0.9010989010989011,,0.6776859504132231,0.71900826446281,0.6776859504132231,0.6363636363636364,,,,,True,,0.0,,0.01,10,,10000.0,16.0,,,100.0,,,,,22.0,,True,,80,0.15999999999999998
svm,True,616.0859375,PubChem,random,hcv_ns3,0.956140350877193,0.96,6948187,0.9116061158923583,0.9523809523809523,0.967741935483871,0.9423076923076923,0.9649122807017544,0.967741935483871,4933664,0.9316949906249123,0.9375,1.0,0.9259259259259259,0.9429824561403509,0.9736842105263158,0.9605263157894737,0.8947368421052632,100.0,,0.1,2.0,,0.005,,,,,,,,,,,,,,,22.0,False,,,90,0.15999999999999998
svm,False,820.9033203125,PubChem,random,hcv_ns3,0.8402203856749312,0.838529903187149,17550198,0.7634402300987901,0.8465596798002953,0.8402203856749312,,0.9010989010989011,0.9005353620738236,7232279,0.8506207373478958,0.9044566544566545,0.9010989010989011,,0.6804407713498623,0.7272727272727273,0.6776859504132231,0.6363636363636364,200.0,,0.1,2.0,,0.001,,,,,,,,,,,,,,,22.0,True,,,90,0.15999999999999998
dt,True,205.048828125,PubChem,random,hcv_ns3,0.9385964912280702,0.9448818897637795,4753550,0.8769081067221165,0.9230769230769231,0.967741935483871,0.9038461538461539,0.9649122807017544,0.967741935483871,4435021,0.9316949906249123,0.9375,1.0,0.9259259259259259,0.9122807017543858,0.9078947368421053,0.9473684210526315,0.881578947368421,,,,,,,,,,30,sqrt,,1.0,4.0,,,,,,,22.0,,,,90,0.08999999999999998
dt,False,213.427734375,PubChem,random,hcv_ns3,0.8539944903581267,0.8529018208549105,4539384,0.7812785265797878,0.8545235538301793,0.8539944903581267,,0.945054945054945,0.9454619454619455,4222237,0.9196758912202749,0.9511178476695717,0.945054945054945,,0.6611570247933883,0.7107438016528925,0.6776859504132231,0.5950413223140496,,,,,,,,,,10,None,,1.0,3.0,,,,,,,22.0,,,,100,0.15999999999999998
knn,True,1073.740234375,PubChem,random,hcv_ns3,0.9780701754385965,0.9799196787148594,33536435,0.9558033517511202,0.976,0.9838709677419355,0.9711538461538461,0.9649122807017544,0.967741935483871,21302056,0.9316949906249123,0.9375,1.0,0.9259259259259259,0.9385964912280702,0.9605263157894737,0.9473684210526315,0.9078947368421053,,kd_tree,,,,,,40.0,,,,,,,,,-1.0,9.0,,1.0,,,,distance,90,0.15999999999999998
knn,False,1421.310546875,PubChem,random,hcv_ns3,0.8760330578512396,0.8757099361578501,30843856,0.8132653421442311,0.8759589786327756,0.8760330578512396,,0.9010989010989011,0.9009664481362596,21265878,0.8510161079618584,0.9031629745915459,0.9010989010989011,,0.6639118457300276,0.6942148760330579,0.6694214876033058,0.628099173553719,,kd_tree,,,,,,20.0,,,,,,,,,-1.0,7.0,,1.0,,,,distance,90,0.15999999999999998
rf,True,3680.7236328125,PubChem,stratified,hcv_ns3,0.9824561403508771,0.9834710743801653,32641217,0.9649318171207367,0.9754098360655737,0.9916666666666667,0.9722222222222222,0.9473684210526315,0.9538461538461539,27862069,0.8980874600910819,1.0,0.9117647058823529,1.0,0.9298245614035087,0.8947368421052632,0.9473684210526315,0.9473684210526315,,,,,,,,,,None,log2,,1.0,2.0,500.0,,,,True,,22.0,,True,,100,0.15999999999999998
rf,False,5296.52734375,PubChem,stratified,hcv_ns3,0.859504132231405,0.8590307515144195,48853187,0.7898169293736135,0.8619322074499941,0.859504132231405,,0.8021978021978022,0.8012413815692504,26600330,0.7044936944114111,0.8037961308897269,0.8021978021978022,,0.6887052341597796,0.7107438016528925,0.7355371900826446,0.6198347107438017,,,,,,,,,,20,sqrt,,1.0,8.0,500.0,,,,True,,22.0,,True,,90,0.15999999999999998
hgb,True,875.869140625,PubChem,stratified,hcv_ns3,0.956140350877193,0.9590163934426229,14702829,0.9124409140106106,0.9435483870967742,0.975,0.9351851851851852,0.9649122807017544,0.9696969696969697,9991591,0.9305279968604795,1.0,0.9411764705882353,1.0,0.9254385964912281,0.8552631578947368,0.9736842105263158,0.9473684210526315,,,,,True,,0.0,,0.01,None,,10000.0,16.0,,,100.0,,,,,22.0,,True,,80,0.15999999999999998
hgb,False,1019.9365234375,PubChem,stratified,hcv_ns3,0.8126721763085399,0.8108066667688865,18865947,0.719414241860312,0.8142756577819563,0.8126721763085399,,0.7252747252747253,0.7198955863261454,48089578,0.5903170971260739,0.7206959706959707,0.7252747252747253,,0.6639118457300276,0.6776859504132231,0.7272727272727273,0.5867768595041323,,,,,True,,0.0,,0.01,50,,99999999.0,32.0,,,100.0,,,,,22.0,,True,,80,0.15999999999999998
svm,True,616.03125,PubChem,stratified,hcv_ns3,0.956140350877193,0.9596774193548387,7256055,0.913992785803039,0.9296875,0.9916666666666667,0.9166666666666666,0.9473684210526315,0.9552238805970149,4942061,0.892012920042847,0.9696969696969697,0.9411764705882353,0.9565217391304348,0.9254385964912281,0.868421052631579,0.9605263157894737,0.9473684210526315,10.0,,0.0,2.0,,0.01,,,,,,,,,,,,,,,22.0,True,,,80,0.15999999999999998
svm,False,831.4970703125,PubChem,stratified,hcv_ns3,0.8347107438016529,0.8329831836191972,17706370,0.7543939180865799,0.8379695591860749,0.8347107438016529,,0.7692307692307693,0.7640929404476203,8617635,0.6595537219355321,0.7723302338686955,0.7692307692307693,,0.6942148760330578,0.7355371900826446,0.7107438016528925,0.6363636363636364,100.0,,0.5,4.0,,0.001,,,,,,,,,,,,,,,22.0,False,,,90,0.15999999999999998
dt,True,206.5068359375,PubChem,stratified,hcv_ns3,0.9736842105263158,0.9754098360655737,4479630,0.9477132992928111,0.9596774193548387,0.9916666666666667,0.9537037037037037,0.9473684210526315,0.9552238805970149,4131318,0.892012920042847,0.9696969696969697,0.9411764705882353,0.9565217391304348,0.912280701754386,0.8947368421052632,0.9736842105263158,0.868421052631579,,,,,,,,,,None,sqrt,,1.0,2.0,,,,,,,22.0,,,,90,0.15999999999999998
dt,False,216.6865234375,PubChem,stratified,hcv_ns3,0.8402203856749312,0.8370209859563994,4767853,0.7641171889725418,0.8427136543451759,0.8402203856749312,,0.8571428571428571,0.8556386142593039,4342313,0.7898505086231602,0.8632693314011997,0.8571428571428571,,0.6556473829201103,0.7272727272727273,0.6611570247933884,0.5785123966942148,,,,,,,,,,10,sqrt,,1.0,3.0,,,,,,,22.0,,,,90,0.15999999999999998
knn,True,708.6650390625,PubChem,stratified,hcv_ns3,0.9780701754385965,0.9794238683127572,32795116,0.9562913012607803,0.967479674796748,0.9916666666666667,0.9629629629629629,0.9473684210526315,0.9552238805970149,32493726,0.892012920042847,0.9696969696969697,0.9411764705882353,0.9565217391304348,0.9298245614035087,0.881578947368421,0.9736842105263158,0.9342105263157895,,brute,,,,,,20.0,,,,,,,,,-1.0,5.0,,2.0,,,,distance,80,0.15999999999999998
knn,False,1258.580078125,PubChem,stratified,hcv_ns3,0.8787878787878788,0.8775436428739976,31467167,0.8208254948109611,0.8829602203543876,0.8787878787878788,,0.8791208791208791,0.8783744990641542,21539568,0.822965641673014,0.8870506782594695,0.8791208791208791,,0.6584022038567493,0.6694214876033058,0.7107438016528925,0.5950413223140496,,ball_tree,,,,,,30.0,,,,,,,,,-1.0,7.0,,1.0,,,,distance,80,0.15999999999999998
rf,True,1119.8876953125,PubChem,strict,hcv_ns3,0.968503937007874,0.9708029197080292,10244075,0.9371012032471897,0.9568345323741008,0.9851851851851852,0.9495798319327731,0.967741935483871,0.9743589743589743,8406249,0.9331845119446278,0.95,1.0,0.9166666666666666,0.927710843373494,0.9397590361445783,0.9156626506024096,0.927710843373494,,,,,,,,,,None,sqrt,,1.0,4.0,100.0,,,,True,,22.0,,True,,80,0.15999999999999998
rf,False,1905.806640625,PubChem,strict,hcv_ns3,0.9029850746268657,0.9027331486968452,11107759,0.8548039271168647,0.9039777326338144,0.9029850746268657,,0.8653846153846154,0.8666329284750337,8424292,0.7905370650173168,0.8739010989010988,0.8653846153846154,,0.6565656565656566,0.6363636363636364,0.6515151515151515,0.6818181818181818,,,,,,,,,,10,None,,1.0,2.0,100.0,,,,True,,22.0,,True,,90,0.15999999999999998
hgb,True,951.28125,PubChem,strict,hcv_ns3,0.9724409448818898,0.9745454545454545,15247868,0.9452665951681821,0.9571428571428572,0.9925925925925926,0.9495798319327731,0.967741935483871,0.9743589743589743,11116205,0.9331845119446278,0.95,1.0,0.9166666666666666,0.9236947791164658,0.9156626506024096,0.9036144578313253,0.9518072289156626,,,,,True,,0.1,,0.01,None,,99999999.0,16.0,,,100.0,,,,,22.0,,True,,90,0.15999999999999998
hgb,False,1556.19921875,PubChem,strict,hcv_ns3,0.8532338308457711,0.8519435778795401,18939114,0.7828862479740231,0.8590758967724111,0.8532338308457711,,0.8653846153846154,0.8659876435274232,11567996,0.7982623636809937,0.8845317725752508,0.8653846153846154,,0.664141414141414,0.6515151515151515,0.6666666666666666,0.6742424242424242,,,,,True,,0.0,,0.01,10,,10000.0,16.0,,,100.0,,,,,22.0,,True,,80,0.08999999999999998
svm,True,628.90234375,PubChem,strict,hcv_ns3,0.968503937007874,0.9710144927536232,7818088,0.9376290795224185,0.950354609929078,0.9925925925925926,0.9411764705882353,0.967741935483871,0.9743589743589743,4889775,0.9331845119446278,0.95,1.0,0.9166666666666666,0.9196787148594378,0.927710843373494,0.891566265060241,0.9397590361445783,100.0,,0.0,4.0,,0.001,,,,,,,,,,,,,,,22.0,True,,,90,0.15999999999999998
svm,False,1056.5712890625,PubChem,strict,hcv_ns3,0.8606965174129353,0.8588611297725303,27241154,0.7945029918140214,0.864748649593715,0.8606965174129353,,0.9038461538461539,0.9051573426573426,7355101,0.8554233678359602,0.917998667998668,0.9038461538461539,,0.6818181818181818,0.7045454545454546,0.6666666666666666,0.6742424242424242,200.0,,0.1,3.0,,0.001,,,,,,,,,,,,,,,22.0,False,,,90,0.08999999999999998
dt,True,202.9521484375,PubChem,strict,hcv_ns3,0.984251968503937,0.9851851851851852,4741274,0.9683784624961096,0.9851851851851852,0.9851851851851852,0.9831932773109243,1.0,1.0,4447256,1.0,1.0,1.0,1.0,0.9076305220883533,0.8795180722891566,0.891566265060241,0.9518072289156626,,,,,,,,,,10,None,,1.0,2.0,,,,,,,22.0,,,,80,0.15999999999999998
dt,False,208.4609375,PubChem,strict,hcv_ns3,0.7960199004975125,0.7899589867553757,5066606,0.7017779837292123,0.8005104964444424,0.7960199004975125,,0.75,0.7572055137844611,4697525,0.6512900494963477,0.8326086956521739,0.75,,0.654040404040404,0.6666666666666666,0.6590909090909091,0.6363636363636364,,,,,,,,,,20,None,,4.0,3.0,,,,,,,22.0,,,,80,0.08999999999999998
knn,True,1079.263671875,PubChem,strict,hcv_ns3,0.9763779527559056,0.9779411764705882,33303879,0.9526397218937874,0.9708029197080292,0.9851851851851852,0.9663865546218487,1.0,1.0,21606682,1.0,1.0,1.0,1.0,0.9156626506024096,0.9036144578313253,0.891566265060241,0.9518072289156626,,ball_tree,,,,,,10.0,,,,,,,,,-1.0,7.0,,2.0,,,,distance,80,0.15999999999999998
knn,False,1405.447265625,PubChem,strict,hcv_ns3,0.9029850746268657,0.9024450301921215,31673674,0.8552236725102843,0.9035964956362966,0.9029850746268657,,0.8846153846153846,0.8822257836979314,19772995,0.818351364771056,0.8859265734265734,0.8846153846153846,,0.6464646464646465,0.6515151515151515,0.6212121212121212,0.6666666666666666,,kd_tree,,,,,,50.0,,,,,,,,,-1.0,3.0,,2.0,,,,distance,90,0.15999999999999998
rf,True,1041.59375,SubstructureCount,random,hcv_ns3,0.9736842105263158,0.975609756097561,7396429,0.9471900171948989,0.9836065573770492,0.967741935483871,0.9807692307692307,0.9824561403508771,0.9836065573770492,6431909,0.9653494919339114,0.967741935483871,1.0,0.9629629629629629,0.9298245614035087,0.9473684210526315,0.9868421052631579,0.8552631578947368,,,,,,,,,,10,log2,,1.0,2.0,100.0,,,,True,,22.0,,True,,90,0.08999999999999998
rf,False,1360.966796875,SubstructureCount,random,hcv_ns3,0.8209366391184573,0.8195241034388774,8382913,0.7314040240425546,0.8216669619046699,0.8209366391184573,,0.8571428571428571,0.8574159313781956,6786098,0.7848088736462311,0.8621148469424333,0.8571428571428571,,0.6639118457300276,0.7272727272727273,0.6776859504132231,0.5867768595041323,,,,,,,,,,10,sqrt,,2.0,8.0,100.0,,,,True,,22.0,,True,,80,0.08999999999999998
hgb,True,1471.697265625,SubstructureCount,random,hcv_ns3,0.9692982456140351,0.97165991902834,14617218,0.9382048956259493,0.975609756097561,0.967741935483871,0.9711538461538461,0.9824561403508771,0.9836065573770492,11462657,0.9653494919339114,0.967741935483871,1.0,0.9629629629629629,0.8771929824561404,0.881578947368421,0.9210526315789473,0.8289473684210527,,,,,True,,0.1,,0.01,10,,10000.0,8.0,,,100.0,,,,,22.0,,True,,80,0.08999999999999998
hgb,False,1893.0068359375,SubstructureCount,random,hcv_ns3,0.8264462809917356,0.8249855415814538,17929676,0.7392201164681848,0.8259403764526462,0.8264462809917356,,0.8791208791208791,0.8782981886258947,12581051,0.8191978684780001,0.8814677064459736,0.8791208791208791,,0.6336088154269972,0.6611570247933884,0.6776859504132231,0.5619834710743802,,,,,True,,0.0,,0.01,50,,10000.0,16.0,,,100.0,,,,,22.0,,True,,80,0.08999999999999998
svm,True,536.884765625,SubstructureCount,random,hcv_ns3,0.9429824561403509,0.9473684210526315,5338230,0.8852042226322139,0.9512195121951219,0.9435483870967742,0.9423076923076923,0.9649122807017544,0.9666666666666667,3938800,0.9296296296296296,0.9666666666666667,0.9666666666666667,0.9629629629629629,0.912280701754386,0.8947368421052632,0.9473684210526315,0.8947368421052632,1.0,,0.0,4.0,,0.01,,,,,,,,,,,,,,,22.0,False,,,80,0.15999999999999998
svm,False,607.8974609375,SubstructureCount,random,hcv_ns3,0.8319559228650137,0.8308199186641201,8999903,0.7471247064052181,0.8316333090352824,0.8319559228650137,,0.8791208791208791,0.8775657624972694,4299665,0.8189597044193059,0.8801951196039866,0.8791208791208791,,0.6749311294765841,0.743801652892562,0.6694214876033058,0.6115702479338843,10.0,,0.1,2.0,,0.005,,,,,,,,,,,,,,,22.0,False,,,90,0.08999999999999998
dt,True,189.365234375,SubstructureCount,random,hcv_ns3,0.9605263157894737,0.9635627530364372,2329967,0.9205380046280375,0.967479674796748,0.9596774193548387,0.9615384615384616,1.0,1.0,2206709,1.0,1.0,1.0,1.0,0.9166666666666666,0.9342105263157895,0.9342105263157895,0.881578947368421,,,,,,,,,,20,sqrt,,1.0,2.0,,,,,,,22.0,,,,90,0.15999999999999998
dt,False,194.0048828125,SubstructureCount,random,hcv_ns3,0.7603305785123967,0.7534346489337428,2317506,0.6453789873830665,0.7604431313120372,0.7603305785123967,,0.7692307692307693,0.764550485912715,2300259,0.6552486632309206,0.7716329564155652,0.7692307692307693,,0.652892561983471,0.6528925619834711,0.6694214876033058,0.6363636363636364,,,,,,,,,,10,log2,,2.0,4.0,,,,,,,22.0,,,,80,0.08999999999999998
knn,True,510.3046875,SubstructureCount,random,hcv_ns3,0.9736842105263158,0.975609756097561,4147981,0.9471900171948989,0.9836065573770492,0.967741935483871,0.9807692307692307,0.9824561403508771,0.9836065573770492,3268519,0.9653494919339114,0.967741935483871,1.0,0.9629629629629629,0.9385964912280702,0.9605263157894737,0.9473684210526315,0.9078947368421053,,auto,,,,,,10.0,,,,,,,,,-1.0,7.0,,2.0,,,,distance,100,0.08999999999999998
knn,False,557.087890625,SubstructureCount,random,hcv_ns3,0.9035812672176309,0.9031116954670674,11466772,0.8549362541428345,0.9033314967860423,0.9035812672176309,,0.9340659340659341,0.9338186621205489,5082199,0.9009213095538628,0.9361588070379279,0.9340659340659341,,0.6556473829201103,0.6859504132231405,0.6611570247933884,0.6198347107438017,,brute,,,,,,20.0,,,,,,,,,-1.0,9.0,,1.0,,,,distance,90,0.08999999999999998
rf,True,928.8369140625,SubstructureCount,stratified,hcv_ns3,0.9736842105263158,0.9752066115702479,7488124,0.9473201893346714,0.9672131147540983,0.9833333333333333,0.9629629629629629,0.9298245614035088,0.9375,6798735,0.8669682733111429,1.0,0.8823529411764706,1.0,0.912280701754386,0.8552631578947368,0.9342105263157895,0.9473684210526315,,,,,,,,,,None,sqrt,,2.0,4.0,100.0,,,,True,,22.0,,True,,90,0.08999999999999998
rf,False,8651.1669921875,SubstructureCount,stratified,hcv_ns3,0.9035812672176309,0.9033571017802672,35466935,0.8547908682042582,0.9037251578771744,0.9035812672176309,,0.8791208791208791,0.8781148491462288,24852026,0.8197971698646793,0.8793453857969988,0.8791208791208791,,0.6776859504132232,0.6859504132231405,0.71900826446281,0.628099173553719,,,,,,,,,,20,log2,,1.0,3.0,500.0,,,,True,,22.0,,True,,80,0.15999999999999998
hgb,True,800.2255859375,SubstructureCount,stratified,hcv_ns3,0.9736842105263158,0.9752066115702479,8132474,0.9473201893346714,0.9672131147540983,0.9833333333333333,0.9629629629629629,0.9649122807017544,0.9696969696969697,7093590,0.9305279968604795,1.0,0.9411764705882353,1.0,0.899122807017544,0.868421052631579,0.9210526315789473,0.9078947368421053,,,,,True,,0.1,,0.01,None,,10000.0,8.0,,,100.0,,,,,22.0,,True,,90,0.08999999999999998
hgb,False,1175.4755859375,SubstructureCount,stratified,hcv_ns3,0.8319559228650137,0.8308973075055087,12619936,0.7472951600068923,0.8311221365957662,0.8319559228650137,,0.8131868131868132,0.8103792624226018,9296503,0.7223844839956411,0.813225119107472,0.8131868131868132,,0.6666666666666666,0.6942148760330579,0.7272727272727273,0.5785123966942148,,,,,True,,0.01,,0.01,10,,99999999.0,16.0,,,100.0,,,,,22.0,,True,,80,0.15999999999999998
svm,True,524.1279296875,SubstructureCount,stratified,hcv_ns3,0.9780701754385965,0.9789029535864979,3041177,0.9564116636045515,0.9914529914529915,0.9666666666666667,0.9907407407407407,0.9298245614035088,0.9393939393939394,2460628,0.8584626492775348,0.96875,0.9117647058823529,0.9565217391304348,0.9254385964912281,0.8947368421052632,0.9210526315789473,0.9605263157894737,200.0,,0.1,3.0,,0.001,,,,,,,,,,,,,,,22.0,False,,,90,0.15999999999999998
svm,False,573.89453125,SubstructureCount,stratified,hcv_ns3,0.8209366391184573,0.8168268215945359,6754673,0.7357119843928274,0.8225868337729587,0.8209366391184573,,0.7802197802197802,0.7715364001366803,3454615,0.6826261705670607,0.7921923636209351,0.7802197802197802,,0.6584022038567493,0.6611570247933884,0.6776859504132231,0.6363636363636364,100.0,,0.0,2.0,,0.001,,,,,,,,,,,,,,,22.0,True,,,90,0.15999999999999998
dt,True,188.5986328125,SubstructureCount,stratified,hcv_ns3,0.9210526315789473,0.926829268292683,2291154,0.8424062581474279,0.9047619047619048,0.95,0.8888888888888888,0.9298245614035088,0.9393939393939394,2068956,0.8584626492775348,0.96875,0.9117647058823529,0.9565217391304348,0.9298245614035089,0.8552631578947368,0.9605263157894737,0.9736842105263158,,,,,,,,,,None,log2,,2.0,4.0,,,,,,,22.0,,,,80,0.15999999999999998
dt,False,198.46484375,SubstructureCount,stratified,hcv_ns3,0.8319559228650137,0.8299807682311972,2190631,0.7501122997482818,0.8344424298980604,0.8319559228650137,,0.8461538461538461,0.8421288939979173,2257876,0.7767815958720551,0.854964854964855,0.8461538461538461,,0.6694214876033057,0.6776859504132231,0.7107438016528925,0.6198347107438017,,,,,,,,,,30,None,,2.0,4.0,,,,,,,22.0,,,,80,0.08999999999999998
knn,True,500.669921875,SubstructureCount,stratified,hcv_ns3,0.9868421052631579,0.9875518672199171,20081486,0.9736365914879485,0.9834710743801653,0.9916666666666667,0.9814814814814815,0.9824561403508771,0.9850746268656716,18829105,0.9644413195335055,1.0,0.9705882352941176,1.0,0.9078947368421053,0.868421052631579,0.9210526315789473,0.9342105263157895,,ball_tree,,,,,,50.0,,,,,,,,,-1.0,9.0,,1.0,,,,distance,80,0.08999999999999998
knn,False,568.3818359375,SubstructureCount,stratified,hcv_ns3,0.8980716253443526,0.8976966201268888,19939323,0.8473002653354473,0.8991969740189609,0.8980716253443526,,0.9230769230769231,0.9222048779506584,18694842,0.885745433672738,0.9236879499810534,0.9230769230769231,,0.6556473829201102,0.6776859504132231,0.6776859504132231,0.6115702479338843,,kd_tree,,,,,,30.0,,,,,,,,,-1.0,3.0,,1.0,,,,distance,90,0.08999999999999998
rf,True,1130.6806640625,SubstructureCount,strict,hcv_ns3,0.9960629921259843,0.9962825278810409,7431231,0.9921295216121336,1.0,0.9925925925925926,1.0,0.967741935483871,0.972972972972973,5947763,0.935143800239036,1.0,0.9473684210526315,1.0,0.927710843373494,0.927710843373494,0.9036144578313253,0.9518072289156626,,,,,,,,,,30,log2,,1.0,2.0,100.0,,,,True,,22.0,,True,,90,0.08999999999999998
rf,False,11661.6171875,SubstructureCount,strict,hcv_ns3,0.900497512437811,0.9003030145466191,64395094,0.8504634746882441,0.9003090252982876,0.900497512437811,,0.9230769230769231,0.9233277591973243,42876059,0.8809427187315262,0.9283216783216783,0.9230769230769231,,0.6767676767676768,0.6590909090909091,0.7424242424242424,0.6287878787878788,,,,,,,,,,None,None,,2.0,3.0,1000.0,,,,True,,22.0,,True,,90,0.15999999999999998
hgb,True,1010.677734375,SubstructureCount,strict,hcv_ns3,0.984251968503937,0.9851851851851852,12607307,0.9683784624961096,0.9851851851851852,0.9851851851851852,0.9831932773109243,0.967741935483871,0.972972972972973,7320261,0.935143800239036,1.0,0.9473684210526315,1.0,0.8875502008032129,0.8674698795180723,0.8674698795180723,0.927710843373494,,,,,True,,0.01,,0.01,None,,10000.0,8.0,,,100.0,,,,,22.0,,True,,90,0.15999999999999998
hgb,False,1647.6416015625,SubstructureCount,strict,hcv_ns3,0.835820895522388,0.8335306392308559,79498185,0.7553549458308095,0.8362230389593573,0.835820895522388,,0.9423076923076923,0.9425542406311637,257389208,0.9131907030445278,0.9502622377622377,0.9423076923076923,,0.6868686868686869,0.6893939393939394,0.6893939393939394,0.6818181818181818,,,,,True,,0.0,,0.01,50,,1000.0,16.0,,,100.0,,,,,22.0,,True,,80,0.15999999999999998
svm,True,540.064453125,SubstructureCount,strict,hcv_ns3,0.9803149606299213,0.981549815498155,4040482,0.9604834279550803,0.9779411764705882,0.9851851851851852,0.9747899159663865,0.967741935483871,0.972972972972973,2542435,0.935143800239036,1.0,0.9473684210526315,1.0,0.9116465863453814,0.891566265060241,0.891566265060241,0.9518072289156626,10.0,,0.0,3.0,,0.01,,,,,,,,,,,,,,,22.0,True,,,90,0.15999999999999998
svm,False,587.0888671875,SubstructureCount,strict,hcv_ns3,0.7736318407960199,0.7694268483348965,10495571,0.6625538526987188,0.7723406384107455,0.7736318407960199,,0.8846153846153846,0.8848515519568151,3615133,0.8210551996727737,0.8912087912087912,0.8846153846153846,,0.6666666666666666,0.6060606060606061,0.6818181818181818,0.7121212121212122,1.0,,0.5,3.0,,0.01,,,,,,,,,,,,,,,22.0,True,,,80,0.15999999999999998
dt,True,190.9814453125,SubstructureCount,strict,hcv_ns3,0.984251968503937,0.9850746268656716,2562852,0.9685307483739893,0.9924812030075187,0.9777777777777777,0.9915966386554622,0.9354838709677419,0.9444444444444444,2316841,0.875738141931184,1.0,0.8947368421052632,1.0,0.9036144578313253,0.963855421686747,0.8433734939759037,0.9036144578313253,,,,,,,,,,None,log2,,1.0,2.0,,,,,,,22.0,,,,90,0.08999999999999998
dt,False,199.2392578125,SubstructureCount,strict,hcv_ns3,0.8706467661691543,0.8690361739411417,2218193,0.8094303613758232,0.8746345688965127,0.8706467661691543,,0.9423076923076923,0.9418522267206477,2121727,0.9126096036391446,0.9478937728937729,0.9423076923076923,,0.6489898989898989,0.6212121212121212,0.6515151515151515,0.6742424242424242,,,,,,,,,,10,None,,1.0,2.0,,,,,,,22.0,,,,100,0.15999999999999998
knn,True,508.2890625,SubstructureCount,strict,hcv_ns3,0.9921259842519685,0.9925925925925926,6035750,0.9841892312480548,0.9925925925925926,0.9925925925925926,0.9915966386554622,0.967741935483871,0.972972972972973,3741494,0.935143800239036,1.0,0.9473684210526315,1.0,0.9156626506024096,0.9036144578313253,0.891566265060241,0.9518072289156626,,auto,,,,,,50.0,,,,,,,,,-1.0,3.0,,1.0,,,,distance,90,0.08999999999999998
knn,False,565.845703125,SubstructureCount,strict,hcv_ns3,0.9253731343283582,0.9247759427383451,12659244,0.8885301668155268,0.9256968759851019,0.9253731343283582,,0.9615384615384616,0.9614549623350891,4663709,0.9407397674729746,0.9644230769230769,0.9615384615384616,,0.6717171717171717,0.6212121212121212,0.7045454545454546,0.6893939393939394,,brute,,,,,,20.0,,,,,,,,,-1.0,9.0,,1.0,,,,distance,90,0.08999999999999998
rf,True,1230.166015625,Substructure,random,hcv_ns3,0.9210526315789473,0.9262295081967213,7835947,0.8418961434462093,0.9416666666666667,0.9112903225806451,0.9326923076923077,0.9122807017543859,0.9152542372881356,6642161,0.8249081486743332,0.9310344827586207,0.9,0.9259259259259259,0.9166666666666666,0.9210526315789473,0.9473684210526315,0.881578947368421,,,,,,,,,,None,log2,,1.0,2.0,100.0,,,,True,,22.0,,True,,80,0.08999999999999998
rf,False,14898.1494140625,Substructure,random,hcv_ns3,0.7768595041322314,0.7718765225681647,65815813,0.6720066537481092,0.7852915561416153,0.7768595041322314,,0.8131868131868132,0.8099549386783429,48447692,0.7219205881653461,0.8302211572888264,0.8131868131868132,,0.650137741046832,0.6776859504132231,0.6776859504132231,0.5950413223140496,,,,,,,,,,20,log2,,1.0,3.0,1000.0,,,,True,,22.0,,True,,80,0.08999999999999998
hgb,True,1665.4052734375,Substructure,random,hcv_ns3,0.9342105263157895,0.9392712550607287,12558195,0.867537331634302,0.943089430894309,0.9354838709677419,0.9326923076923077,0.9298245614035088,0.9375,10776037,0.8669682733111429,0.8823529411764706,1.0,0.8518518518518519,0.8947368421052632,0.8947368421052632,0.9078947368421053,0.881578947368421,,,,,True,,0.0,,0.01,None,,10000.0,8.0,,,100.0,,,,,22.0,,True,,90,0.08999999999999998
hgb,False,2445.435546875,Substructure,random,hcv_ns3,0.743801652892562,0.7387833536333381,17855570,0.618561226743019,0.7460931301230689,0.743801652892562,,0.8021978021978022,0.7988603988603988,11637656,0.7029856797802897,0.8129666720799724,0.8021978021978022,,0.6391184573002755,0.6446280991735537,0.6611570247933884,0.6115702479338843,,,,,True,,0.01,,0.01,None,,1000.0,8.0,,,100.0,,,,,22.0,,True,,80,0.08999999999999998
svm,True,521.51171875,Substructure,random,hcv_ns3,0.9122807017543859,0.9180327868852459,3346953,0.8242599508051089,0.9333333333333333,0.9032258064516129,0.9230769230769231,0.9298245614035088,0.9333333333333333,2517642,0.8592592592592593,0.9333333333333333,0.9333333333333333,0.9259259259259259,0.9078947368421053,0.8947368421052632,0.9210526315789473,0.9078947368421053,200.0,,0.5,3.0,,0.005,,,,,,,,,,,,,,,22.0,False,,,90,0.08999999999999998
svm,False,541.287109375,Substructure,random,hcv_ns3,0.7300275482093664,0.723469095817853,7157500,0.598655790159054,0.7277824556339073,0.7300275482093664,,0.7912087912087912,0.7912949795302737,3437841,0.682354601318902,0.7916657147426379,0.7912087912087912,,0.6446280991735537,0.6198347107438017,0.6611570247933884,0.6528925619834711,100.0,,0.1,2.0,,1.0,,,,,,,,,,,,,,,22.0,False,,,80,0.15999999999999998
dt,True,188.0732421875,Substructure,random,hcv_ns3,0.8991228070175439,0.9105058365758755,2301575,0.7978169434284739,0.8796992481203008,0.9435483870967742,0.8461538461538461,0.8947368421052632,0.9090909090909091,2363262,0.8050764858994133,0.8333333333333334,1.0,0.7777777777777778,0.9078947368421053,0.8947368421052632,0.9342105263157895,0.8947368421052632,,,,,,,,,,10,sqrt,,1.0,8.0,,,,,,,22.0,,,,80,0.08999999999999998
dt,False,192.005859375,Substructure,random,hcv_ns3,0.71900826446281,0.708493782710057,2363070,0.5925089572876464,0.7357658997886597,0.71900826446281,,0.6373626373626373,0.631085581085581,2235032,0.46491315633713515,0.6425406390844179,0.6373626373626373,,0.6418732782369146,0.6859504132231405,0.6446280991735537,0.5950413223140496,,,,,,,,,,None,log2,,2.0,4.0,,,,,,,22.0,,,,80,0.08999999999999998
knn,True,537.7978515625,Substructure,random,hcv_ns3,0.9342105263157895,0.9402390438247012,19375061,0.8673980590256333,0.9291338582677166,0.9516129032258065,0.9134615384615384,0.9298245614035088,0.9375,18604878,0.8669682733111429,0.8823529411764706,1.0,0.8518518518518519,0.912280701754386,0.9473684210526315,0.9342105263157895,0.8552631578947368,,ball_tree,,,,,,10.0,,,,,,,,,-1.0,7.0,,1.0,,,,distance,90,0.08999999999999998
knn,False,614.107421875,Substructure,random,hcv_ns3,0.7823691460055097,0.7757179326439599,29768910,0.6854851970039151,0.7994781265143693,0.7823691460055097,,0.8461538461538461,0.8468073280103355,19262372,0.772868553199759,0.8567481369205507,0.8461538461538461,,0.6611570247933884,0.7024793388429752,0.6859504132231405,0.5950413223140496,,kd_tree,,,,,,10.0,,,,,,,,,-1.0,7.0,,1.0,,,,distance,90,0.08999999999999998
rf,True,2125.66015625,Substructure,stratified,hcv_ns3,0.9254385964912281,0.9300411522633745,27070330,0.8505520109176873,0.9186991869918699,0.9416666666666667,0.9074074074074074,0.9298245614035088,0.9375,22105063,0.8669682733111429,1.0,0.8823529411764706,1.0,0.912280701754386,0.881578947368421,0.9342105263157895,0.9210526315789473,,,,,,,,,,None,None,,2.0,8.0,500.0,,,,True,,22.0,,True,,100,0.08999999999999998
rf,False,7886.45703125,Substructure,stratified,hcv_ns3,0.7493112947658402,0.7447504148471096,62626012,0.6314812405550988,0.7566029076332876,0.7493112947658402,,0.7142857142857143,0.7093774659936591,46284846,0.574685852884852,0.7122922759527535,0.7142857142857143,,0.6473829201101929,0.6942148760330579,0.6528925619834711,0.5950413223140496,,,,,,,,,,10,sqrt,,2.0,3.0,1000.0,,,,True,,22.0,,True,,90,0.15999999999999998
hgb,True,2169.5859375,Substructure,stratified,hcv_ns3,0.9342105263157895,0.9392712550607287,17226000,0.8692867783178171,0.9133858267716536,0.9666666666666667,0.8981481481481481,0.9298245614035088,0.9411764705882353,13479051,0.8542199488491049,0.9411764705882353,0.9411764705882353,0.9130434782608695,0.899122807017544,0.868421052631579,0.9210526315789473,0.9078947368421053,,,,,True,,0.0,,0.01,10,,1000.0,8.0,,,100.0,,,,,22.0,,True,,90,0.08999999999999998
hgb,False,2258.4755859375,Substructure,stratified,hcv_ns3,0.7327823691460055,0.729217155630786,77387769,0.6015487791416683,0.7335425601182076,0.7327823691460055,,0.7362637362637363,0.7312425361278801,12431151,0.6073402477140892,0.7337337337337337,0.7362637362637363,,0.6336088154269972,0.6694214876033058,0.6446280991735537,0.5867768595041323,,,,,True,,0.1,,0.01,50,,1000.0,8.0,,,100.0,,,,,22.0,,True,,80,0.08999999999999998
svm,True,523.1162109375,Substructure,stratified,hcv_ns3,0.9035087719298246,0.9098360655737705,3274048,0.8066237581640087,0.8951612903225806,0.925,0.8796296296296297,0.8947368421052632,0.90625,2521646,0.7953491550810919,0.9666666666666667,0.8529411764705882,0.9565217391304348,0.912280701754386,0.881578947368421,0.9210526315789473,0.9342105263157895,100.0,,0.0,3.0,,0.005,,,,,,,,,,,,,,,22.0,True,,,80,0.08999999999999998
svm,False,544.1865234375,Substructure,stratified,hcv_ns3,0.7713498622589532,0.7689742794629812,7422064,0.6596837326944942,0.7737641655428871,0.7713498622589532,,0.7582417582417582,0.7550870739430062,3547282,0.6399131019610719,0.7571663700695959,0.7582417582417582,,0.6391184573002754,0.7024793388429752,0.6115702479338843,0.6033057851239669,300.0,,0.0,2.0,,1.0,,,,,,,,,,,,,,,22.0,True,,,80,0.15999999999999998
dt,True,190.1044921875,Substructure,stratified,hcv_ns3,0.9210526315789473,0.926829268292683,2280580,0.8424062581474279,0.9047619047619048,0.95,0.8888888888888888,0.8947368421052632,0.9090909090909091,2215796,0.78639730169459,0.9375,0.8823529411764706,0.9130434782608695,0.8903508771929824,0.8552631578947368,0.8947368421052632,0.9210526315789473,,,,,,,,,,10,log2,,1.0,3.0,,,,,,,22.0,,,,80,0.08999999999999998
dt,False,191.2255859375,Substructure,stratified,hcv_ns3,0.7107438016528925,0.7039995722495985,2899221,0.5777757271269564,0.7228264008383968,0.7107438016528925,,0.6923076923076923,0.6861837852549926,2301219,0.5428096266856617,0.690704710015055,0.6923076923076923,,0.6418732782369146,0.6942148760330579,0.6694214876033058,0.5619834710743802,,,,,,,,,,30,sqrt,,2.0,3.0,,,,,,,22.0,,,,90,0.15999999999999998
knn,True,472.48046875,Substructure,stratified,hcv_ns3,0.8728070175438597,0.8806584362139918,48012672,0.7448127205745942,0.8699186991869918,0.8916666666666667,0.8518518518518519,0.8771929824561403,0.8888888888888888,38121452,0.7655057264959378,0.9655172413793104,0.8235294117647058,0.9565217391304348,0.8947368421052632,0.8552631578947368,0.9342105263157895,0.8947368421052632,,brute,,,,,,40.0,,,,,,,,,-1.0,7.0,,2.0,,,,uniform,80,0.08999999999999998
knn,False,571.3857421875,Substructure,stratified,hcv_ns3,0.696969696969697,0.6866189599186239,31810916,0.5596443701250674,0.7100158029378629,0.696969696969697,,0.6373626373626373,0.6267567340441835,24032905,0.46845206563541053,0.6492840492840493,0.6373626373626373,,0.6611570247933884,0.7272727272727273,0.6859504132231405,0.5702479338842975,,kd_tree,,,,,,50.0,,,,,,,,,-1.0,7.0,,1.0,,,,uniform,80,0.08999999999999998
rf,True,855.447265625,Substructure,strict,hcv_ns3,0.8858267716535433,0.8913857677902621,7182665,0.7713021304418739,0.9015151515151515,0.8814814814814815,0.8907563025210085,0.9354838709677419,0.9473684210526315,6204110,0.8640350877192983,0.9473684210526315,0.9473684210526315,0.9166666666666666,0.8875502008032129,0.927710843373494,0.8072289156626506,0.927710843373494,,,,,,,,,,None,sqrt,,4.0,2.0,100.0,,,,True,,22.0,,True,,80,0.08999999999999998
rf,False,3383.3857421875,Substructure,strict,hcv_ns3,0.6741293532338308,0.6683895310953625,30906599,0.5139384775428565,0.6692005479318912,0.6741293532338308,,0.7692307692307693,0.7720279720279721,22384988,0.6430262969680957,0.7841658341658342,0.7692307692307693,,0.6338383838383838,0.5909090909090909,0.6666666666666666,0.6439393939393939,,,,,,,,,,20,None,,4.0,4.0,500.0,,,,True,,22.0,,True,,90,0.15999999999999998
hgb,True,913.7861328125,Substructure,strict,hcv_ns3,0.8976377952755905,0.9015151515151515,12472864,0.7959628614066342,0.9224806201550387,0.8814814814814815,0.9159663865546218,0.9354838709677419,0.9473684210526315,7069993,0.8640350877192983,0.9473684210526315,0.9473684210526315,0.9166666666666666,0.8835341365461847,0.9036144578313253,0.8192771084337349,0.927710843373494,,,,,True,,0.01,,0.01,50,,1000.0,8.0,,,100.0,,,,,22.0,,True,,80,0.15999999999999998
hgb,False,2459.8759765625,Substructure,strict,hcv_ns3,0.7611940298507462,0.7602668889027417,18346459,0.6420432099651928,0.7641400548610819,0.7611940298507462,,0.8269230769230769,0.8263200214419727,11094084,0.7435925291204976,0.8502331002331002,0.8269230769230769,,0.6338383838383838,0.5681818181818182,0.6590909090909091,0.6742424242424242,,,,,True,,0.01,,0.01,20,,1000.0,8.0,,,100.0,,,,,22.0,,True,,80,0.08999999999999998
svm,True,525.6953125,Substructure,strict,hcv_ns3,0.8858267716535433,0.8921933085501859,3639280,0.7708820251332206,0.8955223880597015,0.8888888888888888,0.8823529411764706,0.967741935483871,0.9743589743589743,2464476,0.9331845119446278,0.95,1.0,0.9166666666666666,0.891566265060241,0.927710843373494,0.8313253012048193,0.9156626506024096,300.0,,0.1,4.0,,0.001,,,,,,,,,,,,,,,22.0,False,,,80,0.08999999999999998
svm,False,567.9111328125,Substructure,strict,hcv_ns3,0.6592039800995025,0.6487319947526132,9433544,0.4934866338869567,0.6624897285416875,0.6592039800995025,,0.7307692307692307,0.7245465916197623,3304261,0.5750627173213442,0.7249000999001,0.7307692307692307,,0.6287878787878788,0.5681818181818182,0.6666666666666666,0.6515151515151515,100.0,,0.1,3.0,,0.005,,,,,,,,,,,,,,,22.0,True,,,80,0.08999999999999998
dt,True,187.6474609375,Substructure,strict,hcv_ns3,0.8779527559055118,0.8864468864468864,2339242,0.7547793542750754,0.8768115942028986,0.8962962962962963,0.8571428571428571,0.8387096774193549,0.8717948717948718,2362167,0.6563546567266043,0.85,0.8947368421052632,0.75,0.8795180722891566,0.9156626506024096,0.8072289156626506,0.9156626506024096,,,,,,,,,,None,log2,,2.0,4.0,,,,,,,22.0,,,,80,0.15999999999999998
dt,False,189.0849609375,Substructure,strict,hcv_ns3,0.6716417910447762,0.6626863131168075,2394112,0.5135030585195304,0.6686832584236213,0.6716417910447762,,0.7115384615384616,0.7018723911747168,2159772,0.6069586445438102,0.7880608974358974,0.7115384615384616,,0.6287878787878788,0.6287878787878788,0.5984848484848485,0.6590909090909091,,,,,,,,,,10,sqrt,,4.0,2.0,,,,,,,22.0,,,,100,0.08999999999999998
knn,True,531.2900390625,Substructure,strict,hcv_ns3,0.9448818897637795,0.9507042253521126,21478499,0.8941181665176042,0.9060402684563759,1.0,0.8823529411764706,0.9032258064516129,0.926829268292683,20166536,0.8048150549829897,0.8636363636363636,1.0,0.75,0.891566265060241,0.9036144578313253,0.8313253012048193,0.9397590361445783,,ball_tree,,,,,,20.0,,,,,,,,,-1.0,9.0,,1.0,,,,distance,80,0.08999999999999998
knn,False,503.52734375,Substructure,strict,hcv_ns3,0.664179104477612,0.6562447037197663,45266150,0.5039232803948381,0.6656225582482457,0.664179104477612,,0.6538461538461539,0.623642449073807,29165847,0.5746688247853725,0.816735347985348,0.6538461538461539,,0.6313131313131314,0.6136363636363636,0.6439393939393939,0.6363636363636364,,brute,,,,,,20.0,,,,,,,,,-1.0,9.0,,1.0,,,,uniform,80,0.08999999999999998
rf,True,805.8740234375,AtomPairs2DCount,random,hcv_ns34a,0.9973404255319149,0.9985141158989599,9474450,0.9859547783371284,1.0,0.9970326409495549,1.0,0.9893617021276596,0.9938650306748467,8663034,0.9548926051811499,1.0,0.9878048780487805,1.0,0.9841058201058202,0.9603174603174603,1.0,0.992,,,,,,,,,,None,sqrt,,1.0,2.0,100.0,,,,True,,22.0,,True,,80,0.08999999999999998
rf,False,1034.5400390625,AtomPairs2DCount,random,hcv_ns34a,0.9671717171717171,0.9615774178647823,10825069,0.8570827107279633,0.9648011044791347,0.9671717171717171,,0.9292929292929293,0.927255214645244,8643112,0.8082394497081394,0.9262885262885264,0.9292929292929293,,0.9368686868686869,0.9393939393939394,0.9318181818181818,0.9393939393939394,,,,,,,,,,10,sqrt,,2.0,4.0,100.0,,,,True,,22.0,,True,,80,0.15999999999999998
hgb,True,1026.619140625,AtomPairs2DCount,random,hcv_ns34a,0.9973404255319149,0.9985141158989599,20958065,0.9859547783371284,1.0,0.9970326409495549,1.0,0.9893617021276596,0.9938650306748467,25363850,0.9548926051811499,1.0,0.9878048780487805,1.0,0.9814391534391534,0.9603174603174603,0.992,0.992,,,,,True,,0.1,,0.01,50,,1000.0,16.0,,,100.0,,,,,22.0,,True,,80,0.08999999999999998
hgb,False,907.236328125,AtomPairs2DCount,random,hcv_ns34a,0.9671717171717171,0.9663503821444273,21218496,0.8600367544900543,0.9658176460284587,0.9671717171717171,,0.9494949494949495,0.9481448062093224,14420663,0.8628566260230957,0.9493457784597024,0.9494949494949495,,0.9292929292929294,0.9090909090909091,0.9545454545454546,0.9242424242424242,,,,,True,,0.1,,0.01,None,,99999999.0,32.0,,,100.0,,,,,22.0,,True,,90,0.15999999999999998
svm,True,588.59765625,AtomPairs2DCount,random,hcv_ns34a,0.9813829787234043,0.9895988112927192,7186018,0.901083213168914,0.9910714285714286,0.9881305637982196,0.9230769230769231,0.9893617021276596,0.9938650306748467,4784106,0.9548926051811499,1.0,0.9878048780487805,1.0,0.9841058201058202,0.9603174603174603,1.0,0.992,1.0,,0.0,2.0,,0.001,,,,,,,,,,,,,,,22.0,True,,,80,0.15999999999999998
svm,False,642.41015625,AtomPairs2DCount,random,hcv_ns34a,0.9671717171717171,0.9659389662502987,9136331,0.8631727293342142,0.9654439128123339,0.9671717171717171,,0.9292929292929293,0.9248666102498544,5356288,0.8105882997678978,0.922794021189743,0.9292929292929293,,0.9292929292929294,0.9545454545454546,0.8939393939393939,0.9393939393939394,10.0,,0.0,2.0,,0.001,,,,,,,,,,,,,,,22.0,True,,,80,0.15999999999999998
dt,True,196.748046875,AtomPairs2DCount,random,hcv_ns34a,0.9707446808510638,0.9838472834067548,4355076,0.8340384242396685,0.9738372093023255,0.9940652818991098,0.7692307692307693,1.0,1.0,4077081,1.0,1.0,1.0,1.0,0.9893968253968254,0.9761904761904762,1.0,0.992,,,,,,,,,,30,log2,,4.0,8.0,,,,,,,22.0,,,,80,0.08999999999999998
dt,False,200.1220703125,AtomPairs2DCount,random,hcv_ns34a,0.9444444444444444,0.9312371711140138,4434112,0.7494498547648281,0.9260384746339803,0.9444444444444444,,0.9393939393939394,0.9361305361305362,4265967,0.8338618733692018,0.9378787878787879,0.9393939393939394,,0.9292929292929292,0.9393939393939394,0.9166666666666666,0.9318181818181818,,,,,,,,,,None,log2,,2.0,8.0,,,,,,,22.0,,,,90,0.15999999999999998
knn,True,802.1123046875,AtomPairs2DCount,random,hcv_ns34a,0.9893617021276596,0.9940652818991098,47132997,0.9427832306170585,0.9940652818991098,0.9940652818991098,0.9487179487179487,0.9787234042553191,0.9876543209876543,17902864,0.9144599137184252,1.0,0.975609756097561,1.0,0.9867513227513228,0.9682539682539683,1.0,0.992,,auto,,,,,,10.0,,,,,,,,,-1.0,3.0,,1.0,,,,uniform,90,0.15999999999999998
knn,False,787.494140625,AtomPairs2DCount,random,hcv_ns34a,0.952020202020202,0.9411548434536938,36104884,0.7876068863103576,0.9383380934372436,0.952020202020202,,0.9292929292929293,0.923090138925916,11524362,0.8063279867569119,0.92363508502749,0.9292929292929293,,0.9292929292929294,0.946969696969697,0.9166666666666666,0.9242424242424242,,auto,,,,,,30.0,,,,,,,,,-1.0,3.0,,1.0,,,,uniform,80,0.15999999999999998
rf,True,802.2041015625,AtomPairs2DCount,stratified,hcv_ns34a,0.9946808510638298,0.9970149253731343,9304403,0.9729912734144072,1.0,0.9940476190476191,1.0,0.9893617021276596,0.9940119760479041,8402817,0.9477702244048386,0.9880952380952381,1.0,0.9090909090909091,0.9867089947089948,0.9841269841269841,0.976,1.0,,,,,,,,,,None,sqrt,,1.0,2.0,100.0,,,,True,,22.0,,True,,80,0.15999999999999998
rf,False,952.6201171875,AtomPairs2DCount,stratified,hcv_ns34a,0.9545454545454546,0.9448509765353708,11353110,0.8213919987109668,0.956447002114411,0.9545454545454546,,0.9292929292929293,0.9054069473649893,8419274,0.7362019547661667,0.8835643254247905,0.9292929292929293,,0.9343434343434344,0.9696969696969697,0.9090909090909091,0.9242424242424242,,,,,,,,,,None,sqrt,,1.0,8.0,100.0,,,,True,,22.0,,True,,90,0.15999999999999998
hgb,True,745.720703125,AtomPairs2DCount,stratified,hcv_ns34a,0.9840425531914894,0.9910179640718563,13862687,0.9209357662439788,0.9969879518072289,0.9851190476190477,0.975,0.9787234042553191,0.9880952380952381,12304451,0.8938291119019466,0.9764705882352941,1.0,0.8181818181818182,0.984042328042328,0.9841269841269841,0.984,0.984,,,,,True,,0.0,,0.01,None,,1000.0,32.0,,,100.0,,,,,22.0,,True,,80,0.08999999999999998
hgb,False,702.978515625,AtomPairs2DCount,stratified,hcv_ns34a,0.9494949494949495,0.9382005729858197,19813297,0.801675626921612,0.9525666313804038,0.9494949494949495,,0.9292929292929293,0.9162689114524575,13907045,0.7462424340372156,0.9164446664446665,0.9292929292929293,,0.9343434343434344,0.9621212121212122,0.9166666666666666,0.9242424242424242,,,,,True,,0.1,,0.01,50,,1000.0,64.0,,,100.0,,,,,22.0,,True,,80,0.15999999999999998
svm,True,586.0234375,AtomPairs2DCount,stratified,hcv_ns34a,0.9867021276595744,0.992526158445441,15934537,0.9330663457099535,0.996996996996997,0.9880952380952381,0.975,0.9787234042553191,0.9880952380952381,4817677,0.8938291119019466,0.9764705882352941,1.0,0.8181818181818182,0.9867089947089948,0.9841269841269841,0.976,1.0,1.0,,0.0,2.0,,0.001,,,,,,,,,,,,,,,22.0,True,,,80,0.15999999999999998
svm,False,639.7265625,AtomPairs2DCount,stratified,hcv_ns34a,0.9419191919191919,0.9190461973713205,8731720,0.7685407244156646,0.8974769433465085,0.9419191919191919,,0.9191919191919192,0.8914384486577002,5128924,0.6928210401968473,0.8659584349239522,0.9191919191919192,,0.9318181818181818,0.9621212121212122,0.9090909090909091,0.9242424242424242,1.0,,0.0,2.0,,0.001,,,,,,,,,,,,,,,22.0,True,,,80,0.15999999999999998
dt,True,197.1220703125,AtomPairs2DCount,stratified,hcv_ns34a,0.9787234042553191,0.9880952380952381,4392681,0.888095238095238,0.9880952380952381,0.9880952380952381,0.9,0.9787234042553191,0.9880952380952381,4100009,0.8938291119019466,0.9764705882352941,1.0,0.8181818181818182,0.9867301587301588,0.9761904761904762,0.984,1.0,,,,,,,,,,None,log2,,2.0,3.0,,,,,,,22.0,,,,80,0.15999999999999998
dt,False,199.4345703125,AtomPairs2DCount,stratified,hcv_ns34a,0.946969696969697,0.9354177119152218,4340990,0.7896693224763455,0.9493089199202052,0.946969696969697,,0.9090909090909091,0.890237967161044,3922567,0.6558534234331403,0.872285220065347,0.9090909090909091,,0.9343434343434344,0.9621212121212122,0.9166666666666666,0.9242424242424242,,,,,,,,,,None,log2,,4.0,2.0,,,,,,,22.0,,,,100,0.15999999999999998
knn,True,769.8232421875,AtomPairs2DCount,stratified,hcv_ns34a,0.9840425531914894,0.9910179640718563,31896087,0.9209357662439788,0.9969879518072289,0.9851190476190477,0.975,0.9787234042553191,0.9880952380952381,9599565,0.8938291119019466,0.9764705882352941,1.0,0.8181818181818182,0.9867089947089948,0.9841269841269841,0.976,1.0,,auto,,,,,,10.0,,,,,,,,,-1.0,3.0,,2.0,,,,uniform,80,0.15999999999999998
knn,False,787.494140625,AtomPairs2DCount,stratified,hcv_ns34a,0.9368686868686869,0.914611956559248,35269310,0.7503187933697452,0.894212518646442,0.9368686868686869,,0.9292929292929293,0.9054069473649893,12565408,0.7362019547661667,0.8835643254247905,0.9292929292929293,,0.9343434343434344,0.9621212121212122,0.9166666666666666,0.9242424242424242,,auto,,,,,,10.0,,,,,,,,,-1.0,5.0,,1.0,,,,uniform,80,0.15999999999999998
rf,True,828.921875,AtomPairs2DCount,strict,hcv_ns34a,0.9949494949494949,0.9971098265895953,9428076,0.977367204266089,1.0,0.9942363112391931,1.0,1.0,1.0,8302519,1.0,1.0,1.0,1.0,0.9850372199154602,0.9701492537313433,0.9849624060150376,1.0,,,,,,,,,,None,sqrt,,1.0,2.0,100.0,,,,True,,22.0,,True,,80,0.08999999999999998
rf,False,2626.849609375,AtomPairs2DCount,strict,hcv_ns34a,0.9675,0.9621237714987716,29966510,0.8547539397494689,0.9684565345949142,0.9675,,0.9263157894736842,0.9181584097229374,24508295,0.812332813025473,0.9207017543859649,0.9263157894736842,,0.9465648854961833,0.9236641221374046,0.9618320610687023,0.9541984732824428,,,,,,,,,,None,sqrt,,1.0,4.0,500.0,,,,True,,22.0,,True,,80,0.08999999999999998
hgb,True,3073.861328125,AtomPairs2DCount,strict,hcv_ns34a,1.0,1.0,26698205,1.0,1.0,1.0,1.0,1.0,1.0,17092400,1.0,1.0,1.0,1.0,0.9850372199154602,0.9701492537313433,0.9849624060150376,1.0,,,,,True,,0.0,,0.01,None,,1000.0,8.0,,,100.0,,,,,22.0,,True,,80,0.15999999999999998
hgb,False,660.7939453125,AtomPairs2DCount,strict,hcv_ns34a,0.9525,0.9396984907973427,21448773,0.7840393520096007,0.9549078212290503,0.9525,,0.8842105263157894,0.8585444063782914,14222404,0.708045263915643,0.8605824661226325,0.8842105263157894,,0.9440203562340966,0.9236641221374046,0.9541984732824428,0.9541984732824428,,,,,True,,0.1,,0.01,None,,1000.0,64.0,,,100.0,,,,,22.0,,True,,80,0.08999999999999998
svm,True,592.5234375,AtomPairs2DCount,strict,hcv_ns34a,0.9848484848484849,0.9913294797687862,8324787,0.9315775073847673,0.9942028985507246,0.9884726224783862,0.9591836734693877,0.9864864864864865,0.993103448275862,5093568,0.7022468831767834,0.9863013698630136,1.0,0.5,0.9850372199154602,0.9701492537313433,0.9849624060150376,1.0,1.0,,0.0,2.0,,0.001,,,,,,,,,,,,,,,22.0,True,,,80,0.15999999999999998
svm,False,636.15625,AtomPairs2DCount,strict,hcv_ns34a,0.9475,0.9282854724964739,9571885,0.7576323041288595,0.9099019816748349,0.9475,,0.8842105263157894,0.8429704397981255,5422132,0.7089643895920477,0.8080701754385965,0.8842105263157894,,0.9465648854961833,0.9236641221374046,0.9618320610687023,0.9541984732824428,1.0,,0.0,2.0,,0.001,,,,,,,,,,,,,,,22.0,True,,,80,0.15999999999999998
dt,True,196.396484375,AtomPairs2DCount,strict,hcv_ns34a,0.9797979797979798,0.9885057471264368,4493250,0.9054325298933144,0.9856733524355301,0.9913544668587896,0.8979591836734694,0.9864864864864865,0.993103448275862,4201499,0.7022468831767834,0.9863013698630136,1.0,0.5,0.9850372199154602,0.9701492537313433,0.9849624060150376,1.0,,,,,,,,,,30,sqrt,,4.0,3.0,,,,,,,22.0,,,,80,0.08999999999999998
dt,False,198.3095703125,AtomPairs2DCount,strict,hcv_ns34a,0.9475,0.9325708759607064,4635618,0.7578763166776176,0.931859649122807,0.9475,,0.8947368421052632,0.876838805477644,4482738,0.7338807026178998,0.8828354670459935,0.8947368421052632,,0.9465648854961833,0.9236641221374046,0.9618320610687023,0.9541984732824428,,,,,,,,,,10,sqrt,,4.0,8.0,,,,,,,22.0,,,,80,0.08999999999999998
knn,True,787.8779296875,AtomPairs2DCount,strict,hcv_ns34a,0.9848484848484849,0.9913294797687862,36443428,0.9315775073847673,0.9942028985507246,0.9884726224783862,0.9591836734693877,0.972972972972973,0.9861111111111112,12805565,0.4861111111111111,0.9861111111111112,0.9861111111111112,0.5,0.9850372199154602,0.9701492537313433,0.9849624060150376,1.0,,auto,,,,,,10.0,,,,,,,,,-1.0,3.0,,2.0,,,,uniform,80,0.15999999999999998
knn,False,784.853515625,AtomPairs2DCount,strict,hcv_ns34a,0.9475,0.9282854724964739,35515959,0.7576323041288595,0.9099019816748349,0.9475,,0.8842105263157894,0.8585444063782914,12563822,0.708045263915643,0.8605824661226325,0.8842105263157894,,0.9465648854961833,0.9236641221374046,0.9618320610687023,0.9541984732824428,,auto,,,,,,10.0,,,,,,,,,-1.0,5.0,,2.0,,,,uniform,80,0.15999999999999998
rf,True,1377.8232421875,AtomPairs2D,random,hcv_ns34a,0.9680851063829787,0.9822485207100592,30821025,0.8247208670872466,0.9793510324483776,0.9851632047477745,0.8205128205128205,0.9893617021276596,0.9938650306748467,25749596,0.9548926051811499,1.0,0.9878048780487805,1.0,0.9734391534391534,0.9603174603174603,0.976,0.984,,,,,,,,,,None,None,,4.0,3.0,500.0,,,,True,,22.0,,True,,80,0.08999999999999998
rf,False,2951.8974609375,AtomPairs2D,random,hcv_ns34a,0.9494949494949495,0.9372670147394468,33267560,0.7746356195482639,0.9425341154214394,0.9494949494949495,,0.9191919191919192,0.9077078572866533,26897440,0.7751201717569202,0.908791619902731,0.9191919191919192,,0.9267676767676768,0.946969696969697,0.9242424242424242,0.9090909090909091,,,,,,,,,,10,None,,1.0,4.0,500.0,,,,True,,22.0,,True,,80,0.08999999999999998
hgb,True,1743.458984375,AtomPairs2D,random,hcv_ns34a,0.976063829787234,0.9865470852017937,19866851,0.8801866589580389,0.9939759036144579,0.9792284866468842,0.9487179487179487,1.0,1.0,14401279,1.0,1.0,1.0,1.0,0.9707724867724868,0.9603174603174603,0.976,0.976,,,,,True,,0.0,,0.01,10,,99999999.0,8.0,,,100.0,,,,,22.0,,True,,80,0.15999999999999998
hgb,False,1121.572265625,AtomPairs2D,random,hcv_ns34a,0.9545454545454546,0.9476031296175182,20128514,0.7994206784502064,0.9451546717171717,0.9545454545454546,,0.9090909090909091,0.8999962782953985,12855079,0.7472468864777928,0.8962962962962963,0.9090909090909091,,0.9217171717171717,0.9393939393939394,0.9242424242424242,0.9015151515151515,,,,,True,,0.1,,0.01,None,,10000.0,16.0,,,100.0,,,,,22.0,,True,,90,0.08999999999999998
svm,True,528.9931640625,AtomPairs2D,random,hcv_ns34a,0.973404255319149,0.9851190476190477,5137089,0.8604661997937482,0.9880597014925373,0.9821958456973294,0.8974358974358975,1.0,1.0,4314935,1.0,1.0,1.0,1.0,0.9814179894179894,0.9682539682539683,0.992,0.984,300.0,,0.5,3.0,,0.01,,,,,,,,,,,,,,,22.0,True,,,80,0.15999999999999998
svm,False,567.09375,AtomPairs2D,random,hcv_ns34a,0.9368686868686869,0.9169253154696548,6820412,0.7277032550440755,0.9003167996492388,0.9368686868686869,,0.8686868686868687,0.8401317492226583,4644734,0.644524011733872,0.8163688163688165,0.8686868686868687,,0.9217171717171717,0.9393939393939394,0.9090909090909091,0.9166666666666666,10.0,,0.0,3.0,,0.005,,,,,,,,,,,,,,,22.0,True,,,80,0.08999999999999998
dt,True,194.048828125,AtomPairs2D,random,hcv_ns34a,0.973404255319149,0.9850746268656716,4247798,0.8644591401531869,0.990990990990991,0.9792284866468842,0.9230769230769231,0.9893617021276596,0.9938650306748467,4096708,0.9548926051811499,1.0,0.9878048780487805,1.0,0.9813756613756613,0.9841269841269841,0.992,0.968,,,,,,,,,,10,sqrt,,1.0,8.0,,,,,,,22.0,,,,80,0.15999999999999998
dt,False,196.5068359375,AtomPairs2D,random,hcv_ns34a,0.9444444444444444,0.9334715348325664,4229035,0.7502649400512448,0.9305733390240432,0.9444444444444444,,0.9090909090909091,0.8904956282117028,3994086,0.7447168032691371,0.8883386712655006,0.9090909090909091,,0.9267676767676768,0.946969696969697,0.9242424242424242,0.9090909090909091,,,,,,,,,,None,None,,2.0,2.0,,,,,,,22.0,,,,80,0.08999999999999998
knn,True,753.732421875,AtomPairs2D,random,hcv_ns34a,0.9813829787234043,0.9895988112927192,22163648,0.901083213168914,0.9910714285714286,0.9881305637982196,0.9230769230769231,0.9893617021276596,0.9938650306748467,20312448,0.9548926051811499,1.0,0.9878048780487805,1.0,0.9813968253968254,0.9761904761904762,0.992,0.976,,ball_tree,,,,,,20.0,,,,,,,,,-1.0,5.0,,1.0,,,,distance,100,0.15999999999999998
knn,False,679.044921875,AtomPairs2D,random,hcv_ns34a,0.9419191919191919,0.9210361796568693,50911939,0.7434544329858018,0.9020927703811952,0.9419191919191919,,0.8383838383838383,0.8086863388474479,40246225,0.5383237068726614,0.7811447811447813,0.8383838383838383,,0.9191919191919191,0.946969696969697,0.9090909090909091,0.9015151515151515,,brute,,,,,,20.0,,,,,,,,,-1.0,9.0,,1.0,,,,uniform,90,0.08999999999999998
rf,True,958.0283203125,AtomPairs2D,stratified,hcv_ns34a,0.9973404255319149,0.9985141158989599,9739658,0.9859547783371284,0.9970326409495549,1.0,0.975,0.9893617021276596,0.9940119760479041,8361387,0.9477702244048386,0.9880952380952381,1.0,0.9090909090909091,0.9707936507936509,0.9523809523809523,0.976,0.984,,,,,,,,,,10,sqrt,,1.0,2.0,100.0,,,,True,,22.0,,True,,80,0.08999999999999998
rf,False,1011.828125,AtomPairs2D,stratified,hcv_ns34a,0.9318181818181818,0.9136118215402101,10014873,0.7334487633220216,0.9386408545095277,0.9318181818181818,,0.9393939393939394,0.9104845243882678,8949344,0.7750623866950342,0.8840125391849529,0.9393939393939394,,0.9318181818181818,0.9621212121212122,0.9166666666666666,0.9166666666666666,,,,,,,,,,20,None,,1.0,8.0,100.0,,,,True,,22.0,,True,,80,0.15999999999999998
hgb,True,1339.9326171875,AtomPairs2D,stratified,hcv_ns34a,0.9840425531914894,0.9910714285714286,17078488,0.9160714285714285,0.9910714285714286,0.9910714285714286,0.925,1.0,1.0,12153336,1.0,1.0,1.0,1.0,0.9734179894179894,0.9682539682539683,0.976,0.976,,,,,True,,0.0,,0.01,10,,99999999.0,16.0,,,100.0,,,,,22.0,,True,,80,0.08999999999999998
hgb,False,1208.5107421875,AtomPairs2D,stratified,hcv_ns34a,0.9419191919191919,0.9285931159098314,16317816,0.7710046654361736,0.9458423243628016,0.9419191919191919,,0.9292929292929293,0.9054069473649893,11799137,0.7362019547661667,0.8835643254247905,0.9292929292929293,,0.9318181818181818,0.9696969696969697,0.9090909090909091,0.9166666666666666,,,,,True,,0.0,,0.01,None,,99999999.0,16.0,,,100.0,,,,,22.0,,True,,80,0.08999999999999998
svm,True,537.580078125,AtomPairs2D,stratified,hcv_ns34a,0.9973404255319149,0.9985141158989599,5213046,0.9859547783371284,0.9970326409495549,1.0,0.975,0.9893617021276596,0.9940119760479041,4166031,0.9477702244048386,0.9880952380952381,1.0,0.9090909090909091,0.9734391534391534,0.9603174603174603,0.976,0.984,200.0,,0.0,2.0,,0.01,,,,,,,,,,,,,,,22.0,True,,,100,0.08999999999999998
svm,False,569.859375,AtomPairs2D,stratified,hcv_ns34a,0.9368686868686869,0.921661250829785,6987052,0.7548972623116167,0.9434804224720191,0.9368686868686869,,0.9292929292929293,0.9054069473649893,4823418,0.7362019547661667,0.8835643254247905,0.9292929292929293,,0.9318181818181818,0.9621212121212122,0.9090909090909091,0.9242424242424242,100.0,,0.0,4.0,,0.001,,,,,,,,,,,,,,,22.0,False,,,90,0.08999999999999998
dt,True,195.119140625,AtomPairs2D,stratified,hcv_ns34a,0.9707446808510638,0.9835082458770614,4279414,0.8560437760223104,0.9909365558912386,0.9761904761904762,0.925,1.0,1.0,4263036,1.0,1.0,1.0,1.0,0.9761058201058201,0.9603174603174603,0.968,1.0,,,,,,,,,,10,sqrt,,1.0,4.0,,,,,,,22.0,,,,90,0.08999999999999998
dt,False,199.337890625,AtomPairs2D,stratified,hcv_ns34a,0.9292929292929293,0.9072799749913882,4235543,0.7173561740452832,0.886844377684895,0.9292929292929293,,0.9494949494949495,0.9326446669104013,4264349,0.8152518392801044,0.9539190353143842,0.9494949494949495,,0.9292929292929294,0.9545454545454546,0.9090909090909091,0.9242424242424242,,,,,,,,,,10,sqrt,,1.0,3.0,,,,,,,22.0,,,,90,0.15999999999999998
knn,True,914.927734375,AtomPairs2D,stratified,hcv_ns34a,0.9973404255319149,0.9985141158989599,31050879,0.9859547783371284,0.9970326409495549,1.0,0.975,0.9893617021276596,0.9940119760479041,21155495,0.9477702244048386,0.9880952380952381,1.0,0.9090909090909091,0.9707724867724868,0.9603174603174603,0.976,0.976,,ball_tree,,,,,,40.0,,,,,,,,,-1.0,7.0,,1.0,,,,distance,90,0.08999999999999998
knn,False,564.302734375,AtomPairs2D,stratified,hcv_ns34a,0.9368686868686869,0.921661250829785,55306237,0.7548972623116167,0.9434804224720191,0.9368686868686869,,0.9191919191919192,0.9084896584896585,27304001,0.700749531307196,0.9017771295846163,0.9191919191919192,,0.9318181818181818,0.9545454545454546,0.9166666666666666,0.9242424242424242,,auto,,,,,,10.0,,,,,,,,,-1.0,3.0,,1.0,,,,uniform,80,0.15999999999999998
rf,True,845.9755859375,AtomPairs2D,strict,hcv_ns34a,0.9974747474747475,0.9985611510791367,9549041,0.9883202505582982,0.9971264367816092,1.0,0.9795918367346939,0.9864864864864865,0.993103448275862,8172633,0.7022468831767834,0.9863013698630136,1.0,0.5,0.9750121572588187,0.9701492537313433,0.9774436090225563,0.9774436090225563,,,,,,,,,,None,None,,1.0,2.0,100.0,,,,True,,22.0,,True,,90,0.08999999999999998
rf,False,2683.787109375,AtomPairs2D,strict,hcv_ns34a,0.94,0.9296563467492259,29174901,0.7445714778817583,0.9377891156462586,0.94,,0.9052631578947369,0.8863914924297044,28128554,0.7587904337434799,0.8907327141382869,0.9052631578947369,,0.9440203562340966,0.9007633587786259,0.9694656488549618,0.9618320610687023,,,,,,,,,,None,None,,1.0,2.0,500.0,,,,True,,22.0,,True,,80,0.15999999999999998
hgb,True,5794.7998046875,AtomPairs2D,strict,hcv_ns34a,0.9974747474747475,0.9985611510791367,91389988,0.9883202505582982,0.9971264367816092,1.0,0.9795918367346939,0.9864864864864865,0.993103448275862,64134100,0.7022468831767834,0.9863013698630136,1.0,0.5,0.9750121572588187,0.9701492537313433,0.9774436090225563,0.9774436090225563,,,,,True,,0.0,,0.01,None,,10000.0,8.0,,,100.0,,,,,22.0,,True,,90,0.08999999999999998
hgb,False,1493.177734375,AtomPairs2D,strict,hcv_ns34a,0.94,0.9292916812916814,15335064,0.7292895247083422,0.928384747509447,0.94,,0.9052631578947369,0.8863914924297044,11833262,0.7587904337434799,0.8907327141382869,0.9052631578947369,,0.9363867684478372,0.8931297709923665,0.9541984732824428,0.9618320610687023,,,,,True,,0.0,,0.01,20,,99999999.0,8.0,,,100.0,,,,,22.0,,True,,80,0.15999999999999998
svm,True,534.09765625,AtomPairs2D,strict,hcv_ns34a,0.98989898989899,0.9942363112391931,5372302,0.9534199847085808,0.9942363112391931,0.9942363112391931,0.9591836734693877,0.9864864864864865,0.993103448275862,4436261,0.7022468831767834,0.9863013698630136,1.0,0.5,0.9800059851120339,0.9776119402985075,0.9774436090225563,0.9849624060150376,100.0,,0.0,2.0,,0.005,,,,,,,,,,,,,,,22.0,True,,,80,0.08999999999999998
svm,False,539.421875,AtomPairs2D,strict,hcv_ns34a,0.95,0.9385353383458646,5967053,0.7804792087316624,0.9439507575757576,0.95,,0.9052631578947369,0.8863914924297044,4477020,0.7587904337434799,0.8907327141382869,0.9052631578947369,,0.9465648854961831,0.9083969465648855,0.9694656488549618,0.9618320610687023,300.0,,0.1,2.0,,0.01,,,,,,,,,,,,,,,22.0,True,,,80,0.15999999999999998
dt,True,193.5244140625,AtomPairs2D,strict,hcv_ns34a,0.9797979797979798,0.9884726224783862,4496248,0.9068399694171617,0.9884726224783862,0.9884726224783862,0.9183673469387755,0.9864864864864865,0.993103448275862,4033745,0.7022468831767834,0.9863013698630136,1.0,0.5,0.97504956420903,0.9552238805970149,0.9774436090225563,0.9924812030075187,,,,,,,,,,20,None,,4.0,4.0,,,,,,,22.0,,,,80,0.08999999999999998
dt,False,197.3828125,AtomPairs2D,strict,hcv_ns34a,0.9425,0.9260935802090822,4143865,0.728737106466036,0.9438605962933118,0.9425,,0.8842105263157894,0.8409414198887883,3969918,0.7024684089744201,0.8022328548644339,0.8842105263157894,,0.9440203562340966,0.916030534351145,0.9618320610687023,0.9541984732824428,,,,,,,,,,None,log2,,1.0,8.0,,,,,,,22.0,,,,100,0.08999999999999998
knn,True,876.3369140625,AtomPairs2D,strict,hcv_ns34a,0.9924242424242424,0.9956584659913169,24266492,0.9665200152736769,1.0,0.9913544668587896,1.0,0.9864864864864865,0.993103448275862,20470485,0.7022468831767834,0.9863013698630136,1.0,0.5,0.9750682676841356,0.9477611940298507,0.9849624060150376,0.9924812030075187,,kd_tree,,,,,,40.0,,,,,,,,,-1.0,3.0,,2.0,,,,distance,80,0.08999999999999998
knn,False,768.0751953125,AtomPairs2D,strict,hcv_ns34a,0.955,0.9430959417368477,33907528,0.8000639792786353,0.9474392326895285,0.955,,0.9052631578947369,0.8741749644381223,20180862,0.759210322904231,0.9138997225684531,0.9052631578947369,,0.9414758269720102,0.9083969465648855,0.9618320610687023,0.9541984732824428,,ball_tree,,,,,,10.0,,,,,,,,,-1.0,7.0,,1.0,,,,distance,90,0.15999999999999998
rf,True,4436.9619140625,EState,random,hcv_ns34a,0.9813829787234043,0.9895988112927192,55263794,0.901083213168914,0.9910714285714286,0.9881305637982196,0.9230769230769231,0.9468085106382979,0.968944099378882,44212780,0.7908627968872949,0.9873417721518988,0.9512195121951219,0.9166666666666666,0.954857142857143,0.9285714285714286,0.984,0.952,,,,,,,,,,None,sqrt,,1.0,2.0,1000.0,,,,True,,22.0,,True,,100,0.08999999999999998
rf,False,2085.40625,EState,random,hcv_ns34a,0.9242424242424242,0.9050663764468478,32891516,0.6687788984265803,0.8886034255599473,0.9242424242424242,,0.8282828282828283,0.8003700003700003,22204803,0.5156331512706528,0.7748803827751196,0.8282828282828283,,0.9090909090909092,0.9393939393939394,0.8939393939393939,0.8939393939393939,,,,,,,,,,None,None,,2.0,2.0,500.0,,,,True,,22.0,,True,,80,0.15999999999999998
hgb,True,1109.5283203125,EState,random,hcv_ns34a,0.9388297872340425,0.965925925925926,12904729,0.6673008761664477,0.9644970414201184,0.9673590504451038,0.6923076923076923,0.9574468085106383,0.9753086419753086,9609904,0.8249190471668293,0.9875,0.9634146341463414,0.9166666666666666,0.9548359788359789,0.9365079365079365,0.976,0.952,,,,,True,,0.01,,0.01,10,,1000.0,8.0,,,100.0,,,,,22.0,,True,,80,0.15999999999999998
hgb,False,942.103515625,EState,random,hcv_ns34a,0.9267676767676768,0.9076071941749371,9131403,0.6826132082599331,0.8915921083664788,0.9267676767676768,,0.8282828282828283,0.8003700003700003,7345889,0.5156331512706528,0.7748803827751196,0.8282828282828283,,0.9040404040404041,0.9393939393939394,0.8787878787878788,0.8939393939393939,,,,,True,,0.0,,0.01,None,,99999999.0,8.0,,,100.0,,,,,22.0,,True,,80,0.15999999999999998
svm,True,508.0322265625,EState,random,hcv_ns34a,0.949468085106383,0.9715994020926756,2487841,0.7445068525591284,0.9789156626506024,0.9643916913946587,0.8205128205128205,0.9680851063829787,0.9813664596273292,1844072,0.8779132686758261,1.0,0.9634146341463414,1.0,0.954857142857143,0.9285714285714286,0.976,0.96,200.0,,0.5,2.0,,1.0,,,,,,,,,,,,,,,22.0,False,,,90,0.15999999999999998
svm,False,510.453125,EState,random,hcv_ns34a,0.9267676767676768,0.9076071941749371,3485828,0.6826132082599331,0.8915921083664788,0.9267676767676768,,0.8282828282828283,0.8003700003700003,1804012,0.5156331512706528,0.7748803827751196,0.8282828282828283,,0.9090909090909092,0.9393939393939394,0.8939393939393939,0.8939393939393939,100.0,,0.0,2.0,,1.0,,,,,,,,,,,,,,,22.0,False,,,80,0.15999999999999998
dt,True,180.6572265625,EState,random,hcv_ns34a,0.9468085106382979,0.9701492537313433,1440620,0.7274169626097186,0.975975975975976,0.9643916913946587,0.7948717948717948,0.925531914893617,0.9565217391304348,1461884,0.7038123250987636,0.9746835443037974,0.9390243902439024,0.8333333333333334,0.9548359788359789,0.9365079365079365,0.976,0.952,,,,,,,,,,20,log2,,2.0,8.0,,,,,,,22.0,,,,90,0.08999999999999998
dt,False,182.6943359375,EState,random,hcv_ns34a,0.9090909090909091,0.8930489177844217,1430331,0.6267934013674492,0.8830803158288538,0.9090909090909091,,0.8181818181818182,0.7921508996777814,1328282,0.4943729401170409,0.7691088096151386,0.8181818181818182,,0.9090909090909092,0.9393939393939394,0.8939393939393939,0.8939393939393939,,,,,,,,,,None,sqrt,,2.0,4.0,,,,,,,22.0,,,,80,0.15999999999999998
knn,True,466.0986328125,EState,random,hcv_ns34a,0.976063829787234,0.9865871833084948,32170760,0.8762516162535093,0.9910179640718563,0.9821958456973294,0.9230769230769231,0.9468085106382979,0.968944099378882,25663434,0.7908627968872949,0.9873417721518988,0.9512195121951219,0.9166666666666666,0.9575238095238096,0.9285714285714286,0.976,0.968,,brute,,,,,,10.0,,,,,,,,,-1.0,3.0,,1.0,,,,uniform,100,0.08999999999999998
knn,False,465.35546875,EState,random,hcv_ns34a,0.9393939393939394,0.9302378404265196,33621456,0.7420454322311713,0.9279901011148493,0.9393939393939394,,0.8888888888888888,0.882277318640955,30855572,0.7068741420023644,0.8817118553960659,0.8888888888888888,,0.914141414141414,0.9015151515151515,0.9242424242424242,0.9166666666666666,,brute,,,,,,10.0,,,,,,,,,-1.0,5.0,,2.0,,,,distance,100,0.08999999999999998
rf,True,1878.62109375,EState,stratified,hcv_ns34a,0.9521276595744681,0.9728915662650602,28245447,0.7726968402860196,0.9847560975609756,0.9613095238095238,0.875,0.9787234042553191,0.9880952380952381,21894933,0.8938291119019466,0.9764705882352941,1.0,0.8181818181818182,0.9601269841269842,0.9523809523809523,0.936,0.992,,,,,,,,,,10,log2,,1.0,4.0,500.0,,,,True,,22.0,,True,,90,0.08999999999999998
rf,False,1133.7861328125,EState,stratified,hcv_ns34a,0.9242424242424242,0.908269223653839,7784722,0.710265952066673,0.9128908914856628,0.9242424242424242,,0.9090909090909091,0.8857808857808858,6056639,0.6853660804429472,0.8712121212121212,0.9090909090909091,,0.9141414141414143,0.9621212121212122,0.8863636363636364,0.8939393939393939,,,,,,,,,,None,sqrt,,1.0,2.0,100.0,,,,True,,22.0,,True,,100,0.15999999999999998
hgb,True,1072.509765625,EState,stratified,hcv_ns34a,0.9521276595744681,0.9728915662650602,13669858,0.7726968402860196,0.9847560975609756,0.9613095238095238,0.875,0.9787234042553191,0.9880952380952381,10150054,0.8938291119019466,0.9764705882352941,1.0,0.8181818181818182,0.9574603174603175,0.9523809523809523,0.944,0.976,,,,,True,,0.01,,0.01,50,,99999999.0,8.0,,,100.0,,,,,22.0,,True,,90,0.08999999999999998
hgb,False,881.7939453125,EState,stratified,hcv_ns34a,0.9065656565656566,0.890183361681599,11822971,0.6261834404863184,0.8924529495338744,0.9065656565656566,,0.898989898989899,0.8759692735740641,43648734,0.6385863752587568,0.859066859066859,0.898989898989899,,0.9141414141414143,0.9621212121212122,0.8863636363636364,0.8939393939393939,,,,,True,,0.01,,0.01,None,,99999999.0,16.0,,,100.0,,,,,22.0,,True,,90,0.08999999999999998
svm,True,507.85546875,EState,stratified,hcv_ns34a,0.9388297872340425,0.9658246656760773,2591697,0.6747590393870091,0.9643916913946587,0.9672619047619048,0.7,0.9787234042553191,0.9880952380952381,1690063,0.8938291119019466,0.9764705882352941,1.0,0.8181818181818182,0.9548148148148149,0.9444444444444444,0.944,0.976,10.0,,0.5,4.0,,1.0,,,,,,,,,,,,,,,22.0,False,,,80,0.15999999999999998
svm,False,512.49609375,EState,stratified,hcv_ns34a,0.9217171717171717,0.9012782694198623,3122439,0.697034880664902,0.8841288124913855,0.9217171717171717,,0.9090909090909091,0.8857808857808858,1761720,0.6853660804429472,0.8712121212121212,0.9090909090909091,,0.9166666666666666,0.9621212121212122,0.8939393939393939,0.8939393939393939,1.0,,0.0,2.0,,1.0,,,,,,,,,,,,,,,22.0,True,,,100,0.15999999999999998
dt,True,181.4296875,EState,stratified,hcv_ns34a,0.9468085106382979,0.9705014749262537,1852600,0.7032917671295384,0.9619883040935673,0.9791666666666666,0.675,0.9468085106382979,0.9707602339181286,1467911,0.7172606290027045,0.9431818181818182,1.0,0.5454545454545454,0.9548148148148149,0.9444444444444444,0.936,0.984,,,,,,,,,,None,sqrt,,2.0,2.0,,,,,,,22.0,,,,90,0.08999999999999998
dt,False,184.2724609375,EState,stratified,hcv_ns34a,0.9141414141414141,0.9031208758274483,1491157,0.6564498461486946,0.90118008779333,0.9141414141414141,,0.8888888888888888,0.8640040747064158,1371444,0.5795909061690986,0.8420520048427025,0.8888888888888888,,0.9166666666666666,0.9545454545454546,0.9015151515151515,0.8939393939393939,,,,,,,,,,None,sqrt,,1.0,3.0,,,,,,,22.0,,,,80,0.08999999999999998
knn,True,483.8896484375,EState,stratified,hcv_ns34a,0.9627659574468085,0.978978978978979,34749808,0.818845260151622,0.9878787878787879,0.9702380952380952,0.9,0.9680851063829787,0.9820359281437125,23561939,0.8404323917613991,0.9761904761904762,0.9879518072289156,0.8181818181818182,0.9654391534391534,0.9603174603174603,0.952,0.984,,auto,,,,,,40.0,,,,,,,,,-1.0,3.0,,1.0,,,,uniform,100,0.15999999999999998
knn,False,468.45703125,EState,stratified,hcv_ns34a,0.9393939393939394,0.926486345885609,35537593,0.7591366318835795,0.9329207460451457,0.9393939393939394,,0.9191919191919192,0.894090606665457,18698497,0.7134473002446857,0.8757816257816259,0.9191919191919192,,0.9191919191919191,0.9621212121212122,0.8939393939393939,0.9015151515151515,,brute,,,,,,10.0,,,,,,,,,-1.0,9.0,,1.0,,,,distance,100,0.08999999999999998
rf,True,873.0908203125,EState,strict,hcv_ns34a,0.9747474747474747,0.9855072463768116,6382148,0.8883936643374146,0.9912536443148688,0.9798270893371758,0.9387755102040817,0.918918918918919,0.9571428571428572,5405121,0.2557881152689742,0.9852941176470589,0.9305555555555556,0.5,0.9650619085025998,0.9402985074626866,0.9699248120300752,0.9849624060150376,,,,,,,,,,None,None,,1.0,2.0,100.0,,,,True,,22.0,,True,,100,0.15999999999999998
rf,False,893.7900390625,EState,strict,hcv_ns34a,0.92,0.9028977272727272,6976908,0.6352475523432853,0.8873748723186925,0.92,,0.8526315789473684,0.8095981890209394,5898174,0.605392866760216,0.7707778147901398,0.8526315789473684,,0.9211195928753181,0.9007633587786259,0.9465648854961832,0.916030534351145,,,,,,,,,,None,sqrt,,2.0,4.0,100.0,,,,True,,22.0,,True,,90,0.08999999999999998
hgb,True,2060.2685546875,EState,strict,hcv_ns34a,0.9747474747474747,0.9855072463768116,21007116,0.8883936643374146,0.9912536443148688,0.9798270893371758,0.9387755102040817,0.918918918918919,0.9571428571428572,13448294,0.2557881152689742,0.9852941176470589,0.9305555555555556,0.5,0.9525305801817977,0.9402985074626866,0.9699248120300752,0.9473684210526315,,,,,True,,0.0,,0.01,None,,1000.0,8.0,,,100.0,,,,,22.0,,True,,100,0.15999999999999998
hgb,False,1076.939453125,EState,strict,hcv_ns34a,0.92,0.9028977272727272,46819466,0.6352475523432853,0.8873748723186925,0.92,,0.8526315789473684,0.8095981890209394,8690428,0.605392866760216,0.7707778147901398,0.8526315789473684,,0.9185750636132316,0.8931297709923665,0.9465648854961832,0.916030534351145,,,,,True,,0.1,,0.01,50,,1000.0,8.0,,,100.0,,,,,22.0,,True,,80,0.08999999999999998
svm,True,508.7734375,EState,strict,hcv_ns34a,0.952020202020202,0.9722627737226277,3003711,0.7986968462447963,0.985207100591716,0.9596541786743515,0.8979591836734694,0.972972972972973,0.9861111111111112,1798763,0.4861111111111111,0.9861111111111112,0.9861111111111112,0.5,0.9650619085025998,0.9402985074626866,0.9699248120300752,0.9849624060150376,200.0,,0.5,2.0,,1.0,,,,,,,,,,,,,,,22.0,False,,,90,0.15999999999999998
svm,False,511.732421875,EState,strict,hcv_ns34a,0.925,0.9091557273272471,3295878,0.6749092601876828,0.8970857142857143,0.925,,0.8421052631578947,0.8007462027552101,1789351,0.5785828151393367,0.763300785901405,0.8421052631578947,,0.9211195928753181,0.9007633587786259,0.9465648854961832,0.916030534351145,200.0,,0.1,3.0,,0.01,,,,,,,,,,,,,,,22.0,True,,,80,0.08999999999999998
dt,True,181.8662109375,EState,strict,hcv_ns34a,0.9747474747474747,0.9855072463768116,1341594,0.8883936643374146,0.9912536443148688,0.9798270893371758,0.9387755102040817,0.918918918918919,0.9571428571428572,1287374,0.2557881152689742,0.9852941176470589,0.9305555555555556,0.5,0.9650619085025998,0.9402985074626866,0.9699248120300752,0.9849624060150376,,,,,,,,,,None,None,,1.0,8.0,,,,,,,22.0,,,,100,0.15999999999999998
dt,False,182.3896484375,EState,strict,hcv_ns34a,0.9325,0.9151740671252867,1503653,0.6982785046715863,0.9001584377302875,0.9325,,0.8315789473684211,0.789446519524618,1371542,0.5430826583721113,0.7514490339773485,0.8315789473684211,,0.9287531806615776,0.9236641221374046,0.9465648854961832,0.916030534351145,,,,,,,,,,None,sqrt,,2.0,2.0,,,,,,,22.0,,,,90,0.08999999999999998
knn,True,495.8896484375,EState,strict,hcv_ns34a,0.9747474747474747,0.9855072463768116,19327462,0.8883936643374146,0.9912536443148688,0.9798270893371758,0.9387755102040817,0.9054054054054054,0.9496402877697842,18083084,0.23087854826980506,0.9850746268656716,0.9166666666666666,0.5,0.9650619085025998,0.9402985074626866,0.9774436090225563,0.9774436090225563,,auto,,,,,,10.0,,,,,,,,,-1.0,7.0,,1.0,,,,distance,100,0.15999999999999998
knn,False,516.9638671875,EState,strict,hcv_ns34a,0.93,0.914420749279539,34733226,0.7079987515953983,0.9048554913294796,0.93,,0.8526315789473684,0.8150151240169388,22607098,0.6288063122047233,0.7845153424100793,0.8526315789473684,,0.9262086513994912,0.9007633587786259,0.9541984732824428,0.9236641221374046,,ball_tree,,,,,,10.0,,,,,,,,,-1.0,5.0,,2.0,,,,uniform,90,0.08999999999999998
rf,True,3083.140625,CDKextended,random,hcv_ns34a,0.9893617021276596,0.9940652818991098,57935206,0.9427832306170585,0.9940652818991098,0.9940652818991098,0.9487179487179487,0.9893617021276596,0.9938650306748467,45550123,0.9548926051811499,1.0,0.9878048780487805,1.0,0.9840846560846561,0.9682539682539683,1.0,0.984,,,,,,,,,,None,sqrt,,1.0,4.0,1000.0,,,,True,,22.0,,True,,80,0.08999999999999998
rf,False,5475.4365234375,CDKextended,random,hcv_ns34a,0.9494949494949495,0.9350079597568838,60873473,0.7759787975419471,0.9394427763071831,0.9494949494949495,,0.9292929292929293,0.9228946355046062,45606221,0.8063279867569119,0.9232515023654263,0.9292929292929293,,0.9368686868686869,0.946969696969697,0.9318181818181818,0.9318181818181818,,,,,,,,,,None,sqrt,,2.0,3.0,1000.0,,,,True,,22.0,,True,,90,0.08999999999999998
hgb,True,1122.14453125,CDKextended,random,hcv_ns34a,0.9920212765957447,0.9955555555555555,21370550,0.9566954891290594,0.9940828402366864,0.9970326409495549,0.9487179487179487,1.0,1.0,16314485,1.0,1.0,1.0,1.0,0.9814179894179894,0.9682539682539683,0.992,0.984,,,,,True,,0.1,,0.01,None,,1000.0,16.0,,,100.0,,,,,22.0,,True,,80,0.08999999999999998
hgb,False,755.119140625,CDKextended,random,hcv_ns34a,0.9494949494949495,0.9437684930109174,17960233,0.7789416021489204,0.9433797433797434,0.9494949494949495,,0.9090909090909091,0.905572077985871,12320499,0.7482467698778024,0.9064232064232065,0.9090909090909091,,0.9292929292929292,0.9242424242424242,0.9318181818181818,0.9318181818181818,,,,,True,,0.1,,0.01,10,,1000.0,32.0,,,100.0,,,,,22.0,,True,,80,0.15999999999999998
svm,True,764.69921875,CDKextended,random,hcv_ns34a,0.9787234042553191,0.9880952380952381,12259001,0.8884512608717214,0.991044776119403,0.9851632047477745,0.9230769230769231,0.9893617021276596,0.9938650306748467,6847896,0.9548926051811499,1.0,0.9878048780487805,1.0,0.9840846560846561,0.9682539682539683,1.0,0.984,1.0,,0.0,2.0,,0.01,,,,,,,,,,,,,,,22.0,True,,,80,0.15999999999999998
svm,False,1020.90625,CDKextended,random,hcv_ns34a,0.946969696969697,0.9288693754008187,21502738,0.7640070094282638,0.950374342011666,0.946969696969697,,0.9090909090909091,0.8766788766788767,8756062,0.751147254965207,0.8472886762360446,0.9090909090909091,,0.9343434343434343,0.946969696969697,0.9242424242424242,0.9318181818181818,10.0,,0.0,4.0,,0.001,,,,,,,,,,,,,,,22.0,False,,,80,0.08999999999999998
dt,True,201.7900390625,CDKextended,random,hcv_ns34a,0.9840425531914894,0.9911764705882353,5507714,0.9117852385009528,0.9825072886297376,1.0,0.8461538461538461,0.9787234042553191,0.9879518072289156,5042665,0.90193794880361,0.9761904761904762,1.0,0.8333333333333334,0.9787513227513228,0.9682539682539683,1.0,0.968,,,,,,,,,,None,sqrt,,2.0,8.0,,,,,,,22.0,,,,80,0.15999999999999998
dt,False,209.0947265625,CDKextended,random,hcv_ns34a,0.9545454545454546,0.9470349137015803,5820288,0.8019644800887961,0.9488764938764939,0.9545454545454546,,0.9191919191919192,0.8975323328640432,5115659,0.7763366411892497,0.9244817654456209,0.9191919191919192,,0.9292929292929292,0.9318181818181818,0.9393939393939394,0.9166666666666666,,,,,,,,,,10,log2,,1.0,8.0,,,,,,,22.0,,,,90,0.08999999999999998
knn,True,1479.638671875,CDKextended,random,hcv_ns34a,0.9946808510638298,0.9970326409495549,32439232,0.9713916153085292,0.9970326409495549,0.9970326409495549,0.9743589743589743,0.9893617021276596,0.9938650306748467,44508976,0.9548926051811499,1.0,0.9878048780487805,1.0,0.9840846560846561,0.9682539682539683,1.0,0.984,,auto,,,,,,30.0,,,,,,,,,-1.0,9.0,,2.0,,,,distance,80,0.15999999999999998
knn,False,1825.6689453125,CDKextended,random,hcv_ns34a,0.9444444444444444,0.9298624830634845,44709581,0.7500844012596921,0.9340203968012957,0.9444444444444444,,0.9292929292929293,0.916499886196856,38296927,0.8064092030198796,0.9330065359477124,0.9292929292929293,,0.9267676767676768,0.9318181818181818,0.9242424242424242,0.9242424242424242,,auto,,,,,,10.0,,,,,,,,,-1.0,3.0,,1.0,,,,uniform,100,0.15999999999999998
rf,True,894.7158203125,CDKextended,stratified,hcv_ns34a,0.9973404255319149,0.9985096870342772,11907572,0.9862586656820739,1.0,0.9970238095238095,1.0,0.9893617021276596,0.9940119760479041,9515759,0.9477702244048386,0.9880952380952381,1.0,0.9090909090909091,0.9813756613756613,0.9841269841269841,0.968,0.992,,,,,,,,,,None,sqrt,,1.0,2.0,100.0,,,,True,,22.0,,True,,100,0.08999999999999998
rf,False,1093.62890625,CDKextended,stratified,hcv_ns34a,0.952020202020202,0.940580696055598,12447120,0.8120238747950378,0.9548173999355201,0.952020202020202,,0.9292929292929293,0.9054069473649893,9824138,0.7362019547661667,0.8835643254247905,0.9292929292929293,,0.9343434343434344,0.9696969696969697,0.9242424242424242,0.9090909090909091,,,,,,,,,,20,sqrt,,2.0,3.0,100.0,,,,True,,22.0,,True,,90,0.08999999999999998
hgb,True,512.119140625,CDKextended,stratified,hcv_ns34a,0.9893617021276596,0.9940298507462687,12843590,0.9456076866775945,0.9970059880239521,0.9910714285714286,0.975,0.9893617021276596,0.9940119760479041,9585857,0.9477702244048386,0.9880952380952381,1.0,0.9090909090909091,0.984042328042328,0.9841269841269841,0.984,0.984,,,,,True,,0.1,,0.01,None,,10000.0,32.0,,,100.0,,,,,22.0,,True,,90,0.08999999999999998
hgb,False,655.494140625,CDKextended,stratified,hcv_ns34a,0.9368686868686869,0.9277146784839093,19064794,0.758113930064113,0.9317072687660924,0.9368686868686869,,0.9393939393939394,0.9235732061819018,12907748,0.7800689389854459,0.9470999588646648,0.9393939393939394,,0.9242424242424242,0.9545454545454546,0.9166666666666666,0.9015151515151515,,,,,True,,0.1,,0.01,20,,1000.0,64.0,,,100.0,,,,,22.0,,True,,90,0.08999999999999998
svm,True,673.1767578125,CDKextended,stratified,hcv_ns34a,0.9840425531914894,0.9910179640718563,11221625,0.9209357662439788,0.9969879518072289,0.9851190476190477,0.975,0.9893617021276596,0.9940119760479041,6455897,0.9477702244048386,0.9880952380952381,1.0,0.9090909090909091,0.984042328042328,0.9841269841269841,0.968,1.0,10.0,,0.0,2.0,,0.001,,,,,,,,,,,,,,,22.0,False,,,80,0.15999999999999998
svm,False,874.9296875,CDKextended,stratified,hcv_ns34a,0.9368686868686869,0.914611956559248,17673764,0.7503187933697452,0.894212518646442,0.9368686868686869,,0.9292929292929293,0.9025974025974025,8135315,0.7442464308686682,0.8809438927085986,0.9292929292929293,,0.9343434343434343,0.9696969696969697,0.9166666666666666,0.9166666666666666,1.0,,0.0,2.0,,0.005,,,,,,,,,,,,,,,22.0,True,,,90,0.15999999999999998
dt,True,205.166015625,CDKextended,stratified,hcv_ns34a,0.9867021276595744,0.992548435171386,6079703,0.9309104181751396,0.9940298507462687,0.9910714285714286,0.95,0.9893617021276596,0.9940119760479041,5035837,0.9477702244048386,0.9880952380952381,1.0,0.9090909090909091,0.9787513227513228,0.9682539682539683,0.968,1.0,,,,,,,,,,10,log2,,1.0,3.0,,,,,,,22.0,,,,80,0.08999999999999998
dt,False,207.4462890625,CDKextended,stratified,hcv_ns34a,0.9595959595959596,0.9546658650964289,6066003,0.8431613588745079,0.9581663626577047,0.9595959595959596,,0.9191919191919192,0.9129343500885003,5208144,0.7231578138577552,0.9107870449333864,0.9191919191919192,,0.9318181818181818,0.9621212121212122,0.9242424242424242,0.9090909090909091,,,,,,,,,,30,sqrt,,1.0,8.0,,,,,,,22.0,,,,90,0.08999999999999998
knn,True,2775.28125,CDKextended,stratified,hcv_ns34a,0.9973404255319149,0.9985096870342772,43962777,0.9862586656820739,1.0,0.9970238095238095,1.0,0.9893617021276596,0.9940119760479041,33388034,0.9477702244048386,0.9880952380952381,1.0,0.9090909090909091,0.984042328042328,0.9841269841269841,0.968,1.0,,ball_tree,,,,,,10.0,,,,,,,,,-1.0,3.0,,1.0,,,,distance,80,0.15999999999999998
knn,False,2276.5517578125,CDKextended,stratified,hcv_ns34a,0.9368686868686869,0.924321170005699,66933487,0.7560006308464966,0.9433863923028011,0.9368686868686869,,0.9292929292929293,0.9062571888658845,103599660,0.7417619821602678,0.8864938982586043,0.9292929292929293,,0.9292929292929292,0.9696969696969697,0.9015151515151515,0.9166666666666666,,auto,,,,,,10.0,,,,,,,,,-1.0,5.0,,2.0,,,,uniform,80,0.08999999999999998
rf,True,803.8564453125,CDKextended,strict,hcv_ns34a,0.9848484848484849,0.991304347826087,11499227,0.9334418609028307,0.9970845481049563,0.9855907780979827,0.9795918367346939,0.9864864864864865,0.993103448275862,10466790,0.7022468831767834,0.9863013698630136,1.0,0.5,0.9825309542512999,0.9701492537313433,0.9774436090225563,1.0,,,,,,,,,,None,sqrt,,4.0,3.0,100.0,,,,True,,22.0,,True,,80,0.08999999999999998
rf,False,2772.072265625,CDKextended,strict,hcv_ns34a,0.955,0.9419695112368379,33308816,0.7950927139922287,0.9568416541675595,0.955,,0.8947368421052632,0.8678508225732452,26249316,0.7324392014482829,0.8677192982456141,0.8947368421052632,,0.9465648854961831,0.9312977099236641,0.9618320610687023,0.9465648854961832,,,,,,,,,,None,sqrt,,1.0,8.0,500.0,,,,True,,22.0,,True,,90,0.15999999999999998
hgb,True,1543.7646484375,CDKextended,strict,hcv_ns34a,0.9949494949494949,0.9971181556195965,18818936,0.9767099923542905,0.9971181556195965,0.9971181556195965,0.9795918367346939,1.0,1.0,12870355,1.0,1.0,1.0,1.0,0.9775371263980848,0.9626865671641791,0.9774436090225563,0.9924812030075187,,,,,True,,0.0,,0.01,None,,10000.0,16.0,,,100.0,,,,,22.0,,True,,90,0.08999999999999998
hgb,False,982.45703125,CDKextended,strict,hcv_ns34a,0.9675,0.9621237714987716,24677586,0.8547539397494689,0.9684565345949142,0.9675,,0.8947368421052632,0.8678508225732452,19162285,0.7324392014482829,0.8677192982456141,0.8947368421052632,,0.9287531806615776,0.9236641221374046,0.9312977099236641,0.9312977099236641,,,,,True,,0.0,,0.01,50,,10000.0,64.0,,,100.0,,,,,22.0,,True,,80,0.08999999999999998
svm,True,893.01171875,CDKextended,strict,hcv_ns34a,0.9848484848484849,0.991304347826087,17148753,0.9334418609028307,0.9970845481049563,0.9855907780979827,0.9795918367346939,0.9864864864864865,0.993103448275862,7724016,0.7022468831767834,0.9863013698630136,1.0,0.5,0.9825309542512999,0.9701492537313433,0.9774436090225563,1.0,1.0,,0.1,4.0,,0.005,,,,,,,,,,,,,,,22.0,False,,,80,0.08999999999999998
svm,False,1099.5,CDKextended,strict,hcv_ns34a,0.95,0.931052516888211,25720028,0.7729924603083886,0.9134078212290503,0.95,,0.8736842105263158,0.834095583787054,10067352,0.6850025489492658,0.8021337126600285,0.8736842105263158,,0.9465648854961831,0.9312977099236641,0.9618320610687023,0.9465648854961832,1.0,,0.0,2.0,,0.005,,,,,,,,,,,,,,,22.0,True,,,80,0.08999999999999998
dt,True,205.697265625,CDKextended,strict,hcv_ns34a,0.9797979797979798,0.9885386819484241,6110926,0.9045102987081227,0.9829059829059829,0.9942363112391931,0.8775510204081632,0.9864864864864865,0.993103448275862,5155123,0.7022468831767834,0.9863013698630136,1.0,0.5,0.9775371263980848,0.9626865671641791,0.9924812030075187,0.9774436090225563,,,,,,,,,,30,log2,,2.0,2.0,,,,,,,22.0,,,,80,0.08999999999999998
dt,False,203.8447265625,CDKextended,strict,hcv_ns34a,0.9525,0.9371515814323428,5749929,0.7867821562102634,0.9563737914815782,0.9525,,0.8736842105263158,0.8605973220035629,5101428,0.6766765421851233,0.8531863442389758,0.8736842105263158,,0.9389312977099237,0.9007633587786259,0.9541984732824428,0.9618320610687023,,,,,,,,,,20,None,,4.0,4.0,,,,,,,22.0,,,,90,0.15999999999999998
knn,True,2813.7734375,CDKextended,strict,hcv_ns34a,0.9797979797979798,0.9883720930232558,69403051,0.9135083565659836,0.9970674486803519,0.9798270893371758,0.9795918367346939,0.9594594594594594,0.9790209790209791,26531630,0.3882736022356013,0.9859154929577465,0.9722222222222222,0.5,0.9850185164403547,0.9776119402985075,0.9774436090225563,1.0,,ball_tree,,,,,,20.0,,,,,,,,,-1.0,7.0,,2.0,,,,uniform,80,0.15999999999999998
knn,False,1612.7861328125,CDKextended,strict,hcv_ns34a,0.95,0.931052516888211,57625387,0.7729924603083886,0.9134078212290503,0.95,,0.8526315789473684,0.816674738004378,43349691,0.6412229468964329,0.7915776760742437,0.8526315789473684,,0.9414758269720102,0.916030534351145,0.9618320610687023,0.9465648854961832,,auto,,,,,,10.0,,,,,,,,,-1.0,5.0,,1.0,,,,uniform,80,0.15999999999999998
rf,True,887.8408203125,CDK,random,hcv_ns34a,0.9946808510638298,0.9970326409495549,11140418,0.9713916153085292,0.9970326409495549,0.9970326409495549,0.9743589743589743,1.0,1.0,9566060,1.0,1.0,1.0,1.0,0.9840846560846561,0.9682539682539683,1.0,0.984,,,,,,,,,,None,sqrt,,1.0,2.0,100.0,,,,True,,22.0,,True,,80,0.08999999999999998
rf,False,4225.4140625,CDK,random,hcv_ns34a,0.9621212121212122,0.9591031083784707,36553116,0.8348002864223801,0.9585650623885918,0.9621212121212122,,0.9595959595959596,0.9585299028114277,27924210,0.8910714430012097,0.9586894586894587,0.9595959595959596,,0.9368686868686869,0.946969696969697,0.9318181818181818,0.9318181818181818,,,,,,,,,,None,log2,,1.0,4.0,500.0,,,,True,,22.0,,True,,100,0.08999999999999998
hgb,True,1222.615234375,CDK,random,hcv_ns34a,0.9893617021276596,0.9940652818991098,22148069,0.9427832306170585,0.9940652818991098,0.9940652818991098,0.9487179487179487,1.0,1.0,16276289,1.0,1.0,1.0,1.0,0.9814391534391534,0.9603174603174603,1.0,0.984,,,,,True,,0.0,,0.01,None,,1000.0,32.0,,,100.0,,,,,22.0,,True,,80,0.15999999999999998
hgb,False,786.3701171875,CDK,random,hcv_ns34a,0.9545454545454546,0.9483794959095914,16321496,0.8016902585390961,0.9499335459861775,0.9545454545454546,,0.9090909090909091,0.9085073803606378,11321144,0.7568693287242565,0.9082688355415628,0.9090909090909091,,0.9292929292929292,0.9393939393939394,0.9166666666666666,0.9318181818181818,,,,,True,,0.0,,0.01,50,,1000.0,32.0,,,100.0,,,,,22.0,,True,,80,0.15999999999999998
svm,True,719.33984375,CDK,random,hcv_ns34a,0.9813829787234043,0.9895678092399404,12437806,0.9039428759367603,0.9940119760479041,0.9851632047477745,0.9487179487179487,0.9893617021276596,0.9938650306748467,6691075,0.9548926051811499,1.0,0.9878048780487805,1.0,0.9840846560846561,0.9682539682539683,1.0,0.984,1.0,,0.0,2.0,,0.01,,,,,,,,,,,,,,,22.0,True,,,80,0.15999999999999998
svm,False,1418.48828125,CDK,random,hcv_ns34a,0.9444444444444444,0.9263209345657956,34933045,0.7509357942943699,0.9476406604215594,0.9444444444444444,,0.898989898989899,0.8665448035998804,12525244,0.7186758117132485,0.8365132809577254,0.898989898989899,,0.9343434343434344,0.946969696969697,0.9318181818181818,0.9242424242424242,1.0,,0.0,2.0,,0.01,,,,,,,,,,,,,,,22.0,True,,,90,0.08999999999999998
dt,True,202.0400390625,CDK,random,hcv_ns34a,0.973404255319149,0.9851632047477745,6221705,0.8569580765426463,0.9851632047477745,0.9851632047477745,0.8717948717948718,0.9787234042553191,0.9878048780487805,5279809,0.9044715447154471,0.9878048780487805,0.9878048780487805,0.9166666666666666,0.9814391534391534,0.9603174603174603,0.992,0.992,,,,,,,,,,None,log2,,2.0,2.0,,,,,,,22.0,,,,90,0.08999999999999998
dt,False,202.6806640625,CDK,random,hcv_ns34a,0.9444444444444444,0.9373281884088801,5958956,0.7550727012121441,0.9366209157875824,0.9444444444444444,,0.8787878787878788,0.8747831516043436,4817620,0.6855157978476111,0.8741024277866383,0.8787878787878788,,0.9267676767676768,0.9318181818181818,0.9242424242424242,0.9242424242424242,,,,,,,,,,10,log2,,2.0,8.0,,,,,,,22.0,,,,90,0.15999999999999998
knn,True,1405.912109375,CDK,random,hcv_ns34a,0.976063829787234,0.9865470852017937,60392465,0.8801866589580389,0.9939759036144579,0.9792284866468842,0.9487179487179487,0.9893617021276596,0.9938650306748467,70318240,0.9548926051811499,1.0,0.9878048780487805,1.0,0.9840846560846561,0.9682539682539683,1.0,0.984,,auto,,,,,,10.0,,,,,,,,,-1.0,9.0,,2.0,,,,uniform,80,0.15999999999999998
knn,False,2261.1376953125,CDK,random,hcv_ns34a,0.9419191919191919,0.9294239429522507,81613726,0.7428518230496569,0.925069017682654,0.9419191919191919,,0.9393939393939394,0.9331209683115841,36739497,0.8338715255425486,0.9343434343434344,0.9393939393939394,,0.9292929292929294,0.9393939393939394,0.9242424242424242,0.9242424242424242,,brute,,,,,,10.0,,,,,,,,,-1.0,3.0,,1.0,,,,uniform,80,0.08999999999999998
rf,True,969.630859375,CDK,stratified,hcv_ns34a,1.0,1.0,11806993,1.0,1.0,1.0,1.0,0.9893617021276596,0.9940119760479041,10182834,0.9477702244048386,0.9880952380952381,1.0,0.9090909090909091,0.9840634920634921,0.9761904761904762,0.984,0.992,,,,,,,,,,None,log2,,1.0,2.0,100.0,,,,True,,22.0,,True,,100,0.08999999999999998
rf,False,995.8701171875,CDK,stratified,hcv_ns34a,0.9494949494949495,0.935760680558204,11606498,0.8012905671775762,0.9524570033121592,0.9494949494949495,,0.9393939393939394,0.9254011981284709,9778017,0.7780675397857165,0.923271935036641,0.9393939393939394,,0.9368686868686869,0.9696969696969697,0.9318181818181818,0.9090909090909091,,,,,,,,,,10,sqrt,,1.0,8.0,100.0,,,,True,,22.0,,True,,90,0.15999999999999998
hgb,True,595.33203125,CDK,stratified,hcv_ns34a,0.9893617021276596,0.9940476190476191,14174881,0.944047619047619,0.9940476190476191,0.9940476190476191,0.95,0.9893617021276596,0.9940119760479041,11234998,0.9477702244048386,0.9880952380952381,1.0,0.9090909090909091,0.9787513227513228,0.9682539682539683,0.976,0.992,,,,,True,,0.01,,0.01,None,,10000.0,32.0,,,100.0,,,,,22.0,,True,,100,0.15999999999999998
hgb,False,1840.8125,CDK,stratified,hcv_ns34a,0.9646464646464646,0.9620056331682983,18334630,0.8664164727246182,0.9651561799307671,0.9646464646464646,,0.9494949494949495,0.9420864423586254,11819846,0.8186628938199039,0.943001443001443,0.9494949494949495,,0.9318181818181818,0.9621212121212122,0.9090909090909091,0.9242424242424242,,,,,True,,0.0,,0.01,10,,10000.0,8.0,,,100.0,,,,,22.0,,True,,80,0.08999999999999998
svm,True,653.3134765625,CDK,stratified,hcv_ns34a,0.9840425531914894,0.9910179640718563,9977376,0.9209357662439788,0.9969879518072289,0.9851190476190477,0.975,0.9893617021276596,0.9940119760479041,6050582,0.9477702244048386,0.9880952380952381,1.0,0.9090909090909091,0.984042328042328,0.9841269841269841,0.968,1.0,10.0,,0.0,2.0,,0.001,,,,,,,,,,,,,,,22.0,False,,,80,0.15999999999999998
svm,False,932.19921875,CDK,stratified,hcv_ns34a,0.9393939393939394,0.916895149006326,19599362,0.759704570724164,0.8960347004528039,0.9393939393939394,,0.9292929292929293,0.9025974025974025,8546544,0.7442464308686682,0.8809438927085986,0.9292929292929293,,0.9368686868686869,0.9696969696969697,0.9242424242424242,0.9166666666666666,1.0,,0.0,2.0,,0.01,,,,,,,,,,,,,,,22.0,True,,,90,0.15999999999999998
dt,True,199.9619140625,CDK,stratified,hcv_ns34a,0.9893617021276596,0.9940828402366864,5667282,0.9430862975920509,0.9882352941176471,1.0,0.9,0.9893617021276596,0.9940119760479041,5041888,0.9477702244048386,0.9880952380952381,1.0,0.9090909090909091,0.976042328042328,0.9841269841269841,0.968,0.976,,,,,,,,,,None,sqrt,,1.0,3.0,,,,,,,22.0,,,,80,0.15999999999999998
dt,False,202.5087890625,CDK,stratified,hcv_ns34a,0.9368686868686869,0.92801586673397,5601753,0.7447673670725681,0.9271723817118555,0.9368686868686869,,0.9090909090909091,0.8888888888888888,5011791,0.6829927616960986,0.8754208754208754,0.9090909090909091,,0.9318181818181818,0.9545454545454546,0.9166666666666666,0.9242424242424242,,,,,,,,,,30,log2,,2.0,2.0,,,,,,,22.0,,,,80,0.15999999999999998
knn,True,2410.201171875,CDK,stratified,hcv_ns34a,0.9973404255319149,0.9985096870342772,48825465,0.9862586656820739,1.0,0.9970238095238095,1.0,0.9893617021276596,0.9940119760479041,35164648,0.9477702244048386,0.9880952380952381,1.0,0.9090909090909091,0.984042328042328,0.9841269841269841,0.968,1.0,,auto,,,,,,20.0,,,,,,,,,-1.0,5.0,,1.0,,,,distance,90,0.08999999999999998
knn,False,2267.3486328125,CDK,stratified,hcv_ns34a,0.9318181818181818,0.9177252278652713,62383944,0.7376936540921682,0.9257759659152621,0.9318181818181818,,0.9292929292929293,0.9025974025974025,39287378,0.7442464308686682,0.8809438927085986,0.9292929292929293,,0.9292929292929292,0.9696969696969697,0.9015151515151515,0.9166666666666666,,auto,,,,,,10.0,,,,,,,,,-1.0,5.0,,1.0,,,,uniform,80,0.08999999999999998
rf,True,755.02734375,CDK,strict,hcv_ns34a,0.9924242424242424,0.9956709956709957,10951056,0.9654327992332525,0.9971098265895953,0.9942363112391931,0.9795918367346939,0.9864864864864865,0.993103448275862,11166181,0.7022468831767834,0.9863013698630136,1.0,0.5,0.9875060786294093,0.9850746268656716,0.9774436090225563,1.0,,,,,,,,,,None,None,,4.0,2.0,100.0,,,,True,,22.0,,True,,80,0.08999999999999998
rf,False,1173.375,CDK,strict,hcv_ns34a,0.975,0.9718300564443318,11395350,0.8892608162163521,0.9755295013323183,0.975,,0.9157894736842105,0.9029939476993923,9332565,0.7854073946416062,0.9067543859649123,0.9157894736842105,,0.9465648854961833,0.9236641221374046,0.9618320610687023,0.9541984732824428,,,,,,,,,,None,sqrt,,1.0,4.0,100.0,,,,True,,22.0,,True,,90,0.08999999999999998
hgb,True,2018.40234375,CDK,strict,hcv_ns34a,0.9924242424242424,0.9956709956709957,24838649,0.9654327992332525,0.9971098265895953,0.9942363112391931,0.9795918367346939,1.0,1.0,18954478,1.0,1.0,1.0,1.0,0.9800433920622451,0.9626865671641791,0.9774436090225563,1.0,,,,,True,,0.0,,0.01,50,,1000.0,16.0,,,100.0,,,,,22.0,,True,,80,0.08999999999999998
hgb,False,1076.51171875,CDK,strict,hcv_ns34a,0.9675,0.9633538970707672,33438336,0.8545014393875511,0.9682645004555117,0.9675,,0.9052631578947369,0.8863914924297044,21013820,0.7587904337434799,0.8907327141382869,0.9052631578947369,,0.9236641221374047,0.8778625954198473,0.9618320610687023,0.9312977099236641,,,,,True,,0.0,,0.01,20,,99999999.0,64.0,,,100.0,,,,,22.0,,True,,80,0.15999999999999998
svm,True,792.55078125,CDK,strict,hcv_ns34a,0.9873737373737373,0.9927641099855282,14981725,0.9438134463339299,0.997093023255814,0.9884726224783862,0.9795918367346939,0.9864864864864865,0.993103448275862,6800243,0.7022468831767834,0.9863013698630136,1.0,0.5,0.9825309542512999,0.9701492537313433,0.9774436090225563,1.0,1.0,,0.0,3.0,,0.01,,,,,,,,,,,,,,,22.0,False,,,90,0.15999999999999998
svm,False,866.40234375,CDK,strict,hcv_ns34a,0.9525,0.9333599074193134,19147542,0.783926111922036,0.9153250900197024,0.9525,,0.8736842105263158,0.834095583787054,8913146,0.6850025489492658,0.8021337126600285,0.8736842105263158,,0.9465648854961831,0.9312977099236641,0.9618320610687023,0.9465648854961832,1.0,,0.0,2.0,,0.01,,,,,,,,,,,,,,,22.0,True,,,80,0.15999999999999998
dt,True,199.4384765625,CDK,strict,hcv_ns34a,0.9848484848484849,0.9913793103448276,5684315,0.9291446707462838,0.9885386819484241,0.9942363112391931,0.9183673469387755,0.9864864864864865,0.993103448275862,5076541,0.7022468831767834,0.9863013698630136,1.0,0.5,0.9775371263980848,0.9626865671641791,0.9699248120300752,1.0,,,,,,,,,,None,log2,,2.0,3.0,,,,,,,22.0,,,,80,0.15999999999999998
dt,False,202.2744140625,CDK,strict,hcv_ns34a,0.9525,0.9373388106416276,6569079,0.7809071607610047,0.936450276243094,0.9525,,0.8947368421052632,0.8782322916983475,5323553,0.7293911014802305,0.8732017543859649,0.8947368421052632,,0.9491094147582698,0.916030534351145,0.9847328244274809,0.9465648854961832,,,,,,,,,,10,None,,4.0,2.0,,,,,,,22.0,,,,90,0.08999999999999998
knn,True,1630.193359375,CDK,strict,hcv_ns34a,0.9823232323232324,0.9898403483309144,67155249,0.923344311555229,0.9970760233918129,0.9827089337175793,0.9795918367346939,0.972972972972973,0.9861111111111112,39016354,0.4861111111111111,0.9861111111111112,0.9861111111111112,0.5,0.9850185164403547,0.9776119402985075,0.9774436090225563,1.0,,auto,,,,,,20.0,,,,,,,,,-1.0,7.0,,1.0,,,,uniform,90,0.15999999999999998
knn,False,1695.5830078125,CDK,strict,hcv_ns34a,0.95,0.931052516888211,67116628,0.7729924603083886,0.9134078212290503,0.95,,0.8526315789473684,0.8352553878869668,38551493,0.6278973780833433,0.825126171593367,0.8526315789473684,,0.9414758269720102,0.916030534351145,0.9618320610687023,0.9465648854961832,,auto,,,,,,10.0,,,,,,,,,-1.0,5.0,,1.0,,,,uniform,90,0.15999999999999998
rf,True,837.4716796875,CDKgraphonly,random,hcv_ns34a,0.9920212765957447,0.9955555555555555,10400121,0.9566954891290594,0.9940828402366864,0.9970326409495549,0.9487179487179487,0.9893617021276596,0.9938650306748467,9114647,0.9548926051811499,1.0,0.9878048780487805,1.0,0.9840846560846561,0.9682539682539683,0.992,0.992,,,,,,,,,,None,sqrt,,1.0,8.0,100.0,,,,True,,22.0,,True,,100,0.15999999999999998
rf,False,3838.3896484375,CDKgraphonly,random,hcv_ns34a,0.9646464646464646,0.9595440041932242,34624738,0.8472690249594261,0.9607407204300584,0.9646464646464646,,0.9292929292929293,0.9248666102498544,26108859,0.8105882997678978,0.922794021189743,0.9292929292929293,,0.9318181818181818,0.9318181818181818,0.9393939393939394,0.9242424242424242,,,,,,,,,,None,sqrt,,1.0,4.0,500.0,,,,True,,22.0,,True,,90,0.15999999999999998
hgb,True,965.6015625,CDKgraphonly,random,hcv_ns34a,0.9867021276595744,0.992548435171386,21834690,0.9316341356200112,0.9970059880239521,0.9881305637982196,0.9743589743589743,1.0,1.0,17564384,1.0,1.0,1.0,1.0,0.9814179894179894,0.9682539682539683,0.992,0.984,,,,,True,,0.1,,0.01,None,,1000.0,32.0,,,100.0,,,,,22.0,,True,,90,0.15999999999999998
hgb,False,599.6982421875,CDKgraphonly,random,hcv_ns34a,0.9419191919191919,0.9278397687880447,16517790,0.7420362261571758,0.9328196984004349,0.9419191919191919,,0.8888888888888888,0.8796691128241929,12584106,0.6975712227752808,0.8823275489942157,0.8888888888888888,,0.9318181818181818,0.9393939393939394,0.9393939393939394,0.9166666666666666,,,,,True,,0.01,,0.01,None,,99999999.0,64.0,,,100.0,,,,,22.0,,True,,80,0.08999999999999998
svm,True,589.6328125,CDKgraphonly,random,hcv_ns34a,0.9840425531914894,0.9910714285714286,7985457,0.9164363219496947,0.9940298507462687,0.9881305637982196,0.9487179487179487,1.0,1.0,5689286,1.0,1.0,1.0,1.0,0.9814391534391534,0.9603174603174603,0.992,0.992,200.0,,0.5,2.0,,0.001,,,,,,,,,,,,,,,22.0,True,,,80,0.15999999999999998
svm,False,705.4052734375,CDKgraphonly,random,hcv_ns34a,0.9621212121212122,0.9552892837245355,12728499,0.8343678299564314,0.9593446198559835,0.9621212121212122,,0.9191919191919192,0.9094002584198662,6879939,0.7846278302271635,0.9124970368989508,0.9191919191919192,,0.9393939393939393,0.9545454545454546,0.9318181818181818,0.9318181818181818,10.0,,0.1,2.0,,0.01,,,,,,,,,,,,,,,22.0,False,,,90,0.15999999999999998
dt,True,203.978515625,CDKgraphonly,random,hcv_ns34a,0.9627659574468085,0.9792899408284024,5591257,0.7954362277421899,0.976401179941003,0.9821958456973294,0.7948717948717948,0.9787234042553191,0.9878048780487805,5061449,0.9044715447154471,0.9878048780487805,0.9878048780487805,0.9166666666666666,0.9814179894179894,0.9682539682539683,0.992,0.984,,,,,,,,,,10,sqrt,,2.0,8.0,,,,,,,22.0,,,,90,0.08999999999999998
dt,False,209.9296875,CDKgraphonly,random,hcv_ns34a,0.952020202020202,0.9438940752752716,5474511,0.7886309143775839,0.9489406626069306,0.952020202020202,,0.9191919191919192,0.9145349599895054,5019328,0.7803800453201482,0.9121471121471122,0.9191919191919192,,0.9343434343434344,0.9393939393939394,0.9393939393939394,0.9242424242424242,,,,,,,,,,None,sqrt,,1.0,8.0,,,,,,,22.0,,,,90,0.08999999999999998
knn,True,1576.5478515625,CDKgraphonly,random,hcv_ns34a,0.9707446808510638,0.9835575485799701,57956286,0.8530506976782568,0.9909638554216867,0.9762611275964391,0.9230769230769231,0.9787234042553191,0.9878048780487805,27949017,0.9044715447154471,0.9878048780487805,0.9878048780487805,0.9166666666666666,0.9814391534391534,0.9603174603174603,0.992,0.992,,ball_tree,,,,,,40.0,,,,,,,,,-1.0,5.0,,1.0,,,,uniform,80,0.15999999999999998
knn,False,1148.6259765625,CDKgraphonly,random,hcv_ns34a,0.9393939393939394,0.9259444366208633,52840908,0.7284596508994957,0.9244106242322121,0.9393939393939394,,0.9090909090909091,0.8991457740120841,39311262,0.7533769205973033,0.9011482344815679,0.9090909090909091,,0.9292929292929294,0.946969696969697,0.9318181818181818,0.9090909090909091,,auto,,,,,,10.0,,,,,,,,,-1.0,5.0,,1.0,,,,uniform,90,0.15999999999999998
rf,True,1689.8369140625,CDKgraphonly,stratified,hcv_ns34a,0.9946808510638298,0.9970238095238095,29838194,0.9720238095238095,0.9970238095238095,0.9970238095238095,0.975,0.9893617021276596,0.9940119760479041,25013039,0.9477702244048386,0.9880952380952381,1.0,0.9090909090909091,0.984042328042328,0.9841269841269841,0.968,1.0,,,,,,,,,,20,None,,1.0,2.0,500.0,,,,True,,22.0,,True,,80,0.15999999999999998
rf,False,1071.52734375,CDKgraphonly,stratified,hcv_ns34a,0.9393939393939394,0.9299248379515938,11879006,0.7683008462441407,0.939057239057239,0.9393939393939394,,0.9191919191919192,0.9074074074074073,11666642,0.7172499400302789,0.9105339105339105,0.9191919191919192,,0.9393939393939394,0.9696969696969697,0.9242424242424242,0.9242424242424242,,,,,,,,,,None,sqrt,,2.0,4.0,100.0,,,,True,,22.0,,True,,90,0.15999999999999998
hgb,True,618.2158203125,CDKgraphonly,stratified,hcv_ns34a,0.9813829787234043,0.9895366218236173,16131124,0.9059624407356842,0.993993993993994,0.9851190476190477,0.95,0.9893617021276596,0.9940119760479041,11383590,0.9477702244048386,0.9880952380952381,1.0,0.9090909090909091,0.9761058201058201,0.9603174603174603,0.976,0.992,,,,,True,,0.01,,0.01,50,,10000.0,32.0,,,100.0,,,,,22.0,,True,,80,0.08999999999999998
hgb,False,1221.2451171875,CDKgraphonly,stratified,hcv_ns34a,0.946969696969697,0.94408465639015,17259789,0.8055402770591691,0.9520777072371996,0.946969696969697,,0.9292929292929293,0.9162689114524575,11943498,0.7462424340372156,0.9164446664446665,0.9292929292929293,,0.9343434343434344,0.9696969696969697,0.9090909090909091,0.9242424242424242,,,,,True,,0.0,,0.01,10,,10000.0,16.0,,,100.0,,,,,22.0,,True,,80,0.08999999999999998
svm,True,662.2275390625,CDKgraphonly,stratified,hcv_ns34a,0.9946808510638298,0.9970238095238095,10157689,0.9720238095238095,0.9970238095238095,0.9970238095238095,0.975,0.9893617021276596,0.9940119760479041,6265835,0.9477702244048386,0.9880952380952381,1.0,0.9090909090909091,0.9813968253968254,0.9761904761904762,0.968,1.0,10.0,,0.5,4.0,,0.01,,,,,,,,,,,,,,,22.0,True,,,80,0.08999999999999998
svm,False,690.8857421875,CDKgraphonly,stratified,hcv_ns34a,0.9267676767676768,0.9062880000149204,13304449,0.7191071381960122,0.8895538967386475,0.9267676767676768,,0.9191919191919192,0.8926166426166426,6716655,0.7057308027160293,0.8710805534334946,0.9191919191919192,,0.9368686868686869,0.9696969696969697,0.9166666666666666,0.9242424242424242,1.0,,0.0,2.0,,0.01,,,,,,,,,,,,,,,22.0,True,,,80,0.15999999999999998
dt,True,204.119140625,CDKgraphonly,stratified,hcv_ns34a,0.9946808510638298,0.9970238095238095,5627377,0.9720238095238095,0.9970238095238095,0.9970238095238095,0.975,0.9787234042553191,0.9880952380952381,5061465,0.8938291119019466,0.9764705882352941,1.0,0.8181818181818182,0.9867301587301588,0.9761904761904762,0.984,1.0,,,,,,,,,,20,sqrt,,1.0,4.0,,,,,,,22.0,,,,90,0.08999999999999998
dt,False,203.85546875,CDKgraphonly,stratified,hcv_ns34a,0.9292929292929293,0.9222934884004592,5295291,0.7262949898726908,0.9232260877004902,0.9292929292929293,,0.9393939393939394,0.9249311941619632,4860561,0.7739070396511055,0.921519636107374,0.9393939393939394,,0.9343434343434343,0.9545454545454546,0.9166666666666666,0.9318181818181818,,,,,,,,,,10,None,,4.0,2.0,,,,,,,22.0,,,,80,0.15999999999999998
knn,True,2636.6171875,CDKgraphonly,stratified,hcv_ns34a,0.976063829787234,0.9865470852017937,67891100,0.8788585357614148,0.990990990990991,0.9821428571428571,0.925,0.9893617021276596,0.9940119760479041,39717333,0.9477702244048386,0.9880952380952381,1.0,0.9090909090909091,0.9787301587301588,0.9761904761904762,0.96,1.0,,ball_tree,,,,,,10.0,,,,,,,,,-1.0,3.0,,1.0,,,,uniform,90,0.08999999999999998
knn,False,1049.5556640625,CDKgraphonly,stratified,hcv_ns34a,0.9393939393939394,0.9274368011667476,114023283,0.7624672027061438,0.928917327655576,0.9393939393939394,,0.9292929292929293,0.9014144532539181,57446899,0.7385368887473279,0.877089318949784,0.9292929292929293,,0.9393939393939394,0.9696969696969697,0.9242424242424242,0.9242424242424242,,auto,,,,,,20.0,,,,,,,,,-1.0,5.0,,2.0,,,,uniform,80,0.15999999999999998
rf,True,1961.6953125,CDKgraphonly,strict,hcv_ns34a,0.98989898989899,0.9942196531791907,29127527,0.9544723558254281,0.9971014492753624,0.9913544668587896,0.9795918367346939,0.9864864864864865,0.993103448275862,30259139,0.7022468831767834,0.9863013698630136,1.0,0.5,0.987524782104515,0.9776119402985075,0.9849624060150376,1.0,,,,,,,,,,None,log2,,1.0,8.0,500.0,,,,True,,22.0,,True,,80,0.15999999999999998
rf,False,2932.66796875,CDKgraphonly,strict,hcv_ns34a,0.96,0.9493084396836351,32849140,0.8187634869224067,0.9613905585691246,0.96,,0.8842105263157894,0.8429704397981255,30627383,0.7089643895920477,0.8080701754385965,0.8842105263157894,,0.9465648854961833,0.9236641221374046,0.9618320610687023,0.9541984732824428,,,,,,,,,,None,sqrt,,1.0,8.0,500.0,,,,True,,22.0,,True,,80,0.08999999999999998
hgb,True,4346.2548828125,CDKgraphonly,strict,hcv_ns34a,0.9974747474747475,0.9985611510791367,65708291,0.9883202505582982,0.9971264367816092,1.0,0.9795918367346939,0.9864864864864865,0.993103448275862,43628829,0.7022468831767834,0.9863013698630136,1.0,0.5,0.9775371263980848,0.9626865671641791,0.9774436090225563,0.9924812030075187,,,,,True,,0.1,,0.01,50,,10000.0,8.0,,,100.0,,,,,22.0,,True,,80,0.08999999999999998
hgb,False,1076.857421875,CDKgraphonly,strict,hcv_ns34a,0.97,0.9645953624078625,29409932,0.8663642893793176,0.9709003548196332,0.97,,0.8631578947368421,0.8237099598310845,24055318,0.6517655641047911,0.7902105263157896,0.8631578947368421,,0.9363867684478371,0.916030534351145,0.9541984732824428,0.9389312977099237,,,,,True,,0.0,,0.01,None,,99999999.0,64.0,,,100.0,,,,,22.0,,True,,80,0.08999999999999998
svm,True,624.42578125,CDKgraphonly,strict,hcv_ns34a,0.98989898989899,0.9942196531791907,9247926,0.9544723558254281,0.9971014492753624,0.9913544668587896,0.9795918367346939,0.9864864864864865,0.993103448275862,5787157,0.7022468831767834,0.9863013698630136,1.0,0.5,0.9850372199154602,0.9701492537313433,0.9849624060150376,1.0,10.0,,0.0,2.0,,0.005,,,,,,,,,,,,,,,22.0,True,,,90,0.15999999999999998
svm,False,738.42578125,CDKgraphonly,strict,hcv_ns34a,0.95,0.931052516888211,12989550,0.7729924603083886,0.9134078212290503,0.95,,0.8631578947368421,0.8253358621779675,6889736,0.6624748566610362,0.7966572720718359,0.8631578947368421,,0.9440203562340969,0.9236641221374046,0.9618320610687023,0.9465648854961832,10.0,,0.5,4.0,,0.001,,,,,,,,,,,,,,,22.0,False,,,80,0.08999999999999998
dt,True,203.283203125,CDKgraphonly,strict,hcv_ns34a,0.9848484848484849,0.9913294797687862,6020510,0.9315775073847673,0.9942028985507246,0.9884726224783862,0.9591836734693877,0.9864864864864865,0.993103448275862,5127809,0.7022468831767834,0.9863013698630136,1.0,0.5,0.9800246885871395,0.9701492537313433,0.9774436090225563,0.9924812030075187,,,,,,,,,,10,None,,1.0,8.0,,,,,,,22.0,,,,80,0.08999999999999998
dt,False,206.1259765625,CDKgraphonly,strict,hcv_ns34a,0.9425,0.9233307955843167,6119601,0.7317832328130395,0.9049331200930503,0.9425,,0.8736842105263158,0.834095583787054,5405614,0.6850025489492658,0.8021337126600285,0.8736842105263158,,0.9465648854961831,0.9236641221374046,0.9694656488549618,0.9465648854961832,,,,,,,,,,10,sqrt,,2.0,4.0,,,,,,,22.0,,,,80,0.08999999999999998
knn,True,1043.126953125,CDKgraphonly,strict,hcv_ns34a,0.9848484848484849,0.9913544668587896,96937992,0.9301299770628713,0.9913544668587896,0.9913544668587896,0.9387755102040817,0.972972972972973,0.9861111111111112,62479851,0.4861111111111111,0.9861111111111112,0.9861111111111112,0.5,0.9850185164403547,0.9776119402985075,0.9849624060150376,0.9924812030075187,,auto,,,,,,10.0,,,,,,,,,-1.0,3.0,,2.0,,,,uniform,80,0.15999999999999998
knn,False,1244.6611328125,CDKgraphonly,strict,hcv_ns34a,0.9475,0.9283396332863189,54677533,0.7576323041288595,0.9100042616663114,0.9475,,0.8631578947368421,0.8253358621779675,39136804,0.6624748566610362,0.7966572720718359,0.8631578947368421,,0.9414758269720102,0.916030534351145,0.9541984732824428,0.9541984732824428,,auto,,,,,,10.0,,,,,,,,,-1.0,5.0,,1.0,,,,uniform,100,0.15999999999999998
rf,True,901.154296875,KlekotaRothCount,random,hcv_ns34a,0.9893617021276596,0.9940652818991098,25156091,0.9427832306170585,0.9940652818991098,0.9940652818991098,0.9487179487179487,1.0,1.0,23096434,1.0,1.0,1.0,1.0,0.9840846560846561,0.9682539682539683,1.0,0.984,,,,,,,,,,10,log2,,2.0,2.0,100.0,,,,True,,22.0,,True,,90,0.08999999999999998
rf,False,2452.734375,KlekotaRothCount,random,hcv_ns34a,0.9595959595959596,0.9516645001889906,49985793,0.8258893955971341,0.9574796112639428,0.9595959595959596,,0.9191919191919192,0.9074340282436424,39976723,0.779540888424902,0.925215587662845,0.9191919191919192,,0.9444444444444445,0.9545454545454546,0.946969696969697,0.9318181818181818,,,,,,,,,,None,sqrt,,1.0,8.0,500.0,,,,True,,22.0,,True,,100,0.15999999999999998
hgb,True,939.0224609375,KlekotaRothCount,random,hcv_ns34a,0.9973404255319149,0.9985141158989599,42896453,0.9859547783371284,1.0,0.9970326409495549,1.0,1.0,1.0,31011172,1.0,1.0,1.0,1.0,0.9787513227513228,0.9682539682539683,0.984,0.984,,,,,True,,0.0,,0.01,None,,1000.0,64.0,,,100.0,,,,,22.0,,True,,80,0.08999999999999998
hgb,False,1705.0439453125,KlekotaRothCount,random,hcv_ns34a,0.9722222222222222,0.9717260418937309,34110848,0.8852272109187707,0.9717348927875245,0.9722222222222222,,0.9191919191919192,0.9086947910477322,27550393,0.785958950038953,0.9296864751410205,0.9191919191919192,,0.9393939393939394,0.9621212121212122,0.9318181818181818,0.9242424242424242,,,,,True,,0.0,,0.01,10,,99999999.0,16.0,,,100.0,,,,,22.0,,True,,80,0.15999999999999998
svm,True,817.794921875,KlekotaRothCount,random,hcv_ns34a,0.9893617021276596,0.9940652818991098,27829016,0.9427832306170585,0.9940652818991098,0.9940652818991098,0.9487179487179487,1.0,1.0,21039346,1.0,1.0,1.0,1.0,0.984042328042328,0.9841269841269841,0.984,0.984,1.0,,0.0,2.0,,0.01,,,,,,,,,,,,,,,22.0,True,,,80,0.15999999999999998
svm,False,880.732421875,KlekotaRothCount,random,hcv_ns34a,0.9570707070707071,0.9473035722082251,31978441,0.8139706276264481,0.9535464400098546,0.9570707070707071,,0.9191919191919192,0.9074340282436424,22069083,0.779540888424902,0.925215587662845,0.9191919191919192,,0.9469696969696969,0.9621212121212122,0.946969696969697,0.9318181818181818,1.0,,0.0,2.0,,0.01,,,,,,,,,,,,,,,22.0,True,,,80,0.15999999999999998
dt,True,275.49609375,KlekotaRothCount,random,hcv_ns34a,0.9920212765957447,0.9955423476968797,19239727,0.9576642566143904,0.9970238095238095,0.9940652818991098,0.9743589743589743,1.0,1.0,18733709,1.0,1.0,1.0,1.0,0.9841058201058202,0.9603174603174603,1.0,0.992,,,,,,,,,,30,log2,,1.0,4.0,,,,,,,22.0,,,,90,0.15999999999999998
dt,False,277.6748046875,KlekotaRothCount,random,hcv_ns34a,0.952020202020202,0.9450640664513495,19343262,0.7917155854270861,0.9447542336152652,0.952020202020202,,0.9292929292929293,0.927255214645244,18776882,0.8082394497081394,0.9262885262885264,0.9292929292929293,,0.9419191919191919,0.9545454545454546,0.946969696969697,0.9242424242424242,,,,,,,,,,20,sqrt,,2.0,2.0,,,,,,,22.0,,,,90,0.15999999999999998
knn,True,1091.8525390625,KlekotaRothCount,random,hcv_ns34a,0.9840425531914894,0.9910714285714286,58059913,0.9164363219496947,0.9940298507462687,0.9881305637982196,0.9487179487179487,0.9893617021276596,0.9939393939393939,43387895,0.9516419967402864,0.9879518072289156,1.0,0.9166666666666666,0.9814179894179894,0.9682539682539683,0.992,0.984,,auto,,,,,,10.0,,,,,,,,,-1.0,3.0,,1.0,,,,uniform,80,0.15999999999999998
knn,False,1131.8046875,KlekotaRothCount,random,hcv_ns34a,0.9444444444444444,0.9371718544752831,45129935,0.758014601687007,0.9336478569437399,0.9444444444444444,,0.9191919191919192,0.9170683475466568,24497462,0.7793670408128138,0.9183952475091716,0.9191919191919192,,0.9393939393939394,0.946969696969697,0.9318181818181818,0.9393939393939394,,auto,,,,,,20.0,,,,,,,,,-1.0,3.0,,2.0,,,,uniform,80,0.15999999999999998
rf,True,846.490234375,KlekotaRothCount,stratified,hcv_ns34a,1.0,1.0,24289140,1.0,1.0,1.0,1.0,0.9893617021276596,0.9940119760479041,22886404,0.9477702244048386,0.9880952380952381,1.0,0.9090909090909091,0.9867089947089948,0.9841269841269841,0.976,1.0,,,,,,,,,,None,None,,1.0,3.0,100.0,,,,True,,22.0,,True,,80,0.15999999999999998
rf,False,1051.7900390625,KlekotaRothCount,stratified,hcv_ns34a,0.9595959595959596,0.9479372698496276,24650897,0.8430686184153153,0.9619727051870807,0.9595959595959596,,0.9292929292929293,0.9162689114524575,24463470,0.7462424340372156,0.9164446664446665,0.9292929292929293,,0.9419191919191919,0.9621212121212122,0.9393939393939394,0.9242424242424242,,,,,,,,,,None,sqrt,,1.0,8.0,100.0,,,,True,,22.0,,True,,80,0.15999999999999998
hgb,True,985.5126953125,KlekotaRothCount,stratified,hcv_ns34a,0.9973404255319149,0.9985141158989599,30685922,0.9859547783371284,0.9970326409495549,1.0,0.975,1.0,1.0,26718884,1.0,1.0,1.0,1.0,0.9813756613756613,0.9841269841269841,0.968,0.992,,,,,True,,0.0,,0.01,20,,99999999.0,32.0,,,100.0,,,,,22.0,,True,,90,0.15999999999999998
hgb,False,934.01953125,KlekotaRothCount,stratified,hcv_ns34a,0.9494949494949495,0.9387792812258051,37673958,0.8031239067082487,0.9456492185586692,0.9494949494949495,,0.9292929292929293,0.9135402282255428,30111127,0.7362019547661667,0.9357528776133427,0.9292929292929293,,0.9292929292929292,0.9545454545454546,0.9166666666666666,0.9166666666666666,,,,,True,,0.0,,0.01,None,,10000.0,64.0,,,100.0,,,,,22.0,,True,,80,0.15999999999999998
svm,True,720.53515625,KlekotaRothCount,stratified,hcv_ns34a,0.9840425531914894,0.991044776119403,24734425,0.9182240999407818,0.9940119760479041,0.9880952380952381,0.95,0.9893617021276596,0.9940119760479041,20157022,0.9477702244048386,0.9880952380952381,1.0,0.9090909090909091,0.984042328042328,0.9841269841269841,0.976,0.992,1.0,,0.0,2.0,,0.001,,,,,,,,,,,,,,,22.0,True,,,80,0.08999999999999998
svm,False,773.794921875,KlekotaRothCount,stratified,hcv_ns34a,0.9545454545454546,0.9460177121926143,26958043,0.8236085387286886,0.9482726555707922,0.9545454545454546,,0.9393939393939394,0.9342516069788797,20693268,0.7943782137786342,0.9407137577869285,0.9393939393939394,,0.9444444444444445,0.9621212121212122,0.946969696969697,0.9242424242424242,10.0,,0.0,2.0,,0.001,,,,,,,,,,,,,,,22.0,True,,,90,0.15999999999999998
dt,True,276.27734375,KlekotaRothCount,stratified,hcv_ns34a,0.9920212765957447,0.9955423476968797,19488760,0.9576642566143904,0.9940652818991098,0.9970238095238095,0.95,1.0,1.0,18547954,1.0,1.0,1.0,1.0,0.9867089947089948,0.9841269841269841,0.976,1.0,,,,,,,,,,10,log2,,1.0,3.0,,,,,,,22.0,,,,80,0.15999999999999998
dt,False,279.173828125,KlekotaRothCount,stratified,hcv_ns34a,0.9343434343434344,0.923204491188006,19739503,0.7325050800140469,0.9245847631015096,0.9343434343434344,,0.9393939393939394,0.9314247006554699,18767593,0.772790183318312,0.9307023725628376,0.9393939393939394,,0.9393939393939394,0.9621212121212122,0.9318181818181818,0.9242424242424242,,,,,,,,,,None,log2,,2.0,2.0,,,,,,,22.0,,,,100,0.15999999999999998
knn,True,1235.7900390625,KlekotaRothCount,stratified,hcv_ns34a,0.9946808510638298,0.9970238095238095,49591220,0.9720238095238095,0.9970238095238095,0.9970238095238095,0.975,1.0,1.0,28805741,1.0,1.0,1.0,1.0,0.9867089947089948,0.9841269841269841,0.976,1.0,,auto,,,,,,10.0,,,,,,,,,-1.0,3.0,,1.0,,,,distance,100,0.15999999999999998
knn,False,1116.2890625,KlekotaRothCount,stratified,hcv_ns34a,0.946969696969697,0.9361599711442831,36720463,0.7944624275909873,0.9516594516594518,0.946969696969697,,0.9191919191919192,0.9074854244081008,39883654,0.7091922830995604,0.9086746586746587,0.9191919191919192,,0.9343434343434344,0.9545454545454546,0.9242424242424242,0.9242424242424242,,auto,,,,,,10.0,,,,,,,,,-1.0,5.0,,2.0,,,,uniform,80,0.15999999999999998
rf,True,921.0048828125,KlekotaRothCount,strict,hcv_ns34a,0.9949494949494949,0.9971098265895953,24777391,0.977367204266089,1.0,0.9942363112391931,1.0,1.0,1.0,22973308,1.0,1.0,1.0,1.0,0.9825309542512999,0.9701492537313433,0.9774436090225563,1.0,,,,,,,,,,None,log2,,1.0,4.0,100.0,,,,True,,22.0,,True,,90,0.15999999999999998
rf,False,1155.357421875,KlekotaRothCount,strict,hcv_ns34a,0.9725,0.9683449811367432,25147871,0.8780225762337093,0.9732891030392884,0.9725,,0.9263157894736842,0.9233277333871562,22972613,0.8166261983539768,0.9225668337510442,0.9263157894736842,,0.9465648854961831,0.9236641221374046,0.9694656488549618,0.9465648854961832,,,,,,,,,,None,sqrt,,1.0,4.0,100.0,,,,True,,22.0,,True,,90,0.08999999999999998
hgb,True,15109.3310546875,KlekotaRothCount,strict,hcv_ns34a,0.9949494949494949,0.9971098265895953,268236715,0.977367204266089,1.0,0.9942363112391931,1.0,1.0,1.0,214219307,1.0,1.0,1.0,1.0,0.9825309542512999,0.9701492537313433,0.9774436090225563,1.0,,,,,True,,0.1,,0.01,10,,99999999.0,8.0,,,100.0,,,,,22.0,,True,,80,0.08999999999999998
hgb,False,1039.119140625,KlekotaRothCount,strict,hcv_ns34a,0.9625,0.9544085497835497,41558322,0.8318168124777345,0.9583310285220398,0.9625,,0.8947368421052632,0.8793491596123176,35359541,0.7360573978801115,0.8765921653448691,0.8947368421052632,,0.9338422391857506,0.9083969465648855,0.9618320610687023,0.9312977099236641,,,,,True,,0.1,,0.01,None,,1000.0,64.0,,,100.0,,,,,22.0,,True,,100,0.15999999999999998
svm,True,834.767578125,KlekotaRothCount,strict,hcv_ns34a,0.9924242424242424,0.9956709956709957,30198116,0.9654327992332525,0.9971098265895953,0.9942363112391931,0.9795918367346939,0.9864864864864865,0.993103448275862,20794202,0.7022468831767834,0.9863013698630136,1.0,0.5,0.9850185164403547,0.9776119402985075,0.9774436090225563,1.0,1.0,,0.0,2.0,,0.01,,,,,,,,,,,,,,,22.0,True,,,80,0.15999999999999998
svm,False,759.193359375,KlekotaRothCount,strict,hcv_ns34a,0.95,0.9308652988403212,26477904,0.770850943930625,0.9126666666666668,0.95,,0.8736842105263158,0.834095583787054,20684554,0.6850025489492658,0.8021337126600285,0.8736842105263158,,0.9465648854961831,0.9236641221374046,0.9694656488549618,0.9465648854961832,1.0,,0.0,2.0,,0.001,,,,,,,,,,,,,,,22.0,True,,,80,0.15999999999999998
dt,True,275.02734375,KlekotaRothCount,strict,hcv_ns34a,0.9848484848484849,0.9913793103448276,19282878,0.9291446707462838,0.9885386819484241,0.9942363112391931,0.9183673469387755,0.9864864864864865,0.993103448275862,18868203,0.7022468831767834,0.9863013698630136,1.0,0.5,0.9800246885871395,0.9701492537313433,0.9774436090225563,0.9924812030075187,,,,,,,,,,10,log2,,2.0,8.0,,,,,,,22.0,,,,90,0.15999999999999998
dt,False,277.7548828125,KlekotaRothCount,strict,hcv_ns34a,0.9425,0.9231894110167042,19654559,0.7307331859056645,0.9046616037525129,0.9425,,0.8736842105263158,0.834095583787054,18215120,0.6850025489492658,0.8021337126600285,0.8736842105263158,,0.9440203562340969,0.9236641221374046,0.9618320610687023,0.9465648854961832,,,,,,,,,,30,log2,,4.0,2.0,,,,,,,22.0,,,,80,0.08999999999999998
knn,True,1263.4013671875,KlekotaRothCount,strict,hcv_ns34a,0.9949494949494949,0.9971181556195965,25614202,0.9767099923542905,0.9971181556195965,0.9971181556195965,0.9795918367346939,1.0,1.0,21835965,1.0,1.0,1.0,1.0,0.9775558298731903,0.9552238805970149,0.9774436090225563,1.0,,brute,,,,,,10.0,,,,,,,,,-1.0,7.0,,2.0,,,,distance,80,0.08999999999999998
knn,False,1259.587890625,KlekotaRothCount,strict,hcv_ns34a,0.95,0.9308652988403212,36064992,0.770850943930625,0.9126666666666668,0.95,,0.8736842105263158,0.8376043557168784,24381703,0.682399957494482,0.8073968705547654,0.8736842105263158,,0.9465648854961831,0.9236641221374046,0.9694656488549618,0.9465648854961832,,auto,,,,,,30.0,,,,,,,,,-1.0,5.0,,2.0,,,,uniform,80,0.08999999999999998
rf,True,1454.4482421875,KlekotaRoth,random,hcv_ns34a,0.9867021276595744,0.9925705794947994,40439027,0.9293737348916522,0.9940476190476191,0.9910979228486647,0.9487179487179487,1.0,1.0,38182849,1.0,1.0,1.0,1.0,0.9840846560846561,0.9682539682539683,1.0,0.984,,,,,,,,,,None,None,,2.0,8.0,500.0,,,,True,,22.0,,True,,80,0.15999999999999998
rf,False,4977.6240234375,KlekotaRoth,random,hcv_ns34a,0.952020202020202,0.9376983170811267,73303417,0.7897905121364124,0.9426910107169253,0.952020202020202,,0.9191919191919192,0.9074340282436424,59995767,0.779540888424902,0.925215587662845,0.9191919191919192,,0.9469696969696969,0.9545454545454546,0.946969696969697,0.9393939393939394,,,,,,,,,,None,sqrt,,2.0,3.0,1000.0,,,,True,,22.0,,True,,80,0.15999999999999998
hgb,True,8593.759765625,KlekotaRoth,random,hcv_ns34a,0.9946808510638298,0.9970326409495549,165244215,0.9713916153085292,0.9970326409495549,0.9970326409495549,0.9743589743589743,0.9893617021276596,0.9938650306748467,133514185,0.9548926051811499,1.0,0.9878048780487805,1.0,0.9867301587301588,0.9761904761904762,1.0,0.984,,,,,True,,0.1,,0.01,None,,10000.0,16.0,,,100.0,,,,,22.0,,True,,80,0.15999999999999998
hgb,False,1276.1455078125,KlekotaRoth,random,hcv_ns34a,0.9570707070707071,0.9556142566010987,37735588,0.8242939397690947,0.9559759931872084,0.9570707070707071,,0.9090909090909091,0.9059503546307065,30369121,0.7530181208460927,0.9037296037296036,0.9090909090909091,,0.9419191919191919,0.9545454545454546,0.9318181818181818,0.9393939393939394,,,,,True,,0.0,,0.01,20,,99999999.0,32.0,,,100.0,,,,,22.0,,True,,90,0.08999999999999998
svm,True,636.5224609375,KlekotaRoth,random,hcv_ns34a,0.9867021276595744,0.9925925925925926,20769022,0.9277560278327982,0.9911242603550295,0.9940652818991098,0.9230769230769231,0.9893617021276596,0.9939393939393939,19303155,0.9516419967402864,0.9879518072289156,1.0,0.9166666666666666,0.9840634920634921,0.9761904761904762,0.992,0.984,10.0,,0.0,2.0,,0.005,,,,,,,,,,,,,,,22.0,True,,,90,0.15999999999999998
svm,False,739.806640625,KlekotaRoth,random,hcv_ns34a,0.952020202020202,0.9376983170811267,25433626,0.7897905121364124,0.9426910107169253,0.952020202020202,,0.9191919191919192,0.9074340282436424,19900564,0.779540888424902,0.925215587662845,0.9191919191919192,,0.9469696969696969,0.9545454545454546,0.946969696969697,0.9393939393939394,10.0,,0.0,2.0,,0.005,,,,,,,,,,,,,,,22.0,True,,,80,0.08999999999999998
dt,True,269.419921875,KlekotaRoth,random,hcv_ns34a,0.9840425531914894,0.9911242603550295,18942341,0.9125747851224165,0.9882005899705014,0.9940652818991098,0.8974358974358975,0.9893617021276596,0.9939393939393939,18565402,0.9516419967402864,0.9879518072289156,1.0,0.9166666666666666,0.9840846560846561,0.9682539682539683,1.0,0.984,,,,,,,,,,None,None,,2.0,2.0,,,,,,,22.0,,,,80,0.15999999999999998
dt,False,272.701171875,KlekotaRoth,random,hcv_ns34a,0.9393939393939394,0.9306755925253034,19251222,0.7358815328859253,0.9261606681019288,0.9393939393939394,,0.9292929292929293,0.9298025787054001,18673508,0.8099850004166538,0.9341168091168092,0.9292929292929293,,0.9419191919191919,0.9621212121212122,0.9318181818181818,0.9318181818181818,,,,,,,,,,None,log2,,2.0,2.0,,,,,,,22.0,,,,90,0.08999999999999998
knn,True,827.7470703125,KlekotaRoth,random,hcv_ns34a,0.9946808510638298,0.9970238095238095,51753987,0.9724064441056413,1.0,0.9940652818991098,1.0,0.9893617021276596,0.9938650306748467,36112982,0.9548926051811499,1.0,0.9878048780487805,1.0,0.9867089947089948,0.9841269841269841,0.992,0.984,,auto,,,,,,30.0,,,,,,,,,-1.0,5.0,,1.0,,,,distance,80,0.15999999999999998
knn,False,850.84765625,KlekotaRoth,random,hcv_ns34a,0.9722222222222222,0.9709162483340714,61255774,0.8833918549074686,0.9708845316250457,0.9722222222222222,,0.9393939393939394,0.9263418960388657,48336140,0.8355246337634858,0.9426024955436719,0.9393939393939394,,0.9469696969696969,0.9621212121212122,0.9393939393939394,0.9393939393939394,,auto,,,,,,10.0,,,,,,,,,-1.0,7.0,,2.0,,,,distance,80,0.15999999999999998
rf,True,850.302734375,KlekotaRoth,stratified,hcv_ns34a,0.9867021276595744,0.992526158445441,24342566,0.9330663457099535,0.996996996996997,0.9880952380952381,0.975,0.9893617021276596,0.9940119760479041,22967601,0.9477702244048386,0.9880952380952381,1.0,0.9090909090909091,0.9867089947089948,0.9841269841269841,0.976,1.0,,,,,,,,,,None,None,,2.0,2.0,100.0,,,,True,,22.0,,True,,80,0.15999999999999998
rf,False,4154.2158203125,KlekotaRoth,stratified,hcv_ns34a,0.9671717171717171,0.9605517067942566,48309910,0.8731465568945669,0.968453307781371,0.9671717171717171,,0.9292929292929293,0.9185779038800269,39449120,0.7448490263443387,0.9128186628186629,0.9292929292929293,,0.9419191919191919,0.9621212121212122,0.9393939393939394,0.9242424242424242,,,,,,,,,,None,log2,,1.0,4.0,500.0,,,,True,,22.0,,True,,80,0.15999999999999998
hgb,True,889.6259765625,KlekotaRoth,stratified,hcv_ns34a,0.9893617021276596,0.9940119760479041,37946619,0.9477702244048386,1.0,0.9880952380952381,1.0,0.9893617021276596,0.9940119760479041,31440598,0.9477702244048386,0.9880952380952381,1.0,0.9090909090909091,0.9840634920634921,0.9761904761904762,0.976,1.0,,,,,True,,0.0,,0.01,None,,1000.0,64.0,,,100.0,,,,,22.0,,True,,80,0.15999999999999998
hgb,False,1003.814453125,KlekotaRoth,stratified,hcv_ns34a,0.9494949494949495,0.9408952807381763,31418764,0.8048961212397107,0.9477809897217792,0.9494949494949495,,0.9292929292929293,0.9175084175084175,25715574,0.7533311107939972,0.9206349206349206,0.9292929292929293,,0.9419191919191919,0.9696969696969697,0.9318181818181818,0.9242424242424242,,,,,True,,0.0,,0.01,50,,1000.0,32.0,,,100.0,,,,,22.0,,True,,90,0.15999999999999998
svm,True,625.208984375,KlekotaRoth,stratified,hcv_ns34a,0.9893617021276596,0.9940298507462687,20500249,0.9456076866775945,0.9970059880239521,0.9910714285714286,0.975,0.9893617021276596,0.9940119760479041,18834009,0.9477702244048386,0.9880952380952381,1.0,0.9090909090909091,0.984042328042328,0.9841269841269841,0.976,0.992,10.0,,0.0,2.0,,0.01,,,,,,,,,,,,,,,22.0,True,,,80,0.15999999999999998
svm,False,757.373046875,KlekotaRoth,stratified,hcv_ns34a,0.9419191919191919,0.9191975327260662,25872332,0.7693681951280327,0.897929332956462,0.9419191919191919,,0.9191919191919192,0.8926309662095614,20233169,0.6988003931027705,0.8693193111797762,0.9191919191919192,,0.9393939393939394,0.9621212121212122,0.9318181818181818,0.9242424242424242,1.0,,0.0,4.0,,0.01,,,,,,,,,,,,,,,22.0,False,,,80,0.08999999999999998
dt,True,272.2412109375,KlekotaRoth,stratified,hcv_ns34a,0.9946808510638298,0.9970149253731343,19107728,0.9729912734144072,1.0,0.9940476190476191,1.0,0.9893617021276596,0.9939393939393939,18899438,0.9516419967402864,1.0,0.9879518072289156,1.0,0.9840634920634921,0.9761904761904762,0.976,1.0,,,,,,,,,,None,sqrt,,1.0,2.0,,,,,,,22.0,,,,90,0.15999999999999998
dt,False,272.0439453125,KlekotaRoth,stratified,hcv_ns34a,0.946969696969697,0.9416463485429003,18903334,0.7975140689355315,0.9399094746125072,0.946969696969697,,0.9393939393939394,0.9254011981284709,18039304,0.7780675397857165,0.923271935036641,0.9393939393939394,,0.9419191919191919,0.9621212121212122,0.9393939393939394,0.9242424242424242,,,,,,,,,,None,None,,2.0,8.0,,,,,,,22.0,,,,100,0.15999999999999998
knn,True,1081.2158203125,KlekotaRoth,stratified,hcv_ns34a,1.0,1.0,105849281,1.0,1.0,1.0,1.0,1.0,1.0,74411040,1.0,1.0,1.0,1.0,0.9867089947089948,0.9841269841269841,0.984,0.992,,auto,,,,,,20.0,,,,,,,,,-1.0,3.0,,2.0,,,,distance,80,0.08999999999999998
knn,False,1198.6513671875,KlekotaRoth,stratified,hcv_ns34a,0.9747474747474747,0.9716284795860393,47643025,0.9041558013624801,0.9762684388643468,0.9747474747474747,,0.9393939393939394,0.9254011981284709,36069619,0.7780675397857165,0.923271935036641,0.9393939393939394,,0.9444444444444445,0.9621212121212122,0.946969696969697,0.9242424242424242,,ball_tree,,,,,,30.0,,,,,,,,,-1.0,3.0,,2.0,,,,distance,80,0.15999999999999998
rf,True,1821.02734375,KlekotaRoth,strict,hcv_ns34a,0.9873737373737373,0.9927849927849928,44852681,0.9423435741760978,0.9942196531791907,0.9913544668587896,0.9591836734693877,0.9864864864864865,0.993103448275862,39686831,0.7022468831767834,0.9863013698630136,1.0,0.5,0.9800433920622451,0.9626865671641791,0.9774436090225563,1.0,,,,,,,,,,None,sqrt,,2.0,2.0,500.0,,,,True,,22.0,,True,,80,0.15999999999999998
rf,False,3034.3017578125,KlekotaRoth,strict,hcv_ns34a,0.9525,0.9331937940761637,45900760,0.7823028448038468,0.914721926273173,0.9525,,0.8736842105263158,0.834095583787054,39626690,0.6850025489492658,0.8021337126600285,0.8736842105263158,,0.9491094147582698,0.9236641221374046,0.9770992366412213,0.9465648854961832,,,,,,,,,,None,log2,,1.0,8.0,500.0,,,,True,,22.0,,True,,90,0.15999999999999998
hgb,True,2578.07421875,KlekotaRoth,strict,hcv_ns34a,0.9974747474747475,0.9985569985569985,36634721,0.9885220242904074,1.0,0.9971181556195965,1.0,1.0,1.0,30782598,1.0,1.0,1.0,1.0,0.9800433920622451,0.9626865671641791,0.9774436090225563,1.0,,,,,True,,0.0,,0.01,None,,1000.0,8.0,,,100.0,,,,,22.0,,True,,80,0.15999999999999998
hgb,False,1404.8935546875,KlekotaRoth,strict,hcv_ns34a,0.9675,0.9606082860976477,43962264,0.8546077275242173,0.9685249889429456,0.9675,,0.8842105263157894,0.8597687400318981,36278037,0.7124276246443331,0.864311463590483,0.8842105263157894,,0.9440203562340966,0.916030534351145,0.9694656488549618,0.9465648854961832,,,,,True,,0.1,,0.01,None,,1000.0,32.0,,,100.0,,,,,22.0,,True,,80,0.15999999999999998
svm,True,677.0185546875,KlekotaRoth,strict,hcv_ns34a,0.9772727272727273,0.9869375907111756,23805804,0.9009971444988869,0.9941520467836257,0.9798270893371758,0.9591836734693877,0.8918918918918919,0.9420289855072463,19864267,0.21034383427980155,0.9848484848484849,0.9027777777777778,0.5,0.9800433920622451,0.9626865671641791,0.9774436090225563,1.0,10.0,,0.0,2.0,,0.001,,,,,,,,,,,,,,,22.0,True,,,80,0.08999999999999998
svm,False,791.466796875,KlekotaRoth,strict,hcv_ns34a,0.95,0.9308652988403212,27290958,0.770850943930625,0.9126666666666668,0.95,,0.8736842105263158,0.834095583787054,20006952,0.6850025489492658,0.8021337126600285,0.8736842105263158,,0.9465648854961831,0.9236641221374046,0.9694656488549618,0.9465648854961832,1.0,,0.0,2.0,,0.01,,,,,,,,,,,,,,,22.0,True,,,90,0.08999999999999998
dt,True,270.8427734375,KlekotaRoth,strict,hcv_ns34a,0.9974747474747475,0.9985569985569985,19252762,0.9885220242904074,1.0,0.9971181556195965,1.0,0.9864864864864865,0.993006993006993,18444028,0.8108066399625792,1.0,0.9861111111111112,1.0,0.9825309542512999,0.9701492537313433,0.9774436090225563,1.0,,,,,,,,,,None,log2,,1.0,2.0,,,,,,,22.0,,,,90,0.15999999999999998
dt,False,274.185546875,KlekotaRoth,strict,hcv_ns34a,0.9525,0.9332337198929527,19355387,0.7830479525371223,0.9149166666666667,0.9525,,0.8947368421052632,0.8510409931462563,18067247,0.7322207490781071,0.8119389382547277,0.8947368421052632,,0.9465648854961831,0.916030534351145,0.9770992366412213,0.9465648854961832,,,,,,,,,,10,None,,2.0,3.0,,,,,,,22.0,,,,80,0.08999999999999998
knn,True,851.1376953125,KlekotaRoth,strict,hcv_ns34a,0.9974747474747475,0.9985569985569985,51378281,0.9885220242904074,1.0,0.9971181556195965,1.0,1.0,1.0,36820652,1.0,1.0,1.0,1.0,0.9800433920622451,0.9626865671641791,0.9774436090225563,1.0,,brute,,,,,,50.0,,,,,,,,,-1.0,5.0,,1.0,,,,distance,80,0.15999999999999998
knn,False,906.65234375,KlekotaRoth,strict,hcv_ns34a,0.9525,0.9331937940761637,72101798,0.7823028448038468,0.914721926273173,0.9525,,0.8736842105263158,0.834095583787054,58561348,0.6850025489492658,0.8021337126600285,0.8736842105263158,,0.9491094147582698,0.9236641221374046,0.9770992366412213,0.9465648854961832,,auto,,,,,,10.0,,,,,,,,,-1.0,5.0,,1.0,,,,uniform,90,0.15999999999999998
rf,True,791.46484375,MACCS,random,hcv_ns34a,0.9946808510638298,0.9970238095238095,6640904,0.9724064441056413,1.0,0.9940652818991098,1.0,1.0,1.0,5901569,1.0,1.0,1.0,1.0,0.9840634920634921,0.9761904761904762,0.992,0.984,,,,,,,,,,30,None,,1.0,4.0,100.0,,,,True,,22.0,,True,,80,0.08999999999999998
rf,False,1386.177734375,MACCS,random,hcv_ns34a,0.9722222222222222,0.9722982368145316,7505523,0.8851970979074959,0.9724105085947191,0.9722222222222222,,0.9696969696969697,0.9681438036276746,5776152,0.9190608196286011,0.9708477176831608,0.9696969696969697,,0.9520202020202021,0.9545454545454546,0.9621212121212122,0.9393939393939394,,,,,,,,,,20,sqrt,,1.0,2.0,100.0,,,,True,,22.0,,True,,80,0.15999999999999998
hgb,True,1442.2490234375,MACCS,random,hcv_ns34a,0.9973404255319149,0.9985141158989599,38525621,0.9859547783371284,1.0,0.9970326409495549,1.0,1.0,1.0,27643128,1.0,1.0,1.0,1.0,0.9814179894179894,0.9682539682539683,0.992,0.984,,,,,True,,0.1,,0.01,20,,99999999.0,64.0,,,100.0,,,,,22.0,,True,,90,0.08999999999999998
hgb,False,1096.119140625,MACCS,random,hcv_ns34a,0.9722222222222222,0.9698958180842239,10779449,0.8812486919165903,0.9702811273416461,0.9722222222222222,,0.9393939393939394,0.9332283877738422,9040685,0.8361698846601421,0.9337835367247131,0.9393939393939394,,0.9469696969696969,0.9545454545454546,0.946969696969697,0.9393939393939394,,,,,True,,0.1,,0.01,20,,99999999.0,8.0,,,100.0,,,,,22.0,,True,,80,0.15999999999999998
svm,True,526.8154296875,MACCS,random,hcv_ns34a,0.9920212765957447,0.9955423476968797,2938579,0.9576642566143904,0.9970238095238095,0.9940652818991098,0.9743589743589743,1.0,1.0,2007238,1.0,1.0,1.0,1.0,0.9840846560846561,0.9682539682539683,1.0,0.984,200.0,,0.1,2.0,,0.001,,,,,,,,,,,,,,,22.0,False,,,80,0.08999999999999998
svm,False,533.833984375,MACCS,random,hcv_ns34a,0.9671717171717171,0.9642029179765029,4010191,0.8607330008889303,0.9671768260641093,0.9671717171717171,,0.9393939393939394,0.9332283877738422,2313074,0.8361698846601421,0.9337835367247131,0.9393939393939394,,0.9469696969696969,0.9545454545454546,0.946969696969697,0.9393939393939394,100.0,,0.0,3.0,,0.01,,,,,,,,,,,,,,,22.0,False,,,80,0.15999999999999998
dt,True,184.46484375,MACCS,random,hcv_ns34a,0.9973404255319149,0.9985141158989599,1832632,0.9859547783371284,1.0,0.9970326409495549,1.0,1.0,1.0,1711066,1.0,1.0,1.0,1.0,0.9813968253968254,0.9761904761904762,0.992,0.976,,,,,,,,,,None,sqrt,,1.0,2.0,,,,,,,22.0,,,,80,0.15999999999999998
dt,False,185.9482421875,MACCS,random,hcv_ns34a,0.9570707070707071,0.9532238037777537,1822507,0.8135976290618661,0.9542400306010621,0.9570707070707071,,0.9191919191919192,0.912267270038531,1716024,0.7761217661660448,0.9127946127946128,0.9191919191919192,,0.9419191919191919,0.946969696969697,0.946969696969697,0.9318181818181818,,,,,,,,,,10,None,,2.0,3.0,,,,,,,22.0,,,,90,0.15999999999999998
knn,True,541.478515625,MACCS,random,hcv_ns34a,0.9973404255319149,0.9985141158989599,33201547,0.9859547783371284,1.0,0.9970326409495549,1.0,0.9893617021276596,0.9938650306748467,32104077,0.9548926051811499,1.0,0.9878048780487805,1.0,0.9867301587301588,0.9761904761904762,1.0,0.984,,brute,,,,,,30.0,,,,,,,,,-1.0,5.0,,2.0,,,,distance,90,0.15999999999999998
knn,False,563.2978515625,MACCS,random,hcv_ns34a,0.9722222222222222,0.9714124672689578,35115754,0.8832972237933114,0.9712824346545276,0.9722222222222222,,0.9292929292929293,0.9176906146603115,18647824,0.8104871889234514,0.9364495153968839,0.9292929292929293,,0.9469696969696969,0.9545454545454546,0.946969696969697,0.9393939393939394,,auto,,,,,,40.0,,,,,,,,,-1.0,5.0,,1.0,,,,distance,80,0.15999999999999998
rf,True,3948.4794921875,MACCS,stratified,hcv_ns34a,0.9973404255319149,0.9985096870342772,51178075,0.9862586656820739,1.0,0.9970238095238095,1.0,1.0,1.0,41194479,1.0,1.0,1.0,1.0,0.984042328042328,0.9841269841269841,0.976,0.992,,,,,,,,,,None,sqrt,,1.0,2.0,1000.0,,,,True,,22.0,,True,,80,0.15999999999999998
rf,False,4510.1767578125,MACCS,stratified,hcv_ns34a,0.9646464646464646,0.9609187845262116,56291610,0.8649608700718898,0.9642286031672221,0.9646464646464646,,0.9191919191919192,0.9084896584896585,42675774,0.700749531307196,0.9017771295846163,0.9191919191919192,,0.9419191919191919,0.9696969696969697,0.9318181818181818,0.9242424242424242,,,,,,,,,,None,None,,2.0,4.0,1000.0,,,,True,,22.0,,True,,80,0.08999999999999998
hgb,True,4544.5302734375,MACCS,stratified,hcv_ns34a,0.9920212765957447,0.9955423476968797,112122838,0.9576642566143904,0.9940652818991098,0.9970238095238095,0.95,1.0,1.0,89667324,1.0,1.0,1.0,1.0,0.9813968253968254,0.9761904761904762,0.984,0.984,,,,,True,,0.0,,0.01,20,,99999999.0,64.0,,,100.0,,,,,22.0,,True,,80,0.08999999999999998
hgb,False,2323.337890625,MACCS,stratified,hcv_ns34a,0.9722222222222222,0.9691498953574088,17585601,0.8940994054103761,0.9714617956150933,0.9722222222222222,,0.9393939393939394,0.9342516069788798,10551867,0.7865486574034092,0.9326599326599326,0.9393939393939394,,0.9368686868686869,0.9696969696969697,0.9242424242424242,0.9166666666666666,,,,,True,,0.0,,0.01,10,,1000.0,8.0,,,100.0,,,,,22.0,,True,,80,0.15999999999999998
svm,True,515.0595703125,MACCS,stratified,hcv_ns34a,0.9946808510638298,0.9970149253731343,2613204,0.9729912734144072,1.0,0.9940476190476191,1.0,1.0,1.0,2467518,1.0,1.0,1.0,1.0,0.9893544973544973,0.9920634920634921,0.984,0.992,100.0,,0.0,2.0,,0.005,,,,,,,,,,,,,,,22.0,False,,,90,0.15999999999999998
svm,False,537.712890625,MACCS,stratified,hcv_ns34a,0.9419191919191919,0.9193973244729711,4367025,0.7713059904154397,0.8987706863375863,0.9419191919191919,,0.9191919191919192,0.8926309662095614,2240825,0.6988003931027705,0.8693193111797762,0.9191919191919192,,0.9368686868686869,0.9696969696969697,0.9242424242424242,0.9166666666666666,10.0,,0.0,2.0,,0.01,,,,,,,,,,,,,,,22.0,True,,,100,0.15999999999999998
dt,True,184.4658203125,MACCS,stratified,hcv_ns34a,0.976063829787234,0.9865871833084948,1805038,0.8755621706682053,0.9880597014925373,0.9851190476190477,0.9,0.9893617021276596,0.9939393939393939,1785963,0.9516419967402864,1.0,0.9879518072289156,1.0,0.9787301587301588,0.9761904761904762,0.976,0.984,,,,,,,,,,30,sqrt,,2.0,3.0,,,,,,,22.0,,,,80,0.15999999999999998
dt,False,189.13671875,MACCS,stratified,hcv_ns34a,0.9671717171717171,0.9618846416232036,1879813,0.8731532141035031,0.9683889636320926,0.9671717171717171,,0.9090909090909091,0.8993546424139783,1818578,0.6710351588687736,0.8944203944203943,0.9090909090909091,,0.9368686868686869,0.9696969696969697,0.9015151515151515,0.9393939393939394,,,,,,,,,,10,sqrt,,1.0,4.0,,,,,,,22.0,,,,90,0.15999999999999998
knn,True,644.71484375,MACCS,stratified,hcv_ns34a,0.9973404255319149,0.9985096870342772,18588680,0.9862586656820739,1.0,0.9970238095238095,1.0,1.0,1.0,18294706,1.0,1.0,1.0,1.0,0.9866878306878307,0.9920634920634921,0.968,1.0,,kd_tree,,,,,,40.0,,,,,,,,,-1.0,3.0,,1.0,,,,distance,80,0.15999999999999998
knn,False,550.8447265625,MACCS,stratified,hcv_ns34a,0.9747474747474747,0.9723670185622824,32115748,0.9032644353386318,0.9738489345706491,0.9747474747474747,,0.9696969696969697,0.965007215007215,29950897,0.890711753649508,0.9710905849943283,0.9696969696969697,,0.9444444444444443,0.9696969696969697,0.9318181818181818,0.9318181818181818,,auto,,,,,,10.0,,,,,,,,,-1.0,5.0,,2.0,,,,distance,90,0.15999999999999998
rf,True,2316.5029296875,MACCS,strict,hcv_ns34a,0.9974747474747475,0.9985569985569985,25687005,0.9885220242904074,1.0,0.9971181556195965,1.0,1.0,1.0,21465496,1.0,1.0,1.0,1.0,0.9800433920622451,0.9626865671641791,0.9849624060150376,0.9924812030075187,,,,,,,,,,None,sqrt,,1.0,2.0,500.0,,,,True,,22.0,,True,,80,0.15999999999999998
rf,False,1316.9609375,MACCS,strict,hcv_ns34a,0.975,0.9718300564443318,7334752,0.8892608162163521,0.9755295013323183,0.975,,0.9263157894736842,0.9176438633529637,6488053,0.811755438924626,0.9206054610209735,0.9263157894736842,,0.9465648854961831,0.9312977099236641,0.9618320610687023,0.9465648854961832,,,,,,,,,,None,sqrt,,1.0,3.0,100.0,,,,True,,22.0,,True,,100,0.15999999999999998
hgb,True,965.0791015625,MACCS,strict,hcv_ns34a,0.9974747474747475,0.9985569985569985,19724857,0.9885220242904074,1.0,0.9971181556195965,1.0,1.0,1.0,13795790,1.0,1.0,1.0,1.0,0.9775371263980848,0.9626865671641791,0.9774436090225563,0.9924812030075187,,,,,True,,0.1,,0.01,10,,1000.0,32.0,,,100.0,,,,,22.0,,True,,90,0.08999999999999998
hgb,False,1229.0224609375,MACCS,strict,hcv_ns34a,0.96,0.9515574468085106,30724212,0.8196956416039395,0.9616548157724628,0.96,,0.8631578947368421,0.8320316002989218,23684648,0.6525237615863108,0.8049037957625217,0.8631578947368421,,0.9389312977099237,0.9312977099236641,0.9541984732824428,0.9312977099236641,,,,,True,,0.1,,0.01,10,,10000.0,64.0,,,100.0,,,,,22.0,,True,,80,0.15999999999999998
svm,True,525.3857421875,MACCS,strict,hcv_ns34a,0.9974747474747475,0.9985569985569985,3088379,0.9885220242904074,1.0,0.9971181556195965,1.0,1.0,1.0,1988246,1.0,1.0,1.0,1.0,0.9825122507761943,0.9776119402985075,0.9774436090225563,0.9924812030075187,100.0,,0.5,3.0,,0.01,,,,,,,,,,,,,,,22.0,False,,,90,0.08999999999999998
svm,False,534.560546875,MACCS,strict,hcv_ns34a,0.9525,0.9333599074193134,3681262,0.783926111922036,0.9153250900197024,0.9525,,0.8736842105263158,0.834095583787054,2225297,0.6850025489492658,0.8021337126600285,0.8736842105263158,,0.9465648854961831,0.9312977099236641,0.9618320610687023,0.9465648854961832,10.0,,0.1,3.0,,0.01,,,,,,,,,,,,,,,22.0,True,,,80,0.15999999999999998
dt,True,184.9345703125,MACCS,strict,hcv_ns34a,1.0,1.0,1892901,1.0,1.0,1.0,1.0,1.0,1.0,1745717,1.0,1.0,1.0,1.0,0.9800620955373507,0.9552238805970149,0.9924812030075187,0.9924812030075187,,,,,,,,,,30,log2,,1.0,2.0,,,,,,,22.0,,,,80,0.15999999999999998
dt,False,189.61328125,MACCS,strict,hcv_ns34a,0.955,0.946703838852323,1991225,0.7934872366925256,0.950452380952381,0.955,,0.8736842105263158,0.8325224826772815,1745394,0.6762497744745573,0.7963988919667591,0.8736842105263158,,0.9363867684478372,0.8931297709923665,0.9541984732824428,0.9618320610687023,,,,,,,,,,20,log2,,1.0,8.0,,,,,,,22.0,,,,90,0.15999999999999998
knn,True,536.478515625,MACCS,strict,hcv_ns34a,0.9949494949494949,0.9971098265895953,21249595,0.977367204266089,1.0,0.9942363112391931,1.0,0.972972972972973,0.9859154929577465,19657311,0.6972166887783964,1.0,0.9722222222222222,1.0,0.9825496577264056,0.9626865671641791,0.9849624060150376,1.0,,auto,,,,,,50.0,,,,,,,,,-1.0,5.0,,1.0,,,,distance,80,0.15999999999999998
knn,False,596.0712890625,MACCS,strict,hcv_ns34a,0.9575,0.9446645175155814,49985622,0.8086985660908693,0.9600225456036074,0.9575,,0.8631578947368421,0.8495622618189308,36022000,0.6448717991287208,0.8418245614035087,0.8631578947368421,,0.9465648854961831,0.9312977099236641,0.9618320610687023,0.9465648854961832,,brute,,,,,,40.0,,,,,,,,,-1.0,3.0,,2.0,,,,uniform,90,0.15999999999999998
rf,True,806.38671875,PubChem,random,hcv_ns34a,0.9813829787234043,0.9895988112927192,10336356,0.901083213168914,0.9910714285714286,0.9881305637982196,0.9230769230769231,1.0,1.0,8595241,1.0,1.0,1.0,1.0,0.9840846560846561,0.9682539682539683,0.992,0.992,,,,,,,,,,None,sqrt,,2.0,8.0,100.0,,,,True,,22.0,,True,,90,0.08999999999999998
rf,False,1357.486328125,PubChem,random,hcv_ns34a,0.952020202020202,0.9447755810027665,10844304,0.7892165185477115,0.9439450620006177,0.952020202020202,,0.9494949494949495,0.9490839127202764,8969146,0.8639732103862943,0.9502719502719503,0.9494949494949495,,0.9368686868686869,0.9318181818181818,0.9318181818181818,0.946969696969697,,,,,,,,,,None,log2,,1.0,4.0,100.0,,,,True,,22.0,,True,,80,0.15999999999999998
hgb,True,21634.392578125,PubChem,random,hcv_ns34a,0.9973404255319149,0.9985141158989599,726759116,0.9859547783371284,1.0,0.9970326409495549,1.0,1.0,1.0,368005044,1.0,1.0,1.0,1.0,0.9761058201058201,0.9603174603174603,0.984,0.984,,,,,True,,0.1,,0.01,None,,99999999.0,32.0,,,100.0,,,,,22.0,,True,,80,0.08999999999999998
hgb,False,780.3232421875,PubChem,random,hcv_ns34a,0.9419191919191919,0.9259997346204243,15438353,0.7420362261571758,0.92012189887544,0.9419191919191919,,0.8888888888888888,0.8830652566722947,10839724,0.6932720424760105,0.8941612701850974,0.8888888888888888,,0.9292929292929294,0.9318181818181818,0.9166666666666666,0.9393939393939394,,,,,True,,0.0,,0.01,50,,99999999.0,32.0,,,100.0,,,,,22.0,,True,,90,0.15999999999999998
svm,True,647.9814453125,PubChem,random,hcv_ns34a,0.9813829787234043,0.9895988112927192,9719139,0.901083213168914,0.9910714285714286,0.9881305637982196,0.9230769230769231,0.9893617021276596,0.9938650306748467,5210304,0.9548926051811499,1.0,0.9878048780487805,1.0,0.9814391534391534,0.9603174603174603,0.992,0.992,1.0,,0.0,2.0,,0.01,,,,,,,,,,,,,,,22.0,True,,,100,0.08999999999999998
svm,False,717.3642578125,PubChem,random,hcv_ns34a,0.9444444444444444,0.9230612945927379,12434407,0.7525756353148695,0.9031413412725677,0.9444444444444444,,0.898989898989899,0.8676876289779515,6004564,0.7253719776230565,0.8403017516941567,0.898989898989899,,0.9343434343434343,0.946969696969697,0.9242424242424242,0.9318181818181818,1.0,,0.0,2.0,,0.01,,,,,,,,,,,,,,,22.0,True,,,100,0.08999999999999998
dt,True,201.7646484375,PubChem,random,hcv_ns34a,0.9787234042553191,0.9880239520958084,4612968,0.8957514749377008,0.9969788519637462,0.9792284866468842,0.9743589743589743,0.9680851063829787,0.9813664596273292,4947910,0.8779132686758261,1.0,0.9634146341463414,1.0,0.9841058201058202,0.9603174603174603,1.0,0.992,,,,,,,,,,None,sqrt,,2.0,8.0,,,,,,,22.0,,,,100,0.08999999999999998
dt,False,203.521484375,PubChem,random,hcv_ns34a,0.9444444444444444,0.9224217815767112,4888241,0.7482243676844742,0.9014169472502804,0.9444444444444444,,0.8787878787878788,0.8472586486824029,4455827,0.6585584434330528,0.8180571143534107,0.8787878787878788,,0.9343434343434343,0.9318181818181818,0.9318181818181818,0.9393939393939394,,,,,,,,,,None,sqrt,,2.0,8.0,,,,,,,22.0,,,,80,0.08999999999999998
knn,True,1008.83203125,PubChem,random,hcv_ns34a,0.9787234042553191,0.9880952380952381,77951329,0.8884512608717214,0.991044776119403,0.9851632047477745,0.9230769230769231,0.9893617021276596,0.9938650306748467,65839313,0.9548926051811499,1.0,0.9878048780487805,1.0,0.9840846560846561,0.9682539682539683,0.992,0.992,,auto,,,,,,10.0,,,,,,,,,-1.0,9.0,,2.0,,,,uniform,80,0.08999999999999998
knn,False,1619.744140625,PubChem,random,hcv_ns34a,0.9419191919191919,0.9253981464544845,51227086,0.736921800153766,0.9186018683567704,0.9419191919191919,,0.9292929292929293,0.9235416725612803,26911212,0.8120565573431555,0.9360660604679744,0.9292929292929293,,0.9318181818181818,0.9318181818181818,0.9242424242424242,0.9393939393939394,,ball_tree,,,,,,20.0,,,,,,,,,-1.0,5.0,,2.0,,,,uniform,80,0.08999999999999998
rf,True,3196.16015625,PubChem,stratified,hcv_ns34a,0.9893617021276596,0.9940298507462687,52340143,0.9456076866775945,0.9970059880239521,0.9910714285714286,0.975,0.9787234042553191,0.9880952380952381,45582168,0.8938291119019466,0.9764705882352941,1.0,0.8181818181818182,0.984042328042328,0.9841269841269841,0.976,0.992,,,,,,,,,,None,sqrt,,1.0,4.0,1000.0,,,,True,,22.0,,True,,90,0.08999999999999998
rf,False,914.9052734375,PubChem,stratified,hcv_ns34a,0.9494949494949495,0.9393634328287561,10939894,0.8037994434943146,0.941646527512789,0.9494949494949495,,0.9191919191919192,0.8962764288851246,9252260,0.7034550253350896,0.8766305589835002,0.9191919191919192,,0.9368686868686869,0.9696969696969697,0.9242424242424242,0.9166666666666666,,,,,,,,,,None,None,,4.0,2.0,100.0,,,,True,,22.0,,True,,80,0.08999999999999998
hgb,True,582.2490234375,PubChem,stratified,hcv_ns34a,0.9813829787234043,0.9895052473763118,19463148,0.9091931253922557,0.9969788519637462,0.9821428571428571,0.975,1.0,1.0,9973145,1.0,1.0,1.0,1.0,0.9787301587301588,0.9761904761904762,0.968,0.992,,,,,True,,0.01,,0.01,10,,99999999.0,16.0,,,100.0,,,,,22.0,,True,,80,0.08999999999999998
hgb,False,1323.212890625,PubChem,stratified,hcv_ns34a,0.952020202020202,0.9467667393568056,34295615,0.8138166119721508,0.9468059784447346,0.952020202020202,,0.9292929292929293,0.9162689114524575,26686080,0.7462424340372156,0.9164446664446665,0.9292929292929293,,0.9343434343434343,0.9696969696969697,0.9166666666666666,0.9166666666666666,,,,,True,,0.0,,0.01,None,,99999999.0,64.0,,,100.0,,,,,22.0,,True,,80,0.08999999999999998
svm,True,607.857421875,PubChem,stratified,hcv_ns34a,0.9893617021276596,0.9940298507462687,8045035,0.9456076866775945,0.9970059880239521,0.9910714285714286,0.975,0.9787234042553191,0.9880952380952381,4921237,0.8938291119019466,0.9764705882352941,1.0,0.8181818181818182,0.9867089947089948,0.9841269841269841,0.976,1.0,10.0,,0.0,2.0,,0.005,,,,,,,,,,,,,,,22.0,True,,,100,0.08999999999999998
svm,False,686.6533203125,PubChem,stratified,hcv_ns34a,0.9343434343434344,0.9120875619988571,12179403,0.7385303723847236,0.8914395390688492,0.9343434343434344,,0.9292929292929293,0.9025974025974025,6367989,0.7442464308686682,0.8809438927085986,0.9292929292929293,,0.9343434343434344,0.9696969696969697,0.9242424242424242,0.9090909090909091,1.0,,0.1,2.0,,0.005,,,,,,,,,,,,,,,22.0,False,,,80,0.08999999999999998
dt,True,201.859375,PubChem,stratified,hcv_ns34a,0.9707446808510638,0.9837037037037037,4803521,0.8416670796729803,0.9793510324483776,0.9880952380952381,0.825,0.9574468085106383,0.9761904761904762,4451570,0.7813526239249947,0.9647058823529412,0.9879518072289156,0.7272727272727273,0.9787301587301588,0.9761904761904762,0.968,0.992,,,,,,,,,,20,log2,,2.0,3.0,,,,,,,22.0,,,,90,0.15999999999999998
dt,False,204.6162109375,PubChem,stratified,hcv_ns34a,0.9444444444444444,0.9338045857005908,4754974,0.7785570495680626,0.9350815212884178,0.9444444444444444,,0.9393939393939394,0.9254011981284709,4695535,0.7780675397857165,0.923271935036641,0.9393939393939394,,0.9368686868686869,0.9621212121212122,0.9242424242424242,0.9242424242424242,,,,,,,,,,20,sqrt,,2.0,2.0,,,,,,,22.0,,,,80,0.08999999999999998
knn,True,1705.4912109375,PubChem,stratified,hcv_ns34a,0.9973404255319149,0.9985096870342772,43120769,0.9862586656820739,1.0,0.9970238095238095,1.0,0.9893617021276596,0.9940119760479041,32995526,0.9477702244048386,0.9880952380952381,1.0,0.9090909090909091,0.9867089947089948,0.9841269841269841,0.984,0.992,,kd_tree,,,,,,10.0,,,,,,,,,-1.0,3.0,,2.0,,,,distance,80,0.08999999999999998
knn,False,1706.3935546875,PubChem,stratified,hcv_ns34a,0.9393939393939394,0.9165151053543458,64231296,0.7569273662747199,0.8948199948199947,0.9393939393939394,,0.9191919191919192,0.8914384486577002,26930443,0.6928210401968473,0.8659584349239522,0.9191919191919192,,0.9368686868686869,0.9696969696969697,0.9242424242424242,0.9166666666666666,,ball_tree,,,,,,10.0,,,,,,,,,-1.0,7.0,,2.0,,,,uniform,80,0.08999999999999998
rf,True,936.1005859375,PubChem,strict,hcv_ns34a,0.9873737373737373,0.9927849927849928,9778123,0.9423435741760978,0.9942196531791907,0.9913544668587896,0.9591836734693877,0.9864864864864865,0.993103448275862,8734826,0.7022468831767834,0.9863013698630136,1.0,0.5,0.9850185164403547,0.9776119402985075,0.9774436090225563,1.0,,,,,,,,,,10,log2,,1.0,4.0,100.0,,,,True,,22.0,,True,,90,0.08999999999999998
rf,False,2693.8076171875,PubChem,strict,hcv_ns34a,0.955,0.9420669118499743,29709633,0.795943988389947,0.9571578212290502,0.955,,0.9052631578947369,0.8863914924297044,24468759,0.7587904337434799,0.8907327141382869,0.9052631578947369,,0.9465648854961831,0.9389312977099237,0.9541984732824428,0.9465648854961832,,,,,,,,,,None,None,,2.0,2.0,500.0,,,,True,,22.0,,True,,90,0.08999999999999998
hgb,True,1265.9453125,PubChem,strict,hcv_ns34a,0.9949494949494949,0.9971098265895953,68980301,0.977367204266089,1.0,0.9942363112391931,1.0,1.0,1.0,17548754,1.0,1.0,1.0,1.0,0.9800246885871395,0.9701492537313433,0.9699248120300752,1.0,,,,,True,,0.0,,0.01,None,,1000.0,32.0,,,100.0,,,,,22.0,,True,,90,0.08999999999999998
hgb,False,1024.0849609375,PubChem,strict,hcv_ns34a,0.97,0.9659546636937942,18889563,0.8671009692711665,0.9711082138200783,0.97,,0.9052631578947369,0.8863914924297044,12711856,0.7587904337434799,0.8907327141382869,0.9052631578947369,,0.9414758269720102,0.9312977099236641,0.9389312977099237,0.9541984732824428,,,,,True,,0.1,,0.01,None,,99999999.0,16.0,,,100.0,,,,,22.0,,True,,90,0.08999999999999998
svm,True,568.927734375,PubChem,strict,hcv_ns34a,0.9873737373737373,0.9927641099855282,6930849,0.9438134463339299,0.997093023255814,0.9884726224783862,0.9795918367346939,0.9864864864864865,0.993103448275862,4929843,0.7022468831767834,0.9863013698630136,1.0,0.5,0.9850185164403547,0.9776119402985075,0.9774436090225563,1.0,10.0,,0.1,3.0,,0.005,,,,,,,,,,,,,,,22.0,True,,,80,0.15999999999999998
svm,False,655.4853515625,PubChem,strict,hcv_ns34a,0.9525,0.9333599074193134,10937313,0.783926111922036,0.9153250900197024,0.9525,,0.8736842105263158,0.834095583787054,5966706,0.6850025489492658,0.8021337126600285,0.8736842105263158,,0.9465648854961831,0.9236641221374046,0.9694656488549618,0.9465648854961832,10.0,,0.0,2.0,,0.005,,,,,,,,,,,,,,,22.0,True,,,80,0.08999999999999998
dt,True,200.796875,PubChem,strict,hcv_ns34a,0.9848484848484849,0.9913544668587896,4954378,0.9301299770628713,0.9913544668587896,0.9913544668587896,0.9387755102040817,0.972972972972973,0.9861111111111112,4513257,0.4861111111111111,0.9861111111111112,0.9861111111111112,0.5,0.9800246885871395,0.9701492537313433,0.9774436090225563,0.9924812030075187,,,,,,,,,,10,sqrt,,4.0,8.0,,,,,,,22.0,,,,80,0.08999999999999998
dt,False,206.287109375,PubChem,strict,hcv_ns34a,0.9475,0.9282139322421012,4943736,0.7567417332500463,0.9097048560628089,0.9475,,0.8842105263157894,0.8674578603371174,4453167,0.7104923532970776,0.8756801882138656,0.8842105263157894,,0.9414758269720102,0.9236641221374046,0.9541984732824428,0.9465648854961832,,,,,,,,,,None,sqrt,,2.0,4.0,,,,,,,22.0,,,,80,0.08999999999999998
knn,True,1032.48828125,PubChem,strict,hcv_ns34a,0.9823232323232324,0.9898697539797395,50697403,0.9211068773941828,0.9941860465116279,0.9855907780979827,0.9591836734693877,0.972972972972973,0.9861111111111112,26853854,0.4861111111111111,0.9861111111111112,0.9861111111111112,0.5,0.9850372199154602,0.9701492537313433,0.9849624060150376,1.0,,auto,,,,,,40.0,,,,,,,,,-1.0,7.0,,1.0,,,,uniform,80,0.08999999999999998
knn,False,1009.8388671875,PubChem,strict,hcv_ns34a,0.945,0.9258854724964739,54602166,0.7452970337913659,0.9075942893671426,0.945,,0.8842105263157894,0.8429704397981255,40293445,0.7089643895920477,0.8080701754385965,0.8842105263157894,,0.9440203562340966,0.9236641221374046,0.9541984732824428,0.9541984732824428,,auto,,,,,,30.0,,,,,,,,,-1.0,7.0,,1.0,,,,uniform,80,0.08999999999999998
rf,True,800.3994140625,SubstructureCount,random,hcv_ns34a,0.9920212765957447,0.9955555555555555,7628206,0.9566954891290594,0.9940828402366864,0.9970326409495549,0.9487179487179487,1.0,1.0,6998352,1.0,1.0,1.0,1.0,0.9841058201058202,0.9603174603174603,1.0,0.992,,,,,,,,,,None,sqrt,,2.0,3.0,100.0,,,,True,,22.0,,True,,90,0.08999999999999998
rf,False,989.23046875,SubstructureCount,random,hcv_ns34a,0.9570707070707071,0.9473035722082251,8009962,0.8139706276264481,0.9535464400098546,0.9570707070707071,,0.9292929292929293,0.9194352488470133,6733758,0.8120565573431555,0.9224668650505972,0.9292929292929293,,0.9393939393939394,0.9545454545454546,0.9242424242424242,0.9393939393939394,,,,,,,,,,None,log2,,1.0,8.0,100.0,,,,True,,22.0,,True,,100,0.08999999999999998
hgb,True,774.314453125,SubstructureCount,random,hcv_ns34a,0.9920212765957447,0.9955555555555555,16657574,0.9566954891290594,0.9940828402366864,0.9970326409495549,0.9487179487179487,1.0,1.0,13557427,1.0,1.0,1.0,1.0,0.9814603174603175,0.9523809523809523,1.0,0.992,,,,,True,,0.0,,0.01,None,,1000.0,64.0,,,100.0,,,,,22.0,,True,,80,0.15999999999999998
hgb,False,765.9111328125,SubstructureCount,random,hcv_ns34a,0.9494949494949495,0.9374753779142494,10748674,0.7766405320340611,0.9431405468940881,0.9494949494949495,,0.9191919191919192,0.9104377104377104,8050398,0.7885198085263815,0.9158249158249159,0.9191919191919192,,0.9318181818181818,0.9318181818181818,0.9242424242424242,0.9393939393939394,,,,,True,,0.0,,0.01,None,,10000.0,32.0,,,100.0,,,,,22.0,,True,,90,0.15999999999999998
svm,True,518.5,SubstructureCount,random,hcv_ns34a,0.9813829787234043,0.9895988112927192,3839869,0.901083213168914,0.9910714285714286,0.9881305637982196,0.9230769230769231,0.9893617021276596,0.9938650306748467,2734934,0.9548926051811499,1.0,0.9878048780487805,1.0,0.9814391534391534,0.9603174603174603,0.992,0.992,1.0,,0.0,2.0,,0.001,,,,,,,,,,,,,,,22.0,True,,,80,0.15999999999999998
svm,False,531.8779296875,SubstructureCount,random,hcv_ns34a,0.9494949494949495,0.9310570011579383,5359851,0.7743738847252294,0.9519772023641994,0.9494949494949495,,0.898989898989899,0.8665448035998804,2956888,0.7186758117132485,0.8365132809577254,0.898989898989899,,0.9343434343434343,0.9393939393939394,0.9318181818181818,0.9318181818181818,1.0,,0.0,2.0,,0.005,,,,,,,,,,,,,,,22.0,True,,,80,0.15999999999999998
dt,True,185.4267578125,SubstructureCount,random,hcv_ns34a,0.9867021276595744,0.9926362297496318,2301473,0.9268491423816193,0.9853801169590644,1.0,0.8717948717948718,1.0,1.0,2196275,1.0,1.0,1.0,1.0,0.9840846560846561,0.9682539682539683,0.992,0.992,,,,,,,,,,None,sqrt,,2.0,4.0,,,,,,,22.0,,,,90,0.15999999999999998
dt,False,189.79296875,SubstructureCount,random,hcv_ns34a,0.952020202020202,0.9462235996326906,2515569,0.7902038196249499,0.9457684957684958,0.952020202020202,,0.9292929292929293,0.9289692199243116,2243610,0.8109899957836291,0.9290130744676199,0.9292929292929293,,0.9368686868686869,0.946969696969697,0.946969696969697,0.9166666666666666,,,,,,,,,,None,sqrt,,2.0,3.0,,,,,,,22.0,,,,80,0.08999999999999998
knn,True,511.6904296875,SubstructureCount,random,hcv_ns34a,0.9813829787234043,0.9895988112927192,19744610,0.901083213168914,0.9910714285714286,0.9881305637982196,0.9230769230769231,0.9893617021276596,0.9939393939393939,7227688,0.9516419967402864,0.9879518072289156,1.0,0.9166666666666666,0.9787724867724868,0.9603174603174603,0.984,0.992,,auto,,,,,,10.0,,,,,,,,,-1.0,5.0,,1.0,,,,uniform,80,0.15999999999999998
knn,False,525.548828125,SubstructureCount,random,hcv_ns34a,0.9494949494949495,0.9358666235056031,22100379,0.77781042794608,0.934486914600551,0.9494949494949495,,0.9090909090909091,0.901396616191625,7712307,0.7564594159079715,0.8988222776101563,0.9090909090909091,,0.9318181818181818,0.9318181818181818,0.9242424242424242,0.9393939393939394,,auto,,,,,,10.0,,,,,,,,,-1.0,7.0,,1.0,,,,uniform,80,0.08999999999999998
rf,True,765.7802734375,SubstructureCount,stratified,hcv_ns34a,0.9893617021276596,0.9940298507462687,7486981,0.9456076866775945,0.9970059880239521,0.9910714285714286,0.975,0.9787234042553191,0.9880952380952381,6566764,0.8938291119019466,0.9764705882352941,1.0,0.8181818181818182,0.9893756613756614,0.9841269841269841,0.984,1.0,,,,,,,,,,None,sqrt,,4.0,8.0,100.0,,,,True,,22.0,,True,,90,0.08999999999999998
rf,False,1060.0517578125,SubstructureCount,stratified,hcv_ns34a,0.952020202020202,0.9407462318858167,8184018,0.8128121668264372,0.955323821003747,0.952020202020202,,0.9191919191919192,0.8962764288851246,7123170,0.7034550253350896,0.8766305589835002,0.9191919191919192,,0.9393939393939394,0.9696969696969697,0.9242424242424242,0.9242424242424242,,,,,,,,,,None,sqrt,,2.0,4.0,100.0,,,,True,,22.0,,True,,90,0.08999999999999998
hgb,True,1572.8447265625,SubstructureCount,stratified,hcv_ns34a,0.9946808510638298,0.9970238095238095,16849879,0.9720238095238095,0.9970238095238095,0.9970238095238095,0.975,0.9893617021276596,0.9940119760479041,10873015,0.9477702244048386,0.9880952380952381,1.0,0.9090909090909091,0.9893756613756614,0.9841269841269841,0.984,1.0,,,,,True,,0.0,,0.01,None,,99999999.0,16.0,,,100.0,,,,,22.0,,True,,90,0.08999999999999998
hgb,False,1512.5986328125,SubstructureCount,stratified,hcv_ns34a,0.9621212121212122,0.9576310448500239,16215267,0.8528029040330042,0.957264356615006,0.9621212121212122,,0.9393939393939394,0.9337250462998966,9962399,0.7808408543921793,0.9305719532992262,0.9393939393939394,,0.9393939393939394,0.9696969696969697,0.9242424242424242,0.9242424242424242,,,,,True,,0.0,,0.01,10,,99999999.0,16.0,,,100.0,,,,,22.0,,True,,90,0.15999999999999998
svm,True,519.49609375,SubstructureCount,stratified,hcv_ns34a,0.9840425531914894,0.9910179640718563,3355389,0.9209357662439788,0.9969879518072289,0.9851190476190477,0.975,0.9787234042553191,0.9880952380952381,2498961,0.8938291119019466,0.9764705882352941,1.0,0.8181818181818182,0.9867089947089948,0.9841269841269841,0.976,1.0,1.0,,0.0,2.0,,0.001,,,,,,,,,,,,,,,22.0,True,,,80,0.08999999999999998
svm,False,527.8271484375,SubstructureCount,stratified,hcv_ns34a,0.9368686868686869,0.914611956559248,4274427,0.7503187933697452,0.894212518646442,0.9368686868686869,,0.9191919191919192,0.8914384486577002,2882631,0.6928210401968473,0.8659584349239522,0.9191919191919192,,0.9343434343434344,0.9696969696969697,0.9090909090909091,0.9242424242424242,1.0,,0.0,2.0,,0.001,,,,,,,,,,,,,,,22.0,True,,,80,0.15999999999999998
dt,True,186.3876953125,SubstructureCount,stratified,hcv_ns34a,0.9920212765957447,0.9955423476968797,2424216,0.9576642566143904,0.9940652818991098,0.9970238095238095,0.95,0.9893617021276596,0.9940119760479041,2271338,0.9477702244048386,0.9880952380952381,1.0,0.9090909090909091,0.9867089947089948,0.9841269841269841,0.984,0.992,,,,,,,,,,None,sqrt,,1.0,4.0,,,,,,,22.0,,,,90,0.08999999999999998
dt,False,187.3876953125,SubstructureCount,stratified,hcv_ns34a,0.9368686868686869,0.914414199156955,2360395,0.7491174715544437,0.8935965256008358,0.9368686868686869,,0.9191919191919192,0.8914384486577002,2241331,0.6928210401968473,0.8659584349239522,0.9191919191919192,,0.9343434343434343,0.9621212121212122,0.9090909090909091,0.9318181818181818,,,,,,,,,,20,sqrt,,4.0,2.0,,,,,,,22.0,,,,80,0.08999999999999998
knn,True,511.6904296875,SubstructureCount,stratified,hcv_ns34a,0.9867021276595744,0.992548435171386,17526173,0.9309104181751396,0.9940298507462687,0.9910714285714286,0.95,0.9787234042553191,0.9880952380952381,18362020,0.8938291119019466,0.9764705882352941,1.0,0.8181818181818182,0.984042328042328,0.9841269841269841,0.976,0.992,,auto,,,,,,10.0,,,,,,,,,-1.0,3.0,,2.0,,,,uniform,80,0.15999999999999998
knn,False,516.236328125,SubstructureCount,stratified,hcv_ns34a,0.946969696969697,0.9320989519376017,17200771,0.7904521052916038,0.9304177704033613,0.946969696969697,,0.9090909090909091,0.8810241090942844,8813051,0.6453111753009549,0.8546831955922866,0.9090909090909091,,0.9368686868686869,0.9621212121212122,0.9242424242424242,0.9242424242424242,,auto,,,,,,10.0,,,,,,,,,-1.0,5.0,,2.0,,,,uniform,80,0.15999999999999998
rf,True,772.58203125,SubstructureCount,strict,hcv_ns34a,0.98989898989899,0.9942196531791907,6816102,0.9544723558254281,0.9971014492753624,0.9913544668587896,0.9795918367346939,0.9864864864864865,0.993103448275862,6443953,0.7022468831767834,0.9863013698630136,1.0,0.5,0.987524782104515,0.9776119402985075,0.9849624060150376,1.0,,,,,,,,,,None,sqrt,,4.0,8.0,100.0,,,,True,,22.0,,True,,90,0.08999999999999998
rf,False,1014.58984375,SubstructureCount,strict,hcv_ns34a,0.9525,0.9332337198929527,7609725,0.7830479525371223,0.9149166666666667,0.9525,,0.9052631578947369,0.8863914924297044,5928563,0.7587904337434799,0.8907327141382869,0.9052631578947369,,0.9491094147582698,0.9312977099236641,0.9618320610687023,0.9541984732824428,,,,,,,,,,None,sqrt,,2.0,2.0,100.0,,,,True,,22.0,,True,,100,0.08999999999999998
hgb,True,812.5966796875,SubstructureCount,strict,hcv_ns34a,0.98989898989899,0.9942196531791907,17796059,0.9544723558254281,0.9971014492753624,0.9913544668587896,0.9795918367346939,1.0,1.0,13086442,1.0,1.0,1.0,1.0,0.9850372199154602,0.9701492537313433,0.9849624060150376,1.0,,,,,True,,0.0,,0.01,None,,1000.0,64.0,,,100.0,,,,,22.0,,True,,80,0.15999999999999998
hgb,False,1016.28125,SubstructureCount,strict,hcv_ns34a,0.9575,0.9445315010851018,26694606,0.8078486247702932,0.9595879888268156,0.9575,,0.8842105263157894,0.8429704397981255,17768763,0.7089643895920477,0.8080701754385965,0.8842105263157894,,0.9440203562340969,0.9236641221374046,0.9618320610687023,0.9465648854961832,,,,,True,,0.1,,0.01,20,,99999999.0,64.0,,,100.0,,,,,22.0,,True,,80,0.15999999999999998
svm,True,527.7958984375,SubstructureCount,strict,hcv_ns34a,0.98989898989899,0.9942363112391931,4805695,0.9534199847085808,0.9942363112391931,0.9942363112391931,0.9591836734693877,0.9864864864864865,0.993103448275862,2934415,0.7022468831767834,0.9863013698630136,1.0,0.5,0.987524782104515,0.9776119402985075,0.9849624060150376,1.0,1.0,,0.0,4.0,,0.01,,,,,,,,,,,,,,,22.0,False,,,80,0.15999999999999998
svm,False,530.6943359375,SubstructureCount,strict,hcv_ns34a,0.9475,0.9282854724964739,4002306,0.7576323041288595,0.9099019816748349,0.9475,,0.8736842105263158,0.834095583787054,2543109,0.6850025489492658,0.8021337126600285,0.8736842105263158,,0.9491094147582698,0.9312977099236641,0.9618320610687023,0.9541984732824428,1.0,,0.0,2.0,,0.001,,,,,,,,,,,,,,,22.0,True,,,100,0.08999999999999998
dt,True,184.8017578125,SubstructureCount,strict,hcv_ns34a,0.98989898989899,0.9942196531791907,2572538,0.9544723558254281,0.9971014492753624,0.9913544668587896,0.9795918367346939,0.9864864864864865,0.993103448275862,2314787,0.7022468831767834,0.9863013698630136,1.0,0.5,0.9825309542512999,0.9701492537313433,0.9774436090225563,1.0,,,,,,,,,,None,log2,,2.0,8.0,,,,,,,22.0,,,,90,0.15999999999999998
dt,False,188.75390625,SubstructureCount,strict,hcv_ns34a,0.9475,0.9282139322421012,4494812,0.7567417332500463,0.9097048560628089,0.9475,,0.8947368421052632,0.8782322916983475,2270353,0.7293911014802305,0.8732017543859649,0.8947368421052632,,0.9465648854961833,0.9236641221374046,0.9618320610687023,0.9541984732824428,,,,,,,,,,None,log2,,2.0,8.0,,,,,,,22.0,,,,90,0.08999999999999998
knn,True,517.1279296875,SubstructureCount,strict,hcv_ns34a,0.9873737373737373,0.9928057553956835,17140096,0.9413251954164771,0.9913793103448276,0.9942363112391931,0.9387755102040817,0.9864864864864865,0.993103448275862,6775485,0.7022468831767834,0.9863013698630136,1.0,0.5,0.9850372199154602,0.9701492537313433,0.9849624060150376,1.0,,auto,,,,,,10.0,,,,,,,,,-1.0,3.0,,2.0,,,,uniform,80,0.15999999999999998
knn,False,515.556640625,SubstructureCount,strict,hcv_ns34a,0.95,0.9307396332863188,20221833,0.7699675744663532,0.9123119539740037,0.95,,0.8842105263157894,0.8429704397981255,7653453,0.7089643895920477,0.8080701754385965,0.8842105263157894,,0.9440203562340966,0.916030534351145,0.9618320610687023,0.9541984732824428,,auto,,,,,,10.0,,,,,,,,,-1.0,5.0,,1.0,,,,uniform,80,0.15999999999999998
rf,True,893.431640625,Substructure,random,hcv_ns34a,0.9867021276595744,0.9925705794947994,7667434,0.9293737348916522,0.9940476190476191,0.9910979228486647,0.9487179487179487,0.9893617021276596,0.9939393939393939,6563376,0.9516419967402864,0.9879518072289156,1.0,0.9166666666666666,0.9840846560846561,0.9682539682539683,0.992,0.992,,,,,,,,,,None,log2,,1.0,4.0,100.0,,,,True,,22.0,,True,,80,0.15999999999999998
rf,False,7177.7900390625,Substructure,random,hcv_ns34a,0.946969696969697,0.9428339601341551,66710580,0.7837784336397084,0.9465514510140292,0.946969696969697,,0.9090909090909091,0.9013503455608718,43509017,0.7715361232158203,0.9116058206967299,0.9090909090909091,,0.9393939393939393,0.9545454545454546,0.9318181818181818,0.9318181818181818,,,,,,,,,,None,log2,,1.0,4.0,1000.0,,,,True,,22.0,,True,,90,0.08999999999999998
hgb,True,5600.130859375,Substructure,random,hcv_ns34a,0.973404255319149,0.9850299401197605,123026493,0.8688782159752357,0.9939577039274925,0.9762611275964391,0.9487179487179487,0.9574468085106383,0.975,96807003,0.8446387595572096,1.0,0.9512195121951219,1.0,0.9787724867724868,0.9603174603174603,0.984,0.992,,,,,True,,0.0,,0.01,50,,99999999.0,32.0,,,100.0,,,,,22.0,,True,,80,0.15999999999999998
hgb,False,1434.4833984375,Substructure,random,hcv_ns34a,0.9393939393939394,0.9173123278236914,12245604,0.7221089392375698,0.8963317384370015,0.9393939393939394,,0.898989898989899,0.8676876289779515,8065348,0.7253719776230565,0.8403017516941567,0.898989898989899,,0.9292929292929294,0.9393939393939394,0.9242424242424242,0.9242424242424242,,,,,True,,0.0,,0.01,None,,10000.0,8.0,,,100.0,,,,,22.0,,True,,90,0.15999999999999998
svm,True,520.2919921875,Substructure,random,hcv_ns34a,0.9893617021276596,0.9940652818991098,3314518,0.9427832306170585,0.9940652818991098,0.9940652818991098,0.9487179487179487,0.9893617021276596,0.9939393939393939,2942321,0.9516419967402864,0.9879518072289156,1.0,0.9166666666666666,0.9813968253968254,0.9761904761904762,0.976,0.992,1.0,,0.0,2.0,,1.0,,,,,,,,,,,,,,,22.0,True,,,100,0.15999999999999998
svm,False,521.73828125,Substructure,random,hcv_ns34a,0.9419191919191919,0.9283581177520573,4052216,0.7469046072417344,0.9345971341320178,0.9419191919191919,,0.8787878787878788,0.848803446652909,2775717,0.6676222182465527,0.8225035161744022,0.8787878787878788,,0.9292929292929294,0.9393939393939394,0.9242424242424242,0.9242424242424242,300.0,,0.5,3.0,,1.0,,,,,,,,,,,,,,,22.0,True,,,80,0.15999999999999998
dt,True,185.9443359375,Substructure,random,hcv_ns34a,0.9813829787234043,0.9895988112927192,2490126,0.901083213168914,0.9910714285714286,0.9881305637982196,0.9230769230769231,0.9787234042553191,0.9879518072289156,2250287,0.90193794880361,0.9761904761904762,1.0,0.8333333333333334,0.9814179894179894,0.9682539682539683,0.984,0.992,,,,,,,,,,10,None,,2.0,2.0,,,,,,,22.0,,,,80,0.15999999999999998
dt,False,187.537109375,Substructure,random,hcv_ns34a,0.9343434343434344,0.9255432244800699,2315525,0.7304805103396073,0.9319681780208096,0.9343434343434344,,0.8787878787878788,0.8739099826348148,2194844,0.6995156920711366,0.8886682990316105,0.8787878787878788,,0.9368686868686869,0.9393939393939394,0.946969696969697,0.9242424242424242,,,,,,,,,,None,sqrt,,2.0,8.0,,,,,,,22.0,,,,90,0.08999999999999998
knn,True,481.8955078125,Substructure,random,hcv_ns34a,0.9680851063829787,0.9821428571428571,36766511,0.8324811387157748,0.9850746268656716,0.9792284866468842,0.8717948717948718,0.9893617021276596,0.9938650306748467,33802431,0.9548926051811499,1.0,0.9878048780487805,1.0,0.9840634920634921,0.9761904761904762,0.992,0.984,,auto,,,,,,40.0,,,,,,,,,-1.0,9.0,,2.0,,,,distance,90,0.15999999999999998
knn,False,595.2216796875,Substructure,random,hcv_ns34a,0.9444444444444444,0.9371480142784226,56824251,0.7536336867156881,0.9362349823997552,0.9444444444444444,,0.8888888888888888,0.8809901489453432,30789073,0.6871304796180737,0.8788013084309381,0.8888888888888888,,0.9368686868686869,0.946969696969697,0.9318181818181818,0.9318181818181818,,ball_tree,,,,,,10.0,,,,,,,,,-1.0,3.0,,1.0,,,,uniform,80,0.08999999999999998
rf,True,2079.1669921875,Substructure,stratified,hcv_ns34a,0.9787234042553191,0.987987987987988,27461737,0.897817340645041,0.996969696969697,0.9791666666666666,0.975,1.0,1.0,21580939,1.0,1.0,1.0,1.0,0.9813756613756613,0.9841269841269841,0.968,0.992,,,,,,,,,,10,sqrt,,1.0,2.0,500.0,,,,True,,22.0,,True,,80,0.15999999999999998
rf,False,7380.9208984375,Substructure,stratified,hcv_ns34a,0.9494949494949495,0.9397787049236325,60355755,0.8086202798575838,0.9436824430317403,0.9494949494949495,,0.9090909090909091,0.8987756351392714,46111621,0.6906682662821227,0.9053543565738688,0.9090909090909091,,0.9368686868686869,0.9696969696969697,0.9318181818181818,0.9090909090909091,,,,,,,,,,20,sqrt,,1.0,3.0,1000.0,,,,True,,22.0,,True,,90,0.08999999999999998
hgb,True,2888.70703125,Substructure,stratified,hcv_ns34a,0.9920212765957447,0.9955423476968797,30449988,0.9576642566143904,0.9940652818991098,0.9970238095238095,0.95,0.9787234042553191,0.9880952380952381,24583522,0.8938291119019466,0.9764705882352941,1.0,0.8181818181818182,0.9708148148148149,0.9444444444444444,0.968,1.0,,,,,True,,0.1,,0.01,None,,99999999.0,8.0,,,100.0,,,,,22.0,,True,,90,0.15999999999999998
hgb,False,1734.08984375,Substructure,stratified,hcv_ns34a,0.9444444444444444,0.9363322719115157,13348950,0.7846117126131407,0.9391751191863174,0.9444444444444444,,0.9292929292929293,0.9162689114524575,10533953,0.7462424340372156,0.9164446664446665,0.9292929292929293,,0.9343434343434344,0.9696969696969697,0.9242424242424242,0.9090909090909091,,,,,True,,0.0,,0.01,None,,99999999.0,8.0,,,100.0,,,,,22.0,,True,,90,0.08999999999999998
svm,True,525.1982421875,Substructure,stratified,hcv_ns34a,0.9787234042553191,0.9879518072289156,4155206,0.90193794880361,1.0,0.9761904761904762,1.0,1.0,1.0,2707858,1.0,1.0,1.0,1.0,0.9787089947089948,0.9841269841269841,0.984,0.968,10.0,,0.5,2.0,,1.0,,,,,,,,,,,,,,,22.0,False,,,80,0.08999999999999998
svm,False,537.021484375,Substructure,stratified,hcv_ns34a,0.946969696969697,0.9273297449190077,5588387,0.7890963438767521,0.9496215064396881,0.946969696969697,,0.9292929292929293,0.9014144532539181,3020423,0.7385368887473279,0.877089318949784,0.9292929292929293,,0.9343434343434344,0.9621212121212122,0.9393939393939394,0.9015151515151515,100.0,,0.1,4.0,,1.0,,,,,,,,,,,,,,,22.0,True,,,90,0.08999999999999998
dt,True,186.1787109375,Substructure,stratified,hcv_ns34a,0.9893617021276596,0.9940476190476191,2202793,0.944047619047619,0.9940476190476191,0.9940476190476191,0.95,1.0,1.0,2142019,1.0,1.0,1.0,1.0,0.984042328042328,0.9841269841269841,0.976,0.992,,,,,,,,,,None,sqrt,,1.0,3.0,,,,,,,22.0,,,,90,0.08999999999999998
dt,False,191.5009765625,Substructure,stratified,hcv_ns34a,0.9419191919191919,0.9193973244729711,3142917,0.7713059904154397,0.8987706863375863,0.9419191919191919,,0.898989898989899,0.8723923729271323,2436218,0.6105796936986604,0.8479043306629513,0.898989898989899,,0.9368686868686869,0.9696969696969697,0.9242424242424242,0.9166666666666666,,,,,,,,,,None,log2,,1.0,4.0,,,,,,,22.0,,,,80,0.08999999999999998
knn,True,481.8955078125,Substructure,stratified,hcv_ns34a,0.9867021276595744,0.9925925925925926,34823328,0.9285448675455207,0.9882005899705014,0.9970238095238095,0.9,0.9574468085106383,0.9764705882352941,30719857,0.7791697749143128,0.9540229885057471,1.0,0.6363636363636364,0.984042328042328,0.9841269841269841,0.968,1.0,,brute,,,,,,30.0,,,,,,,,,-1.0,3.0,,2.0,,,,distance,90,0.15999999999999998
knn,False,515.9130859375,Substructure,stratified,hcv_ns34a,0.9419191919191919,0.9347243512137938,54272056,0.7703951046491623,0.9313460693895476,0.9419191919191919,,0.9191919191919192,0.91612917415857,39182221,0.7071154338855932,0.9134920634920636,0.9191919191919192,,0.9368686868686869,0.9696969696969697,0.9090909090909091,0.9318181818181818,,auto,,,,,,10.0,,,,,,,,,-1.0,3.0,,2.0,,,,uniform,90,0.08999999999999998
rf,True,917.099609375,Substructure,strict,hcv_ns34a,0.9924242424242424,0.9956709956709957,7542350,0.9654327992332525,0.9971098265895953,0.9942363112391931,0.9795918367346939,0.9864864864864865,0.993103448275862,6209444,0.7022468831767834,0.9863013698630136,1.0,0.5,0.9850185164403547,0.9776119402985075,0.9849624060150376,0.9924812030075187,,,,,,,,,,None,log2,,1.0,4.0,100.0,,,,True,,22.0,,True,,90,0.15999999999999998
rf,False,3292.8486328125,Substructure,strict,hcv_ns34a,0.955,0.9388172923861743,29498033,0.7933316368110808,0.9566153846153845,0.955,,0.8842105263157894,0.8429704397981255,23199101,0.7089643895920477,0.8080701754385965,0.8842105263157894,,0.9414758269720102,0.9236641221374046,0.9618320610687023,0.9389312977099237,,,,,,,,,,None,sqrt,,1.0,4.0,500.0,,,,True,,22.0,,True,,80,0.08999999999999998
hgb,True,2063.533203125,Substructure,strict,hcv_ns34a,0.98989898989899,0.9942196531791907,24264782,0.9544723558254281,0.9971014492753624,0.9913544668587896,0.9795918367346939,0.9864864864864865,0.993103448275862,17400323,0.7022468831767834,0.9863013698630136,1.0,0.5,0.9775371263980848,0.9626865671641791,0.9849624060150376,0.9849624060150376,,,,,True,,0.1,,0.01,10,,99999999.0,8.0,,,100.0,,,,,22.0,,True,,90,0.15999999999999998
hgb,False,855.63671875,Substructure,strict,hcv_ns34a,0.9275,0.9112487505830612,11927649,0.6859733464202677,0.8988857142857144,0.9275,,0.8736842105263158,0.834095583787054,7731221,0.6850025489492658,0.8021337126600285,0.8736842105263158,,0.9363867684478372,0.9236641221374046,0.9618320610687023,0.9236641221374046,,,,,True,,0.1,,0.01,20,,10000.0,8.0,,,100.0,,,,,22.0,,True,,80,0.15999999999999998
svm,True,529.3115234375,Substructure,strict,hcv_ns34a,0.9924242424242424,0.9956709956709957,4492199,0.9654327992332525,0.9971098265895953,0.9942363112391931,0.9795918367346939,1.0,1.0,2782493,1.0,1.0,1.0,1.0,0.984999812965249,0.9850746268656716,0.9849624060150376,0.9849624060150376,10.0,,0.1,2.0,,1.0,,,,,,,,,,,,,,,22.0,False,,,90,0.08999999999999998
svm,False,537.259765625,Substructure,strict,hcv_ns34a,0.96,0.9467724601932536,5862515,0.818394238965002,0.961373062813506,0.96,,0.8842105263157894,0.8429704397981255,3141529,0.7089643895920477,0.8080701754385965,0.8842105263157894,,0.9414758269720102,0.9083969465648855,0.9618320610687023,0.9541984732824428,200.0,,0.1,3.0,,1.0,,,,,,,,,,,,,,,22.0,False,,,90,0.08999999999999998
dt,True,185.630859375,Substructure,strict,hcv_ns34a,0.98989898989899,0.9942196531791907,2308240,0.9544723558254281,0.9971014492753624,0.9913544668587896,0.9795918367346939,0.9864864864864865,0.993103448275862,2095237,0.7022468831767834,0.9863013698630136,1.0,0.5,0.9800246885871395,0.9701492537313433,0.9849624060150376,0.9849624060150376,,,,,,,,,,None,None,,1.0,4.0,,,,,,,22.0,,,,80,0.15999999999999998
dt,False,187.9736328125,Substructure,strict,hcv_ns34a,0.9425,0.9235816235504014,2530607,0.7342599181111333,0.9055833333333334,0.9425,,0.8631578947368421,0.8237099598310845,2235948,0.6517655641047911,0.7902105263157896,0.8631578947368421,,0.9389312977099237,0.9007633587786259,0.9618320610687023,0.9541984732824428,,,,,,,,,,None,None,,2.0,4.0,,,,,,,22.0,,,,90,0.15999999999999998
knn,True,485.4580078125,Substructure,strict,hcv_ns34a,0.9924242424242424,0.9956709956709957,22674122,0.9654327992332525,0.9971098265895953,0.9942363112391931,0.9795918367346939,0.9864864864864865,0.993103448275862,19396851,0.7022468831767834,0.9863013698630136,1.0,0.5,0.9825309542512999,0.9701492537313433,0.9849624060150376,0.9924812030075187,,auto,,,,,,10.0,,,,,,,,,-1.0,5.0,,1.0,,,,distance,90,0.15999999999999998
knn,False,554.1748046875,Substructure,strict,hcv_ns34a,0.9525,0.9364041945892281,19264830,0.7808362197895451,0.9541528925619835,0.9525,,0.8842105263157894,0.8429704397981255,17983949,0.7089643895920477,0.8080701754385965,0.8842105263157894,,0.9414758269720102,0.916030534351145,0.9541984732824428,0.9541984732824428,,ball_tree,,,,,,10.0,,,,,,,,,-1.0,5.0,,1.0,,,,distance,90,0.15999999999999998
rf,True,2080.69140625,AtomPairs2DCount,random,hcv_ns5b,0.953757225433526,0.9636913767019667,15122377,0.9006961046784555,0.9507462686567164,0.9769938650306749,0.9145077720207254,0.9576923076923077,0.967741935483871,9999338,0.9065992851214526,0.9593023255813954,0.9763313609467456,0.9230769230769231,0.9026974951830443,0.9190751445086706,0.9104046242774566,0.8786127167630058,,,,,,,,,,None,sqrt,,2.0,2.0,100.0,,,,True,,22.0,,True,,80,0.08999999999999998
rf,False,3371.716796875,AtomPairs2DCount,random,hcv_ns5b,0.8974550898203593,0.8941370246221807,23845387,0.835389881525844,0.8970119970814417,0.8974550898203593,,0.8716417910447761,0.8671157504168663,11475527,0.8002839811378069,0.8767208678017536,0.8716417910447761,,0.733536554643019,0.7286995515695067,0.7528089887640449,0.7191011235955056,,,,,,,,,,None,sqrt,,1.0,8.0,100.0,,,,True,,22.0,,True,,90,0.08999999999999998
hgb,True,2450.296875,AtomPairs2DCount,random,hcv_ns5b,0.9585741811175337,0.9673003802281369,25288835,0.9110437467697865,0.9592760180995475,0.9754601226993865,0.9300518134715026,0.9769230769230769,0.9822485207100592,13622118,0.9492814877430262,0.9822485207100592,0.9822485207100592,0.967032967032967,0.896917148362235,0.9017341040462428,0.8901734104046243,0.8988439306358381,,,,,True,,0.1,,0.01,None,,10000.0,8.0,,,100.0,,,,,22.0,,True,,80,0.15999999999999998
hgb,False,3313.9580078125,AtomPairs2DCount,random,hcv_ns5b,0.8967065868263473,0.8949404105970082,142673988,0.834078289020737,0.8954165228729868,0.8967065868263473,,0.9014925373134328,0.9002582109009585,20801824,0.8445448237099074,0.9027181696991403,0.9014925373134328,,0.7245477905980753,0.7286995515695067,0.7438202247191011,0.701123595505618,,,,,True,,0.1,,0.01,None,,1000.0,16.0,,,100.0,,,,,22.0,,True,,90,0.15999999999999998
svm,True,1300.76953125,AtomPairs2DCount,random,hcv_ns5b,0.941233140655106,0.9545115585384042,117167392,0.8743483265649029,0.9288824383164006,0.9815950920245399,0.8730569948186528,0.9538461538461539,0.9649122807017544,32013225,0.8980475698665271,0.953757225433526,0.9763313609467456,0.9120879120879121,0.8901734104046243,0.8930635838150289,0.9017341040462428,0.8757225433526011,1.0,,0.0,2.0,,0.005,,,,,,,,,,,,,,,22.0,True,,,80,0.15999999999999998
svm,False,1694.5498046875,AtomPairs2DCount,random,hcv_ns5b,0.8592814371257484,0.8546069402434169,199494841,0.7727719400268525,0.8552419720885239,0.8592814371257484,,0.844776119402985,0.839606079500964,51875804,0.7562275354354121,0.845509012497599,0.844776119402985,,0.7230664584068122,0.7062780269058296,0.7460674157303371,0.7168539325842697,10.0,,0.1,2.0,,0.001,,,,,,,,,,,,,,,22.0,False,,,90,0.08999999999999998
dt,True,209.435546875,AtomPairs2DCount,random,hcv_ns5b,0.9450867052023122,0.9572393098274569,5215481,0.8822533550622327,0.9368575624082232,0.9785276073619632,0.8886010362694301,0.9423076923076923,0.956268221574344,4222782,0.8723750416671138,0.9425287356321839,0.9704142011834319,0.8901098901098901,0.8699421965317918,0.8728323699421965,0.861271676300578,0.8757225433526011,,,,,,,,,,30,None,,2.0,4.0,,,,,,,22.0,,,,90,0.08999999999999998
dt,False,226.8125,AtomPairs2DCount,random,hcv_ns5b,0.7859281437125748,0.7805098540299039,6997745,0.6532578604920752,0.7781651726248539,0.7859281437125748,,0.7701492537313432,0.7607569972547411,4180689,0.6358630030593122,0.7665568516476988,0.7701492537313432,,0.6871466720411146,0.6591928251121076,0.701123595505618,0.701123595505618,,,,,,,,,,None,sqrt,,4.0,3.0,,,,,,,22.0,,,,90,0.08999999999999998
knn,True,1616.7314453125,AtomPairs2DCount,random,hcv_ns5b,0.9614643545279383,0.9697428139183056,62107030,0.9173639163193679,0.9567164179104478,0.9831288343558282,0.9248704663212435,0.9769230769230769,0.9823529411764705,34796600,0.9491599798322069,0.9766081871345029,0.9881656804733728,0.9560439560439561,0.884393063583815,0.884393063583815,0.884393063583815,0.884393063583815,,ball_tree,,,,,,50.0,,,,,,,,,-1.0,3.0,,1.0,,,,distance,80,0.15999999999999998
knn,False,1978.6796875,AtomPairs2DCount,random,hcv_ns5b,0.7769461077844312,0.7640627593350169,147584291,0.6368148121728863,0.7660939881864846,0.7769461077844312,,0.7343283582089553,0.7242436683475044,57651211,0.5756266555925492,0.7279356977437669,0.7343283582089553,,0.7163097697384995,0.726457399103139,0.7370786516853932,0.6853932584269663,,kd_tree,,,,,,50.0,,,,,,,,,-1.0,7.0,,1.0,,,,uniform,80,0.15999999999999998
rf,True,8631.7998046875,AtomPairs2DCount,stratified,hcv_ns5b,0.9614643545279383,0.9695121951219512,64013256,0.9175580094151269,0.9592760180995475,0.9799691833590138,0.9305912596401028,0.9653846153846154,0.9737609329446064,35756015,0.9229485992675237,0.9766081871345029,0.9709302325581395,0.9545454545454546,0.8921001926782274,0.8959537572254336,0.9190751445086706,0.861271676300578,,,,,,,,,,20,log2,,2.0,2.0,500.0,,,,True,,22.0,,True,,80,0.15999999999999998
rf,False,5615.720703125,AtomPairs2DCount,stratified,hcv_ns5b,0.9258982035928144,0.9253575793274456,23822441,0.8822541990021947,0.9254103264938813,0.9258982035928144,,0.9313432835820895,0.9310284209915428,12651912,0.8875828787363526,0.9314080588009661,0.9313432835820895,,0.7275457247946792,0.726457399103139,0.7348314606741573,0.7213483146067415,,,,,,,,,,30,log2,,1.0,3.0,100.0,,,,True,,22.0,,True,,80,0.15999999999999998
hgb,True,1771.5625,AtomPairs2DCount,stratified,hcv_ns5b,0.9624277456647399,0.9701606732976281,20729259,0.9196108331425153,0.9635258358662614,0.9768875192604006,0.9383033419023136,0.9653846153846154,0.9740634005763689,11707930,0.9223633614742143,0.9657142857142857,0.9825581395348837,0.9318181818181818,0.8901734104046243,0.8988439306358381,0.9132947976878613,0.8583815028901735,,,,,True,,0.0,,0.01,20,,1000.0,16.0,,,100.0,,,,,22.0,,True,,80,0.08999999999999998
hgb,False,3091.7978515625,AtomPairs2DCount,stratified,hcv_ns5b,0.8712574850299402,0.8699040568172253,33845959,0.7950045857108322,0.8693577940162581,0.8712574850299402,,0.8895522388059701,0.8900584766269086,18530759,0.8205608262720012,0.8912055065419977,0.8895522388059701,,0.7282981474950034,0.7219730941704036,0.7213483146067415,0.7415730337078652,,,,,True,,0.1,,0.01,50,,99999999.0,32.0,,,100.0,,,,,22.0,,True,,90,0.15999999999999998
svm,True,1017.15625,AtomPairs2DCount,stratified,hcv_ns5b,0.9595375722543352,0.9681335356600911,69922749,0.9135481486349653,0.953662182361734,0.9830508474576272,0.9203084832904884,0.9461538461538461,0.9593023255813954,22216291,0.8797568710359408,0.9593023255813954,0.9593023255813954,0.9204545454545454,0.9104046242774567,0.9190751445086706,0.9190751445086706,0.8930635838150289,10.0,,0.1,3.0,,0.001,,,,,,,,,,,,,,,22.0,True,,,80,0.08999999999999998
svm,False,1712.1787109375,AtomPairs2DCount,stratified,hcv_ns5b,0.8458083832335329,0.8414603428026077,204876891,0.7540942264974115,0.8424772652237487,0.8458083832335329,,0.8805970149253731,0.8789409014649054,52718319,0.8038477024042671,0.8791550358637578,0.8805970149253731,,0.7260576745435917,0.7130044843049327,0.7168539325842697,0.748314606741573,10.0,,0.5,3.0,,0.001,,,,,,,,,,,,,,,22.0,True,,,90,0.08999999999999998
dt,True,211.935546875,AtomPairs2DCount,stratified,hcv_ns5b,0.9354527938342967,0.9493575207860923,5384561,0.8616362439524915,0.9317507418397626,0.9676425269645609,0.8817480719794345,0.926923076923077,0.9452449567723343,4416220,0.8357251844571276,0.9371428571428572,0.9534883720930233,0.875,0.8699421965317921,0.9046242774566474,0.8786127167630058,0.8265895953757225,,,,,,,,,,None,sqrt,,1.0,8.0,,,,,,,22.0,,,,80,0.15999999999999998
dt,False,215.1298828125,AtomPairs2DCount,stratified,hcv_ns5b,0.811377245508982,0.8075869235069335,5580458,0.6988056205223706,0.8066859534466735,0.811377245508982,,0.8417910447761194,0.8415600245259365,5183792,0.741368454186404,0.8417642878046742,0.8417910447761194,,0.6826506105036865,0.6614349775784754,0.6921348314606741,0.6943820224719102,,,,,,,,,,10,None,,2.0,4.0,,,,,,,22.0,,,,80,0.08999999999999998
knn,True,1659.0009765625,AtomPairs2DCount,stratified,hcv_ns5b,0.9749518304431599,0.9801223241590215,74744113,0.9464756010881384,0.9726858877086495,0.987673343605547,0.9537275064267352,0.9653846153846154,0.9739130434782609,31086755,0.9225199721352687,0.9710982658959537,0.9767441860465116,0.9431818181818182,0.8815028901734103,0.8901734104046243,0.8872832369942196,0.8670520231213873,,kd_tree,,,,,,50.0,,,,,,,,,-1.0,5.0,,1.0,,,,distance,80,0.15999999999999998
knn,False,2035.236328125,AtomPairs2DCount,stratified,hcv_ns5b,0.9311377245508982,0.9305209774245508,80550017,0.8906720362661249,0.9309160040976132,0.9311377245508982,,0.9313432835820895,0.9312177634835979,48206397,0.8875252132956024,0.9313077758644125,0.9313432835820895,,0.7088241715792479,0.7197309417040358,0.7033707865168539,0.7033707865168539,,auto,,,,,,50.0,,,,,,,,,-1.0,5.0,,1.0,,,,distance,80,0.08999999999999998
rf,True,1721.5859375,AtomPairs2DCount,strict,hcv_ns5b,0.9671669793621013,0.9751948972360028,16108468,0.9267038838287852,0.9717514124293786,0.9786628733997155,0.9449035812672176,0.8879310344827587,0.8839285714285714,9467650,0.7803690740555328,0.9339622641509434,0.8389830508474576,0.9385964912280702,0.8905281213609039,0.9159663865546218,0.8932584269662921,0.8623595505617978,,,,,,,,,,30,None,,2.0,3.0,100.0,,,,True,,22.0,,True,,80,0.15999999999999998
rf,False,3531.7724609375,AtomPairs2DCount,strict,hcv_ns5b,0.9035277177825773,0.9017413637752147,23890655,0.8459398509558166,0.9033480248409396,0.9035277177825773,,0.8404255319148937,0.8331316871534413,11205489,0.7437552425540334,0.8361383965356446,0.8404255319148937,,0.7358238845974311,0.7303609341825902,0.7579617834394905,0.7191489361702128,,,,,,,,,,30,sqrt,,1.0,8.0,100.0,,,,True,,22.0,,True,,90,0.08999999999999998
hgb,True,2575.998046875,AtomPairs2DCount,strict,hcv_ns5b,0.9690431519699813,0.976545842217484,25655149,0.9310307019504956,0.9758522727272727,0.9772403982930299,0.953168044077135,0.896551724137931,0.8928571428571429,36367208,0.7976774512238773,0.9433962264150944,0.847457627118644,0.9473684210526315,0.8867932940966649,0.9047619047619048,0.901685393258427,0.8539325842696629,,,,,True,,0.1,,0.01,None,,10000.0,16.0,,,100.0,,,,,22.0,,True,,90,0.15999999999999998
hgb,False,3191.6572265625,AtomPairs2DCount,strict,hcv_ns5b,0.8876889848812095,0.8858920785141435,41708246,0.820132004451367,0.8860986859271733,0.8876889848812095,,0.8297872340425532,0.8197464723918826,17922203,0.7270480195148918,0.8273698485606518,0.8297872340425532,,0.7323003719263376,0.7197452229299363,0.7367303609341825,0.7404255319148936,,,,,True,,0.1,,0.01,20,,1000.0,32.0,,,100.0,,,,,22.0,,True,,90,0.08999999999999998
svm,True,1020.25390625,AtomPairs2DCount,strict,hcv_ns5b,0.9568480300187617,0.967605633802817,75206683,0.903411311768317,0.9581589958158996,0.9772403982930299,0.9173553719008265,0.9008620689655172,0.8940092165898618,19144600,0.8131500302508954,0.9797979797979798,0.8220338983050848,0.9824561403508771,0.8877322464566352,0.9019607843137255,0.901685393258427,0.8595505617977528,10.0,,0.1,4.0,,0.001,,,,,,,,,,,,,,,22.0,False,,,80,0.08999999999999998
svm,False,1514.7880859375,AtomPairs2DCount,strict,hcv_ns5b,0.8387329013678906,0.8353962284675451,197142071,0.7404221664283408,0.8350959875810752,0.8387329013678906,,0.8262411347517731,0.818053398464257,42395661,0.7206948067876264,0.8203711821035896,0.8262411347517731,,0.7344400776979717,0.7176220806794055,0.721868365180467,0.7638297872340426,10.0,,0.0,4.0,,0.001,,,,,,,,,,,,,,,22.0,True,,,80,0.15999999999999998
dt,True,206.599609375,AtomPairs2DCount,strict,hcv_ns5b,0.9446529080675422,0.958362738179252,5230330,0.8760947655782212,0.9509803921568627,0.9658605974395448,0.9035812672176309,0.9137931034482759,0.9180327868852459,4547449,0.829310002600507,0.8888888888888888,0.9491525423728814,0.8771929824561403,0.8802521008403362,0.8907563025210085,0.8876404494382022,0.8623595505617978,,,,,,,,,,10,None,,1.0,4.0,,,,,,,22.0,,,,80,0.15999999999999998
dt,False,227.6884765625,AtomPairs2DCount,strict,hcv_ns5b,0.7948164146868251,0.7897443411747603,5549929,0.6683899366363573,0.7890496277698112,0.7948164146868251,,0.7659574468085106,0.7571336528639899,4125225,0.6215230912457546,0.7551586204575021,0.7659574468085106,,0.7004216169008145,0.6985138004246284,0.7070063694267515,0.6957446808510638,,,,,,,,,,30,sqrt,,4.0,3.0,,,,,,,22.0,,,,80,0.08999999999999998
knn,True,1934.4580078125,AtomPairs2DCount,strict,hcv_ns5b,0.9784240150093808,0.9837225760792639,72982062,0.9518387240350974,0.9788732394366197,0.9886201991465149,0.9586776859504132,0.9094827586206896,0.905829596412556,40446261,0.8244376248848546,0.9619047619047619,0.8559322033898306,0.9649122807017544,0.8793183940242764,0.8879551820728291,0.8848314606741573,0.8651685393258427,,ball_tree,,,,,,50.0,,,,,,,,,-1.0,3.0,,1.0,,,,distance,100,0.15999999999999998
knn,False,2137.119140625,AtomPairs2DCount,strict,hcv_ns5b,0.7768178545716342,0.7674486387571064,137370111,0.6381795157125677,0.7688027872796543,0.7768178545716342,,0.7659574468085106,0.7565067542325701,58520975,0.6216921425896274,0.7531847192030974,0.7659574468085106,,0.7202556805348511,0.7070063694267515,0.732484076433121,0.7212765957446808,,brute,,,,,,10.0,,,,,,,,,-1.0,5.0,,1.0,,,,uniform,80,0.08999999999999998
rf,True,9251.7119140625,AtomPairs2D,random,hcv_ns5b,0.9441233140655106,0.9559270516717325,59328944,0.8799015061452065,0.947289156626506,0.9647239263803681,0.9093264248704663,0.9653846153846154,0.9736070381231672,35670728,0.9236406250673446,0.9651162790697675,0.9822485207100592,0.9340659340659341,0.8872832369942197,0.8872832369942196,0.8988439306358381,0.8757225433526011,,,,,,,,,,20,None,,1.0,4.0,500.0,,,,True,,22.0,,True,,90,0.08999999999999998
rf,False,17851.0986328125,AtomPairs2D,random,hcv_ns5b,0.8308383233532934,0.8235535627072127,85590729,0.7268279960650904,0.8250900545209293,0.8308383233532934,,0.817910447761194,0.809464040311498,43564850,0.7161748435167373,0.8272016178903913,0.817910447761194,,0.7081036596630893,0.6816143497757847,0.7303370786516854,0.7123595505617978,,,,,,,,,,20,sqrt,,1.0,8.0,500.0,,,,True,,22.0,,True,,90,0.08999999999999998
hgb,True,3900.3828125,AtomPairs2D,random,hcv_ns5b,0.9450867052023122,0.9565879664889566,34435085,0.8820457918945194,0.9500756429652042,0.9631901840490797,0.9145077720207254,0.95,0.9614243323442137,29799998,0.8904195104826416,0.9642857142857143,0.9585798816568047,0.9340659340659341,0.8747591522157996,0.8757225433526011,0.8872832369942196,0.861271676300578,,,,,True,,0.1,,0.01,20,,10000.0,16.0,,,100.0,,,,,22.0,,True,,90,0.08999999999999998
hgb,False,3776.5009765625,AtomPairs2D,random,hcv_ns5b,0.8226047904191617,0.8160727496805344,40478671,0.7133609884193806,0.8168269035918906,0.8226047904191617,,0.8059701492537313,0.7987824999599211,19298270,0.6951597656536264,0.8108401874611808,0.8059701492537313,,0.7043566617960733,0.6838565022421524,0.7191011235955056,0.7101123595505618,,,,,True,,0.01,,0.01,None,,99999999.0,16.0,,,100.0,,,,,22.0,,True,,90,0.08999999999999998
svm,True,757.2197265625,AtomPairs2D,random,hcv_ns5b,0.941233140655106,0.9533282325937261,34144614,0.8740223432960569,0.9511450381679389,0.9555214723926381,0.917098445595855,0.9538461538461539,0.9647058823529412,10936423,0.8981755583550963,0.9590643274853801,0.9704142011834319,0.9230769230769231,0.8776493256262042,0.8959537572254336,0.8786127167630058,0.8583815028901735,300.0,,0.1,2.0,,0.01,,,,,,,,,,,,,,,22.0,False,,,90,0.08999999999999998
svm,False,1065.9326171875,AtomPairs2D,random,hcv_ns5b,0.8368263473053892,0.8301636933656364,84922354,0.7368370526232876,0.8325255208297383,0.8368263473053892,,0.826865671641791,0.8181709160205557,23248015,0.7315677063496833,0.835828572853598,0.826865671641791,,0.69313078382963,0.6704035874439462,0.7033707865168539,0.7056179775280899,200.0,,0.1,3.0,,0.01,,,,,,,,,,,,,,,22.0,True,,,80,0.08999999999999998
dt,True,217.1220703125,AtomPairs2D,random,hcv_ns5b,0.9344894026974951,0.9486404833836858,4733996,0.8590185377735811,0.9345238095238095,0.9631901840490797,0.8860103626943006,0.9423076923076923,0.956268221574344,3975767,0.8723750416671138,0.9425287356321839,0.9704142011834319,0.8901098901098901,0.8718689788053949,0.8641618497109826,0.8988439306358381,0.8526011560693642,,,,,,,,,,20,None,,1.0,3.0,,,,,,,22.0,,,,90,0.15999999999999998
dt,False,276.75390625,AtomPairs2D,random,hcv_ns5b,0.8420658682634731,0.831374559315279,5016285,0.7464851391150187,0.8417356935904345,0.8420658682634731,,0.8238805970149253,0.8141102100491202,4202521,0.7250760771107128,0.8264568578559399,0.8238805970149253,,0.6819032263482306,0.6591928251121076,0.6943820224719102,0.6921348314606741,,,,,,,,,,None,sqrt,,1.0,3.0,,,,,,,22.0,,,,90,0.08999999999999998
knn,True,896.6708984375,AtomPairs2D,random,hcv_ns5b,0.9277456647398844,0.9432248296744891,40294451,0.8444608554047245,0.9312406576980568,0.9555214723926381,0.8808290155440415,0.9461538461538461,0.9590643274853801,38990171,0.8809581774808654,0.9479768786127167,0.9704142011834319,0.9010989010989011,0.8699421965317921,0.869942196531792,0.884393063583815,0.8554913294797688,,brute,,,,,,30.0,,,,,,,,,-1.0,3.0,,1.0,,,,distance,90,0.15999999999999998
knn,False,1426.341796875,AtomPairs2D,random,hcv_ns5b,0.8712574850299402,0.8664606231997061,124787714,0.7931488065637603,0.8693782892753489,0.8712574850299402,,0.8656716417910447,0.8608782897938387,50538169,0.7904110037956245,0.8687403617444793,0.8656716417910447,,0.7043751364605901,0.6591928251121076,0.7348314606741573,0.7191011235955056,,brute,,,,,,50.0,,,,,,,,,-1.0,5.0,,2.0,,,,distance,90,0.08999999999999998
rf,True,8891.25,AtomPairs2D,stratified,hcv_ns5b,0.9508670520231214,0.9608595548733692,60276117,0.8949329720930792,0.9571865443425076,0.9645608628659477,0.9280205655526992,0.9538461538461539,0.9647058823529412,36935221,0.8985847263543496,0.9761904761904762,0.9534883720930233,0.9545454545454546,0.8921001926782274,0.884393063583815,0.9161849710982659,0.8757225433526011,,,,,,,,,,20,None,,1.0,4.0,500.0,,,,True,,22.0,,True,,90,0.08999999999999998
rf,False,20116.99609375,AtomPairs2D,stratified,hcv_ns5b,0.813622754491018,0.806484791221593,145670739,0.7026459870496738,0.8100296301509604,0.813622754491018,,0.826865671641791,0.8188030756602737,69145249,0.712607339533297,0.8174245670743902,0.826865671641791,,0.7058312759275122,0.7152466367713004,0.698876404494382,0.7033707865168539,,,,,,,,,,10,None,,2.0,8.0,1000.0,,,,True,,22.0,,True,,90,0.08999999999999998
hgb,True,3220.8642578125,AtomPairs2D,stratified,hcv_ns5b,0.9441233140655106,0.9556574923547401,30670456,0.8803365629260385,0.9484066767830045,0.963020030816641,0.9125964010282777,0.9538461538461539,0.9651162790697675,16356312,0.8969344608879493,0.9651162790697675,0.9651162790697675,0.9318181818181818,0.882466281310212,0.8786127167630058,0.9017341040462428,0.8670520231213873,,,,,True,,0.1,,0.01,None,,99999999.0,16.0,,,100.0,,,,,22.0,,True,,90,0.08999999999999998
hgb,False,4708.4833984375,AtomPairs2D,stratified,hcv_ns5b,0.8345808383233533,0.8315936002150016,45746172,0.7360294942276603,0.831167107390158,0.8345808383233533,,0.8238805970149253,0.821475343461067,22778072,0.7110396439668737,0.8206132831262994,0.8238805970149253,,0.7013469709947767,0.7017937219730942,0.6831460674157304,0.7191011235955056,,,,,True,,0.01,,0.01,10,,99999999.0,8.0,,,100.0,,,,,22.0,,True,,80,0.08999999999999998
svm,True,703.4931640625,AtomPairs2D,stratified,hcv_ns5b,0.9315992292870906,0.9460076045627377,33562892,0.8532823289788107,0.933933933933934,0.9583975346687211,0.8868894601542416,0.95,0.9623188405797102,10537894,0.8880679191684244,0.9595375722543352,0.9651162790697675,0.9204545454545454,0.8728323699421964,0.8786127167630058,0.884393063583815,0.8554913294797688,300.0,,0.0,2.0,,0.01,,,,,,,,,,,,,,,22.0,True,,,100,0.15999999999999998
svm,False,1122.6982421875,AtomPairs2D,stratified,hcv_ns5b,0.7267964071856288,0.7101171325101395,87353315,0.5610091982125673,0.7179276403683725,0.7267964071856288,,0.7522388059701492,0.7349993003030341,25012393,0.5832622534172375,0.734401494502326,0.7522388059701492,,0.6871181202868613,0.6973094170403588,0.6696629213483146,0.6943820224719102,10.0,,0.1,4.0,,0.01,,,,,,,,,,,,,,,22.0,True,,,80,0.08999999999999998
dt,True,216.63671875,AtomPairs2D,stratified,hcv_ns5b,0.9460500963391136,0.9575757575757575,4388315,0.884484081755642,0.9418777943368107,0.9738058551617874,0.8997429305912596,0.9538461538461539,0.9649122807017544,4666344,0.8976342692291092,0.9705882352941176,0.9593023255813954,0.9431818181818182,0.882466281310212,0.8988439306358381,0.8959537572254336,0.8526011560693642,,,,,,,,,,None,None,,1.0,3.0,,,,,,,22.0,,,,100,0.15999999999999998
dt,False,222.09765625,AtomPairs2D,stratified,hcv_ns5b,0.7747005988023952,0.7654494941419508,5127787,0.6396867440426973,0.7692314102206317,0.7747005988023952,,0.7791044776119403,0.7718566681851537,4220597,0.6367654338637523,0.7730694249994302,0.7791044776119403,,0.6758905628054617,0.6860986547085202,0.6337078651685393,0.7078651685393258,,,,,,,,,,30,None,,4.0,2.0,,,,,,,22.0,,,,90,0.08999999999999998
knn,True,1456.294921875,AtomPairs2D,stratified,hcv_ns5b,0.9460500963391136,0.9576399394856279,62123886,0.8845411460048577,0.9405646359583952,0.975346687211094,0.897172236503856,0.9576923076923077,0.967930029154519,31996667,0.9058179142439975,0.9707602339181286,0.9651162790697675,0.9431818181818182,0.8805394990366088,0.8988439306358381,0.8901734104046243,0.8526011560693642,,ball_tree,,,,,,50.0,,,,,,,,,-1.0,3.0,,1.0,,,,distance,100,0.15999999999999998
knn,False,1321.966796875,AtomPairs2D,stratified,hcv_ns5b,0.8592814371257484,0.855650394910679,55909506,0.7754735125945937,0.857355218222668,0.8592814371257484,,0.8626865671641791,0.8584881902532778,36231836,0.773465743870284,0.8579231554085083,0.8626865671641791,,0.6863707361314053,0.695067264573991,0.6696629213483146,0.6943820224719102,,brute,,,,,,40.0,,,,,,,,,-1.0,3.0,,1.0,,,,distance,80,0.08999999999999998
rf,True,16278.501953125,AtomPairs2D,strict,hcv_ns5b,0.9362101313320825,0.9514285714285714,111181593,0.8586042539635568,0.9555236728837877,0.9473684210526315,0.9146005509641874,0.8922413793103449,0.8868778280542986,59637798,0.7915181179584984,0.9514563106796117,0.8305084745762712,0.956140350877193,0.8923929122210682,0.9243697478991597,0.8960674157303371,0.8567415730337079,,,,,,,,,,10,None,,1.0,4.0,1000.0,,,,True,,22.0,,True,,90,0.15999999999999998
rf,False,3668.380859375,AtomPairs2D,strict,hcv_ns5b,0.8524118070554355,0.848038866556894,20274265,0.7631935135302597,0.8497768071637408,0.8524118070554355,,0.8049645390070922,0.795203276966195,10460046,0.6854643630929762,0.7942328775126556,0.8049645390070922,,0.7117329960398125,0.721868365180467,0.7346072186836518,0.6787234042553192,,,,,,,,,,20,None,,1.0,8.0,100.0,,,,True,,22.0,,True,,90,0.08999999999999998
hgb,True,2130.84375,AtomPairs2D,strict,hcv_ns5b,0.950281425891182,0.9626497533474278,21655449,0.8886680030106762,0.9539106145251397,0.9715504978662873,0.9090909090909091,0.8922413793103449,0.8868778280542986,11661878,0.7915181179584984,0.9514563106796117,0.8305084745762712,0.956140350877193,0.8905228758169934,0.9215686274509803,0.8848314606741573,0.8651685393258427,,,,,True,,0.01,,0.01,10,,10000.0,8.0,,,100.0,,,,,22.0,,True,,90,0.08999999999999998
hgb,False,3880.5498046875,AtomPairs2D,strict,hcv_ns5b,0.7746580273578114,0.763119739024792,62123333,0.6361607484058841,0.7697004182403228,0.7746580273578114,,0.7269503546099291,0.7066624537133482,34735538,0.5559971299767879,0.726400821369499,0.7269503546099291,,0.7046588667540016,0.6857749469214437,0.7452229299363057,0.6829787234042554,,,,,True,,0.0,,0.01,10,,99999999.0,64.0,,,100.0,,,,,22.0,,True,,90,0.15999999999999998
svm,True,764.15234375,AtomPairs2D,strict,hcv_ns5b,0.9474671669793621,0.9607293127629734,34472782,0.8822473342797577,0.9474412171507607,0.9743954480796586,0.8953168044077136,0.9396551724137931,0.9380530973451328,10678316,0.8827320515149985,0.9814814814814815,0.8983050847457628,0.9824561403508771,0.8858648328245157,0.896358543417367,0.901685393258427,0.8595505617977528,200.0,,0.5,3.0,,0.01,,,,,,,,,,,,,,,22.0,False,,,90,0.08999999999999998
svm,False,1120.484375,AtomPairs2D,strict,hcv_ns5b,0.8624910007199424,0.85847154254391,106755379,0.7793252130509806,0.8593876555884169,0.8624910007199424,,0.8085106382978723,0.7989759579309177,24784864,0.6917820472992896,0.8039850405346833,0.8085106382978723,,0.6975802201442532,0.6772823779193206,0.7346072186836518,0.6808510638297872,300.0,,0.1,3.0,,0.01,,,,,,,,,,,,,,,22.0,False,,,90,0.08999999999999998
dt,True,218.5361328125,AtomPairs2D,strict,hcv_ns5b,0.9465290806754222,0.9603340292275574,4695073,0.8803627464590044,0.9400544959128065,0.9815078236130867,0.8787878787878788,0.8663793103448276,0.8634361233480177,4035043,0.7352480627187816,0.8990825688073395,0.8305084745762712,0.9035087719298246,0.8783637050325748,0.907563025210084,0.9073033707865169,0.8202247191011236,,,,,,,,,,30,None,,1.0,3.0,,,,,,,22.0,,,,90,0.15999999999999998
dt,False,230.17578125,AtomPairs2D,strict,hcv_ns5b,0.7984161267098632,0.7864437272702788,4757998,0.674932699692624,0.7930913393759987,0.7984161267098632,,0.7304964539007093,0.7026975589896397,4145175,0.562089664174511,0.707483971408005,0.7304964539007093,,0.6855520922738703,0.6645435244161358,0.7070063694267515,0.6851063829787234,,,,,,,,,,10,None,,2.0,3.0,,,,,,,22.0,,,,90,0.15999999999999998
knn,True,1995.005859375,AtomPairs2D,strict,hcv_ns5b,0.9577861163227017,0.9684653118430273,62577127,0.9055737368348576,0.9544198895027625,0.9829302987197724,0.9090909090909091,0.9008620689655172,0.8968609865470852,31649911,0.8071156244344574,0.9523809523809523,0.847457627118644,0.956140350877193,0.87836632780453,0.9047619047619048,0.8820224719101124,0.848314606741573,,ball_tree,,,,,,50.0,,,,,,,,,-1.0,3.0,,1.0,,,,distance,90,0.08999999999999998
knn,False,1460.669921875,AtomPairs2D,strict,hcv_ns5b,0.8732901367890569,0.8687016500731225,97709068,0.7976756521005183,0.8719094656432813,0.8732901367890569,,0.8333333333333334,0.8286239217821397,69890920,0.7319142514446725,0.82943859356913,0.8333333333333334,,0.6947478580355663,0.6751592356687898,0.7303609341825902,0.6787234042553192,,brute,,,,,,50.0,,,,,,,,,-1.0,5.0,,2.0,,,,distance,90,0.08999999999999998
rf,True,2565.8076171875,EState,random,hcv_ns5b,0.9007707129094412,0.9215536938309216,12620425,0.7867143120958406,0.9152798789712556,0.9279141104294478,0.8549222797927462,0.9153846153846154,0.935672514619883,8340833,0.8126006079382182,0.9248554913294798,0.9467455621301775,0.8571428571428571,0.8526011560693642,0.8641618497109826,0.8439306358381503,0.8497109826589595,,,,,,,,,,10,sqrt,,1.0,3.0,100.0,,,,True,,22.0,,True,,90,0.08999999999999998
rf,False,23087.25390625,EState,random,hcv_ns5b,0.7747005988023952,0.7670137724903073,79440873,0.6336000580473756,0.7652786648700783,0.7747005988023952,,0.755223880597015,0.7472923101951114,37419162,0.6143444486509156,0.7553206358388543,0.755223880597015,,0.6774105238407149,0.6569506726457399,0.698876404494382,0.6764044943820224,,,,,,,,,,None,log2,,1.0,3.0,500.0,,,,True,,22.0,,True,,90,0.08999999999999998
hgb,True,3733.76171875,EState,random,hcv_ns5b,0.9065510597302505,0.9258976317799847,22741581,0.7994785982348912,0.9223744292237442,0.9294478527607362,0.8678756476683938,0.9230769230769231,0.9408284023668639,15137956,0.830938292476754,0.9408284023668639,0.9408284023668639,0.8901098901098901,0.8391136801541426,0.8641618497109826,0.815028901734104,0.838150289017341,,,,,True,,0.0,,0.01,None,,1000.0,8.0,,,100.0,,,,,22.0,,True,,100,0.08999999999999998
hgb,False,3550.7529296875,EState,random,hcv_ns5b,0.7589820359281437,0.7439811858030538,36345795,0.6083515099299724,0.746094714261512,0.7589820359281437,,0.7164179104477612,0.7032850328519783,246707434,0.5565958428266349,0.7218856380131934,0.7164179104477612,,0.6714230530222872,0.6502242152466368,0.6808988764044944,0.6831460674157304,,,,,True,,0.1,,0.01,None,,1000.0,8.0,,,100.0,,,,,22.0,,True,,100,0.08999999999999998
svm,True,564.7314453125,EState,random,hcv_ns5b,0.8660886319845857,0.8957239309827457,25883969,0.7102027928864816,0.8766519823788547,0.9156441717791411,0.7823834196891192,0.8846153846153846,0.9132947976878613,7938842,0.742928105452684,0.8926553672316384,0.9349112426035503,0.7912087912087912,0.8526011560693642,0.8670520231213873,0.8526011560693642,0.838150289017341,10.0,,0.0,4.0,,1.0,,,,,,,,,,,,,,,22.0,True,,,80,0.08999999999999998
svm,False,643.00390625,EState,random,hcv_ns5b,0.7732035928143712,0.759356744806551,56561574,0.6308955691983626,0.762446781314219,0.7732035928143712,,0.7522388059701492,0.7395033899938193,15248203,0.6084019927807919,0.7529400174176294,0.7522388059701492,,0.6721737962076553,0.647982062780269,0.6853932584269663,0.6831460674157304,1.0,,0.1,3.0,,1.0,,,,,,,,,,,,,,,22.0,False,,,90,0.08999999999999998
dt,True,206.6357421875,EState,random,hcv_ns5b,0.9017341040462428,0.9251101321585903,1355014,0.7890332308703676,0.8873239436619719,0.9662576687116564,0.7927461139896373,0.926923076923077,0.9461756373937678,1304306,0.8403726958981742,0.907608695652174,0.9881656804733728,0.8131868131868132,0.8352601156069364,0.838150289017341,0.8352601156069365,0.8323699421965318,,,,,,,,,,None,None,,1.0,3.0,,,,,,,22.0,,,,100,0.08999999999999998
dt,False,231.9326171875,EState,random,hcv_ns5b,0.7732035928143712,0.7604803520754285,1639447,0.6304639908328101,0.7650125052509594,0.7732035928143712,,0.7522388059701492,0.7382068646385194,1435872,0.608425740792677,0.7520791620721292,0.7522388059701492,,0.6706639122621386,0.6636771300448431,0.6876404494382022,0.6606741573033708,,,,,,,,,,30,None,,1.0,2.0,,,,,,,22.0,,,,90,0.08999999999999998
knn,True,559.935546875,EState,random,hcv_ns5b,0.8795761078998073,0.9070631970260223,45293595,0.7392810531534032,0.8802308802308803,0.9355828220858896,0.7849740932642487,0.9115384615384615,0.9337175792507204,19977532,0.8034768405825439,0.9101123595505618,0.9585798816568047,0.8241758241758241,0.8458574181117534,0.846820809248555,0.8554913294797688,0.8352601156069365,,brute,,,,,,50.0,,,,,,,,,-1.0,7.0,,1.0,,,,distance,90,0.08999999999999998
knn,False,609.9736328125,EState,random,hcv_ns5b,0.7769461077844312,0.7634602128896634,120137303,0.6372299027376871,0.7684915649798272,0.7769461077844312,,0.7432835820895523,0.7298812436629976,19811506,0.5936148441111548,0.7442938304405836,0.7432835820895523,,0.6729312574528477,0.6367713004484304,0.701123595505618,0.6808988764044944,,brute,,,,,,50.0,,,,,,,,,-1.0,9.0,,2.0,,,,distance,90,0.08999999999999998
rf,True,11135.78515625,EState,stratified,hcv_ns5b,0.9084778420038536,0.9279757391963609,57354532,0.8033329847056546,0.9134328358208955,0.9429892141756548,0.8508997429305912,0.9192307692307692,0.9398280802292264,30899149,0.8178735753196993,0.9265536723163842,0.9534883720930233,0.8522727272727273,0.8535645472061657,0.8670520231213873,0.884393063583815,0.8092485549132948,,,,,,,,,,10,sqrt,,1.0,2.0,500.0,,,,True,,22.0,,True,,100,0.08999999999999998
rf,False,11324.33984375,EState,stratified,hcv_ns5b,0.7432634730538922,0.7287309740287216,68805487,0.5883749273897081,0.7369790245290275,0.7432634730538922,,0.7671641791044777,0.7566453988663763,32680319,0.6106412638361142,0.7539434039327888,0.7671641791044777,,0.6773853311163736,0.6905829596412556,0.6876404494382022,0.6539325842696629,,,,,,,,,,10,sqrt,,2.0,2.0,500.0,,,,True,,22.0,,True,,100,0.08999999999999998
hgb,True,1389.515625,EState,stratified,hcv_ns5b,0.869942196531792,0.89749430523918,9783943,0.7202904932336005,0.8847305389221557,0.9106317411402157,0.8020565552699229,0.8923076923076924,0.9190751445086706,6297758,0.7582848055103236,0.9137931034482759,0.9244186046511628,0.8295454545454546,0.8429672447013488,0.838150289017341,0.884393063583815,0.8063583815028902,,,,,True,,0.01,,0.01,None,,1000.0,16.0,,,100.0,,,,,22.0,,True,,100,0.08999999999999998
hgb,False,3592.5732421875,EState,stratified,hcv_ns5b,0.7440119760479041,0.7346522758864346,33293062,0.5898356419568096,0.7346413554383604,0.7440119760479041,,0.8029850746268656,0.7991767708298867,15873240,0.6745881697354124,0.7980853088662594,0.8029850746268656,,0.6714028988428141,0.6771300448430493,0.6719101123595506,0.6651685393258427,,,,,True,,0.01,,0.01,50,,99999999.0,8.0,,,100.0,,,,,22.0,,True,,90,0.08999999999999998
svm,True,597.8564453125,EState,stratified,hcv_ns5b,0.9248554913294798,0.9410876132930514,28080722,0.838706239896929,0.922962962962963,0.9599383667180277,0.8663239074550129,0.926923076923077,0.9452449567723343,7505215,0.8357251844571276,0.9371428571428572,0.9534883720930233,0.875,0.8535645472061657,0.8641618497109826,0.8959537572254336,0.8005780346820809,10.0,,0.0,2.0,,1.0,,,,,,,,,,,,,,,22.0,True,,,100,0.08999999999999998
svm,False,636.91015625,EState,stratified,hcv_ns5b,0.7657185628742516,0.7564058794632273,53813329,0.6261232665982724,0.7628840752866233,0.7657185628742516,,0.7910447761194029,0.785434714539192,14252817,0.6540242783607103,0.7840868593099061,0.7910447761194029,,0.6751431786500058,0.6838565022421524,0.6674157303370787,0.6741573033707865,200.0,,0.1,4.0,,1.0,,,,,,,,,,,,,,,22.0,True,,,90,0.08999999999999998
dt,True,208.36328125,EState,stratified,hcv_ns5b,0.9007707129094412,0.9228464419475655,1600213,0.7865118471694744,0.8979591836734694,0.9491525423728814,0.8200514138817481,0.9230769230769231,0.943502824858757,1377106,0.8265530062514809,0.9175824175824175,0.9709302325581395,0.8295454545454546,0.836223506743738,0.8526011560693642,0.8526011560693642,0.8034682080924855,,,,,,,,,,30,None,,1.0,3.0,,,,,,,22.0,,,,90,0.08999999999999998
dt,False,219.1669921875,EState,stratified,hcv_ns5b,0.7357784431137725,0.7205652460244466,1374374,0.5738683834889966,0.7261830676099663,0.7357784431137725,,0.764179104477612,0.7559120133187806,1265652,0.6050355514608363,0.7540023425895978,0.764179104477612,,0.6601820594212392,0.6569506726457399,0.6674157303370787,0.6561797752808989,,,,,,,,,,10,None,,1.0,3.0,,,,,,,22.0,,,,100,0.15999999999999998
knn,True,584.271484375,EState,stratified,hcv_ns5b,0.9161849710982659,0.9349289454001496,81866817,0.8202332518327774,0.9084302325581395,0.963020030816641,0.8380462724935732,0.9346153846153846,0.9515669515669516,18858228,0.8527024926735717,0.9329608938547486,0.9709302325581395,0.8636363636363636,0.8516377649325627,0.8526011560693642,0.8872832369942196,0.815028901734104,,auto,,,,,,10.0,,,,,,,,,-1.0,7.0,,2.0,,,,distance,100,0.08999999999999998
knn,False,817.1162109375,EState,stratified,hcv_ns5b,0.7537425149700598,0.7437070516538851,43441527,0.6041992530485946,0.7426658535312572,0.7537425149700598,,0.8029850746268656,0.79930917796861,28733520,0.6731046616291834,0.7972383171487195,0.8029850746268656,,0.6639105826237383,0.679372197309417,0.6561797752808989,0.6561797752808989,,kd_tree,,,,,,30.0,,,,,,,,,-1.0,7.0,,2.0,,,,distance,90,0.08999999999999998
rf,True,19464.12890625,EState,strict,hcv_ns5b,0.8724202626641651,0.9031339031339032,125382390,0.7163280597832475,0.9044222539229672,0.9018492176386913,0.8154269972451791,0.9094827586206896,0.9121338912133892,57526332,0.8191052605168335,0.9008264462809917,0.923728813559322,0.8947368421052632,0.8568674660875587,0.865546218487395,0.8651685393258427,0.8398876404494382,,,,,,,,,,None,sqrt,,1.0,8.0,1000.0,,,,True,,22.0,,True,,90,0.08999999999999998
rf,False,26582.1435546875,EState,strict,hcv_ns5b,0.7379409647228222,0.7215367478753532,140069743,0.5733170383951843,0.7326593819471949,0.7379409647228222,,0.7304964539007093,0.7143304130162703,63668148,0.5637939384510938,0.7220906193470583,0.7304964539007093,,0.6897923536763487,0.6985138004246284,0.6942675159235668,0.676595744680851,,,,,,,,,,10,sqrt,,1.0,8.0,1000.0,,,,True,,22.0,,True,,100,0.15999999999999998
hgb,True,2685.578125,EState,strict,hcv_ns5b,0.8958724202626641,0.9225401256106072,26851042,0.7651764011478469,0.9054794520547945,0.9402560455192034,0.8099173553719008,0.853448275862069,0.8482142857142857,10789943,0.7111355653821548,0.8962264150943396,0.8050847457627118,0.9035087719298246,0.8512363746996926,0.8795518207282913,0.8455056179775281,0.8286516853932584,,,,,True,,0.01,,0.01,10,,10000.0,16.0,,,100.0,,,,,22.0,,True,,100,0.08999999999999998
hgb,False,3498.328125,EState,strict,hcv_ns5b,0.7408207343412527,0.7291862753015446,34635897,0.5808217826821676,0.7322895862112287,0.7408207343412527,,0.7695035460992907,0.7644135761807522,18104293,0.6310575530297474,0.7636977791582544,0.7695035460992907,,0.6784674225655388,0.6878980891719745,0.673036093418259,0.674468085106383,,,,,True,,0.1,,0.01,20,,1000.0,8.0,,,100.0,,,,,22.0,,True,,90,0.08999999999999998
svm,True,580.9697265625,EState,strict,hcv_ns5b,0.9033771106941839,0.9278206026629292,25764056,0.7825916405728195,0.914364640883978,0.9416785206258891,0.8292011019283747,0.875,0.8825910931174089,6771131,0.752922072894561,0.8449612403100775,0.923728813559322,0.8245614035087719,0.8428382588990653,0.8487394957983193,0.851123595505618,0.8286516853932584,200.0,,0.0,4.0,,1.0,,,,,,,,,,,,,,,22.0,True,,,90,0.08999999999999998
svm,False,614.75390625,EState,strict,hcv_ns5b,0.7372210223182145,0.7209209664371959,63521890,0.5722529726988201,0.7343755783742921,0.7372210223182145,,0.7269503546099291,0.7111990473357713,13779664,0.5574618976906183,0.7181035699260536,0.7269503546099291,,0.6862507717095059,0.6985138004246284,0.6878980891719745,0.6723404255319149,1.0,,0.0,2.0,,1.0,,,,,,,,,,,,,,,22.0,True,,,100,0.15999999999999998
dt,True,206.48828125,EState,strict,hcv_ns5b,0.8893058161350844,0.9178272980501393,1746220,0.7500481866086691,0.8990450204638472,0.9374110953058321,0.7961432506887053,0.8793103448275862,0.8823529411764706,1455196,0.7585899907418886,0.875,0.8898305084745762,0.868421052631579,0.8400318929069756,0.84593837535014,0.848314606741573,0.8258426966292135,,,,,,,,,,30,None,,1.0,2.0,,,,,,,22.0,,,,90,0.08999999999999998
dt,False,227.5888671875,EState,strict,hcv_ns5b,0.7473002159827213,0.7320064899597359,1743611,0.5892235863350487,0.7430775639207873,0.7473002159827213,,0.7269503546099291,0.7106385983066549,1690786,0.5587937183521076,0.7222513947608847,0.7269503546099291,,0.6784644110162473,0.6794055201698513,0.6857749469214437,0.6702127659574468,,,,,,,,,,None,sqrt,,1.0,2.0,,,,,,,22.0,,,,100,0.15999999999999998
knn,True,589.115234375,EState,strict,hcv_ns5b,0.9136960600375235,0.935933147632312,59679985,0.8055740701526897,0.9167803547066848,0.9559032716927454,0.8319559228650137,0.8706896551724138,0.8770491803278688,44322168,0.7427681167587844,0.8492063492063492,0.9067796610169492,0.8333333333333334,0.8503236500592747,0.8543417366946778,0.8595505617977528,0.8370786516853933,,auto,,,,,,10.0,,,,,,,,,-1.0,9.0,,2.0,,,,distance,100,0.08999999999999998
knn,False,765.36328125,EState,strict,hcv_ns5b,0.7422606191504679,0.7251497196796067,82126865,0.5811019888093639,0.7389230192059766,0.7422606191504679,,0.7340425531914894,0.7198184269352882,34497344,0.5697924516748042,0.7267936230602391,0.7340425531914894,,0.6919215190254627,0.6878980891719745,0.70276008492569,0.6851063829787234,,ball_tree,,,,,,10.0,,,,,,,,,-1.0,9.0,,1.0,,,,distance,100,0.15999999999999998
rf,True,2294.673828125,CDKextended,random,hcv_ns5b,0.9701348747591522,0.9763899466869764,22000966,0.9359288022155118,0.9697428139183056,0.9831288343558282,0.9481865284974094,0.9807692307692307,0.9853372434017595,13217194,0.9577233049591285,0.9767441860465116,0.9940828402366864,0.9560439560439561,0.8969171483622351,0.9075144508670521,0.8872832369942196,0.8959537572254336,,,,,,,,,,None,sqrt,,1.0,4.0,100.0,,,,True,,22.0,,True,,100,0.15999999999999998
rf,False,3216.2158203125,CDKextended,random,hcv_ns5b,0.8667664670658682,0.861384709423003,30489600,0.785301568502902,0.8644127920625002,0.8667664670658682,,0.8388059701492537,0.8299975462721872,15234102,0.7496983803042372,0.8440142332482271,0.8388059701492537,,0.7200685242102081,0.7085201793721974,0.7438202247191011,0.7078651685393258,,,,,,,,,,None,sqrt,,2.0,8.0,100.0,,,,True,,22.0,,True,,90,0.08999999999999998
hgb,True,2820.14453125,CDKextended,random,hcv_ns5b,0.9605009633911368,0.9688686408504176,31120963,0.9151980951736716,0.9593984962406015,0.9785276073619632,0.9300518134715026,0.9653846153846154,0.9734513274336283,18000844,0.923761985728674,0.9705882352941176,0.9763313609467456,0.945054945054945,0.8892100192678227,0.9075144508670521,0.8757225433526011,0.884393063583815,,,,,True,,0.01,,0.01,20,,99999999.0,8.0,,,100.0,,,,,22.0,,True,,80,0.15999999999999998
hgb,False,3230.4501953125,CDKextended,random,hcv_ns5b,0.8974550898203593,0.895471397741168,36595217,0.8349285503814871,0.8957513080985824,0.8974550898203593,,0.9164179104477612,0.9156702815700959,20887494,0.8679136817283577,0.9159991318003651,0.9164179104477612,,0.7193194605397961,0.7085201793721974,0.7393258426966293,0.7101123595505618,,,,,True,,0.1,,0.01,20,,99999999.0,8.0,,,100.0,,,,,22.0,,True,,80,0.15999999999999998
svm,True,3716.9921875,CDKextended,random,hcv_ns5b,0.9701348747591522,0.9763899466869764,261549772,0.9359288022155118,0.9697428139183056,0.9831288343558282,0.9481865284974094,0.9653846153846154,0.973293768545994,67913921,0.9241475222433476,0.9761904761904762,0.9704142011834319,0.9560439560439561,0.8978805394990367,0.9104046242774566,0.8815028901734104,0.9017341040462428,200.0,,0.1,2.0,,0.005,,,,,,,,,,,,,,,22.0,False,,,80,0.08999999999999998
svm,False,5534.3935546875,CDKextended,random,hcv_ns5b,0.8166167664670658,0.8090878050821241,489689725,0.7024907682439048,0.8098027674571815,0.8166167664670658,,0.7940298507462686,0.7832358641470425,135923008,0.6774082012970115,0.8011328397119608,0.7940298507462686,,0.7140844124216926,0.6973094170403588,0.7303370786516854,0.7146067415730337,10.0,,0.5,4.0,,0.001,,,,,,,,,,,,,,,22.0,False,,,80,0.15999999999999998
dt,True,230.8642578125,CDKextended,random,hcv_ns5b,0.9566473988439307,0.9660377358490566,9307794,0.9070293727404198,0.950965824665676,0.9815950920245399,0.9145077720207254,0.9576923076923077,0.9681159420289855,6209324,0.9069828324351813,0.9488636363636364,0.9881656804733728,0.9010989010989011,0.8554913294797689,0.869942196531792,0.8526011560693642,0.8439306358381503,,,,,,,,,,30,sqrt,,1.0,3.0,,,,,,,22.0,,,,90,0.08999999999999998
dt,False,227.55078125,CDKextended,random,hcv_ns5b,0.8375748502994012,0.8339867363409275,9939875,0.7383872231101339,0.834775729188595,0.8375748502994012,,0.8059701492537313,0.8022696905084964,6671212,0.6939392673930771,0.8040356333048392,0.8059701492537313,,0.6834080717488789,0.6502242152466368,0.7258426966292135,0.6741573033707865,,,,,,,,,,10,None,,4.0,3.0,,,,,,,22.0,,,,80,0.08999999999999998
knn,True,12841.71875,CDKextended,random,hcv_ns5b,0.9701348747591522,0.9765329295987888,147160399,0.9360779135179591,0.9641255605381166,0.9892638036809815,0.9378238341968912,0.9769230769230769,0.9824561403508771,63504819,0.9493157470235125,0.9710982658959537,0.9940828402366864,0.945054945054945,0.8921001926782273,0.9017341040462428,0.8757225433526011,0.8988439306358381,,ball_tree,,,,,,10.0,,,,,,,,,-1.0,3.0,,1.0,,,,distance,80,0.15999999999999998
knn,False,8640.3720703125,CDKextended,random,hcv_ns5b,0.9311377245508982,0.9302293063522703,193861242,0.8893306369691122,0.9306296730966528,0.9311377245508982,,0.9492537313432836,0.9488908936940057,74716857,0.9199624201532891,0.9495454577899599,0.9492537313432836,,0.7081036596630893,0.6816143497757847,0.748314606741573,0.6943820224719102,,brute,,,,,,10.0,,,,,,,,,-1.0,9.0,,1.0,,,,distance,80,0.08999999999999998
rf,True,3080.7529296875,CDKextended,stratified,hcv_ns5b,0.9720616570327553,0.977743668457406,23842611,0.9402789114890141,0.9740061162079511,0.9815100154083205,0.9562982005141388,0.9769230769230769,0.9824561403508771,13207753,0.9488901059786484,0.9882352941176471,0.9767441860465116,0.9772727272727273,0.8834296724470135,0.8930635838150289,0.8815028901734104,0.8757225433526011,,,,,,,,,,20,log2,,1.0,3.0,100.0,,,,True,,22.0,,True,,80,0.15999999999999998
rf,False,15196.9853515625,CDKextended,stratified,hcv_ns5b,0.8907185628742516,0.8881722599271329,107806156,0.8262800297262681,0.8897016532447893,0.8907185628742516,,0.9014925373134328,0.8983688764709543,47083031,0.8375276135595969,0.8984712936073779,0.9014925373134328,,0.7170521153490871,0.7354260089686099,0.7033707865168539,0.7123595505617978,,,,,,,,,,20,sqrt,,1.0,8.0,500.0,,,,True,,22.0,,True,,100,0.08999999999999998
hgb,True,1818.0693359375,CDKextended,stratified,hcv_ns5b,0.9614643545279383,0.9692307692307692,24889870,0.9176924765350742,0.967741935483871,0.9707241910631741,0.9460154241645244,0.9576923076923077,0.967930029154519,13386886,0.9058179142439975,0.9707602339181286,0.9651162790697675,0.9431818181818182,0.8853564547206165,0.8988439306358381,0.8901734104046243,0.8670520231213873,,,,,True,,0.0,,0.01,None,,10000.0,16.0,,,100.0,,,,,22.0,,True,,80,0.08999999999999998
hgb,False,3649.7587890625,CDKextended,stratified,hcv_ns5b,0.8974550898203593,0.8967542708747122,42359267,0.8367428166545356,0.8966814415577115,0.8974550898203593,,0.9044776119402985,0.9062082001087644,20850480,0.8455430979081674,0.9093501930699962,0.9044776119402985,,0.7185569607497354,0.726457399103139,0.7078651685393258,0.7213483146067415,,,,,True,,0.1,,0.01,None,,10000.0,16.0,,,100.0,,,,,22.0,,True,,80,0.15999999999999998
svm,True,4416.90625,CDKextended,stratified,hcv_ns5b,0.9739884393063584,0.9792467332820907,335025516,0.9444265364611316,0.9769938650306749,0.9815100154083205,0.961439588688946,0.9846153846153847,0.9883720930232558,86933343,0.9656448202959831,0.9883720930232558,0.9883720930232558,0.9772727272727273,0.884393063583815,0.8930635838150289,0.884393063583815,0.8757225433526011,10.0,,0.5,2.0,,0.01,,,,,,,,,,,,,,,22.0,True,,,80,0.15999999999999998
svm,False,8599.0732421875,CDKextended,stratified,hcv_ns5b,0.843562874251497,0.8377967746646633,821125939,0.7507957004662996,0.8411956134082001,0.843562874251497,,0.8507462686567164,0.8453490125131915,213152950,0.7520632229443032,0.8441246349285983,0.8507462686567164,,0.7095681967047917,0.726457399103139,0.698876404494382,0.7033707865168539,1.0,,0.0,2.0,,0.01,,,,,,,,,,,,,,,22.0,True,,,90,0.08999999999999998
dt,True,220.525390625,CDKextended,stratified,hcv_ns5b,0.9691714836223507,0.9753086419753086,8583787,0.9342911417112969,0.9768160741885626,0.9738058551617874,0.961439588688946,0.9730769230769231,0.9795918367346939,5934103,0.94007928429105,0.9824561403508771,0.9767441860465116,0.9659090909090909,0.8651252408477842,0.8872832369942196,0.8728323699421965,0.8352601156069365,,,,,,,,,,30,None,,1.0,2.0,,,,,,,22.0,,,,90,0.15999999999999998
dt,False,244.63671875,CDKextended,stratified,hcv_ns5b,0.8106287425149701,0.8055909975387662,9878479,0.6973040256153006,0.8059303195646027,0.8106287425149701,,0.8059701492537313,0.8062141514394411,6781042,0.6826121866487284,0.8065359477124183,0.8059701492537313,,0.6698846173225173,0.7040358744394619,0.6606741573033708,0.6449438202247191,,,,,,,,,,20,sqrt,,2.0,8.0,,,,,,,22.0,,,,90,0.15999999999999998
knn,True,6276.919921875,CDKextended,stratified,hcv_ns5b,0.976878612716763,0.9815950920245399,108692767,0.9505815422653776,0.9770992366412213,0.9861325115562404,0.961439588688946,0.9769230769230769,0.9825581395348837,56200589,0.9484672304439746,0.9825581395348837,0.9825581395348837,0.9659090909090909,0.8824662813102119,0.8786127167630058,0.8959537572254336,0.8728323699421965,,auto,,,,,,20.0,,,,,,,,,-1.0,3.0,,1.0,,,,distance,80,0.15999999999999998
knn,False,8640.3798828125,CDKextended,stratified,hcv_ns5b,0.8046407185628742,0.7982120551985973,178856675,0.6868280640919762,0.8018731240404157,0.8046407185628742,,0.808955223880597,0.8051122788161986,71903755,0.6825230341912589,0.8044791822975373,0.808955223880597,,0.7043281100418199,0.7219730941704036,0.6651685393258427,0.7258426966292135,,auto,,,,,,10.0,,,,,,,,,-1.0,3.0,,2.0,,,,uniform,80,0.08999999999999998
rf,True,2767.16015625,CDKextended,strict,hcv_ns5b,0.9803001876172608,0.9850533807829182,23285689,0.956169674356164,0.9857549857549858,0.984352773826458,0.9724517906336089,0.9353448275862069,0.933920704845815,12571183,0.8734514660412506,0.9724770642201835,0.8983050847457628,0.9736842105263158,0.8961487216609489,0.9131652661064426,0.9073033707865169,0.8679775280898876,,,,,,,,,,None,sqrt,,1.0,2.0,100.0,,,,True,,22.0,,True,,90,0.08999999999999998
rf,False,18945.2568359375,CDKextended,strict,hcv_ns5b,0.8516918646508279,0.8438517616831009,116434126,0.7626048340540686,0.8485463889482139,0.8516918646508279,,0.8226950354609929,0.8161703124688429,45226315,0.7149896348651457,0.8230374338674685,0.8226950354609929,,0.7322928430531087,0.7303609341825902,0.7367303609341825,0.7297872340425532,,,,,,,,,,None,log2,,2.0,4.0,500.0,,,,True,,22.0,,True,,90,0.08999999999999998
hgb,True,8428.330078125,CDKextended,strict,hcv_ns5b,0.9765478424015009,0.9821300929235168,152513491,0.9481265669792815,0.9870689655172413,0.9772403982930299,0.9752066115702479,0.9224137931034483,0.9230769230769231,40628634,0.8449531831132928,0.9310344827586207,0.9152542372881356,0.9298245614035088,0.8821273827883213,0.8879551820728291,0.8848314606741573,0.8735955056179775,,,,,True,,0.1,,0.01,None,,10000.0,16.0,,,100.0,,,,,22.0,,True,,80,0.08999999999999998
hgb,False,4455.984375,CDKextended,strict,hcv_ns5b,0.9157667386609071,0.9149572265324803,52004345,0.8650778447660656,0.9147975821014844,0.9157667386609071,,0.8617021276595744,0.8588331944053396,26307785,0.778049988610338,0.8610776899186953,0.8617021276595744,,0.7195329087048833,0.7282377919320594,0.7303609341825902,0.7,,,,,True,,0.1,,0.01,None,,1000.0,32.0,,,100.0,,,,,22.0,,True,,100,0.08999999999999998
svm,True,3968.91015625,CDKextended,strict,hcv_ns5b,0.9803001876172608,0.985032074126871,294658774,0.956244572392533,0.9871428571428571,0.9829302987197724,0.9752066115702479,0.9267241379310345,0.9237668161434978,68837881,0.8590816257856491,0.9809523809523809,0.8728813559322034,0.9824561403508771,0.89897082428477,0.8991596638655462,0.9213483146067416,0.8764044943820225,10.0,,0.1,4.0,,0.005,,,,,,,,,,,,,,,22.0,False,,,80,0.08999999999999998
svm,False,7753.9794921875,CDKextended,strict,hcv_ns5b,0.8200143988480921,0.810316621203877,803384590,0.7103415085289365,0.8138857065212192,0.8200143988480921,,0.8156028368794326,0.8063337976379876,168197269,0.7036043565716813,0.8132332032644574,0.8156028368794326,,0.720249657436268,0.7154989384288747,0.732484076433121,0.7127659574468085,1.0,,0.5,3.0,,0.01,,,,,,,,,,,,,,,22.0,True,,,80,0.08999999999999998
dt,True,224.1533203125,CDKextended,strict,hcv_ns5b,0.9409005628517824,0.9554770318021202,8908146,0.8677766789743422,0.949438202247191,0.9615931721194879,0.9008264462809917,0.9051724137931034,0.905982905982906,5916126,0.8104652980882604,0.9137931034482759,0.8983050847457628,0.9122807017543859,0.858766352983141,0.8375350140056023,0.8679775280898876,0.8707865168539326,,,,,,,,,,10,sqrt,,2.0,2.0,,,,,,,22.0,,,,80,0.15999999999999998
dt,False,299.0595703125,CDKextended,strict,hcv_ns5b,0.8862491000719942,0.8824026201180052,10589663,0.8184953676588219,0.8876947871937133,0.8862491000719942,,0.8333333333333334,0.826904185227215,6198823,0.7364667562616656,0.849347733105218,0.8333333333333334,,0.6912077818433694,0.7070063694267515,0.6900212314225053,0.676595744680851,,,,,,,,,,30,log2,,1.0,3.0,,,,,,,22.0,,,,80,0.15999999999999998
knn,True,17317.578125,CDKextended,strict,hcv_ns5b,0.9821763602251408,0.9864768683274021,210642613,0.9603441985440676,0.9871794871794872,0.9857752489331437,0.9752066115702479,0.9181034482758621,0.9177489177489178,75336817,0.8370571541314377,0.9380530973451328,0.8983050847457628,0.9385964912280702,0.8858753239123365,0.8851540616246498,0.901685393258427,0.8707865168539326,,ball_tree,,,,,,30.0,,,,,,,,,-1.0,3.0,,1.0,,,,distance,100,0.08999999999999998
knn,False,18540.298828125,CDKextended,strict,hcv_ns5b,0.9560835133189345,0.9553424343205779,300446978,0.9301874261517142,0.9564242024528306,0.9560835133189345,,0.8900709219858156,0.8893969022416056,84224603,0.8251407433030798,0.8904362831522216,0.8900709219858156,,0.7252006444715483,0.7154989384288747,0.7515923566878981,0.7085106382978723,,kd_tree,,,,,,30.0,,,,,,,,,-1.0,5.0,,1.0,,,,distance,80,0.08999999999999998
rf,True,2267.7568359375,CDK,random,hcv_ns5b,0.9595375722543352,0.9681818181818181,21515670,0.9131543967469341,0.9565868263473054,0.9800613496932515,0.9248704663212435,0.9769230769230769,0.9823529411764705,12204756,0.9491599798322069,0.9766081871345029,0.9881656804733728,0.9560439560439561,0.9017341040462429,0.9075144508670521,0.9046242774566474,0.8930635838150289,,,,,,,,,,10,sqrt,,1.0,3.0,100.0,,,,True,,22.0,,True,,80,0.08999999999999998
rf,False,2861.9384765625,CDK,random,hcv_ns5b,0.9101796407185628,0.9084168348431548,27031031,0.8554728602841151,0.9090909849864705,0.9101796407185628,,0.9104477611940298,0.9095644618965382,14269924,0.8591841328925142,0.9109501032649335,0.9104477611940298,,0.7215616130061638,0.7152466367713004,0.7460674157303371,0.7033707865168539,,,,,,,,,,None,None,,1.0,8.0,100.0,,,,True,,22.0,,True,,80,0.08999999999999998
hgb,True,2481.951171875,CDK,random,hcv_ns5b,0.9624277456647399,0.9703872437357631,168141384,0.9193525559667578,0.9609022556390977,0.9800613496932515,0.9326424870466321,0.9653846153846154,0.9734513274336283,21377930,0.923761985728674,0.9705882352941176,0.9763313609467456,0.945054945054945,0.8940269749518305,0.8988439306358381,0.8959537572254336,0.8872832369942196,,,,,True,,0.01,,0.01,20,,10000.0,32.0,,,100.0,,,,,22.0,,True,,80,0.08999999999999998
hgb,False,3430.4375,CDK,random,hcv_ns5b,0.8922155688622755,0.8898779403588627,43157880,0.8263528829094897,0.8904577443635987,0.8922155688622755,,0.8776119402985074,0.8750139309736673,27512086,0.8075643991696421,0.8785704437789582,0.8776119402985074,,0.7223089971616196,0.7174887892376681,0.7348314606741573,0.7146067415730337,,,,,True,,0.1,,0.01,None,,99999999.0,32.0,,,100.0,,,,,22.0,,True,,90,0.08999999999999998
svm,True,4165.33203125,CDK,random,hcv_ns5b,0.9682080924855492,0.9749430523917996,309575575,0.9318159383460165,0.9654135338345865,0.9846625766871165,0.9404145077720207,0.9692307692307692,0.9763313609467456,80797873,0.9323753169907016,0.9763313609467456,0.9763313609467456,0.9560439560439561,0.9017341040462427,0.9104046242774566,0.8930635838150289,0.9017341040462428,100.0,,0.1,3.0,,0.005,,,,,,,,,,,,,,,22.0,False,,,90,0.08999999999999998
svm,False,6113.9990234375,CDK,random,hcv_ns5b,0.8203592814371258,0.8120166724245507,595583141,0.7087828325141946,0.8134321940995185,0.8203592814371258,,0.8,0.7918174606042772,154570649,0.6863578085215346,0.8055426217134805,0.8,,0.7170873851631648,0.6883408071748879,0.7415730337078652,0.7213483146067415,10.0,,0.1,2.0,,0.001,,,,,,,,,,,,,,,22.0,False,,,80,0.08999999999999998
dt,True,217.580078125,CDK,random,hcv_ns5b,0.9653179190751445,0.972768532526475,8968362,0.925697822139824,0.9597014925373134,0.9861963190184049,0.9300518134715026,0.9653846153846154,0.973293768545994,6308134,0.9241475222433476,0.9761904761904762,0.9704142011834319,0.9560439560439561,0.8728323699421966,0.8554913294797688,0.8959537572254336,0.8670520231213873,,,,,,,,,,30,None,,1.0,2.0,,,,,,,22.0,,,,80,0.08999999999999998
dt,False,226.81640625,CDK,random,hcv_ns5b,0.7702095808383234,0.7612669280567922,10326495,0.626144389464903,0.760381123034702,0.7702095808383234,,0.7283582089552239,0.7078667224399491,6801467,0.5716103558269677,0.7288526312536696,0.7283582089552239,,0.681142406073126,0.6748878923766816,0.6921348314606741,0.6764044943820224,,,,,,,,,,10,sqrt,,4.0,3.0,,,,,,,22.0,,,,90,0.08999999999999998
knn,True,6906.349609375,CDK,random,hcv_ns5b,0.9672447013487476,0.9742033383915023,128779772,0.9297556859415709,0.963963963963964,0.9846625766871165,0.9378238341968912,0.9730769230769231,0.9795918367346939,57444535,0.940931037082997,0.9655172413793104,0.9940828402366864,0.9340659340659341,0.8901734104046243,0.8930635838150289,0.8872832369942196,0.8901734104046243,,auto,,,,,,20.0,,,,,,,,,-1.0,3.0,,1.0,,,,distance,90,0.15999999999999998
knn,False,8846.3251953125,CDK,random,hcv_ns5b,0.9281437125748503,0.9271455216907009,195497160,0.884517508061396,0.9277694610778443,0.9281437125748503,,0.9373134328358209,0.9369513752475773,74947003,0.9009972465269601,0.9371366363591285,0.9373134328358209,,0.7095917099141767,0.695067264573991,0.7280898876404495,0.7056179775280899,,auto,,,,,,40.0,,,,,,,,,-1.0,9.0,,1.0,,,,distance,80,0.08999999999999998
rf,True,2650.0087890625,CDK,stratified,hcv_ns5b,0.9759152215799615,0.9808429118773946,23195592,0.9485189298787429,0.975609756097561,0.9861325115562404,0.9588688946015425,0.9692307692307692,0.9766081871345029,12987619,0.9318048270621353,0.9823529411764705,0.9709302325581395,0.9659090909090909,0.8892100192678227,0.8959537572254336,0.884393063583815,0.8872832369942196,,,,,,,,,,None,sqrt,,1.0,2.0,100.0,,,,True,,22.0,,True,,90,0.08999999999999998
rf,False,22142.37109375,CDK,stratified,hcv_ns5b,0.8982035928143712,0.8962869992194364,116363116,0.838017944069421,0.8972629010606555,0.8982035928143712,,0.9014925373134328,0.898823166822563,52331018,0.8374357380542649,0.8988207085062614,0.9014925373134328,,0.7155556675232192,0.7331838565022422,0.6921348314606741,0.7213483146067415,,,,,,,,,,10,log2,,1.0,2.0,500.0,,,,True,,22.0,,True,,80,0.15999999999999998
hgb,True,1625.041015625,CDK,stratified,hcv_ns5b,0.9672447013487476,0.9738058551617874,22384639,0.9301040556759261,0.9738058551617874,0.9738058551617874,0.9562982005141388,0.9807692307692307,0.9855072463768116,13100065,0.956972025102113,0.9826589595375722,0.9883720930232558,0.9659090909090909,0.8863198458574181,0.8930635838150289,0.884393063583815,0.8815028901734104,,,,,True,,0.01,,0.01,20,,99999999.0,8.0,,,100.0,,,,,22.0,,True,,80,0.15999999999999998
hgb,False,3305.4033203125,CDK,stratified,hcv_ns5b,0.8779940119760479,0.8761858239428004,388144228,0.805626472933421,0.8762661244326085,0.8779940119760479,,0.8925373134328358,0.8936243158265547,38729386,0.8249348678682453,0.8950708134904798,0.8925373134328358,,0.7170638719537797,0.7197309417040358,0.7101123595505618,0.7213483146067415,,,,,True,,0.01,,0.01,20,,1000.0,64.0,,,100.0,,,,,22.0,,True,,90,0.15999999999999998
svm,True,3921.296875,CDK,stratified,hcv_ns5b,0.976878612716763,0.9815668202764977,296323186,0.9505921255002662,0.9785604900459418,0.9845916795069337,0.9640102827763496,0.9807692307692307,0.9853372434017595,76778501,0.9577233049591285,0.9940828402366864,0.9767441860465116,0.9886363636363636,0.8853564547206165,0.8930635838150289,0.8901734104046243,0.8728323699421965,10.0,,0.0,2.0,,0.005,,,,,,,,,,,,,,,22.0,False,,,80,0.08999999999999998
svm,False,7111.0732421875,CDK,stratified,hcv_ns5b,0.8300898203592815,0.824108778231401,760916391,0.7285993514662891,0.8258295154701102,0.8300898203592815,,0.8537313432835821,0.8483429509698477,193559525,0.7573560306894083,0.8459982695219554,0.8537313432835821,,0.7125678104163518,0.7219730941704036,0.701123595505618,0.7146067415730337,10.0,,0.0,4.0,,0.001,,,,,,,,,,,,,,,22.0,True,,,90,0.08999999999999998
dt,True,212.587890625,CDK,stratified,hcv_ns5b,0.9325626204238922,0.9468892261001517,9427583,0.8553375590348841,0.9327354260089686,0.9614791987673343,0.884318766066838,0.9538461538461539,0.9655172413793104,6310043,0.8963187156153177,0.9545454545454546,0.9767441860465116,0.9090909090909091,0.8535645472061657,0.8670520231213873,0.8410404624277457,0.8526011560693642,,,,,,,,,,30,None,,2.0,8.0,,,,,,,22.0,,,,80,0.15999999999999998
dt,False,232.69921875,CDK,stratified,hcv_ns5b,0.8525449101796407,0.8491104750330453,10493809,0.7649363532750539,0.8502721151843143,0.8525449101796407,,0.8746268656716418,0.8741006272981692,6611148,0.7940429619552988,0.8736668653998698,0.8746268656716418,,0.6691590668614905,0.672645739910314,0.6584269662921348,0.6764044943820224,,,,,,,,,,10,None,,2.0,2.0,,,,,,,22.0,,,,90,0.15999999999999998
knn,True,6972.169921875,CDK,stratified,hcv_ns5b,0.9759152215799615,0.9808135072908672,108692472,0.9485236277428205,0.9770642201834863,0.9845916795069337,0.961439588688946,0.9769230769230769,0.9825581395348837,68947471,0.9484672304439746,0.9825581395348837,0.9825581395348837,0.9659090909090909,0.8786127167630058,0.8786127167630058,0.884393063583815,0.8728323699421965,,auto,,,,,,10.0,,,,,,,,,-1.0,3.0,,1.0,,,,distance,80,0.08999999999999998
knn,False,8825.4267578125,CDK,stratified,hcv_ns5b,0.9326347305389222,0.9322607493212575,186543951,0.8929089768194489,0.932209701040535,0.9326347305389222,,0.9343283582089552,0.9341623225686428,74807655,0.8921726935976548,0.9340251821727991,0.9343283582089552,,0.7035622512218472,0.7443946188340808,0.6674157303370787,0.698876404494382,,auto,,,,,,20.0,,,,,,,,,-1.0,5.0,,1.0,,,,distance,80,0.08999999999999998
rf,True,6673.3291015625,CDK,strict,hcv_ns5b,0.9774859287054409,0.9828815977175464,66872488,0.9500386475107662,0.9856938483547926,0.9800853485064012,0.9724517906336089,0.9698275862068966,0.9699570815450643,35043526,0.9399784501135228,0.9826086956521739,0.9576271186440678,0.9824561403508771,0.9008356151449344,0.907563025210084,0.9073033707865169,0.8876404494382022,,,,,,,,,,None,None,,1.0,2.0,500.0,,,,True,,22.0,,True,,100,0.08999999999999998
rf,False,3730.6845703125,CDK,strict,hcv_ns5b,0.8862491000719942,0.8815144212322512,30889641,0.8189346232789001,0.8859736544245708,0.8862491000719942,,0.8546099290780141,0.8498505993358431,14112337,0.7671393091134471,0.8532801418439716,0.8546099290780141,,0.7365361160048787,0.7367303609341825,0.7473460721868365,0.725531914893617,,,,,,,,,,None,sqrt,,1.0,8.0,100.0,,,,True,,22.0,,True,,80,0.15999999999999998
hgb,True,2414.6484375,CDK,strict,hcv_ns5b,0.9709193245778611,0.9778095919828204,29878179,0.9358011845572641,0.984149855907781,0.9715504978662873,0.9696969696969697,0.9698275862068966,0.9702127659574468,17904181,0.9396811297117788,0.9743589743589743,0.9661016949152542,0.9736842105263158,0.8924270082564861,0.8879551820728291,0.9073033707865169,0.8820224719101124,,,,,True,,0.01,,0.01,50,,1000.0,8.0,,,100.0,,,,,22.0,,True,,80,0.15999999999999998
hgb,False,3959.908203125,CDK,strict,hcv_ns5b,0.9193664506839453,0.9180882167224237,47393865,0.8711263655329001,0.9185038050811924,0.9193664506839453,,0.8687943262411347,0.8652892193551244,27801733,0.7897291042528699,0.8651838159904681,0.8687943262411347,,0.7259083585550586,0.7303609341825902,0.7388535031847133,0.7085106382978723,,,,,True,,0.0,,0.01,20,,10000.0,16.0,,,100.0,,,,,22.0,,True,,90,0.08999999999999998
svm,True,3898.15234375,CDK,strict,hcv_ns5b,0.9765478424015009,0.9822569198012775,328835983,0.9476979144831484,0.9801699716713881,0.984352773826458,0.9614325068870524,0.9698275862068966,0.9699570815450643,75452593,0.9399784501135228,0.9826086956521739,0.9576271186440678,0.9824561403508771,0.899894040013009,0.9131652661064426,0.9157303370786517,0.8707865168539326,10.0,,0.0,3.0,,0.005,,,,,,,,,,,,,,,22.0,True,,,80,0.08999999999999998
svm,False,7935.3818359375,CDK,strict,hcv_ns5b,0.8200143988480921,0.8108668212380733,856251684,0.7101756221104096,0.8134962607486351,0.8200143988480921,,0.8049645390070922,0.7954424717242994,183101744,0.6857024249067575,0.7986541337321085,0.8049645390070922,,0.7223682823628615,0.721868365180467,0.7388535031847133,0.7063829787234043,1.0,,0.1,4.0,,0.01,,,,,,,,,,,,,,,22.0,True,,,80,0.08999999999999998
dt,True,224.33984375,CDK,strict,hcv_ns5b,0.9296435272045028,0.9472202674173118,9757531,0.8421920919479471,0.9373259052924791,0.957325746799431,0.8760330578512396,0.9439655172413793,0.9465020576131687,6420408,0.8894061312648561,0.92,0.9745762711864406,0.9122807017543859,0.8549816930517525,0.8795518207282913,0.8679775280898876,0.8174157303370787,,,,,,,,,,None,sqrt,,2.0,3.0,,,,,,,22.0,,,,90,0.15999999999999998
dt,False,230.5576171875,CDK,strict,hcv_ns5b,0.8372930165586753,0.8364423311367737,9793486,0.7392968093063539,0.8358418134478154,0.8372930165586753,,0.7659574468085106,0.7613328643668851,6341751,0.6223427402620929,0.7607844845516751,0.7659574468085106,,0.688378431283974,0.6709129511677282,0.7154989384288747,0.6787234042553192,,,,,,,,,,None,None,,4.0,2.0,,,,,,,22.0,,,,80,0.15999999999999998
knn,True,14315.5107421875,CDK,strict,hcv_ns5b,0.9812382739212008,0.9857752489331437,194865905,0.9582270395667525,0.9857752489331437,0.9857752489331437,0.9724517906336089,0.9353448275862069,0.9344978165938864,63705465,0.8723731412189273,0.963963963963964,0.9067796610169492,0.9649122807017544,0.8811962987442167,0.8823529411764706,0.8904494382022472,0.8707865168539326,,kd_tree,,,,,,50.0,,,,,,,,,-1.0,3.0,,1.0,,,,distance,80,0.08999999999999998
knn,False,9302.2080078125,CDK,strict,hcv_ns5b,0.9474442044636429,0.946542973413096,116161058,0.9161667823324282,0.9473808792279818,0.9474442044636429,,0.8865248226950354,0.8868844943273749,93640353,0.8212925296867584,0.8921465022076158,0.8865248226950354,,0.7230775022210176,0.7133757961783439,0.7473460721868365,0.7085106382978723,,auto,,,,,,40.0,,,,,,,,,-1.0,5.0,,2.0,,,,distance,80,0.08999999999999998
rf,True,2170.08203125,CDKgraphonly,random,hcv_ns5b,0.9431599229287091,0.9556057185854026,19382977,0.8778997157640037,0.9379615952732644,0.9739263803680982,0.8911917098445595,0.95,0.9618768328445748,11697427,0.8895579451755606,0.9534883720930233,0.9704142011834319,0.9120879120879121,0.8930635838150289,0.9132947976878613,0.9017341040462428,0.8641618497109826,,,,,,,,,,10,sqrt,,1.0,3.0,100.0,,,,True,,22.0,,True,,80,0.15999999999999998
rf,False,31911.7158203125,CDKgraphonly,random,hcv_ns5b,0.8974550898203593,0.8946063977119109,187405595,0.8350183889114835,0.8962829900849528,0.8974550898203593,,0.8865671641791045,0.8848697062165648,84821879,0.8210357661294398,0.8875449096823693,0.8865671641791045,,0.7260509564837675,0.7219730941704036,0.7325842696629213,0.7235955056179775,,,,,,,,,,30,None,,2.0,4.0,1000.0,,,,True,,22.0,,True,,90,0.08999999999999998
hgb,True,2209.2177734375,CDKgraphonly,random,hcv_ns5b,0.9479768786127167,0.959214501510574,31274033,0.8882232387630198,0.9449404761904762,0.9739263803680982,0.9041450777202072,0.9576923076923077,0.967551622418879,18195992,0.9068122245226432,0.9647058823529412,0.9704142011834319,0.9340659340659341,0.882466281310212,0.9046242774566474,0.8786127167630058,0.8641618497109826,,,,,True,,0.0,,0.01,None,,99999999.0,32.0,,,100.0,,,,,22.0,,True,,90,0.08999999999999998
hgb,False,3342.8056640625,CDKgraphonly,random,hcv_ns5b,0.8690119760479041,0.8648466104568995,34857024,0.788713056535822,0.866676645964623,0.8690119760479041,,0.8597014925373134,0.8559230199636896,19439703,0.7800014816731315,0.8639068372611497,0.8597014925373134,,0.7185670378394718,0.7130044843049327,0.748314606741573,0.6943820224719102,,,,,True,,0.0,,0.01,20,,10000.0,16.0,,,100.0,,,,,22.0,,True,,80,0.15999999999999998
svm,True,2031.98828125,CDKgraphonly,random,hcv_ns5b,0.9605009633911368,0.9690098261526833,149590916,0.9153091129974962,0.9552906110283159,0.9831288343558282,0.9222797927461139,0.9769230769230769,0.9823529411764705,41666663,0.9491599798322069,0.9766081871345029,0.9881656804733728,0.9560439560439561,0.884393063583815,0.884393063583815,0.8815028901734104,0.8872832369942196,200.0,,0.1,4.0,,0.01,,,,,,,,,,,,,,,22.0,False,,,80,0.08999999999999998
svm,False,2544.9716796875,CDKgraphonly,random,hcv_ns5b,0.8181137724550899,0.8085242640575495,276299504,0.7053645263860351,0.8122772772963921,0.8181137724550899,,0.7970149253731343,0.7870500447876725,71113180,0.6811536289944226,0.8032431145706873,0.7970149253731343,,0.7050889303169244,0.7062780269058296,0.7438202247191011,0.6651685393258427,10.0,,0.0,3.0,,0.005,,,,,,,,,,,,,,,22.0,True,,,90,0.15999999999999998
dt,True,235.8720703125,CDKgraphonly,random,hcv_ns5b,0.9518304431599229,0.9623493975903614,8041029,0.8966923909536837,0.9452662721893491,0.9800613496932515,0.9041450777202072,0.9692307692307692,0.9764705882352941,5693544,0.93216517267317,0.9707602339181286,0.9822485207100592,0.945054945054945,0.8574181117533719,0.8930635838150289,0.8526011560693642,0.8265895953757225,,,,,,,,,,30,sqrt,,1.0,2.0,,,,,,,22.0,,,,90,0.15999999999999998
dt,False,248.8388671875,CDKgraphonly,random,hcv_ns5b,0.782185628742515,0.7705742398679462,6942332,0.645483242960461,0.7758196959027343,0.782185628742515,,0.7791044776119403,0.7684688202387888,5390453,0.6527668955221144,0.7837987481945113,0.7791044776119403,,0.6856367880955979,0.6748878923766816,0.7078651685393258,0.6741573033707865,,,,,,,,,,None,sqrt,,2.0,2.0,,,,,,,22.0,,,,80,0.15999999999999998
knn,True,9204.40625,CDKgraphonly,random,hcv_ns5b,0.9576107899807321,0.9667673716012085,158733907,0.9090837394697617,0.9523809523809523,0.9815950920245399,0.917098445595855,0.9692307692307692,0.9766081871345029,53012591,0.9322263546378508,0.9653179190751445,0.9881656804733728,0.9340659340659341,0.8911368015414259,0.9046242774566474,0.8757225433526011,0.8930635838150289,,ball_tree,,,,,,40.0,,,,,,,,,-1.0,7.0,,1.0,,,,distance,90,0.08999999999999998
knn,False,10546.376953125,CDKgraphonly,random,hcv_ns5b,0.9079341317365269,0.9057023132027009,198724585,0.8521088393026267,0.9077333363241517,0.9079341317365269,,0.9164179104477612,0.9153055638684808,72714400,0.867988047302195,0.9163135967573345,0.9164179104477612,,0.7110831191951764,0.7040358744394619,0.7415730337078652,0.6876404494382022,,kd_tree,,,,,,40.0,,,,,,,,,-1.0,5.0,,2.0,,,,distance,80,0.08999999999999998
rf,True,10982.849609375,CDKgraphonly,stratified,hcv_ns5b,0.9614643545279383,0.9692780337941628,75447772,0.9176309086801973,0.9663093415007658,0.9722650231124808,0.9434447300771208,0.9692307692307692,0.9766081871345029,38318658,0.9318048270621353,0.9823529411764705,0.9709302325581395,0.9659090909090909,0.8892100192678227,0.9017341040462428,0.9046242774566474,0.861271676300578,,,,,,,,,,None,sqrt,,1.0,4.0,500.0,,,,True,,22.0,,True,,90,0.08999999999999998
rf,False,8450.8115234375,CDKgraphonly,stratified,hcv_ns5b,0.8218562874251497,0.8155389279752047,82757135,0.7151220723156938,0.8189371100531332,0.8218562874251497,,0.8238805970149253,0.8166649425672868,41545338,0.7067525139240466,0.8140067141496166,0.8238805970149253,,0.7178045380494114,0.7309417040358744,0.701123595505618,0.7213483146067415,,,,,,,,,,10,None,,4.0,3.0,500.0,,,,True,,22.0,,True,,90,0.08999999999999998
hgb,True,1822.6748046875,CDKgraphonly,stratified,hcv_ns5b,0.9441233140655106,0.9554531490015361,24658567,0.8805495397576196,0.9525267993874426,0.9583975346687211,0.9203084832904884,0.9769230769230769,0.9825581395348837,12640273,0.9484672304439746,0.9825581395348837,0.9825581395348837,0.9659090909090909,0.8728323699421966,0.8959537572254336,0.869942196531792,0.8526011560693642,,,,,True,,0.0,,0.01,None,,10000.0,16.0,,,100.0,,,,,22.0,,True,,90,0.08999999999999998
hgb,False,3262.7900390625,CDKgraphonly,stratified,hcv_ns5b,0.8705089820359282,0.8681236524257298,35524721,0.793361814297619,0.8685485255776214,0.8705089820359282,,0.8865671641791045,0.8851785478068308,19465090,0.812698354304731,0.8845954196313137,0.8865671641791045,,0.7125694899313078,0.7197309417040358,0.7056179775280899,0.7123595505617978,,,,,True,,0.0,,0.01,50,,1000.0,8.0,,,100.0,,,,,22.0,,True,,90,0.08999999999999998
svm,True,2080.171875,CDKgraphonly,stratified,hcv_ns5b,0.9662813102119461,0.9730561970746728,174305673,0.9280131863435508,0.9723076923076923,0.9738058551617874,0.9537275064267352,0.9769230769230769,0.9825581395348837,46510796,0.9484672304439746,0.9825581395348837,0.9825581395348837,0.9659090909090909,0.8805394990366088,0.8930635838150289,0.9017341040462428,0.846820809248555,200.0,,0.1,2.0,,0.01,,,,,,,,,,,,,,,22.0,False,,,80,0.08999999999999998
svm,False,4415.5537109375,CDKgraphonly,stratified,hcv_ns5b,0.842814371257485,0.8378694859986696,488178617,0.7492909253905852,0.8406280673196216,0.842814371257485,,0.844776119402985,0.8410704863096872,122342974,0.7431367404187562,0.838820036232479,0.844776119402985,,0.7110680035605718,0.7242152466367713,0.698876404494382,0.7101123595505618,10.0,,0.0,3.0,,0.005,,,,,,,,,,,,,,,22.0,True,,,90,0.08999999999999998
dt,True,216.525390625,CDKgraphonly,stratified,hcv_ns5b,0.9393063583815029,0.9517241379310345,7663681,0.8701091554879049,0.9466463414634146,0.9568567026194145,0.910025706940874,0.9461538461538461,0.9593023255813954,5447012,0.8797568710359408,0.9593023255813954,0.9593023255813954,0.9204545454545454,0.8699421965317918,0.8872832369942196,0.8988439306358381,0.8236994219653179,,,,,,,,,,10,None,,1.0,3.0,,,,,,,22.0,,,,100,0.08999999999999998
dt,False,230.30078125,CDKgraphonly,stratified,hcv_ns5b,0.7896706586826348,0.7852471657114842,7277020,0.6625227298314277,0.7853778005520524,0.7896706586826348,,0.826865671641791,0.8246079461845701,5934926,0.7134591376340652,0.8235308370693153,0.826865671641791,,0.6818729950790212,0.6995515695067265,0.6808988764044944,0.6651685393258427,,,,,,,,,,30,None,,4.0,8.0,,,,,,,22.0,,,,90,0.15999999999999998
knn,True,8352.203125,CDKgraphonly,stratified,hcv_ns5b,0.964354527938343,0.9717772692601068,126391585,0.923758565763211,0.9622356495468278,0.9815100154083205,0.9357326478149101,0.9692307692307692,0.9767441860465116,53271004,0.9312896405919662,0.9767441860465116,0.9767441860465116,0.9545454545454546,0.8882466281310212,0.8988439306358381,0.8959537572254336,0.869942196531792,,ball_tree,,,,,,20.0,,,,,,,,,-1.0,3.0,,2.0,,,,distance,80,0.08999999999999998
knn,False,13451.822265625,CDKgraphonly,stratified,hcv_ns5b,0.7776946107784432,0.7652136283382932,326937754,0.6438089785734028,0.771843042084991,0.7776946107784432,,0.7671641791044777,0.7561859881969987,108215286,0.610194120253973,0.7517308902102213,0.7671641791044777,,0.7050855712870123,0.7107623318385651,0.6966292134831461,0.7078651685393258,,kd_tree,,,,,,10.0,,,,,,,,,-1.0,5.0,,1.0,,,,uniform,90,0.08999999999999998
rf,True,12036.61328125,CDKgraphonly,strict,hcv_ns5b,0.9634146341463414,0.9723600283486888,118292595,0.9183209105241783,0.9689265536723164,0.9758179231863442,0.9393939393939394,0.9224137931034483,0.9243697478991597,61730656,0.8448610092968484,0.9166666666666666,0.9322033898305084,0.9122807017543859,0.8914749420367398,0.9047619047619048,0.8904494382022472,0.8792134831460674,,,,,,,,,,None,None,,1.0,8.0,1000.0,,,,True,,22.0,,True,,90,0.08999999999999998
rf,False,4281.576171875,CDKgraphonly,strict,hcv_ns5b,0.8610511159107271,0.8547015778760195,25625519,0.7783119401359402,0.8606496785116299,0.8610511159107271,,0.8226950354609929,0.8134781641643152,12740876,0.715065481955498,0.8197577293321974,0.8226950354609929,,0.7315851289695984,0.7176220806794055,0.7473460721868365,0.7297872340425532,,,,,,,,,,None,sqrt,,1.0,8.0,100.0,,,,True,,22.0,,True,,100,0.15999999999999998
hgb,True,2952.34375,CDKgraphonly,strict,hcv_ns5b,0.9596622889305816,0.9693950177935943,32043948,0.9102499082892244,0.9700854700854701,0.968705547652916,0.9421487603305785,0.9439655172413793,0.946058091286307,16925085,0.8886419263202289,0.926829268292683,0.9661016949152542,0.9210526315789473,0.8811726937966199,0.907563025210084,0.8764044943820225,0.8595505617977528,,,,,True,,0.1,,0.01,20,,10000.0,8.0,,,100.0,,,,,22.0,,True,,80,0.08999999999999998
hgb,False,4618.630859375,CDKgraphonly,strict,hcv_ns5b,0.871130309575234,0.8683753318256631,48009365,0.7929475987963915,0.8690123806728915,0.871130309575234,,0.7978723404255319,0.7912532282799142,29385287,0.6737890579827898,0.7939609446126213,0.7978723404255319,,0.7209558657451325,0.7239915074309978,0.7282377919320594,0.7106382978723405,,,,,True,,0.1,,0.01,None,,10000.0,32.0,,,100.0,,,,,22.0,,True,,90,0.15999999999999998
svm,True,2582.12890625,CDKgraphonly,strict,hcv_ns5b,0.9624765478424016,0.9717114568599717,203970502,0.916135719638412,0.9662447257383966,0.9772403982930299,0.9338842975206612,0.9008620689655172,0.8995633187772926,48869604,0.8033332064542024,0.9279279279279279,0.8728813559322034,0.9298245614035088,0.88398430533262,0.9047619047619048,0.8848314606741573,0.8623595505617978,10.0,,0.5,3.0,,0.01,,,,,,,,,,,,,,,22.0,True,,,90,0.08999999999999998
svm,False,3942.6123046875,CDKgraphonly,strict,hcv_ns5b,0.8286537077033838,0.8211976542144196,400719257,0.7244082252421028,0.8246405313050605,0.8286537077033838,,0.7872340425531915,0.7661019513640168,88153143,0.6588883964141752,0.7877441831529177,0.7872340425531915,,0.7223727996867989,0.7176220806794055,0.7367303609341825,0.7127659574468085,10.0,,0.1,3.0,,0.005,,,,,,,,,,,,,,,22.0,True,,,80,0.08999999999999998
dt,True,238.02734375,CDKgraphonly,strict,hcv_ns5b,0.9681050656660413,0.9759547383309759,8086929,0.9287365309248725,0.9704641350210971,0.9815078236130867,0.9421487603305785,0.9051724137931034,0.9098360655737705,5803535,0.8120016254321625,0.8809523809523809,0.940677966101695,0.868421052631579,0.8568884482632004,0.8431372549019608,0.8651685393258427,0.8623595505617978,,,,,,,,,,None,sqrt,,1.0,2.0,,,,,,,22.0,,,,90,0.08999999999999998
dt,False,255.08984375,CDKgraphonly,strict,hcv_ns5b,0.8106551475881929,0.80579213380218,7165085,0.6943023537797739,0.8059762998972468,0.8106551475881929,,0.7659574468085106,0.7579893068383216,5380525,0.6226876231476466,0.7633517900932648,0.7659574468085106,,0.6869630031169535,0.673036093418259,0.7091295116772823,0.6787234042553192,,,,,,,,,,20,sqrt,,1.0,8.0,,,,,,,22.0,,,,80,0.15999999999999998
knn,True,9631.6328125,CDKgraphonly,strict,hcv_ns5b,0.9671669793621013,0.9751948972360028,138920960,0.9267038838287852,0.9717514124293786,0.9786628733997155,0.9449035812672176,0.8922413793103449,0.8908296943231441,52142924,0.7860732227630212,0.918918918918919,0.864406779661017,0.9210526315789473,0.8727693324520819,0.8823529411764706,0.8820224719101124,0.8539325842696629,,ball_tree,,,,,,50.0,,,,,,,,,-1.0,7.0,,2.0,,,,distance,90,0.08999999999999998
knn,False,12696.0849609375,CDKgraphonly,strict,hcv_ns5b,0.9215262778977682,0.9204560163116912,240509606,0.8742821674011283,0.920864739578669,0.9215262778977682,,0.8829787234042553,0.8825292841444418,74101691,0.8132876548332236,0.8825539271699909,0.8829787234042553,,0.7174112722289981,0.7154989384288747,0.7346072186836518,0.7021276595744681,,ball_tree,,,,,,10.0,,,,,,,,,-1.0,5.0,,2.0,,,,distance,90,0.08999999999999998
rf,True,2995.958984375,KlekotaRothCount,random,hcv_ns5b,0.9547206165703276,0.963984674329502,32607901,0.9030269004191072,0.9632465543644717,0.9647239263803681,0.9378238341968912,0.9615384615384616,0.9705882352941176,25283059,0.9151703655141332,0.9649122807017544,0.9763313609467456,0.9340659340659341,0.8699421965317918,0.8757225433526011,0.8815028901734104,0.8526011560693642,,,,,,,,,,30,sqrt,,1.0,4.0,100.0,,,,True,,22.0,,True,,100,0.08999999999999998
rf,False,27320.634765625,KlekotaRothCount,random,hcv_ns5b,0.8772455089820359,0.8744337787300015,114241416,0.8020184384918865,0.8760627417671134,0.8772455089820359,,0.8835820895522388,0.8805165686015941,57735929,0.8166396874233242,0.8829958307899156,0.8835820895522388,,0.7275574813993718,0.7107623318385651,0.750561797752809,0.7213483146067415,,,,,,,,,,30,log2,,1.0,4.0,500.0,,,,True,,22.0,,True,,80,0.15999999999999998
hgb,True,2354.4384765625,KlekotaRothCount,random,hcv_ns5b,0.9450867052023122,0.9563218390804598,39028596,0.8823938731451284,0.9555895865237366,0.9570552147239264,0.9248704663212435,0.9461538461538461,0.9585798816568047,28836329,0.8816568047337278,0.9585798816568047,0.9585798816568047,0.9230769230769231,0.8670520231213873,0.8757225433526011,0.8786127167630058,0.846820809248555,,,,,True,,0.0,,0.01,50,,10000.0,8.0,,,100.0,,,,,22.0,,True,,80,0.15999999999999998
hgb,False,4013.310546875,KlekotaRothCount,random,hcv_ns5b,0.8495508982035929,0.8458579223203145,52863912,0.7572470255546503,0.8460717839196366,0.8495508982035929,,0.8626865671641791,0.8605702868495282,35610880,0.7832746855894379,0.8624443291563573,0.8626865671641791,,0.7058363144723804,0.7085201793721974,0.7123595505617978,0.6966292134831461,,,,,True,,0.1,,0.01,20,,10000.0,16.0,,,100.0,,,,,22.0,,True,,80,0.08999999999999998
svm,True,1079.080078125,KlekotaRothCount,random,hcv_ns5b,0.928709055876686,0.9437689969604863,73148633,0.846685298288688,0.9352409638554217,0.9524539877300614,0.8886010362694301,0.9461538461538461,0.9595375722543352,31964245,0.8813081949432887,0.9378531073446328,0.9822485207100592,0.8791208791208791,0.8603082851637766,0.8815028901734104,0.869942196531792,0.8294797687861272,10.0,,0.0,3.0,,0.01,,,,,,,,,,,,,,,22.0,False,,,80,0.15999999999999998
svm,False,1899.1181640625,KlekotaRothCount,random,hcv_ns5b,0.8398203592814372,0.834199746364404,248257981,0.7414376089749503,0.8366310304155135,0.8398203592814372,,0.8238805970149253,0.8183649474064867,72592126,0.7252823691972343,0.827437929967388,0.8238805970149253,,0.7035992005508809,0.695067264573991,0.7235955056179775,0.6921348314606741,10.0,,0.5,4.0,,0.01,,,,,,,,,,,,,,,22.0,True,,,80,0.08999999999999998
dt,True,304.6875,KlekotaRothCount,random,hcv_ns5b,0.9229287090558767,0.9398496240601504,19539209,0.8339582751103218,0.9218289085545722,0.9585889570552147,0.8626943005181347,0.9576923076923077,0.9681159420289855,18437646,0.9069828324351813,0.9488636363636364,0.9881656804733728,0.9010989010989011,0.8420038535645472,0.861271676300578,0.8439306358381503,0.8208092485549133,,,,,,,,,,20,sqrt,,1.0,4.0,,,,,,,22.0,,,,100,0.15999999999999998
dt,False,308.076171875,KlekotaRothCount,random,hcv_ns5b,0.8248502994011976,0.8183907219856951,20152695,0.7168274882759433,0.8201517316116761,0.8248502994011976,,0.7910447761194029,0.78221285679271,19067908,0.6710729639065216,0.7885584032978783,0.7910447761194029,,0.6931207067398936,0.6838565022421524,0.701123595505618,0.6943820224719102,,,,,,,,,,30,None,,2.0,8.0,,,,,,,22.0,,,,90,0.15999999999999998
knn,True,1624.5615234375,KlekotaRothCount,random,hcv_ns5b,0.9566473988439307,0.9658314350797267,77697707,0.9068891735874991,0.956390977443609,0.9754601226993865,0.9248704663212435,0.9615384615384616,0.9709302325581395,59764574,0.9153779029141985,0.9542857142857143,0.9881656804733728,0.9120879120879121,0.8583815028901735,0.8670520231213873,0.861271676300578,0.846820809248555,,kd_tree,,,,,,40.0,,,,,,,,,-1.0,5.0,,1.0,,,,distance,80,0.15999999999999998
knn,False,2352.921875,KlekotaRothCount,random,hcv_ns5b,0.905688622754491,0.9045240092606874,104698482,0.8481150665131331,0.9047734036875031,0.905688622754491,,0.9164179104477612,0.9153114038091824,70106363,0.8684508702765363,0.9168202092983359,0.9164179104477612,,0.7110780806503082,0.7107623318385651,0.7033707865168539,0.7191011235955056,,auto,,,,,,50.0,,,,,,,,,-1.0,3.0,,1.0,,,,distance,80,0.08999999999999998
rf,True,8401.51171875,KlekotaRothCount,stratified,hcv_ns5b,0.9585741811175337,0.9673003802281369,74342861,0.911388151814211,0.954954954954955,0.9799691833590138,0.922879177377892,0.9653846153846154,0.9740634005763689,49995562,0.9223633614742143,0.9657142857142857,0.9825581395348837,0.9318181818181818,0.8593448940269749,0.8670520231213873,0.8757225433526011,0.8352601156069365,,,,,,,,,,20,None,,1.0,4.0,500.0,,,,True,,22.0,,True,,80,0.08999999999999998
rf,False,13246.7646484375,KlekotaRothCount,stratified,hcv_ns5b,0.8375748502994012,0.8336955434036734,92947058,0.7411708159685138,0.8352541833385329,0.8375748502994012,,0.8626865671641791,0.8611495754729724,55421373,0.7745409138932595,0.8607434525485779,0.8626865671641791,,0.7140592196973513,0.7309417040358744,0.698876404494382,0.7123595505617978,,,,,,,,,,30,None,,2.0,8.0,500.0,,,,True,,22.0,,True,,80,0.15999999999999998
hgb,True,2975.8154296875,KlekotaRothCount,stratified,hcv_ns5b,0.9518304431599229,0.9620637329286799,44977507,0.8969165516063706,0.9476831091180867,0.9768875192604006,0.910025706940874,0.9615384615384616,0.9712643678160919,37462986,0.9136995976305312,0.9602272727272727,0.9825581395348837,0.9204545454545454,0.8516377649325625,0.861271676300578,0.8757225433526011,0.8179190751445087,,,,,True,,0.0,,0.01,None,,99999999.0,8.0,,,100.0,,,,,22.0,,True,,90,0.08999999999999998
hgb,False,4516.146484375,KlekotaRothCount,stratified,hcv_ns5b,0.8637724550898204,0.8624640328527332,70111738,0.7832339236045944,0.8619770317926636,0.8637724550898204,,0.8955223880597015,0.8962067159626254,42445248,0.8294503512108248,0.8970967271360043,0.8955223880597015,,0.7051023664365731,0.6883408071748879,0.6921348314606741,0.7348314606741573,,,,,True,,0.0,,0.01,50,,1000.0,16.0,,,100.0,,,,,22.0,,True,,80,0.08999999999999998
svm,True,1285.533203125,KlekotaRothCount,stratified,hcv_ns5b,0.9450867052023122,0.9566539923954372,99315623,0.8823352403965109,0.9444444444444444,0.9691833590138675,0.9048843187660668,0.9230769230769231,0.9418604651162791,39665660,0.8282241014799154,0.9418604651162791,0.9418604651162791,0.8863636363636364,0.8612716763005781,0.861271676300578,0.8930635838150289,0.8294797687861272,10.0,,0.1,2.0,,0.01,,,,,,,,,,,,,,,22.0,False,,,80,0.08999999999999998
svm,False,1931.5634765625,KlekotaRothCount,stratified,hcv_ns5b,0.8458083832335329,0.8437922175775012,222934151,0.7552258195657308,0.8444329050952598,0.8458083832335329,,0.8656716417910447,0.8653223102212926,68174471,0.7804492460278588,0.8654274844266064,0.8656716417910447,,0.6983523958280848,0.6995515695067265,0.701123595505618,0.6943820224719102,10.0,,0.1,4.0,,0.01,,,,,,,,,,,,,,,22.0,False,,,80,0.08999999999999998
dt,True,290.2763671875,KlekotaRothCount,stratified,hcv_ns5b,0.9267822736030829,0.9429429429429429,19754302,0.8431141551127093,0.9194729136163983,0.9676425269645609,0.8586118251928021,0.9192307692307692,0.9391304347826087,19132289,0.8191638132347359,0.9364161849710982,0.9418604651162791,0.875,0.8429672447013488,0.8583815028901735,0.8439306358381503,0.8265895953757225,,,,,,,,,,30,None,,1.0,8.0,,,,,,,22.0,,,,80,0.15999999999999998
dt,False,313.3896484375,KlekotaRothCount,stratified,hcv_ns5b,0.7657185628742516,0.7580706523758269,20438176,0.6245127089393615,0.7609331894109764,0.7657185628742516,,0.8029850746268656,0.7989697573889951,19915239,0.6730342882552351,0.7972583497483748,0.8029850746268656,,0.6676777346702272,0.6502242152466368,0.6921348314606741,0.6606741573033708,,,,,,,,,,20,sqrt,,2.0,8.0,,,,,,,22.0,,,,80,0.08999999999999998
knn,True,2144.2412109375,KlekotaRothCount,stratified,hcv_ns5b,0.9585741811175337,0.967448902346707,77988944,0.9115868685227612,0.9508928571428571,0.9845916795069337,0.9151670951156813,0.9538461538461539,0.9653179190751445,58043304,0.896493042056194,0.9597701149425287,0.9709302325581395,0.9204545454545454,0.8554913294797689,0.8526011560693642,0.8670520231213873,0.846820809248555,,kd_tree,,,,,,30.0,,,,,,,,,-1.0,3.0,,1.0,,,,distance,80,0.08999999999999998
knn,False,2727.552734375,KlekotaRothCount,stratified,hcv_ns5b,0.7485029940119761,0.7387199242218142,179118167,0.5952249471476109,0.7402149805502479,0.7485029940119761,,0.7761194029850746,0.7749892080018451,70794654,0.6309877367605007,0.7742419327198966,0.7761194029850746,,0.6968525889723048,0.7017937219730942,0.6764044943820224,0.7123595505617978,,kd_tree,,,,,,20.0,,,,,,,,,-1.0,7.0,,1.0,,,,uniform,80,0.08999999999999998
rf,True,13580.4609375,KlekotaRothCount,strict,hcv_ns5b,0.9662288930581614,0.9746121297602257,81082658,0.9244978697880465,0.9664335664335665,0.9829302987197724,0.9338842975206612,0.9396551724137931,0.9411764705882353,47264481,0.8793694167188324,0.9333333333333333,0.9491525423728814,0.9298245614035088,0.8755730756722165,0.8879551820728291,0.8904494382022472,0.848314606741573,,,,,,,,,,None,sqrt,,1.0,3.0,500.0,,,,True,,22.0,,True,,90,0.15999999999999998
rf,False,14884.2509765625,KlekotaRothCount,strict,hcv_ns5b,0.8862491000719942,0.883478801778701,96360558,0.8179500473729538,0.8855753828508651,0.8862491000719942,,0.851063829787234,0.8472918587143138,50947282,0.7607981611060548,0.8473709641596917,0.851063829787234,,0.7153001761756336,0.7091295116772823,0.7176220806794055,0.7191489361702128,,,,,,,,,,30,None,,1.0,8.0,500.0,,,,True,,22.0,,True,,80,0.08999999999999998
hgb,True,2262.8974609375,KlekotaRothCount,strict,hcv_ns5b,0.9409005628517824,0.9552238805970149,41455224,0.8683293545041392,0.9545454545454546,0.9559032716927454,0.9118457300275482,0.8879310344827587,0.8907563025210085,31619713,0.7758441944528806,0.8833333333333333,0.8983050847457628,0.8771929824561403,0.8587243886318573,0.8823529411764706,0.848314606741573,0.8455056179775281,,,,,True,,0.0,,0.01,50,,10000.0,8.0,,,100.0,,,,,22.0,,True,,80,0.15999999999999998
hgb,False,4735.56640625,KlekotaRothCount,strict,hcv_ns5b,0.8387329013678906,0.8353277815739488,64040033,0.7402736964946031,0.8356685715669712,0.8387329013678906,,0.8333333333333334,0.8299117212023049,43652564,0.7340741217219893,0.8350284400465049,0.8333333333333334,,0.708918703226875,0.7112526539278131,0.7133757961783439,0.7021276595744681,,,,,True,,0.1,,0.01,20,,10000.0,32.0,,,100.0,,,,,22.0,,True,,90,0.15999999999999998
svm,True,1290.845703125,KlekotaRothCount,strict,hcv_ns5b,0.9352720450281425,0.9508896797153025,102239360,0.8559810938464776,0.9515669515669516,0.9502133712660028,0.90633608815427,0.9439655172413793,0.9451476793248945,36630543,0.8879140641888106,0.9411764705882353,0.9491525423728814,0.9385964912280702,0.8606258982993946,0.8515406162464986,0.8651685393258427,0.8651685393258427,10.0,,0.0,4.0,,0.01,,,,,,,,,,,,,,,22.0,False,,,80,0.08999999999999998
svm,False,1543.2705078125,KlekotaRothCount,strict,hcv_ns5b,0.802735781137509,0.7977268933471804,156438304,0.6818227665349998,0.7988156254245204,0.802735781137509,,0.7978723404255319,0.7918825006778258,43522845,0.6743537896170503,0.7901446473920141,0.7978723404255319,,0.7075183328063122,0.7048832271762208,0.6942675159235668,0.723404255319149,10.0,,0.5,3.0,,0.01,,,,,,,,,,,,,,,22.0,False,,,80,0.15999999999999998
dt,True,309.1943359375,KlekotaRothCount,strict,hcv_ns5b,0.9296435272045028,0.9475890985324947,20193095,0.8418860949145521,0.9313186813186813,0.9644381223328592,0.8622589531680441,0.8706896551724138,0.8706896551724138,19253350,0.7418971156705323,0.8859649122807017,0.8559322033898306,0.8859649122807017,0.856872711631469,0.8599439775910365,0.8792134831460674,0.8314606741573034,,,,,,,,,,None,sqrt,,1.0,4.0,,,,,,,22.0,,,,90,0.08999999999999998
dt,False,317.3583984375,KlekotaRothCount,strict,hcv_ns5b,0.7465802735781137,0.7351467008689726,20409359,0.5893789927025329,0.7429077763477168,0.7465802735781137,,0.7446808510638298,0.738650848122365,18848789,0.5879183960183872,0.740432018681889,0.7446808510638298,,0.6820074987577359,0.6857749469214437,0.6836518046709129,0.676595744680851,,,,,,,,,,20,log2,,2.0,3.0,,,,,,,22.0,,,,90,0.15999999999999998
knn,True,1559.3525390625,KlekotaRothCount,strict,hcv_ns5b,0.9577861163227017,0.9681077250177179,70314676,0.905746450567268,0.9646892655367232,0.9715504978662873,0.931129476584022,0.896551724137931,0.8928571428571429,43834805,0.7976774512238773,0.9433962264150944,0.847457627118644,0.9473684210526315,0.8662307619677084,0.865546218487395,0.8707865168539326,0.8623595505617978,,brute,,,,,,30.0,,,,,,,,,-1.0,5.0,,1.0,,,,distance,80,0.15999999999999998
knn,False,2380.140625,KlekotaRothCount,strict,hcv_ns5b,0.7494600431965442,0.7351993926139307,155658062,0.5924407419854923,0.74019585799616,0.7494600431965442,,0.7730496453900709,0.7689839983226505,53955418,0.6369485554856782,0.7730224807866358,0.7730496453900709,,0.7018219873213775,0.7112526539278131,0.7197452229299363,0.674468085106383,,brute,,,,,,30.0,,,,,,,,,-1.0,5.0,,1.0,,,,uniform,80,0.08999999999999998
rf,True,3521.513671875,KlekotaRoth,random,hcv_ns5b,0.9441233140655106,0.9556574923547401,35453243,0.8801686404007905,0.9527439024390244,0.9585889570552147,0.9196891191709845,0.9576923076923077,0.967551622418879,25712157,0.9068122245226432,0.9647058823529412,0.9704142011834319,0.9340659340659341,0.871868978805395,0.8901734104046243,0.8930635838150289,0.8323699421965318,,,,,,,,,,30,log2,,1.0,4.0,100.0,,,,True,,22.0,,True,,90,0.08999999999999998
rf,False,6390.810546875,KlekotaRoth,random,hcv_ns5b,0.8697604790419161,0.8661730941099963,40490699,0.7898600641847001,0.8673377278878514,0.8697604790419161,,0.8567164179104477,0.8529038423797026,27330363,0.7741265676175821,0.8567492344962752,0.8567164179104477,,0.7155791807326044,0.7017937219730942,0.7528089887640449,0.6921348314606741,,,,,,,,,,None,log2,,1.0,4.0,100.0,,,,True,,22.0,,True,,90,0.08999999999999998
hgb,True,3143.8671875,KlekotaRoth,random,hcv_ns5b,0.9364161849710982,0.95,43352760,0.8632116923047932,0.938622754491018,0.9616564417177914,0.8937823834196891,0.9423076923076923,0.9557522123893806,33818811,0.8729127021105818,0.9529411764705882,0.9585798816568047,0.9120879120879121,0.8631984585741811,0.861271676300578,0.884393063583815,0.8439306358381503,,,,,True,,0.01,,0.01,10,,1000.0,8.0,,,100.0,,,,,22.0,,True,,80,0.08999999999999998
hgb,False,4185.09375,KlekotaRoth,random,hcv_ns5b,0.8181137724550899,0.8126279862130582,76639714,0.7054632787967099,0.8150325708465339,0.8181137724550899,,0.8119402985074626,0.8063853665882212,40556203,0.7051131584854273,0.8149333075999315,0.8119402985074626,,0.7050906098318807,0.7040358744394619,0.701123595505618,0.7101123595505618,,,,,True,,0.1,,0.01,None,,99999999.0,8.0,,,100.0,,,,,22.0,,True,,80,0.15999999999999998
svm,True,987.310546875,KlekotaRoth,random,hcv_ns5b,0.9441233140655106,0.9558599695585996,75879017,0.8799456141317692,0.9486404833836858,0.9631901840490797,0.9119170984455959,0.9461538461538461,0.9588235294117647,31844760,0.8811807511960595,0.9532163742690059,0.9644970414201184,0.9120879120879121,0.8651252408477842,0.8757225433526011,0.869942196531792,0.8497109826589595,200.0,,0.5,2.0,,0.01,,,,,,,,,,,,,,,22.0,True,,,90,0.08999999999999998
svm,False,974.2041015625,KlekotaRoth,random,hcv_ns5b,0.7949101796407185,0.7846444222970036,105097358,0.6668128994962437,0.7913429208161851,0.7949101796407185,,0.7940298507462686,0.7864678429683303,37625434,0.6740825147667082,0.7964377706200507,0.7940298507462686,,0.7006063048991451,0.6905829596412556,0.7056179775280899,0.7056179775280899,200.0,,0.1,3.0,,0.01,,,,,,,,,,,,,,,22.0,True,,,80,0.15999999999999998
dt,True,294.5419921875,KlekotaRoth,random,hcv_ns5b,0.9238921001926782,0.940377358490566,19439334,0.8360593637330528,0.9257057949479941,0.9555214723926381,0.8704663212435233,0.9384615384615385,0.9523809523809523,18514194,0.8655555964480204,0.9580838323353293,0.9467455621301775,0.9230769230769231,0.8526011560693642,0.8930635838150289,0.861271676300578,0.8034682080924855,,,,,,,,,,30,None,,1.0,4.0,,,,,,,22.0,,,,80,0.15999999999999998
dt,False,316.736328125,KlekotaRoth,random,hcv_ns5b,0.8023952095808383,0.7908926161945337,20177426,0.6802189179786974,0.8005454669629645,0.8023952095808383,,0.8,0.7874908214227513,18383228,0.6888463260756038,0.8068591323703431,0.8,,0.6863942493407903,0.6636771300448431,0.7146067415730337,0.6808988764044944,,,,,,,,,,30,None,,2.0,3.0,,,,,,,22.0,,,,90,0.15999999999999998
knn,True,1012.7626953125,KlekotaRoth,random,hcv_ns5b,0.9470134874759152,0.9583017437452616,57199999,0.8861031325778389,0.9475262368815592,0.9693251533742331,0.9093264248704663,0.9576923076923077,0.9681159420289855,54359809,0.9069828324351813,0.9488636363636364,0.9881656804733728,0.9010989010989011,0.8593448940269749,0.8872832369942196,0.8583815028901735,0.8323699421965318,,auto,,,,,,10.0,,,,,,,,,-1.0,9.0,,1.0,,,,distance,90,0.15999999999999998
knn,False,1084.05859375,KlekotaRoth,random,hcv_ns5b,0.8473053892215568,0.8427409434207652,73957949,0.752981477929959,0.8436548996681257,0.8473053892215568,,0.835820895522388,0.8302862752654161,56046700,0.7413268957233698,0.8358332690504399,0.835820895522388,,0.7050956483767488,0.6973094170403588,0.6921348314606741,0.7258426966292135,,auto,,,,,,40.0,,,,,,,,,-1.0,3.0,,1.0,,,,distance,80,0.15999999999999998
rf,True,16430.806640625,KlekotaRoth,stratified,hcv_ns5b,0.9373795761078998,0.9505703422053232,132634636,0.8657335767292537,0.9384384384384384,0.963020030816641,0.8946015424164524,0.9384615384615385,0.953757225433526,77372219,0.8619409829197264,0.9482758620689655,0.9593023255813954,0.8977272727272727,0.8535645472061657,0.861271676300578,0.869942196531792,0.8294797687861272,,,,,,,,,,30,None,,2.0,2.0,1000.0,,,,True,,22.0,,True,,80,0.08999999999999998
rf,False,3787.4765625,KlekotaRoth,stratified,hcv_ns5b,0.8270958083832335,0.821043910678623,35108872,0.7241585462249994,0.8250097553868878,0.8270958083832335,,0.8328358208955224,0.8272720131055573,25051275,0.7233006769352978,0.8281435590351018,0.8328358208955224,,0.7088241715792479,0.7197309417040358,0.701123595505618,0.7056179775280899,,,,,,,,,,10,log2,,1.0,3.0,100.0,,,,True,,22.0,,True,,90,0.08999999999999998
hgb,True,2390.478515625,KlekotaRoth,stratified,hcv_ns5b,0.9238921001926782,0.9400151860288535,39213748,0.8366412312889197,0.9266467065868264,0.9537750385208013,0.8740359897172236,0.9384615384615385,0.9540229885057471,28712514,0.8615569515848907,0.9431818181818182,0.9651162790697675,0.8863636363636364,0.8535645472061657,0.861271676300578,0.8815028901734104,0.8179190751445087,,,,,True,,0.1,,0.01,20,,99999999.0,8.0,,,100.0,,,,,22.0,,True,,80,0.08999999999999998
hgb,False,3445.1318359375,KlekotaRoth,stratified,hcv_ns5b,0.8345808383233533,0.832215132314621,112598100,0.7366306806973484,0.8327970247425307,0.8345808383233533,,0.8507462686567164,0.8495148858042767,36347751,0.7552530320598458,0.8488778184914583,0.8507462686567164,,0.7013452914798206,0.7040358744394619,0.6943820224719102,0.7056179775280899,,,,,True,,0.0,,0.01,20,,1000.0,8.0,,,100.0,,,,,22.0,,True,,80,0.08999999999999998
svm,True,983.892578125,KlekotaRoth,stratified,hcv_ns5b,0.9344894026974951,0.9482496194824962,61003845,0.8595196559507844,0.9368421052631579,0.9599383667180277,0.8920308483290489,0.926923076923077,0.9446064139941691,29265251,0.8372951741498923,0.9473684210526315,0.9418604651162791,0.8977272727272727,0.8497109826589595,0.8497109826589595,0.8757225433526011,0.8236994219653179,100.0,,0.1,3.0,,0.01,,,,,,,,,,,,,,,22.0,True,,,80,0.08999999999999998
svm,False,1574.1376953125,KlekotaRoth,stratified,hcv_ns5b,0.7791916167664671,0.7715666822389133,208410761,0.6461424898036516,0.7734918095464901,0.7791916167664671,,0.7820895522388059,0.7759027478233661,67217794,0.6365931332261056,0.7733402760913829,0.7820895522388059,,0.6968710636368217,0.6771300448430493,0.7078651685393258,0.7056179775280899,10.0,,0.5,3.0,,0.01,,,,,,,,,,,,,,,22.0,False,,,90,0.08999999999999998
dt,True,282.7021484375,KlekotaRoth,stratified,hcv_ns5b,0.8978805394990366,0.9211309523809523,19182977,0.7804719895233987,0.8906474820143885,0.9537750385208013,0.8046272493573264,0.9115384615384615,0.9348441926345609,18770971,0.7999157852994673,0.9116022099447514,0.9593023255813954,0.8181818181818182,0.8420038535645472,0.8526011560693642,0.8410404624277457,0.8323699421965318,,,,,,,,,,10,None,,1.0,3.0,,,,,,,22.0,,,,90,0.08999999999999998
dt,False,308.2998046875,KlekotaRoth,stratified,hcv_ns5b,0.7477544910179641,0.7380547992024549,19534706,0.5969967301091077,0.7447034506839393,0.7477544910179641,,0.7671641791044777,0.7608324899764515,18544204,0.6119101611151203,0.7602707694466293,0.7671641791044777,,0.6714129759325508,0.6636771300448431,0.6539325842696629,0.6966292134831461,,,,,,,,,,20,sqrt,,2.0,3.0,,,,,,,22.0,,,,90,0.08999999999999998
knn,True,2553.10546875,KlekotaRoth,stratified,hcv_ns5b,0.9421965317919075,0.9547511312217195,88142699,0.8763456585947481,0.9350073855243722,0.975346687211094,0.8868894601542416,0.9423076923076923,0.9572649572649573,58025045,0.8702533672852822,0.9385474860335196,0.9767441860465116,0.875,0.8526011560693642,0.8526011560693642,0.8670520231213873,0.838150289017341,,ball_tree,,,,,,40.0,,,,,,,,,-1.0,9.0,,1.0,,,,distance,80,0.08999999999999998
knn,False,3130.4951171875,KlekotaRoth,stratified,hcv_ns5b,0.8907185628742516,0.8883563602797363,131515541,0.8263041744099858,0.8905343589576062,0.8907185628742516,,0.9014925373134328,0.9012675400989314,60497568,0.8381046606828769,0.9011075881680236,0.9014925373134328,,0.6938630523504812,0.6928251121076233,0.6831460674157304,0.7056179775280899,,ball_tree,,,,,,50.0,,,,,,,,,-1.0,9.0,,1.0,,,,distance,80,0.08999999999999998
rf,True,3468.10546875,KlekotaRoth,strict,hcv_ns5b,0.9530956848030019,0.9645892351274787,32360863,0.8952193680048641,0.9605077574047954,0.968705547652916,0.9228650137741047,0.875,0.8699551569506726,24458918,0.7551496230832657,0.9238095238095239,0.8220338983050848,0.9298245614035088,0.873695170952276,0.8935574229691877,0.8792134831460674,0.848314606741573,,,,,,,,,,30,sqrt,,1.0,4.0,100.0,,,,True,,22.0,,True,,80,0.08999999999999998
rf,False,17927.4072265625,KlekotaRoth,strict,hcv_ns5b,0.8286537077033838,0.8217435332939003,97611709,0.7248631928356649,0.8277078494545272,0.8286537077033838,,0.8191489361702128,0.8117101944962061,51225415,0.7087401271807325,0.8124598139678566,0.8191489361702128,,0.7145849332188945,0.7091295116772823,0.7261146496815286,0.7085106382978723,,,,,,,,,,10,sqrt,,1.0,4.0,500.0,,,,True,,22.0,,True,,100,0.15999999999999998
hgb,True,3554.4130859375,KlekotaRoth,strict,hcv_ns5b,0.9390243902439024,0.9542575650950035,45083507,0.8632999609341533,0.9442896935933147,0.9644381223328592,0.8898071625344353,0.8836206896551724,0.8820960698689956,33336998,0.76881323907184,0.9099099099099099,0.8559322033898306,0.9122807017543859,0.8680955528278727,0.8739495798319328,0.8792134831460674,0.851123595505618,,,,,True,,0.1,,0.01,20,,1000.0,16.0,,,100.0,,,,,22.0,,True,,80,0.15999999999999998
hgb,False,5442.439453125,KlekotaRoth,strict,hcv_ns5b,0.8092152627789777,0.8033305540498408,348053800,0.6926029823773064,0.8059753031596529,0.8092152627789777,,0.8156028368794326,0.8106604291967993,43845091,0.7030091427832998,0.8110117081970224,0.8156028368794326,,0.7067940552016984,0.6900212314225053,0.7303609341825902,0.7,,,,,True,,0.01,,0.01,50,,10000.0,16.0,,,100.0,,,,,22.0,,True,,80,0.15999999999999998
svm,True,1088.919921875,KlekotaRoth,strict,hcv_ns5b,0.9418386491557224,0.9557142857142857,95216710,0.8710872235458788,0.9598278335724534,0.9516358463726885,0.9228650137741047,0.8706896551724138,0.8695652173913043,35614113,0.7425257321144133,0.8928571428571429,0.847457627118644,0.8947368421052632,0.8540637228674242,0.8599439775910365,0.8623595505617978,0.8398876404494382,100.0,,0.0,2.0,,0.01,,,,,,,,,,,,,,,22.0,True,,,100,0.08999999999999998
svm,False,1038.8330078125,KlekotaRoth,strict,hcv_ns5b,0.7847372210223182,0.779349304655057,109897101,0.6519213781874781,0.7801599615020041,0.7847372210223182,,0.7801418439716312,0.7752322292101469,37261768,0.6461921890087055,0.7738519425726611,0.7801418439716312,,0.7018490912650012,0.6836518046709129,0.7091295116772823,0.7127659574468085,100.0,,0.0,4.0,,0.01,,,,,,,,,,,,,,,22.0,False,,,90,0.15999999999999998
dt,True,314.42578125,KlekotaRoth,strict,hcv_ns5b,0.9559099437148217,0.967109867039888,19535293,0.9013793660504057,0.9517906336088154,0.9829302987197724,0.9035812672176309,0.875,0.8776371308016878,18919896,0.7499163667231906,0.8739495798319328,0.8813559322033898,0.868421052631579,0.8512678479631552,0.84593837535014,0.8539325842696629,0.8539325842696629,,,,,,,,,,30,log2,,1.0,2.0,,,,,,,22.0,,,,90,0.15999999999999998
dt,False,315.7197265625,KlekotaRoth,strict,hcv_ns5b,0.7732181425485961,0.7629775014233979,20901318,0.6328985383165016,0.7681838884258628,0.7732181425485961,,0.7836879432624113,0.7776877761413843,18863771,0.6516322889672058,0.7803293780687398,0.7836879432624113,,0.6834274442486937,0.6687898089171974,0.6985138004246284,0.6829787234042554,,,,,,,,,,None,None,,2.0,4.0,,,,,,,22.0,,,,80,0.15999999999999998
knn,True,1562.9736328125,KlekotaRoth,strict,hcv_ns5b,0.9559099437148217,0.9666430092264017,72163116,0.9016547341537178,0.9645892351274787,0.968705547652916,0.931129476584022,0.8577586206896551,0.8571428571428571,52832208,0.7163091688490203,0.8761061946902655,0.8389830508474576,0.8771929824561403,0.8615464912556784,0.8683473389355743,0.8707865168539326,0.8455056179775281,,auto,,,,,,50.0,,,,,,,,,-1.0,9.0,,1.0,,,,distance,80,0.08999999999999998
knn,False,1796.232421875,KlekotaRoth,strict,hcv_ns5b,0.8596112311015118,0.854854721675444,118295288,0.7751712468742649,0.8597755994905023,0.8596112311015118,,0.851063829787234,0.8493910094472548,56766636,0.7631451527642391,0.8533876145520352,0.851063829787234,,0.6919305536733372,0.6815286624203821,0.6963906581740976,0.6978723404255319,,kd_tree,,,,,,50.0,,,,,,,,,-1.0,7.0,,1.0,,,,distance,80,0.15999999999999998
rf,True,15272.0478515625,MACCS,random,hcv_ns5b,0.9547206165703276,0.9641495041952708,111615679,0.9028111185036423,0.9590288315629742,0.9693251533742331,0.9300518134715026,0.9769230769230769,0.9823529411764705,59148970,0.9491599798322069,0.9766081871345029,0.9881656804733728,0.9560439560439561,0.9075144508670521,0.9190751445086706,0.8959537572254336,0.9075144508670521,,,,,,,,,,None,None,,1.0,4.0,1000.0,,,,True,,22.0,,True,,90,0.15999999999999998
rf,False,3940.623046875,MACCS,random,hcv_ns5b,0.8248502994011976,0.8134771718713918,18458333,0.7173270555731753,0.820361042661586,0.8248502994011976,,0.808955223880597,0.7973093648788451,9041184,0.7027478056672344,0.8191789294126074,0.808955223880597,,0.7320501839068877,0.7130044843049327,0.7573033707865169,0.7258426966292135,,,,,,,,,,20,sqrt,,2.0,4.0,100.0,,,,True,,22.0,,True,,90,0.15999999999999998
hgb,True,4383.1552734375,MACCS,random,hcv_ns5b,0.9508670520231214,0.9612756264236902,40806167,0.8944257912082404,0.9518796992481203,0.9708588957055214,0.917098445595855,0.9576923076923077,0.967551622418879,20059928,0.9068122245226432,0.9647058823529412,0.9704142011834319,0.9340659340659341,0.8978805394990367,0.8815028901734104,0.8959537572254336,0.9161849710982659,,,,,True,,0.01,,0.01,10,,10000.0,16.0,,,100.0,,,,,22.0,,True,,80,0.15999999999999998
hgb,False,5714.552734375,MACCS,random,hcv_ns5b,0.8547904191616766,0.8520536755701353,45211206,0.7656133617601105,0.8513658094342661,0.8547904191616766,,0.8776119402985074,0.8745005264293475,24851336,0.8074331063371762,0.8775041668989559,0.8776119402985074,,0.7133387077811927,0.6928251121076233,0.7325842696629213,0.7146067415730337,,,,,True,,0.01,,0.01,10,,10000.0,8.0,,,100.0,,,,,22.0,,True,,80,0.08999999999999998
svm,True,725.1201171875,MACCS,random,hcv_ns5b,0.9296724470134875,0.9451540195341849,30065576,0.8486346365438628,0.9263622974963182,0.9647239263803681,0.8704663212435233,0.926923076923077,0.9446064139941691,8884730,0.8380970439591722,0.9310344827586207,0.9585798816568047,0.8681318681318682,0.8921001926782274,0.8872832369942196,0.884393063583815,0.9046242774566474,200.0,,0.1,4.0,,0.005,,,,,,,,,,,,,,,22.0,True,,,80,0.15999999999999998
svm,False,999.310546875,MACCS,random,hcv_ns5b,0.8233532934131736,0.8165471612050206,87502148,0.71394830481342,0.8174544266872728,0.8233532934131736,,0.8029850746268656,0.7943741137524492,23956049,0.6894749269168378,0.8016354126801888,0.8029850746268656,,0.7178263717438403,0.7017937219730942,0.7280898876404495,0.7235955056179775,100.0,,0.0,4.0,,0.01,,,,,,,,,,,,,,,22.0,True,,,80,0.15999999999999998
dt,True,199.80078125,MACCS,random,hcv_ns5b,0.9248554913294798,0.9418777943368107,2307280,0.8385369933015439,0.9159420289855073,0.9693251533742331,0.8497409326424871,0.9230769230769231,0.9415204678362573,1981595,0.82969000032388,0.930635838150289,0.9526627218934911,0.8681318681318682,0.8776493256262042,0.884393063583815,0.869942196531792,0.8786127167630058,,,,,,,,,,None,None,,2.0,3.0,,,,,,,22.0,,,,80,0.15999999999999998
dt,False,228.8427734375,MACCS,random,hcv_ns5b,0.7739520958083832,0.7638577303683433,2398760,0.6315161299929642,0.7641669882193471,0.7739520958083832,,0.7671641791044777,0.7552522135087276,2141042,0.6328936589368673,0.7627464773279157,0.7671641791044777,,0.688611209082817,0.7040358744394619,0.6943820224719102,0.6674157303370787,,,,,,,,,,None,sqrt,,2.0,4.0,,,,,,,22.0,,,,80,0.15999999999999998
knn,True,1056.837890625,MACCS,random,hcv_ns5b,0.9566473988439307,0.9659348978046934,57684191,0.9069270313910208,0.953662182361734,0.9785276073619632,0.9196891191709845,0.9692307692307692,0.9764705882352941,33049046,0.93216517267317,0.9707602339181286,0.9822485207100592,0.945054945054945,0.8969171483622351,0.9017341040462428,0.8959537572254336,0.8930635838150289,,brute,,,,,,20.0,,,,,,,,,-1.0,3.0,,1.0,,,,distance,90,0.15999999999999998
knn,False,1941.9013671875,MACCS,random,hcv_ns5b,0.8817365269461078,0.8778462210841963,82663822,0.8101597281316003,0.8820263144108983,0.8817365269461078,,0.8955223880597015,0.8922602492212635,38673980,0.837120976441844,0.8991024844958566,0.8955223880597015,,0.7230748559815924,0.695067264573991,0.7280898876404495,0.7460674157303371,,kd_tree,,,,,,50.0,,,,,,,,,-1.0,7.0,,2.0,,,,distance,80,0.15999999999999998
rf,True,5823.83203125,MACCS,stratified,hcv_ns5b,0.9354527938342967,0.9496619083395943,56666471,0.8619379636994087,0.9266862170087976,0.9738058551617874,0.87146529562982,0.9230769230769231,0.9425287356321839,31231002,0.8267951875544637,0.9318181818181818,0.9534883720930233,0.8636363636363636,0.8930635838150289,0.9017341040462428,0.9190751445086706,0.8583815028901735,,,,,,,,,,10,None,,4.0,4.0,500.0,,,,True,,22.0,,True,,90,0.15999999999999998
rf,False,4768.046875,MACCS,stratified,hcv_ns5b,0.8420658682634731,0.8354053473018829,22454925,0.7487058115293741,0.8403755433997356,0.8420658682634731,,0.8776119402985074,0.8746421214192447,9500564,0.7985467609966501,0.8743649327377879,0.8776119402985074,,0.7163080902235435,0.7286995515695067,0.7033707865168539,0.7168539325842697,,,,,,,,,,10,sqrt,,1.0,2.0,100.0,,,,True,,22.0,,True,,90,0.15999999999999998
hgb,True,2501.609375,MACCS,stratified,hcv_ns5b,0.9460500963391136,0.9575113808801214,29187799,0.8844428538349246,0.9431988041853513,0.9722650231124808,0.9023136246786633,0.9576923076923077,0.9681159420289855,20867245,0.9052939456518465,0.9653179190751445,0.9709302325581395,0.9318181818181818,0.884393063583815,0.8901734104046243,0.9017341040462428,0.861271676300578,,,,,True,,0.01,,0.01,None,,1000.0,32.0,,,100.0,,,,,22.0,,True,,80,0.08999999999999998
hgb,False,3932.98046875,MACCS,stratified,hcv_ns5b,0.8330838323353293,0.8287162696523152,37467026,0.7334158028561195,0.8289739327732757,0.8330838323353293,,0.8477611940298507,0.8481561999098571,22481602,0.7511135935640525,0.8486113811695387,0.8477611940298507,,0.7133168740867637,0.7219730941704036,0.6831460674157304,0.7348314606741573,,,,,True,,0.1,,0.01,None,,1000.0,16.0,,,100.0,,,,,22.0,,True,,90,0.15999999999999998
svm,True,785.6318359375,MACCS,stratified,hcv_ns5b,0.9585741811175337,0.9672006102212052,34014260,0.9113363650541898,0.9577039274924471,0.9768875192604006,0.9280205655526992,0.9653846153846154,0.9736070381231672,9287800,0.9236406250673446,0.9822485207100592,0.9651162790697675,0.9659090909090909,0.8901734104046243,0.9161849710982659,0.8901734104046243,0.8641618497109826,100.0,,0.1,2.0,,0.01,,,,,,,,,,,,,,,22.0,True,,,90,0.08999999999999998
svm,False,1051.7099609375,MACCS,stratified,hcv_ns5b,0.8338323353293413,0.8283170045260206,104245626,0.7351560538021155,0.830346344524238,0.8338323353293413,,0.8477611940298507,0.845788568276512,28541237,0.7490840849169969,0.8446310717249712,0.8477611940298507,,0.6991048185284091,0.695067264573991,0.698876404494382,0.7033707865168539,300.0,,0.1,4.0,,0.005,,,,,,,,,,,,,,,22.0,False,,,90,0.15999999999999998
dt,True,201.84375,MACCS,stratified,hcv_ns5b,0.953757225433526,0.9636363636363636,2534325,0.9011360626361719,0.9478390461997019,0.9799691833590138,0.910025706940874,0.9538461538461539,0.9651162790697675,1942948,0.8969344608879493,0.9651162790697675,0.9651162790697675,0.9318181818181818,0.8689788053949904,0.8930635838150289,0.884393063583815,0.8294797687861272,,,,,,,,,,10,None,,1.0,2.0,,,,,,,22.0,,,,100,0.08999999999999998
dt,False,218.1875,MACCS,stratified,hcv_ns5b,0.7238023952095808,0.7103629010638954,2628722,0.5566442146332773,0.7182171426166023,0.7238023952095808,,0.7761194029850746,0.7676867173188384,2305911,0.6281369081727387,0.7673137691881184,0.7761194029850746,,0.678144471876522,0.6771300448430493,0.6741573033707865,0.6831460674157304,,,,,,,,,,10,sqrt,,2.0,3.0,,,,,,,22.0,,,,90,0.15999999999999998
knn,True,1883.1298828125,MACCS,stratified,hcv_ns5b,0.964354527938343,0.9720332577475435,50137567,0.9241982726896569,0.9540059347181009,0.9907550077041603,0.9203084832904884,0.9692307692307692,0.9770114942528736,28971199,0.9310804796457447,0.9659090909090909,0.9883720930232558,0.9318181818181818,0.884393063583815,0.9075144508670521,0.8930635838150289,0.8526011560693642,,kd_tree,,,,,,10.0,,,,,,,,,-1.0,3.0,,1.0,,,,distance,90,0.15999999999999998
knn,False,1165.3994140625,MACCS,stratified,hcv_ns5b,0.8877245508982036,0.8848787930745402,58591223,0.8214684108774554,0.8869469966707388,0.8877245508982036,,0.8895522388059701,0.8886559601562021,36591234,0.818080405861393,0.8883993520996201,0.8895522388059701,,0.708829210124116,0.7130044843049327,0.7146067415730337,0.698876404494382,,brute,,,,,,30.0,,,,,,,,,-1.0,7.0,,1.0,,,,distance,80,0.15999999999999998
rf,True,2462.6611328125,MACCS,strict,hcv_ns5b,0.9521575984990619,0.9643107067879636,25715619,0.8928846580194835,0.9490358126721763,0.9800853485064012,0.8980716253443526,0.9525862068965517,0.9535864978902954,7813775,0.9051637763720131,0.9495798319327731,0.9576271186440678,0.9473684210526315,0.8989498421091282,0.9215686274509803,0.9129213483146067,0.8623595505617978,,,,,,,,,,10,sqrt,,1.0,3.0,100.0,,,,True,,22.0,,True,,100,0.08999999999999998
rf,False,39403.3115234375,MACCS,strict,hcv_ns5b,0.8452123830093593,0.8363786930001718,164203482,0.7526369923121736,0.8445944834534695,0.8452123830093593,,0.8085106382978723,0.7989598630511253,68656291,0.6912874753346364,0.7991631029918218,0.8085106382978723,,0.7266356477089638,0.7070063694267515,0.7367303609341825,0.7361702127659574,,,,,,,,,,10,log2,,1.0,3.0,1000.0,,,,True,,22.0,,True,,80,0.15999999999999998
hgb,True,2778.6142578125,MACCS,strict,hcv_ns5b,0.948405253283302,0.961020552799433,26047967,0.8847890173057508,0.9576271186440678,0.9644381223328592,0.9173553719008265,0.9267241379310345,0.9306122448979591,12790585,0.8557964188036772,0.8976377952755905,0.9661016949152542,0.8859649122807017,0.8961460988889938,0.9159663865546218,0.8932584269662921,0.8792134831460674,,,,,True,,0.0,,0.01,50,,1000.0,8.0,,,100.0,,,,,22.0,,True,,90,0.15999999999999998
hgb,False,5262.296875,MACCS,strict,hcv_ns5b,0.8344132469402448,0.8281259699879795,77414287,0.7339313622854096,0.8296811919266335,0.8344132469402448,,0.8120567375886525,0.8055457640325793,46961621,0.6985421191136212,0.8088479709295539,0.8120567375886525,,0.7181325382843203,0.7091295116772823,0.7239915074309978,0.7212765957446808,,,,,True,,0.01,,0.01,20,,10000.0,64.0,,,100.0,,,,,22.0,,True,,90,0.08999999999999998
svm,True,742.4638671875,MACCS,strict,hcv_ns5b,0.9437148217636022,0.9581589958158996,35714011,0.8738522201123536,0.9398084815321477,0.9772403982930299,0.8787878787878788,0.9224137931034483,0.9243697478991597,14044535,0.8448610092968484,0.9166666666666666,0.9322033898305084,0.9122807017543859,0.8989472193371731,0.9243697478991597,0.9073033707865169,0.8651685393258427,200.0,,0.1,4.0,,0.005,,,,,,,,,,,,,,,22.0,True,,,90,0.15999999999999998
svm,False,1117.9130859375,MACCS,strict,hcv_ns5b,0.8480921526277898,0.8422752522062711,101844712,0.7557242324987719,0.8440016889783856,0.8480921526277898,,0.7907801418439716,0.7844585241948143,21117419,0.6628106308764506,0.7822644461897282,0.7907801418439716,,0.7209558657451325,0.7091295116772823,0.7430997876857749,0.7106382978723405,300.0,,0.0,2.0,,0.005,,,,,,,,,,,,,,,22.0,True,,,100,0.15999999999999998
dt,True,206.0625,MACCS,strict,hcv_ns5b,0.9108818011257036,0.9345279117849759,2503195,0.7992068631868262,0.9064171122994652,0.9644381223328592,0.8071625344352618,0.9267241379310345,0.9276595744680851,2458672,0.853458213206031,0.9316239316239316,0.923728813559322,0.9298245614035088,0.8699550981441266,0.8879551820728291,0.8904494382022472,0.8314606741573034,,,,,,,,,,None,sqrt,,1.0,8.0,,,,,,,22.0,,,,90,0.15999999999999998
dt,False,220.7568359375,MACCS,strict,hcv_ns5b,0.8228941684665226,0.8156536961931182,2538917,0.7147629925469311,0.8170086083714195,0.8228941684665226,,0.7659574468085106,0.7502870651806822,2156544,0.6211360857047764,0.7552522414023819,0.7659574468085106,,0.6905015735345049,0.6857749469214437,0.7070063694267515,0.6787234042553192,,,,,,,,,,10,None,,1.0,4.0,,,,,,,22.0,,,,80,0.15999999999999998
knn,True,1084.087890625,MACCS,strict,hcv_ns5b,0.9315196998123827,0.9491997216423104,82889334,0.8461648695456574,0.9291553133514986,0.9701280227596017,0.8567493112947658,0.8620689655172413,0.8608695652173913,43514687,0.7252715284034212,0.8839285714285714,0.8389830508474576,0.8859649122807017,0.8858622100525603,0.8991596638655462,0.9044943820224719,0.8539325842696629,,brute,,,,,,10.0,,,,,,,,,-1.0,3.0,,1.0,,,,uniform,90,0.15999999999999998
knn,False,1384.2119140625,MACCS,strict,hcv_ns5b,0.9078473722102232,0.9052932766219269,69941305,0.8528154866652163,0.9073105647743247,0.9078473722102232,,0.8404255319148937,0.8358624303695259,37635475,0.7443372331843835,0.8373712206047031,0.8404255319148937,,0.7124617909683636,0.692144373673036,0.7367303609341825,0.7085106382978723,,auto,,,,,,30.0,,,,,,,,,-1.0,5.0,,1.0,,,,distance,80,0.08999999999999998
rf,True,3051.2548828125,PubChem,random,hcv_ns5b,0.9566473988439307,0.9658314350797267,19964016,0.9068891735874991,0.956390977443609,0.9754601226993865,0.9248704663212435,0.9615384615384616,0.9704142011834319,11608272,0.915469146238377,0.9704142011834319,0.9704142011834319,0.945054945054945,0.8901734104046243,0.8959537572254336,0.884393063583815,0.8901734104046243,,,,,,,,,,None,sqrt,,1.0,3.0,100.0,,,,True,,22.0,,True,,100,0.15999999999999998
rf,False,57395.345703125,PubChem,random,hcv_ns5b,0.8735029940119761,0.8694711489887834,207060678,0.7961315037069234,0.871219374549892,0.8735029940119761,,0.8597014925373134,0.855365495805329,88766233,0.7808011007273914,0.8625446634451291,0.8597014925373134,,0.7110915167699569,0.6928251121076233,0.7393258426966293,0.701123595505618,,,,,,,,,,20,log2,,1.0,4.0,1000.0,,,,True,,22.0,,True,,80,0.08999999999999998
hgb,True,3949.1806640625,PubChem,random,hcv_ns5b,0.9556840077071291,0.9653092006033183,36120560,0.9049764800171289,0.9495548961424333,0.9815950920245399,0.9119170984455959,0.9653846153846154,0.9736070381231672,19750993,0.9236406250673446,0.9651162790697675,0.9822485207100592,0.9340659340659341,0.882466281310212,0.8930635838150289,0.8786127167630058,0.8757225433526011,,,,,True,,0.0,,0.01,10,,10000.0,16.0,,,100.0,,,,,22.0,,True,,90,0.08999999999999998
hgb,False,3276.2734375,PubChem,random,hcv_ns5b,0.8510479041916168,0.8461241396380124,39660623,0.7596449285028956,0.8483019559653124,0.8510479041916168,,0.8328358208955224,0.8281945285080902,18500738,0.737181897548177,0.8357463854547119,0.8328358208955224,,0.7088560823634135,0.6771300448430493,0.7303370786516854,0.7191011235955056,,,,,True,,0.01,,0.01,20,,10000.0,16.0,,,100.0,,,,,22.0,,True,,80,0.08999999999999998
svm,True,1307.9990234375,PubChem,random,hcv_ns5b,0.9354527938342967,0.9495861550037622,89831312,0.8611583085831794,0.9320531757754801,0.9677914110429447,0.8808290155440415,0.9576923076923077,0.967741935483871,26943420,0.9065992851214526,0.9593023255813954,0.9763313609467456,0.9230769230769231,0.8901734104046243,0.9046242774566474,0.8815028901734104,0.884393063583815,10.0,,0.5,2.0,,0.01,,,,,,,,,,,,,,,22.0,True,,,90,0.08999999999999998
svm,False,2210.212890625,PubChem,random,hcv_ns5b,0.8278443113772455,0.8196945347845507,239840790,0.7213170307148626,0.8227322395665937,0.8278443113772455,,0.826865671641791,0.8211511421021348,62791987,0.7292168709016161,0.8324245557818992,0.826865671641791,,0.7088594413933257,0.672645739910314,0.7438202247191011,0.7101123595505618,10.0,,0.0,3.0,,0.01,,,,,,,,,,,,,,,22.0,True,,,90,0.08999999999999998
dt,True,215.3291015625,PubChem,random,hcv_ns5b,0.9210019267822736,0.9389880952380952,5900330,0.8302002250166671,0.911849710982659,0.9677914110429447,0.8419689119170984,0.9423076923076923,0.956268221574344,5080896,0.8723750416671138,0.9425287356321839,0.9704142011834319,0.8901098901098901,0.8651252408477843,0.8641618497109826,0.861271676300578,0.869942196531792,,,,,,,,,,10,None,,2.0,4.0,,,,,,,22.0,,,,80,0.08999999999999998
dt,False,230.1259765625,PubChem,random,hcv_ns5b,0.7754491017964071,0.7686769398605375,5774019,0.6348148249078366,0.7672443503576332,0.7754491017964071,,0.7611940298507462,0.7543801295241016,4804154,0.623939122537911,0.76155261729037,0.7611940298507462,,0.6983809475823382,0.6614349775784754,0.7056179775280899,0.7280898876404495,,,,,,,,,,20,None,,4.0,2.0,,,,,,,22.0,,,,80,0.15999999999999998
knn,True,3800.9326171875,PubChem,random,hcv_ns5b,0.9556840077071291,0.9654654654654654,83841464,0.9052698304239529,0.9455882352941176,0.9861963190184049,0.9041450777202072,0.9692307692307692,0.9766081871345029,41927121,0.9322263546378508,0.9653179190751445,0.9881656804733728,0.9340659340659341,0.882466281310212,0.8930635838150289,0.8728323699421965,0.8815028901734104,,ball_tree,,,,,,50.0,,,,,,,,,-1.0,7.0,,1.0,,,,distance,100,0.15999999999999998
knn,False,5047.0126953125,PubChem,random,hcv_ns5b,0.906437125748503,0.9042733844582952,145104704,0.8495183662217762,0.9056397064347275,0.906437125748503,,0.9253731343283582,0.9243084499084389,52528675,0.8829359091341356,0.9270871265865694,0.9253731343283582,,0.7051057254664853,0.6838565022421524,0.7370786516853932,0.6943820224719102,,ball_tree,,,,,,50.0,,,,,,,,,-1.0,7.0,,1.0,,,,distance,80,0.08999999999999998
rf,True,10540.6552734375,PubChem,stratified,hcv_ns5b,0.9296724470134875,0.9452363090772693,109050665,0.849458359562305,0.9210526315789473,0.9707241910631741,0.8611825192802056,0.9615384615384616,0.9712643678160919,60993498,0.9136995976305312,0.9602272727272727,0.9825581395348837,0.9204545454545454,0.882466281310212,0.8815028901734104,0.9161849710982659,0.8497109826589595,,,,,,,,,,20,None,,4.0,2.0,1000.0,,,,True,,22.0,,True,,90,0.08999999999999998
rf,False,33466.5791015625,PubChem,stratified,hcv_ns5b,0.8398203592814372,0.8333989062567708,180969305,0.7450506719097724,0.8398315432841174,0.8398203592814372,,0.8567164179104477,0.8518992803987836,78041900,0.7629156795426925,0.8512123114274158,0.8567164179104477,,0.7095715557347039,0.7219730941704036,0.701123595505618,0.7056179775280899,,,,,,,,,,10,log2,,1.0,4.0,1000.0,,,,True,,22.0,,True,,100,0.08999999999999998
hgb,True,1542.8818359375,PubChem,stratified,hcv_ns5b,0.9431599229287091,0.9551330798479087,20646246,0.8781848244796966,0.9429429429429429,0.9676425269645609,0.9023136246786633,0.9653846153846154,0.9742120343839542,22025541,0.9224884308050003,0.96045197740113,0.9883720930232558,0.9204545454545454,0.8795761078998073,0.8757225433526011,0.9190751445086706,0.8439306358381503,,,,,True,,0.0,,0.01,50,,10000.0,16.0,,,100.0,,,,,22.0,,True,,90,0.08999999999999998
hgb,False,4999.17578125,PubChem,stratified,hcv_ns5b,0.8562874251497006,0.8536380878719597,56363281,0.7705637988636865,0.8536615491501962,0.8562874251497006,,0.8746268656716418,0.8748985531947513,31818096,0.7942473658769337,0.8756552167392702,0.8746268656716418,,0.7088224920642919,0.7219730941704036,0.6876404494382022,0.7168539325842697,,,,,True,,0.1,,0.01,10,,99999999.0,32.0,,,100.0,,,,,22.0,,True,,90,0.08999999999999998
svm,True,1351.0537109375,PubChem,stratified,hcv_ns5b,0.9393063583815029,0.9520912547528517,93183920,0.869883992646068,0.93993993993994,0.9645608628659477,0.897172236503856,0.9769230769230769,0.9825581395348837,28754337,0.9484672304439746,0.9825581395348837,0.9825581395348837,0.9659090909090909,0.8863198458574182,0.8901734104046243,0.9104046242774566,0.8583815028901735,10.0,,0.1,4.0,,0.01,,,,,,,,,,,,,,,22.0,True,,,90,0.08999999999999998
svm,False,2044.341796875,PubChem,stratified,hcv_ns5b,0.8241017964071856,0.8179001524478346,228162387,0.7189527395585137,0.8202964752810666,0.8241017964071856,,0.8328358208955224,0.8281968496887486,60794255,0.723245344791459,0.8256994465065761,0.8328358208955224,,0.7095698762197479,0.7242152466367713,0.6898876404494382,0.7146067415730337,10.0,,0.0,4.0,,0.01,,,,,,,,,,,,,,,22.0,False,,,80,0.08999999999999998
dt,True,220.3310546875,PubChem,stratified,hcv_ns5b,0.941233140655106,0.9538228614685844,5838252,0.8740966877390653,0.9375,0.9707241910631741,0.8920308483290489,0.9692307692307692,0.976878612716763,4924217,0.9310451011926616,0.9712643678160919,0.9825581395348837,0.9431818181818182,0.8583815028901735,0.8583815028901735,0.8901734104046243,0.8265895953757225,,,,,,,,,,None,None,,1.0,4.0,,,,,,,22.0,,,,90,0.08999999999999998
dt,False,247.36328125,PubChem,stratified,hcv_ns5b,0.782185628742515,0.7709884782402087,6052193,0.6523356569151099,0.7798866804023865,0.782185628742515,,0.7880597014925373,0.7800749288256322,4938916,0.6465097625327328,0.7787580898615106,0.7880597014925373,,0.6796375606724778,0.6838565022421524,0.6539325842696629,0.701123595505618,,,,,,,,,,20,sqrt,,2.0,2.0,,,,,,,22.0,,,,80,0.08999999999999998
knn,True,4249.349609375,PubChem,stratified,hcv_ns5b,0.964354527938343,0.9719484457922669,91964758,0.9239856420735091,0.9567164179104478,0.987673343605547,0.9254498714652957,0.9807692307692307,0.9855072463768116,41629650,0.956972025102113,0.9826589595375722,0.9883720930232558,0.9659090909090909,0.8853564547206165,0.884393063583815,0.9017341040462428,0.869942196531792,,ball_tree,,,,,,10.0,,,,,,,,,-1.0,3.0,,2.0,,,,distance,80,0.08999999999999998
knn,False,2132.4873046875,PubChem,stratified,hcv_ns5b,0.8884730538922155,0.8857661578126113,68606585,0.8227952131715001,0.8887534960578061,0.8884730538922155,,0.8865671641791045,0.8858515236945913,47320019,0.8131555759310529,0.8857855389531374,0.8865671641791045,,0.6990997799835408,0.7017937219730942,0.6898876404494382,0.7056179775280899,,brute,,,,,,40.0,,,,,,,,,-1.0,5.0,,1.0,,,,distance,80,0.15999999999999998
rf,True,28617.0341796875,PubChem,strict,hcv_ns5b,0.9727954971857411,0.9793594306049822,140978775,0.9394715776045496,0.98005698005698,0.9786628733997155,0.9614325068870524,0.9224137931034483,0.9210526315789473,65333375,0.8469788678825333,0.9545454545454546,0.8898305084745762,0.956140350877193,0.8821247600163661,0.8907563025210085,0.898876404494382,0.8567415730337079,,,,,,,,,,20,sqrt,,1.0,2.0,1000.0,,,,True,,22.0,,True,,90,0.08999999999999998
rf,False,13802.6611328125,PubChem,strict,hcv_ns5b,0.8596112311015118,0.8541655068055591,86270876,0.7748854640613061,0.8581431492131416,0.8596112311015118,,0.8191489361702128,0.8123000212394285,35148064,0.7087730633141645,0.8130593185428598,0.8191489361702128,,0.7294529520711931,0.7303609341825902,0.7409766454352441,0.7170212765957447,,,,,,,,,,20,None,,2.0,8.0,500.0,,,,True,,22.0,,True,,80,0.08999999999999998
hgb,True,2162.6787109375,PubChem,strict,hcv_ns5b,0.9371482176360225,0.9531140657802659,54930806,0.8589058258957947,0.9380165289256198,0.968705547652916,0.8760330578512396,0.9224137931034483,0.9243697478991597,23409825,0.8448610092968484,0.9166666666666666,0.9322033898305084,0.9122807017543859,0.8839921736484856,0.896358543417367,0.8876404494382022,0.8679775280898876,,,,,True,,0.0,,0.01,10,,10000.0,64.0,,,100.0,,,,,22.0,,True,,90,0.08999999999999998
hgb,False,3162.5087890625,PubChem,strict,hcv_ns5b,0.843772498200144,0.8389286455058057,33915806,0.7484085436890909,0.8411373384320711,0.843772498200144,,0.8297872340425532,0.8221494670142395,16950264,0.7264779961724892,0.8265543881878816,0.8297872340425532,,0.7244989534866212,0.7388535031847133,0.7176220806794055,0.7170212765957447,,,,,True,,0.01,,0.01,10,,1000.0,16.0,,,100.0,,,,,22.0,,True,,90,0.08999999999999998
svm,True,1164.0341796875,PubChem,strict,hcv_ns5b,0.9127579737335835,0.9352818371607515,74823796,0.8034175234039735,0.9155313351498637,0.9559032716927454,0.8292011019283747,0.8663793103448276,0.869198312236287,19379379,0.7326666545399881,0.865546218487395,0.8728813559322034,0.8596491228070176,0.8914723192647847,0.907563025210084,0.9044943820224719,0.8623595505617978,100.0,,0.0,4.0,,0.001,,,,,,,,,,,,,,,22.0,True,,,80,0.08999999999999998
svm,False,2266.974609375,PubChem,strict,hcv_ns5b,0.7825773938084953,0.7712239300021662,273863023,0.6484107308943673,0.7752018165377756,0.7825773938084953,,0.7730496453900709,0.7623288565537807,57191757,0.6330508732903137,0.7599260422645088,0.7730496453900709,,0.7174157895529355,0.70276008492569,0.7409766454352441,0.7085106382978723,10.0,,0.5,2.0,,0.005,,,,,,,,,,,,,,,22.0,False,,,90,0.08999999999999998
dt,True,222.728515625,PubChem,strict,hcv_ns5b,0.9455909943714822,0.9595536959553695,5569743,0.8781164944584928,0.9411764705882353,0.9786628733997155,0.8815426997245179,0.8836206896551724,0.8831168831168831,4582693,0.7680583053986277,0.9026548672566371,0.864406779661017,0.9035087719298246,0.8596685865357379,0.8739495798319328,0.8764044943820225,0.8286516853932584,,,,,,,,,,30,None,,1.0,4.0,,,,,,,22.0,,,,90,0.15999999999999998
dt,False,287.2060546875,PubChem,strict,hcv_ns5b,0.8351331893448524,0.8302157520553719,6047900,0.7343166074336847,0.8325073882918108,0.8351331893448524,,0.8085106382978723,0.8012295189674338,4674390,0.6914111929518177,0.8062596147019147,0.8085106382978723,,0.6933264067699628,0.6963906581740976,0.7133757961783439,0.6702127659574468,,,,,,,,,,30,log2,,1.0,4.0,,,,,,,22.0,,,,80,0.15999999999999998
knn,True,2271.146484375,PubChem,strict,hcv_ns5b,0.9671669793621013,0.9753694581280788,97031858,0.9266235678927719,0.9651810584958217,0.9857752489331437,0.931129476584022,0.9267241379310345,0.9294605809128631,48626097,0.8540910754896116,0.9105691056910569,0.9491525423728814,0.9035087719298246,0.8802521008403361,0.8907563025210085,0.8820224719101124,0.8679775280898876,,auto,,,,,,40.0,,,,,,,,,-1.0,9.0,,2.0,,,,distance,80,0.08999999999999998
knn,False,5759.109375,PubChem,strict,hcv_ns5b,0.91792656587473,0.9158887871881414,178185440,0.8693097289585331,0.9193128848140458,0.91792656587473,,0.8723404255319149,0.8719060217332261,63833294,0.7963541182056153,0.871599333082437,0.8723404255319149,,0.7131574588547078,0.6985138004246284,0.7494692144373672,0.6914893617021277,,kd_tree,,,,,,20.0,,,,,,,,,-1.0,7.0,,1.0,,,,distance,80,0.08999999999999998
rf,True,2715.240234375,SubstructureCount,random,hcv_ns5b,0.9605009633911368,0.9686783804430863,14478483,0.9152743861146249,0.9649923896499238,0.9723926380368099,0.9404145077720207,0.9769230769230769,0.9823529411764705,8334494,0.9491599798322069,0.9766081871345029,0.9881656804733728,0.9560439560439561,0.8969171483622351,0.9075144508670521,0.8930635838150289,0.8901734104046243,,,,,,,,,,30,sqrt,,1.0,3.0,100.0,,,,True,,22.0,,True,,90,0.08999999999999998
rf,False,16032.41015625,SubstructureCount,random,hcv_ns5b,0.844311377245509,0.839143065443945,79950047,0.7483129762502683,0.8398792417432196,0.844311377245509,,0.8417910447761194,0.8371741174711992,38159834,0.7507322644021517,0.8416684707209611,0.8417910447761194,,0.7268050586990477,0.7152466367713004,0.7415730337078652,0.7235955056179775,,,,,,,,,,None,log2,,1.0,8.0,500.0,,,,True,,22.0,,True,,90,0.15999999999999998
hgb,True,3001.443359375,SubstructureCount,random,hcv_ns5b,0.953757225433526,0.9631901840490797,31259616,0.9010140182459709,0.9631901840490797,0.9631901840490797,0.9378238341968912,0.9615384615384616,0.9705882352941176,16756145,0.9151703655141332,0.9649122807017544,0.9763313609467456,0.9340659340659341,0.8834296724470135,0.8959537572254336,0.8728323699421965,0.8815028901734104,,,,,True,,0.01,,0.01,None,,99999999.0,16.0,,,100.0,,,,,22.0,,True,,90,0.08999999999999998
hgb,False,4542.7021484375,SubstructureCount,random,hcv_ns5b,0.8562874251497006,0.8537302675072991,231642239,0.7682999374497085,0.8531076641682933,0.8562874251497006,,0.8925373134328358,0.8901940249596595,24922515,0.8307574892906908,0.8928463904455517,0.8925373134328358,,0.7125762079911322,0.7107623318385651,0.7123595505617978,0.7146067415730337,,,,,True,,0.01,,0.01,50,,99999999.0,8.0,,,100.0,,,,,22.0,,True,,90,0.08999999999999998
svm,True,581.4931640625,SubstructureCount,random,hcv_ns5b,0.9527938342967245,0.9626239511823036,22221350,0.8986709540621328,0.9575113808801214,0.9677914110429447,0.927461139896373,0.9576923076923077,0.967741935483871,7112701,0.9065992851214526,0.9593023255813954,0.9763313609467456,0.9230769230769231,0.8853564547206165,0.8988439306358381,0.8930635838150289,0.8641618497109826,200.0,,0.1,4.0,,0.005,,,,,,,,,,,,,,,22.0,True,,,90,0.15999999999999998
svm,False,741.9951171875,SubstructureCount,random,hcv_ns5b,0.812125748502994,0.8030178700407706,59007793,0.6957032209635853,0.8043233980154693,0.812125748502994,,0.8149253731343283,0.8075581838275793,27578722,0.7096817729587194,0.8164127565217977,0.8149253731343283,,0.7215733696108564,0.6995515695067265,0.750561797752809,0.7146067415730337,10.0,,0.1,3.0,,0.01,,,,,,,,,,,,,,,22.0,True,,,80,0.08999999999999998
dt,True,203.1376953125,SubstructureCount,random,hcv_ns5b,0.9421965317919075,0.9541284403669725,2795118,0.8760353463575218,0.9512195121951219,0.9570552147239264,0.917098445595855,0.9461538461538461,0.9590643274853801,2405067,0.8809581774808654,0.9479768786127167,0.9704142011834319,0.9010989010989011,0.8709055876685934,0.8670520231213873,0.884393063583815,0.861271676300578,,,,,,,,,,None,None,,1.0,4.0,,,,,,,22.0,,,,80,0.08999999999999998
dt,False,239.91796875,SubstructureCount,random,hcv_ns5b,0.8615269461077845,0.8573568487833602,3124417,0.776510449199972,0.8578102081949662,0.8615269461077845,,0.8835820895522388,0.8801179949310055,2455880,0.8188000864146414,0.8886998511279918,0.8835820895522388,,0.6901160544834651,0.695067264573991,0.7146067415730337,0.6606741573033708,,,,,,,,,,None,None,,1.0,4.0,,,,,,,22.0,,,,80,0.15999999999999998
knn,True,744.9189453125,SubstructureCount,random,hcv_ns5b,0.9662813102119461,0.973424449506454,62075141,0.9276614775529303,0.9639097744360903,0.9831288343558282,0.9378238341968912,0.9692307692307692,0.9764705882352941,28955964,0.93216517267317,0.9707602339181286,0.9822485207100592,0.945054945054945,0.884393063583815,0.9017341040462428,0.8641618497109826,0.8872832369942196,,ball_tree,,,,,,50.0,,,,,,,,,-1.0,3.0,,1.0,,,,distance,90,0.08999999999999998
knn,False,977.9970703125,SubstructureCount,random,hcv_ns5b,0.9079341317365269,0.9060156325005908,59795936,0.8519094440117883,0.9069025359666697,0.9079341317365269,,0.9432835820895522,0.9428130458983223,28832023,0.9103976930244416,0.9430618973024057,0.9432835820895522,,0.7148267580322804,0.7062780269058296,0.7280898876404495,0.7101123595505618,,ball_tree,,,,,,10.0,,,,,,,,,-1.0,3.0,,1.0,,,,distance,100,0.08999999999999998
rf,True,6751.240234375,SubstructureCount,stratified,hcv_ns5b,0.9479768786127167,0.9593984962406015,51415393,0.8891200356178035,0.9368575624082232,0.9830508474576272,0.8894601542416453,0.9538461538461539,0.9655172413793104,30827162,0.8963187156153177,0.9545454545454546,0.9767441860465116,0.9090909090909091,0.8805394990366088,0.8757225433526011,0.8959537572254336,0.869942196531792,,,,,,,,,,10,None,,1.0,4.0,500.0,,,,True,,22.0,,True,,90,0.15999999999999998
rf,False,35459.65234375,SubstructureCount,stratified,hcv_ns5b,0.844311377245509,0.8397121827042282,152972785,0.7518759482034474,0.8411597688472012,0.844311377245509,,0.8597014925373134,0.8565861762115401,74757345,0.7681332166173808,0.8559063299745364,0.8597014925373134,,0.7215683310659881,0.7062780269058296,0.7235955056179775,0.7348314606741573,,,,,,,,,,30,log2,,2.0,2.0,1000.0,,,,True,,22.0,,True,,90,0.15999999999999998
hgb,True,2377.0888671875,SubstructureCount,stratified,hcv_ns5b,0.9508670520231214,0.9607993850883936,26559483,0.8950109447223124,0.9585889570552147,0.963020030816641,0.9305912596401028,0.9576923076923077,0.9681159420289855,11090245,0.9052939456518465,0.9653179190751445,0.9709302325581395,0.9318181818181818,0.8728323699421964,0.8728323699421965,0.8901734104046243,0.8554913294797688,,,,,True,,0.0,,0.01,20,,99999999.0,16.0,,,100.0,,,,,22.0,,True,,90,0.15999999999999998
hgb,False,4290.783203125,SubstructureCount,stratified,hcv_ns5b,0.8637724550898204,0.8613105087098727,44629680,0.7827465256013304,0.8610646644018465,0.8637724550898204,,0.8925373134328358,0.8927799594989876,21158594,0.8239280502648508,0.8930542094721199,0.8925373134328358,,0.7185821534740766,0.6928251121076233,0.7393258426966293,0.7235955056179775,,,,,True,,0.1,,0.01,None,,1000.0,8.0,,,100.0,,,,,22.0,,True,,100,0.15999999999999998
svm,True,607.453125,SubstructureCount,stratified,hcv_ns5b,0.9354527938342967,0.9492039423805914,21085403,0.8615790951591016,0.9343283582089552,0.9645608628659477,0.8868894601542416,0.9461538461538461,0.9595375722543352,7002874,0.8792170124879601,0.9540229885057471,0.9651162790697675,0.9090909090909091,0.8776493256262042,0.884393063583815,0.8901734104046243,0.8583815028901735,100.0,,0.1,3.0,,0.005,,,,,,,,,,,,,,,22.0,True,,,80,0.08999999999999998
svm,False,740.8857421875,SubstructureCount,stratified,hcv_ns5b,0.8076347305389222,0.8033388439280383,58744632,0.6922731939592811,0.8031189737406247,0.8076347305389222,,0.8238805970149253,0.8238789997549061,16932253,0.7117858147494845,0.8240291571230967,0.8238805970149253,,0.7125812465360003,0.7040358744394619,0.7123595505617978,0.7213483146067415,10.0,,0.1,3.0,,0.01,,,,,,,,,,,,,,,22.0,True,,,80,0.08999999999999998
dt,True,199.1513671875,SubstructureCount,stratified,hcv_ns5b,0.9335260115606936,0.9485458612975392,2735986,0.8584553036793244,0.9190751445086706,0.9799691833590138,0.8560411311053985,0.9538461538461539,0.9655172413793104,2397332,0.8963187156153177,0.9545454545454546,0.9767441860465116,0.9090909090909091,0.8603082851637766,0.8526011560693642,0.869942196531792,0.8583815028901735,,,,,,,,,,10,None,,1.0,2.0,,,,,,,22.0,,,,100,0.15999999999999998
dt,False,206.5,SubstructureCount,stratified,hcv_ns5b,0.780688622754491,0.7748578387931839,2753107,0.6479855691784502,0.7735091731497316,0.780688622754491,,0.835820895522388,0.8325579061023912,2539311,0.7282642385942575,0.8307713905718929,0.835820895522388,,0.7035908029761005,0.7062780269058296,0.7033707865168539,0.701123595505618,,,,,,,,,,10,None,,2.0,8.0,,,,,,,22.0,,,,100,0.08999999999999998
knn,True,719.8720703125,SubstructureCount,stratified,hcv_ns5b,0.9672447013487476,0.9742424242424242,41216343,0.9302770291770992,0.9582712369597616,0.9907550077041603,0.9280205655526992,0.9730769230769231,0.9798270893371758,19854887,0.9396909968776316,0.9714285714285714,0.9883720930232558,0.9431818181818182,0.8776493256262042,0.8786127167630058,0.8786127167630058,0.8757225433526011,,ball_tree,,,,,,50.0,,,,,,,,,-1.0,3.0,,1.0,,,,distance,80,0.08999999999999998
knn,False,781.447265625,SubstructureCount,stratified,hcv_ns5b,0.9094311377245509,0.907418228296399,29127869,0.8562129364537442,0.9089587765748506,0.9094311377245509,,0.9194029850746268,0.9189693154912643,8626400,0.8673431910237684,0.9187993008762044,0.9194029850746268,,0.699853882198821,0.695067264573991,0.7235955056179775,0.6808988764044944,,auto,,,,,,30.0,,,,,,,,,-1.0,9.0,,1.0,,,,distance,80,0.08999999999999998
rf,True,2926.373046875,SubstructureCount,strict,hcv_ns5b,0.9699812382739212,0.9772403982930299,15632945,0.933163263306804,0.9772403982930299,0.9772403982930299,0.9559228650137741,0.9008620689655172,0.8986784140969163,8454414,0.8043497643800162,0.9357798165137615,0.864406779661017,0.9385964912280702,0.8839974191923962,0.8907563025210085,0.8960674157303371,0.8651685393258427,,,,,,,,,,None,sqrt,,1.0,3.0,100.0,,,,True,,22.0,,True,,90,0.08999999999999998
rf,False,36796.248046875,SubstructureCount,strict,hcv_ns5b,0.8956083513318934,0.8940500569604265,159370729,0.8327713014326404,0.8939259203740428,0.8956083513318934,,0.8333333333333334,0.8280652156436192,70996673,0.7322527648547397,0.8283266573409319,0.8333333333333334,,0.7294544578458387,0.7282377919320594,0.7409766454352441,0.7191489361702128,,,,,,,,,,None,None,,2.0,3.0,1000.0,,,,True,,22.0,,True,,90,0.08999999999999998
hgb,True,2440.2392578125,SubstructureCount,strict,hcv_ns5b,0.9549718574108818,0.9661971830985916,25262775,0.8991928517399101,0.9567642956764296,0.9758179231863442,0.9146005509641874,0.875,0.8651162790697674,12302399,0.7632437640507872,0.9587628865979382,0.788135593220339,0.9649122807017544,0.8765225191200076,0.8739495798319328,0.8848314606741573,0.8707865168539326,,,,,True,,0.0,,0.01,20,,10000.0,8.0,,,100.0,,,,,22.0,,True,,90,0.15999999999999998
hgb,False,3536.27734375,SubstructureCount,strict,hcv_ns5b,0.843772498200144,0.8413038863893026,34976323,0.7485505612413175,0.8406412624138039,0.843772498200144,,0.7907801418439716,0.7833611607157257,17306649,0.6624870762367012,0.7814923240455156,0.7907801418439716,,0.7216831548990378,0.7070063694267515,0.7197452229299363,0.7382978723404255,,,,,True,,0.1,,0.01,None,,99999999.0,16.0,,,100.0,,,,,22.0,,True,,90,0.15999999999999998
svm,True,631.046875,SubstructureCount,strict,hcv_ns5b,0.9446529080675422,0.958362738179252,28947702,0.8760947655782212,0.9509803921568627,0.9658605974395448,0.9035812672176309,0.875,0.8744588744588745,7696369,0.7508085932154253,0.8938053097345132,0.8559322033898306,0.8947368421052632,0.8811805621124854,0.8991596638655462,0.8848314606741573,0.8595505617977528,10.0,,0.1,2.0,,0.01,,,,,,,,,,,,,,,22.0,False,,,90,0.08999999999999998
svm,False,690.14453125,SubstructureCount,strict,hcv_ns5b,0.8012958963282938,0.7962569140179664,68459882,0.6796112605045822,0.7953145725802908,0.8012958963282938,,0.7659574468085106,0.7619331055867704,15662742,0.6236873370903363,0.7596038690604635,0.7659574468085106,,0.7159958440619777,0.7346072186836518,0.7112526539278131,0.7021276595744681,10.0,,0.5,2.0,,0.01,,,,,,,,,,,,,,,22.0,True,,,80,0.15999999999999998
dt,True,200.412109375,SubstructureCount,strict,hcv_ns5b,0.9455909943714822,0.9597222222222223,2905656,0.878372711761816,0.937584803256445,0.9829302987197724,0.8732782369146006,0.896551724137931,0.8938053097345132,2477731,0.7963065636894247,0.9351851851851852,0.8559322033898306,0.9385964912280702,0.8671618460118129,0.8711484593837535,0.8679775280898876,0.8623595505617978,,,,,,,,,,10,None,,1.0,2.0,,,,,,,22.0,,,,80,0.15999999999999998
dt,False,250.7470703125,SubstructureCount,strict,hcv_ns5b,0.8992080633549316,0.8963829801012821,3121657,0.8389777579251856,0.899277794398192,0.8992080633549316,,0.8475177304964538,0.8426343108895064,2603727,0.7556501368883553,0.8449368794542738,0.8475177304964538,,0.7011263194350333,0.7303609341825902,0.6815286624203821,0.6914893617021277,,,,,,,,,,20,None,,1.0,3.0,,,,,,,22.0,,,,90,0.15999999999999998
knn,True,665.5703125,SubstructureCount,strict,hcv_ns5b,0.9709193245778611,0.9782456140350877,40944809,0.9351775563576693,0.9653739612188366,0.9914651493598862,0.931129476584022,0.8793103448275862,0.8727272727272727,19178544,0.7664169232991173,0.9411764705882353,0.8135593220338984,0.9473684210526315,0.8784030466119033,0.865546218487395,0.8876404494382022,0.8820224719101124,,kd_tree,,,,,,40.0,,,,,,,,,-1.0,3.0,,1.0,,,,distance,80,0.15999999999999998
knn,False,735.3505859375,SubstructureCount,strict,hcv_ns5b,0.912167026637869,0.9111604428775583,25393101,0.8591805923929712,0.9111883027817453,0.912167026637869,,0.8794326241134752,0.8788742124635256,8150623,0.809009122709804,0.8822262495091235,0.8794326241134752,,0.7117585942087907,0.7197452229299363,0.7006369426751592,0.7148936170212766,,brute,,,,,,40.0,,,,,,,,,-1.0,3.0,,1.0,,,,distance,90,0.15999999999999998
rf,True,2483.8603515625,Substructure,random,hcv_ns5b,0.9075144508670521,0.9274924471299094,13556936,0.8006091357947037,0.9136904761904762,0.941717791411043,0.8497409326424871,0.9384615384615385,0.9529411764705882,8253063,0.8641859440370228,0.9473684210526315,0.9585798816568047,0.9010989010989011,0.8641618497109826,0.8728323699421965,0.8526011560693642,0.8670520231213873,,,,,,,,,,10,sqrt,,1.0,3.0,100.0,,,,True,,22.0,,True,,100,0.08999999999999998
rf,False,4186.771484375,Substructure,random,hcv_ns5b,0.8001497005988024,0.7887496304128582,19615121,0.6773493852954164,0.7937866352002099,0.8001497005988024,,0.7761194029850746,0.7670972436443592,9658135,0.6471651444577663,0.775711096881596,0.7761194029850746,,0.6968693841218655,0.679372197309417,0.7146067415730337,0.6966292134831461,,,,,,,,,,None,log2,,1.0,8.0,100.0,,,,True,,22.0,,True,,100,0.08999999999999998
hgb,True,3314.0166015625,Substructure,random,hcv_ns5b,0.8978805394990366,0.9199395770392749,26239729,0.7797486350879618,0.90625,0.9340490797546013,0.8367875647668394,0.9423076923076923,0.9560117302052786,14972445,0.8725166052296687,0.9476744186046512,0.9644970414201184,0.9010989010989011,0.8603082851637764,0.8728323699421965,0.8583815028901735,0.8497109826589595,,,,,True,,0.0,,0.01,50,,1000.0,8.0,,,100.0,,,,,22.0,,True,,90,0.08999999999999998
hgb,False,3796.0703125,Substructure,random,hcv_ns5b,0.7552395209580839,0.7412243172096674,37153777,0.601331763020017,0.7400552196794857,0.7552395209580839,,0.7343283582089553,0.7214611347522768,18808109,0.5796730153411833,0.7315710693227365,0.7343283582089553,,0.6893921835373944,0.6614349775784754,0.7123595505617978,0.6943820224719102,,,,,True,,0.01,,0.01,20,,1000.0,16.0,,,100.0,,,,,22.0,,True,,90,0.08999999999999998
svm,True,597.6953125,Substructure,random,hcv_ns5b,0.8805394990366089,0.9066265060240963,27965858,0.7419340753694156,0.8905325443786982,0.9233128834355828,0.8082901554404145,0.8961538461538462,0.9198813056379822,8746702,0.7723714693201701,0.9226190476190477,0.9171597633136095,0.8571428571428571,0.8583815028901735,0.8757225433526011,0.8352601156069365,0.8641618497109826,200.0,,0.1,3.0,,1.0,,,,,,,,,,,,,,,22.0,False,,,80,0.08999999999999998
svm,False,738.3466796875,Substructure,random,hcv_ns5b,0.8151197604790419,0.8046162174756949,78434277,0.7013860581126444,0.8118141881923776,0.8151197604790419,,0.7910447761194029,0.7827286355527704,21100893,0.6720334533921631,0.7959200189313705,0.7910447761194029,,0.693879847500042,0.6704035874439462,0.7280898876404495,0.6831460674157304,1.0,,0.0,2.0,,1.0,,,,,,,,,,,,,,,22.0,True,,,100,0.08999999999999998
dt,True,220.69140625,Substructure,random,hcv_ns5b,0.9094412331406551,0.9315866084425036,2687637,0.8078336157738354,0.8864265927977839,0.9815950920245399,0.7875647668393783,0.95,0.9623188405797102,2314491,0.889739812807136,0.9431818181818182,0.9822485207100592,0.8901098901098901,0.848747591522158,0.861271676300578,0.8410404624277457,0.8439306358381503,,,,,,,,,,20,log2,,1.0,3.0,,,,,,,22.0,,,,100,0.08999999999999998
dt,False,257.1357421875,Substructure,random,hcv_ns5b,0.8023952095808383,0.7901251581914723,4072552,0.6803371845598859,0.7971691553088146,0.8023952095808383,,0.8,0.7869353497763174,2644354,0.6875053661602215,0.8039607629866861,0.8,,0.6834080717488789,0.6502242152466368,0.7033707865168539,0.6966292134831461,,,,,,,,,,20,log2,,1.0,2.0,,,,,,,22.0,,,,90,0.08999999999999998
knn,True,645.0830078125,Substructure,random,hcv_ns5b,0.9267822736030829,0.9431988041853513,42039661,0.8425548878521254,0.9198250728862973,0.9677914110429447,0.8575129533678757,0.9538461538461539,0.9647058823529412,35857017,0.8981755583550963,0.9590643274853801,0.9704142011834319,0.9230769230769231,0.8651252408477843,0.8815028901734104,0.8554913294797688,0.8583815028901735,,auto,,,,,,10.0,,,,,,,,,-1.0,3.0,,1.0,,,,distance,100,0.08999999999999998
knn,False,1095.86328125,Substructure,random,hcv_ns5b,0.812125748502994,0.798378083152735,90869778,0.6971617004295214,0.8126164544360411,0.812125748502994,,0.7910447761194029,0.7750983584603722,40449908,0.674381849056585,0.7973894629417017,0.7910447761194029,,0.69463059068541,0.6681614349775785,0.7235955056179775,0.6921348314606741,,ball_tree,,,,,,10.0,,,,,,,,,-1.0,5.0,,1.0,,,,distance,100,0.08999999999999998
rf,True,10388.5390625,Substructure,stratified,hcv_ns5b,0.9238921001926782,0.9402872260015117,57920827,0.8366114324576253,0.9228486646884273,0.9583975346687211,0.8663239074550129,0.9307692307692308,0.9482758620689655,31771382,0.8441760695696772,0.9375,0.9593023255813954,0.875,0.8622350674373797,0.869942196531792,0.884393063583815,0.8323699421965318,,,,,,,,,,10,sqrt,,1.0,2.0,500.0,,,,True,,22.0,,True,,100,0.08999999999999998
rf,False,35295.9462890625,Substructure,stratified,hcv_ns5b,0.780688622754491,0.7707950931686691,159848852,0.648514989701278,0.7724989349869246,0.780688622754491,,0.8029850746268656,0.7998259445053392,76079709,0.6730624184736639,0.7984217113191806,0.8029850746268656,,0.689363631783141,0.6995515695067265,0.6921348314606741,0.6764044943820224,,,,,,,,,,None,log2,,1.0,8.0,1000.0,,,,True,,22.0,,True,,90,0.08999999999999998
hgb,True,1603.953125,Substructure,stratified,hcv_ns5b,0.8978805394990366,0.9205397301349325,16674079,0.7801945299071122,0.8963503649635036,0.9460708782742681,0.8174807197943444,0.9230769230769231,0.9431818181818182,9606563,0.8263671128021597,0.9222222222222223,0.9651162790697675,0.8409090909090909,0.8603082851637764,0.8641618497109826,0.884393063583815,0.8323699421965318,,,,,True,,0.01,,0.01,None,,99999999.0,8.0,,,100.0,,,,,22.0,,True,,90,0.08999999999999998
hgb,False,5619.951171875,Substructure,stratified,hcv_ns5b,0.7634730538922155,0.7564095237779227,59952541,0.6208932788704251,0.7544399479563672,0.7634730538922155,,0.826865671641791,0.822826703845895,31553844,0.7123108528543397,0.8217444366271659,0.826865671641791,,0.6826438924438621,0.6704035874439462,0.6786516853932584,0.698876404494382,,,,,True,,0.01,,0.01,None,,1000.0,32.0,,,100.0,,,,,22.0,,True,,100,0.08999999999999998
svm,True,624.9765625,Substructure,stratified,hcv_ns5b,0.9258188824662813,0.9423220973782771,35793133,0.8411643640634303,0.9169096209912536,0.9691833590138675,0.8534704370179949,0.926923076923077,0.9464788732394366,10063298,0.8356525292576444,0.9180327868852459,0.9767441860465116,0.8295454545454546,0.8689788053949904,0.8641618497109826,0.8930635838150289,0.8497109826589595,100.0,,0.1,2.0,,1.0,,,,,,,,,,,,,,,22.0,True,,,90,0.08999999999999998
svm,False,742.1591796875,Substructure,stratified,hcv_ns5b,0.8091317365269461,0.801415146535516,79890117,0.6953167926602636,0.8048060910452967,0.8091317365269461,,0.844776119402985,0.8414184874390241,22110987,0.7424499161306178,0.840598059409137,0.844776119402985,,0.6796358811575217,0.6860986547085202,0.6853932584269663,0.6674157303370787,1.0,,0.0,2.0,,1.0,,,,,,,,,,,,,,,22.0,True,,,100,0.08999999999999998
dt,True,213.822265625,Substructure,stratified,hcv_ns5b,0.9238921001926782,0.9406461307287753,2537864,0.8367823875556777,0.9178885630498533,0.9645608628659477,0.8560411311053985,0.9346153846153846,0.9515669515669516,2388313,0.8527024926735717,0.9329608938547486,0.9709302325581395,0.8636363636363636,0.8535645472061657,0.8583815028901735,0.8786127167630058,0.8236994219653179,,,,,,,,,,None,None,,1.0,3.0,,,,,,,22.0,,,,100,0.08999999999999998
dt,False,263.837890625,Substructure,stratified,hcv_ns5b,0.812874251497006,0.8037017739887292,2824057,0.7015986282945178,0.8091456396390498,0.812874251497006,,0.8298507462686567,0.8268504404354124,2332537,0.7176836270373278,0.8261863176128841,0.8298507462686567,,0.6646680438689306,0.6681614349775785,0.6696629213483146,0.6561797752808989,,,,,,,,,,None,log2,,1.0,2.0,,,,,,,22.0,,,,100,0.08999999999999998
knn,True,938.3828125,Substructure,stratified,hcv_ns5b,0.9267822736030829,0.9423368740515933,39599573,0.842863861263438,0.9282511210762332,0.9568567026194145,0.8766066838046273,0.9461538461538461,0.9593023255813954,29182231,0.8797568710359408,0.9593023255813954,0.9593023255813954,0.9204545454545454,0.871868978805395,0.869942196531792,0.8815028901734104,0.8641618497109826,,kd_tree,,,,,,10.0,,,,,,,,,-1.0,3.0,,1.0,,,,distance,100,0.08999999999999998
knn,False,1095.86328125,Substructure,stratified,hcv_ns5b,0.8158682634730539,0.8075218146418879,59670446,0.7061924039303826,0.8109926897524781,0.8158682634730539,,0.8298507462686567,0.8276998767136655,28788110,0.7184284522048108,0.8265854069331922,0.8298507462686567,,0.67739540820611,0.6771300448430493,0.6764044943820224,0.6786516853932584,,ball_tree,,,,,,10.0,,,,,,,,,-1.0,7.0,,1.0,,,,distance,100,0.08999999999999998
rf,True,3462.638671875,Substructure,strict,hcv_ns5b,0.9296435272045028,0.947662247034194,16504936,0.8418715096186931,0.9301369863013699,0.9658605974395448,0.859504132231405,0.853448275862069,0.8482142857142857,8256443,0.7111355653821548,0.8962264150943396,0.8050847457627118,0.9035087719298246,0.8652839412918726,0.876750700280112,0.8792134831460674,0.8398876404494382,,,,,,,,,,20,sqrt,,1.0,3.0,100.0,,,,True,,22.0,,True,,100,0.08999999999999998
rf,False,14999.771484375,Substructure,strict,hcv_ns5b,0.7746580273578114,0.7631324575764221,73294319,0.6348111349324606,0.7677997497821972,0.7746580273578114,,0.7836879432624113,0.7717161657337719,32817962,0.6503649490105898,0.7715169753604895,0.7836879432624113,,0.7018385508424809,0.6878980891719745,0.7197452229299363,0.6978723404255319,,,,,,,,,,10,log2,,1.0,4.0,500.0,,,,True,,22.0,,True,,100,0.08999999999999998
hgb,True,3216.0458984375,Substructure,strict,hcv_ns5b,0.9108818011257036,0.933426769446391,36294904,0.7995546883331006,0.919889502762431,0.9473684210526315,0.8402203856749312,0.8879310344827587,0.8849557522123894,14997168,0.7790214661243099,0.9259259259259259,0.847457627118644,0.9298245614035088,0.8540479862356927,0.876750700280112,0.8539325842696629,0.8314606741573034,,,,,True,,0.01,,0.01,10,,1000.0,8.0,,,100.0,,,,,22.0,,True,,100,0.08999999999999998
hgb,False,3890.4443359375,Substructure,strict,hcv_ns5b,0.7487401007919366,0.7376662377533698,37880320,0.5910626775717415,0.740977127614802,0.7487401007919366,,0.7659574468085106,0.752687648793927,17550411,0.6211056501701566,0.7529347408913848,0.7659574468085106,,0.6975787143696074,0.7048832271762208,0.7091295116772823,0.6787234042553192,,,,,True,,0.01,,0.01,None,,1000.0,8.0,,,100.0,,,,,22.0,,True,,100,0.08999999999999998
svm,True,635.86328125,Substructure,strict,hcv_ns5b,0.9305816135084428,0.9484679665738162,36180481,0.8440150664523962,0.9290586630286494,0.968705547652916,0.8567493112947658,0.9137931034482759,0.9152542372881356,9885784,0.8275349390425215,0.9152542372881356,0.9152542372881356,0.9122807017543859,0.859658095447917,0.8851540616246498,0.8651685393258427,0.8286516853932584,10.0,,0.0,2.0,,1.0,,,,,,,,,,,,,,,22.0,True,,,100,0.08999999999999998
svm,False,670.7880859375,Substructure,strict,hcv_ns5b,0.7940964722822175,0.7870938651407736,64657419,0.6681548820744735,0.7895196451218057,0.7940964722822175,,0.7730496453900709,0.7667693578098203,14828615,0.6336509884751885,0.7663415868329049,0.7730496453900709,,0.6989941425366281,0.7133757961783439,0.7048832271762208,0.6787234042553192,100.0,,0.0,4.0,,1.0,,,,,,,,,,,,,,,22.0,False,,,80,0.08999999999999998
dt,True,222.2529296875,Substructure,strict,hcv_ns5b,0.9052532833020638,0.9305841924398626,3266455,0.786341310029901,0.9002659574468085,0.9630156472261735,0.7933884297520661,0.8706896551724138,0.868421052631579,2401438,0.7433765318462866,0.9,0.8389830508474576,0.9035087719298246,0.8474910563476327,0.8795518207282913,0.8426966292134831,0.8202247191011236,,,,,,,,,,None,sqrt,,1.0,2.0,,,,,,,22.0,,,,90,0.08999999999999998
dt,False,249.9091796875,Substructure,strict,hcv_ns5b,0.78113750899928,0.7676563444604664,2907308,0.6467039010131379,0.7786935776886831,0.78113750899928,,0.7553191489361702,0.7419111852778937,2437288,0.6061042043613151,0.7531189881413846,0.7553191489361702,,0.6855430576259957,0.6794055201698513,0.7048832271762208,0.6723404255319149,,,,,,,,,,20,log2,,1.0,3.0,,,,,,,22.0,,,,90,0.08999999999999998
knn,True,651.6220703125,Substructure,strict,hcv_ns5b,0.9324577861163227,0.950207468879668,50419562,0.8486322573853452,0.9246298788694481,0.9772403982930299,0.8457300275482094,0.8879310344827587,0.8888888888888888,36683316,0.7759774130632281,0.896551724137931,0.8813559322033898,0.8947368421052632,0.8606049161237529,0.8739495798319328,0.8764044943820225,0.8314606741573034,,auto,,,,,,10.0,,,,,,,,,-1.0,9.0,,1.0,,,,distance,100,0.08999999999999998
knn,False,668.83984375,Substructure,strict,hcv_ns5b,0.7724982001439885,0.7605003059658995,87463632,0.6317820618170721,0.7727230493457208,0.7724982001439885,,0.7730496453900709,0.7557584664351783,86576368,0.6336496043810113,0.7657836245427515,0.7730496453900709,,0.7011233078857417,0.7048832271762208,0.7112526539278131,0.6872340425531915,,auto,,,,,,50.0,,,,,,,,,-1.0,9.0,,2.0,,,,distance,80,0.08999999999999998
rf,True,44581.109375,AtomPairs2DCount,random,homosapiens_bace1,0.9727311461440137,0.9826275787187839,499584425,0.9200820569057309,0.9739036857680925,0.9915091755683374,0.9069990412272292,0.9804088586030665,0.9874932028276238,161605762,0.9425517347514297,0.9826839826839827,0.9923497267759562,0.9382239382239382,0.901789600407464,0.9003194888178914,0.9028753993610223,0.9021739130434783,,,,,,,,,,30,None,,1.0,4.0,1000.0,,,,True,,22.0,,True,,90,0.08999999999999998
rf,False,9666.271484375,AtomPairs2DCount,random,homosapiens_bace1,0.9105227882037533,0.9085162758210903,83676347,0.8338970310754982,0.9101052233630548,0.9105227882037533,,0.9068988613529806,0.9044989531224515,30325995,0.8307646540363084,0.9063421123672195,0.9068988613529806,,0.7510038040040996,0.7603015075376884,0.7471091000502765,0.7456008044243339,,,,,,,,,,20,None,,1.0,8.0,100.0,,,,True,,22.0,,True,,80,0.15999999999999998
hgb,True,3764.84375,AtomPairs2DCount,random,homosapiens_bace1,0.9622922880272688,0.976045473000406,64105352,0.8889174655551048,0.9646869983948636,0.9876746096959738,0.8734419942473634,0.969335604770017,0.9804560260586319,39758964,0.9097394428362504,0.9741100323624595,0.9868852459016394,0.9073359073359073,0.9051974811316388,0.9086261980830671,0.9047923322683706,0.9021739130434783,,,,,True,,0.1,,0.01,10,,1000.0,8.0,,,100.0,,,,,22.0,,True,,100,0.15999999999999998
hgb,False,6150.2685546875,AtomPairs2DCount,random,homosapiens_bace1,0.8760053619302949,0.8722699790788784,119080438,0.7681733848838822,0.8735302709414732,0.8760053619302949,,0.8787675820495646,0.8743235706513378,58085009,0.7790631650756608,0.8763814802074582,0.8787675820495646,,0.7491601631418362,0.7613065326633166,0.7476118652589241,0.738562091503268,,,,,True,,0.0,,0.01,50,,99999999.0,16.0,,,100.0,,,,,22.0,,True,,90,0.15999999999999998
svm,True,2237.19140625,AtomPairs2DCount,random,homosapiens_bace1,0.9490839369407754,0.9679409792085848,976155945,0.8487645387147162,0.9484752891692955,0.9882224048205971,0.8120805369127517,0.9676320272572402,0.9794372294372294,256217992,0.904417006446145,0.969989281886388,0.9890710382513661,0.8918918918918919,0.9073287684291663,0.9047923322683706,0.9086261980830671,0.9085677749360613,10.0,,0.5,2.0,,0.001,,,,,,,,,,,,,,,22.0,False,,,80,0.08999999999999998
svm,False,5014.95703125,AtomPairs2DCount,random,homosapiens_bace1,0.860254691689008,0.8551617723726318,3369064944,0.7375619488937257,0.8570439626970707,0.860254691689008,,0.854655056932351,0.8470644346763108,846374036,0.7333676685022277,0.8518216001252279,0.854655056932351,,0.7546892329925141,0.7693467336683417,0.7481146304675717,0.746606334841629,10.0,,0.0,2.0,,0.001,,,,,,,,,,,,,,,22.0,False,,,90,0.08999999999999998
dt,True,221.1962890625,AtomPairs2DCount,random,homosapiens_bace1,0.9262888794205368,0.9540626659585767,8254889,0.7777795049278442,0.9257923215666065,0.9841139413859217,0.7238734419942474,0.9335604770017035,0.9581545064377682,5089449,0.8003889699859045,0.9409905163329821,0.9759562841530055,0.7837837837837838,0.8736676390239385,0.876038338658147,0.8753993610223643,0.8695652173913043,,,,,,,,,,10,None,,2.0,4.0,,,,,,,22.0,,,,80,0.08999999999999998
dt,False,251.2109375,AtomPairs2DCount,random,homosapiens_bace1,0.7994302949061662,0.7922123679754859,9357775,0.6211719140990356,0.791075921743697,0.7994302949061662,,0.797052913596785,0.7881478204285208,5384149,0.6241286910553776,0.7890148530186558,0.797052913596785,,0.6987243911867026,0.7115577889447237,0.6907993966817496,0.693815987933635,,,,,,,,,,10,None,,2.0,2.0,,,,,,,22.0,,,,90,0.15999999999999998
knn,True,5695.8837890625,AtomPairs2DCount,random,homosapiens_bace1,0.9371538133787815,0.9602586555301091,619459432,0.8127853963099151,0.9448568398727466,0.9761709120788825,0.800575263662512,0.9497444633730835,0.9681940700808626,189635908,0.8503732379726804,0.9553191489361702,0.9814207650273225,0.8378378378378378,0.8932675834606658,0.8996805111821087,0.888817891373802,0.8913043478260869,,kd_tree,,,,,,40.0,,,,,,,,,-1.0,3.0,,1.0,,,,uniform,80,0.15999999999999998
knn,False,8084.7373046875,AtomPairs2DCount,random,homosapiens_bace1,0.9329758713136729,0.9320855607331267,978101558,0.8762091491852688,0.932649840047634,0.9329758713136729,,0.9316811788345613,0.9304373968093381,226028975,0.8765010890047599,0.9314577958692954,0.9316811788345613,,0.7417875366441727,0.7537688442211056,0.7405731523378583,0.7310206133735545,,auto,,,,,,40.0,,,,,,,,,-1.0,5.0,,1.0,,,,distance,90,0.08999999999999998
rf,True,36346.1318359375,AtomPairs2DCount,stratified,homosapiens_bace1,0.967831273966766,0.9795420674705324,480990471,0.9051004863039783,0.9709911361804996,0.9882449425915801,0.8957528957528957,0.9616695059625213,0.9755301794453507,160224780,0.8886638242175762,0.9634801288936627,0.987885462555066,0.8721804511278195,0.9075405353140006,0.91629392971246,0.9035143769968051,0.9028132992327366,,,,,,,,,,None,None,,1.0,8.0,1000.0,,,,True,,22.0,,True,,100,0.15999999999999998
rf,False,74989.2333984375,AtomPairs2DCount,stratified,homosapiens_bace1,0.9076742627345844,0.9052041767320607,448262388,0.8298012987443608,0.9078162160878473,0.9076742627345844,,0.9082384460817147,0.9060203431188095,152040443,0.8278735395669921,0.907308045773695,0.9082384460817147,,0.7521789439909452,0.7482412060301508,0.7561588738059326,0.7521367521367521,,,,,,,,,,None,sqrt,,2.0,3.0,500.0,,,,True,,22.0,,True,,90,0.15999999999999998
hgb,True,3775.4296875,AtomPairs2DCount,stratified,homosapiens_bace1,0.9608010225820196,0.9751014884979702,289080019,0.8840310993356102,0.9654340836012861,0.9849644614543467,0.8754826254826255,0.9633730834752982,0.976566757493188,34443345,0.8937907000617038,0.9665587918015103,0.986784140969163,0.8834586466165414,0.9073282236911989,0.9124600638977636,0.9035143769968051,0.9060102301790282,,,,,True,,0.01,,0.01,20,,1000.0,8.0,,,100.0,,,,,22.0,,True,,80,0.15999999999999998
hgb,False,8720.4169921875,AtomPairs2DCount,stratified,homosapiens_bace1,0.8865616621983914,0.8838217822236568,189052788,0.790010201956082,0.8847342200419889,0.8865616621983914,,0.883456128600134,0.8811743019897241,83596167,0.7810941125496403,0.8807636446699767,0.883456128600134,,0.7503365663578493,0.7417085427135678,0.7576671694318753,0.7516339869281046,,,,,True,,0.1,,0.01,20,,10000.0,64.0,,,100.0,,,,,22.0,,True,,90,0.15999999999999998
svm,True,2083.57421875,AtomPairs2DCount,stratified,homosapiens_bace1,0.9527055815935237,0.9701933404940923,856405944,0.8590917927778842,0.9532981530343008,0.9876981957353745,0.8291505791505791,0.9480408858603067,0.9668658337859859,236285860,0.8483299434708416,0.9539121114683816,0.9801762114537445,0.8383458646616542,0.9081795129497833,0.9182108626198083,0.9035143769968051,0.9028132992327366,10.0,,0.0,3.0,,0.001,,,,,,,,,,,,,,,22.0,False,,,80,0.15999999999999998
svm,False,4722.45703125,AtomPairs2DCount,stratified,homosapiens_bace1,0.8577412868632708,0.8533886211654271,3341825132,0.7348211619319482,0.8546265348760088,0.8577412868632708,,0.8580040187541862,0.8544856644063455,829195569,0.7311130761921858,0.8548403255873753,0.8580040187541862,,0.7538538174364363,0.7542713567839195,0.7561588738059326,0.751131221719457,10.0,,0.0,2.0,,0.001,,,,,,,,,,,,,,,22.0,True,,,90,0.15999999999999998
dt,True,218.7587890625,AtomPairs2DCount,stratified,homosapiens_bace1,0.9243715381337878,0.9524956510103038,8090619,0.7716067198780827,0.9328964613368284,0.972936030617824,0.752895752895753,0.9267461669505963,0.9535637149028078,5062089,0.7838024196279981,0.9353813559322034,0.9724669603524229,0.7706766917293233,0.8715360793574272,0.876038338658147,0.8766773162939298,0.8618925831202046,,,,,,,,,,10,None,,1.0,4.0,,,,,,,22.0,,,,100,0.15999999999999998
dt,False,247.09375,AtomPairs2DCount,stratified,homosapiens_bace1,0.795073726541555,0.7839854734708328,9158218,0.6126250633905919,0.7874384757363104,0.795073726541555,,0.7937039517749498,0.7800452474205727,5362560,0.6030099604358201,0.7837227672608725,0.7937039517749498,,0.6990625997424696,0.6934673366834171,0.6973353443941679,0.7063851181498241,,,,,,,,,,10,None,,4.0,3.0,,,,,,,22.0,,,,80,0.15999999999999998
knn,True,7408.591796875,AtomPairs2DCount,stratified,homosapiens_bace1,0.9742224115892629,0.9835887698358877,1174240974,0.9241552685695941,0.976043068640646,0.9912520503007107,0.9140926640926641,0.965076660988075,0.977632296781233,317890164,0.8988552773528975,0.9686486486486486,0.986784140969163,0.8909774436090225,0.8945454025477395,0.9035143769968051,0.8894568690095846,0.8906649616368286,,ball_tree,,,,,,50.0,,,,,,,,,-1.0,3.0,,1.0,,,,distance,100,0.08999999999999998
knn,False,8084.7373046875,AtomPairs2DCount,stratified,homosapiens_bace1,0.9321380697050938,0.9309766170411115,934418384,0.8754239117529187,0.931898852742066,0.9321380697050938,,0.9256530475552579,0.9243847441583767,231050231,0.8610005189074932,0.9249350852756902,0.9256530475552579,,0.7391090697327766,0.7361809045226131,0.7390648567119156,0.7420814479638009,,brute,,,,,,30.0,,,,,,,,,-1.0,7.0,,1.0,,,,distance,90,0.08999999999999998
rf,True,17136.955078125,AtomPairs2DCount,strict,homosapiens_bace1,0.9559877175025588,0.972168284789644,211181208,0.8693428129018697,0.9579081632653061,0.9868593955321945,0.8472222222222222,0.9664292980671414,0.9786130913804277,67364675,0.902470885805956,0.9654731457800512,0.9921156373193167,0.8783783783783784,0.8985319516407598,0.9106217616580311,0.897020725388601,0.8879533678756477,,,,,,,,,,20,None,,1.0,8.0,500.0,,,,True,,22.0,,True,,100,0.15999999999999998
rf,False,71055.48046875,AtomPairs2DCount,strict,homosapiens_bace1,0.900016580998176,0.8974328934990374,371449358,0.8136118409336874,0.8995046716336041,0.900016580998176,,0.9,0.8971745830197301,122918246,0.8198171611199403,0.90094259116765,0.9,,0.7660952796616957,0.7608910891089109,0.7647350173353145,0.7726597325408618,,,,,,,,,,20,sqrt,,2.0,4.0,500.0,,,,True,,22.0,,True,,80,0.08999999999999998
hgb,True,6175.6533203125,AtomPairs2DCount,strict,homosapiens_bace1,0.9629477993858752,0.9764107910856249,308120302,0.8907757801043632,0.968459152016546,0.9844940867279894,0.8870370370370371,0.9715157680569685,0.9817708333333334,91557746,0.9174758046645645,0.9729032258064516,0.9908015768725361,0.9054054054054054,0.9000431778929188,0.905440414507772,0.8976683937823834,0.897020725388601,,,,,True,,0.0,,0.01,10,,99999999.0,32.0,,,100.0,,,,,22.0,,True,,90,0.08999999999999998
hgb,False,7448.8837890625,AtomPairs2DCount,strict,homosapiens_bace1,0.8749792737522799,0.8718096203320079,158379571,0.766094912273741,0.8724325445896177,0.8749792737522799,,0.8699300699300699,0.8662509881578918,64148386,0.7642833309742096,0.8670935210054509,0.8699300699300699,,0.7632891000838568,0.7579207920792079,0.763744427934621,0.7682020802377415,,,,,True,,0.01,,0.01,None,,1000.0,32.0,,,100.0,,,,,22.0,,True,,100,0.15999999999999998
svm,True,2284.8125,AtomPairs2DCount,strict,homosapiens_bace1,0.9484135107471853,0.9674418604651163,1094269563,0.8462356604947487,0.9514612452350699,0.9839684625492773,0.8231481481481482,0.9664292980671414,0.9785575048732943,221262932,0.9024844493058267,0.967866323907455,0.9894875164257556,0.8873873873873874,0.908678756476684,0.9151554404145078,0.9047927461139896,0.9060880829015544,10.0,,0.1,3.0,,0.001,,,,,,,,,,,,,,,22.0,False,,,90,0.15999999999999998
svm,False,4697.44921875,AtomPairs2DCount,strict,homosapiens_bace1,0.8552478859227326,0.8499810870676255,3161684862,0.7275456086769048,0.8515029306479691,0.8552478859227326,,0.8377622377622378,0.83055969416957,761993655,0.7051777592115948,0.8345947464749173,0.8377622377622378,,0.7685719166270267,0.7599009900990099,0.763744427934621,0.7820703318474492,10.0,,0.0,4.0,,0.001,,,,,,,,,,,,,,,22.0,False,,,90,0.15999999999999998
dt,True,220.9384765625,AtomPairs2DCount,strict,homosapiens_bace1,0.9156601842374616,0.9467149508535955,8169079,0.7469328673042374,0.932009167303285,0.961892247043364,0.7527777777777778,0.9318413021363174,0.9566903684550744,5144208,0.7992782319095588,0.9414758269720102,0.9724047306176085,0.7927927927927928,0.8698186528497409,0.8711139896373057,0.866580310880829,0.8717616580310881,,,,,,,,,,10,None,,1.0,3.0,,,,,,,22.0,,,,80,0.15999999999999998
dt,False,240.8994140625,AtomPairs2DCount,strict,homosapiens_bace1,0.7345382192007959,0.7153842896964604,9489661,0.47856536935436494,0.7198546036604576,0.7345382192007959,,0.7202797202797203,0.6936673733518318,5724695,0.46233759659774853,0.70619602414237,0.7202797202797203,,0.7102995143496519,0.7158415841584158,0.6983655274888558,0.716691431401684,,,,,,,,,,10,sqrt,,2.0,2.0,,,,,,,22.0,,,,90,0.15999999999999998
knn,True,8522.19140625,AtomPairs2DCount,strict,homosapiens_bace1,0.9303991811668373,0.9562419562419563,636115464,0.790590365901537,0.9369482976040353,0.9763469119579501,0.7685185185185185,0.9440488301119023,0.9642625081221572,166999272,0.8366109615452209,0.9537275064267352,0.9750328515111695,0.8378378378378378,0.8907599309153714,0.9015544041450777,0.8808290155440415,0.8898963730569949,,kd_tree,,,,,,10.0,,,,,,,,,-1.0,3.0,,1.0,,,,uniform,100,0.08999999999999998
knn,False,9682.3955078125,AtomPairs2DCount,strict,homosapiens_bace1,0.9245564582987896,0.9231989841823355,775069794,0.860210218091061,0.9240793369537027,0.9245564582987896,,0.9349650349650349,0.9337545592658202,226340701,0.8831780322135236,0.9347969225646803,0.9349650349650349,,0.7509087758701577,0.7455445544554455,0.7508667657256067,0.7563150074294205,,kd_tree,,,,,,10.0,,,,,,,,,-1.0,5.0,,1.0,,,,distance,80,0.08999999999999998
rf,True,53898.8525390625,AtomPairs2D,random,homosapiens_bace1,0.9475926714955262,0.9666847237269772,327864657,0.8451445110348027,0.9560675060273238,0.977540399890441,0.8427612655800575,0.9633730834752982,0.9765922700054437,105619075,0.8925859731481847,0.972885032537961,0.980327868852459,0.9034749034749034,0.8879412717997326,0.8907348242811501,0.888817891373802,0.8842710997442456,,,,,,,,,,20,sqrt,,1.0,3.0,500.0,,,,True,,22.0,,True,,100,0.08999999999999998
rf,False,101785.6123046875,AtomPairs2D,random,homosapiens_bace1,0.8450067024128687,0.8403643430598077,469495925,0.7095465388124995,0.8406227247028716,0.8450067024128687,,0.8506363027461487,0.8459656472682561,155549306,0.7268091900750064,0.8465904047773586,0.8506363027461487,,0.7205087781794847,0.7241206030150754,0.7280040221216691,0.7094017094017094,,,,,,,,,,None,sqrt,,1.0,4.0,500.0,,,,True,,22.0,,True,,90,0.15999999999999998
hgb,True,3750.4140625,AtomPairs2D,random,homosapiens_bace1,0.9207498934810396,0.9499865555256789,66322572,0.7624763743584468,0.9329284393979403,0.9676800876472199,0.7564717162032598,0.9352640545144804,0.9588744588744589,233171561,0.807787018440935,0.9496248660235799,0.9683060109289617,0.8185328185328186,0.8885807941734827,0.8900958466453675,0.888817891373802,0.8868286445012787,,,,,True,,0.01,,0.01,10,,1000.0,32.0,,,100.0,,,,,22.0,,True,,90,0.08999999999999998
hgb,False,9287.8330078125,AtomPairs2D,random,homosapiens_bace1,0.8212131367292225,0.8143441607484879,172253387,0.6630482223786869,0.8141573202691187,0.8212131367292225,,0.8298727394507702,0.822317445894137,70071208,0.6865089181977788,0.8237101270358042,0.8298727394507702,,0.7223515768889698,0.728140703517588,0.722473604826546,0.7164404223227753,,,,,True,,0.1,,0.01,20,,1000.0,8.0,,,100.0,,,,,22.0,,True,,90,0.08999999999999998
svm,True,1759.49609375,AtomPairs2D,random,homosapiens_bace1,0.912015338730294,0.9439696106362773,672441680,0.7399958282231379,0.9352150537634408,0.9528896192823884,0.7689357622243528,0.9250425894378195,0.9521218715995647,169283562,0.7797444501099392,0.9479956663055255,0.9562841530054644,0.8146718146718147,0.8813365963137582,0.8894568690095846,0.8792332268370607,0.8753196930946292,200.0,,0.5,3.0,,0.005,,,,,,,,,,,,,,,22.0,False,,,90,0.08999999999999998
svm,False,3364.3671875,AtomPairs2D,random,homosapiens_bace1,0.8218833780160858,0.8161164409085856,1657508801,0.6658949861341572,0.8160511983586197,0.8218833780160858,,0.8245144005358339,0.8168125211800293,414995698,0.6771294155909943,0.8184539548575763,0.8245144005358339,,0.7153135376901266,0.7241206030150754,0.717948717948718,0.7038712921065863,200.0,,0.0,4.0,,0.01,,,,,,,,,,,,,,,22.0,False,,,90,0.08999999999999998
dt,True,279.2548828125,AtomPairs2D,random,homosapiens_bace1,0.92011077971879,0.9498059162093427,6398529,0.7593320195241249,0.9287958115183246,0.9717885510818953,0.7392138063279002,0.9267461669505963,0.9540598290598291,4576150,0.7785992215648518,0.9331243469174504,0.9759562841530055,0.752895752895753,0.8642940604495722,0.8651757188498402,0.8670926517571885,0.860613810741688,,,,,,,,,,30,None,,2.0,3.0,,,,,,,22.0,,,,90,0.15999999999999998
dt,False,505.123046875,AtomPairs2D,random,homosapiens_bace1,0.8227211796246648,0.8148509737581038,7252882,0.6681199632675324,0.8192225752594092,0.8227211796246648,,0.826523777628935,0.81712811937863,4857065,0.6827820864823048,0.8240229672066631,0.826523777628935,,0.691353870070985,0.6914572864321608,0.6918049270990447,0.6907993966817496,,,,,,,,,,20,log2,,1.0,3.0,,,,,,,22.0,,,,90,0.15999999999999998
knn,True,3771.9677734375,AtomPairs2D,random,homosapiens_bace1,0.9412015338730294,0.9627127803296406,398294192,0.8255426635772336,0.949880031991469,0.9758970145165708,0.8197507190795782,0.9531516183986372,0.9702541914548405,144112686,0.861094876515764,0.9603854389721628,0.980327868852459,0.8571428571428571,0.8796319750292115,0.8849840255591054,0.8817891373801917,0.8721227621483376,,brute,,,,,,10.0,,,,,,,,,-1.0,5.0,,1.0,,,,distance,80,0.08999999999999998
knn,False,8136.91796875,AtomPairs2D,random,homosapiens_bace1,0.8553954423592494,0.8504783979351683,772246930,0.7292912925494623,0.8519233251587465,0.8553954423592494,,0.8439383791024783,0.8382938037745745,206529242,0.7142497627041685,0.8402897491748074,0.8439383791024783,,0.7116287824239347,0.7110552763819096,0.7139265962795375,0.709904474610357,,kd_tree,,,,,,20.0,,,,,,,,,-1.0,7.0,,1.0,,,,distance,100,0.15999999999999998
rf,True,105957.3291015625,AtomPairs2D,stratified,homosapiens_bace1,0.9507882403067746,0.9686779661016949,637941330,0.8545528070194118,0.9609900457358085,0.9764898851831602,0.86003861003861,0.9540034071550255,0.9704271631982475,204614701,0.8672559565485933,0.9651416122004357,0.9757709251101322,0.8796992481203008,0.8934803036369431,0.9035143769968051,0.8869009584664537,0.8900255754475703,,,,,,,,,,20,sqrt,,1.0,3.0,1000.0,,,,True,,22.0,,True,,100,0.08999999999999998
rf,False,141840.6484375,AtomPairs2D,stratified,homosapiens_bace1,0.8374664879356568,0.8295024216370959,917735656,0.6957734296670025,0.833740863831469,0.8374664879356568,,0.8459477561955794,0.8385643040852937,303617209,0.7071684647958311,0.8416493029362418,0.8459477561955794,,0.7221849990694212,0.7221105527638191,0.726998491704374,0.7174459527400704,,,,,,,,,,20,sqrt,,1.0,8.0,1000.0,,,,True,,22.0,,True,,100,0.08999999999999998
hgb,True,3449.0361328125,AtomPairs2D,stratified,homosapiens_bace1,0.9290583723902854,0.955127341328662,57983255,0.7877912448416834,0.9418017539197449,0.9688354291962821,0.7886100386100386,0.9301533219761499,0.955386289445049,33966377,0.7959161470384047,0.9440860215053763,0.9669603524229075,0.8045112781954887,0.8932667663537147,0.9015974440894569,0.8907348242811501,0.887468030690537,,,,,True,,0.0,,0.01,50,,10000.0,8.0,,,100.0,,,,,22.0,,True,,90,0.08999999999999998
hgb,False,7464.8349609375,AtomPairs2D,stratified,homosapiens_bace1,0.7997654155495979,0.7891303749753595,132054518,0.6217421073900392,0.7908905789680256,0.7997654155495979,,0.8104487608841259,0.7992565120924381,59368097,0.6368357420748154,0.801443063967235,0.8104487608841259,,0.7211784580687922,0.728140703517588,0.7204625439919558,0.7149321266968326,,,,,True,,0.1,,0.01,50,,10000.0,16.0,,,100.0,,,,,22.0,,True,,90,0.08999999999999998
svm,True,1674.59375,AtomPairs2D,stratified,homosapiens_bace1,0.9277801448657861,0.9538712750034019,624533512,0.7877971039923891,0.9496071525331888,0.9581738655002734,0.8204633204633205,0.9250425894378195,0.9517543859649122,158372142,0.7839813288387282,0.9475982532751092,0.9559471365638766,0.8195488721804511,0.8866630441591833,0.8932907348242811,0.8837060702875399,0.8829923273657289,200.0,,0.0,2.0,,0.01,,,,,,,,,,,,,,,22.0,False,,,90,0.08999999999999998
svm,False,3509.6875,AtomPairs2D,stratified,homosapiens_bace1,0.80328418230563,0.7947053229384061,1754751333,0.629433938535455,0.7952934712641174,0.80328418230563,,0.8158070997990623,0.807372270561122,448255968,0.6484454851423074,0.8077632855395148,0.8158070997990623,,0.713303150577759,0.7201005025125629,0.714429361488185,0.705379587732529,100.0,,0.1,3.0,,0.01,,,,,,,,,,,,,,,22.0,True,,,90,0.08999999999999998
dt,True,275.16796875,AtomPairs2D,stratified,homosapiens_bace1,0.9224541968470388,0.9512587038028923,7023674,0.7658485374093897,0.9322834645669291,0.9710224166211044,0.750965250965251,0.91396933560477,0.9451980466630494,4932060,0.7471299967458784,0.9315508021390374,0.9592511013215859,0.7593984962406015,0.871323222996658,0.8856230031948882,0.865814696485623,0.862531969309463,,,,,,,,,,None,None,,2.0,2.0,,,,,,,22.0,,,,80,0.08999999999999998
dt,False,510.9658203125,AtomPairs2D,stratified,homosapiens_bace1,0.8351206434316354,0.827736841255575,7158159,0.6920346050812072,0.830230399589718,0.8351206434316354,,0.8372404554588078,0.831739162421336,4957796,0.6924224224072503,0.8320086456493009,0.8372404554588078,,0.6885046987914265,0.6924623115577889,0.6907993966817496,0.6822523881347411,,,,,,,,,,None,sqrt,,1.0,2.0,,,,,,,22.0,,,,80,0.15999999999999998
knn,True,8020.6474609375,AtomPairs2D,stratified,homosapiens_bace1,0.9514273540690242,0.9691725256895619,593712129,0.8558896299095039,0.9588014981273408,0.9797703663203936,0.8513513513513513,0.9463373083475298,0.9656301145662848,183476021,0.8441024564073714,0.9567567567567568,0.974669603524229,0.849624060150376,0.8851730496337998,0.8875399361022365,0.8805111821086262,0.887468030690537,,ball_tree,,,,,,40.0,,,,,,,,,-1.0,5.0,,1.0,,,,distance,90,0.08999999999999998
knn,False,10246.5478515625,AtomPairs2D,stratified,homosapiens_bace1,0.8632707774798928,0.858081538614261,824352059,0.745732056968735,0.860331546877236,0.8632707774798928,,0.8660415271265908,0.8615586762742723,224532235,0.7476321998285009,0.8627306030032632,0.8660415271265908,,0.7096178900199002,0.7100502512562814,0.7068878833584716,0.7119155354449472,,kd_tree,,,,,,50.0,,,,,,,,,-1.0,9.0,,1.0,,,,distance,90,0.08999999999999998
rf,True,38656.93359375,AtomPairs2D,strict,homosapiens_bace1,0.933265097236438,0.9579788605310647,365307119,0.7996658243466371,0.940045535036681,0.9766097240473062,0.7805555555555556,0.9501525940996948,0.9684887459807074,118279936,0.8539199462305315,0.9483627204030227,0.9894875164257556,0.8153153153153153,0.8892487046632125,0.8937823834196891,0.8866580310880829,0.8873056994818653,,,,,,,,,,10,None,,1.0,3.0,1000.0,,,,True,,22.0,,True,,100,0.08999999999999998
rf,False,27869.291015625,AtomPairs2D,strict,homosapiens_bace1,0.8162825402089205,0.8046865160730867,250196829,0.6497456228803683,0.8115783216040496,0.8162825402089205,,0.8090909090909091,0.7966884120045066,83170966,0.6493403180685687,0.8065777647914775,0.8090909090909091,,0.7418288634212603,0.7425742574257426,0.7409608717186726,0.741951461119366,,,,,,,,,,10,None,,1.0,8.0,500.0,,,,True,,22.0,,True,,100,0.08999999999999998
hgb,True,3749.953125,AtomPairs2D,strict,homosapiens_bace1,0.9187308085977482,0.9488336125789406,59689227,0.7550564471941903,0.9309559939301972,0.9674113009198423,0.7472222222222222,0.9460834181078331,0.9657843770174306,74020482,0.841708476226631,0.949238578680203,0.9829172141918529,0.8198198198198198,0.8927029360967186,0.9022020725388601,0.8860103626943006,0.8898963730569949,,,,,True,,0.1,,0.01,10,,1000.0,8.0,,,100.0,,,,,22.0,,True,,80,0.08999999999999998
hgb,False,8250.611328125,AtomPairs2D,strict,homosapiens_bace1,0.8167799701542032,0.8072215568486169,195687454,0.6517646359992758,0.809633814016831,0.8167799701542032,,0.8020979020979021,0.7899279588268566,64410644,0.6359105416911212,0.7981353666331122,0.8020979020979021,,0.7375379439875637,0.7326732673267327,0.7320455671124318,0.7478949975235265,,,,,True,,0.01,,0.01,50,,99999999.0,16.0,,,100.0,,,,,22.0,,True,,90,0.08999999999999998
svm,True,1721.71875,AtomPairs2D,strict,homosapiens_bace1,0.9193449334698055,0.9488045738045738,574573335,0.7599979353982567,0.938319198149576,0.959526938239159,0.7777777777777778,0.9420142421159715,0.9630589760207389,117998065,0.8300832249465484,0.9501278772378516,0.9763469119579501,0.8243243243243243,0.8860103626943006,0.8892487046632125,0.883419689119171,0.8853626943005182,100.0,,0.1,2.0,,0.01,,,,,,,,,,,,,,,22.0,False,,,90,0.08999999999999998
svm,False,3493.359375,AtomPairs2D,strict,homosapiens_bace1,0.8043442215221356,0.7946194092049181,1736140093,0.6265910202999855,0.7960531490670465,0.8043442215221356,,0.7916083916083916,0.7797145977304517,439129207,0.6179724252044649,0.785828830340157,0.7916083916083916,,0.7297798799196413,0.7232673267326732,0.7241208519068846,0.741951461119366,100.0,,0.1,4.0,,0.01,,,,,,,,,,,,,,,22.0,True,,,90,0.08999999999999998
dt,True,240.1767578125,AtomPairs2D,strict,homosapiens_bace1,0.9084953940634596,0.9424191678474817,7062878,0.7234464893754406,0.9242041435068217,0.9613666228646518,0.7222222222222222,0.9267548321464903,0.9534883720930233,4974731,0.7839125846307433,0.9377382465057179,0.9697766097240473,0.7792792792792793,0.8670120898100172,0.8737046632124352,0.8594559585492227,0.8678756476683938,,,,,,,,,,10,None,,1.0,2.0,,,,,,,22.0,,,,90,0.08999999999999998
dt,False,272.89453125,AtomPairs2D,strict,homosapiens_bace1,0.7610678162825402,0.7402406366045776,6916620,0.5348844216954315,0.7471295778036744,0.7610678162825402,,0.7426573426573426,0.7176622501063936,4757321,0.51437905208003,0.7257243882468971,0.7426573426573426,,0.7094754943547846,0.7069306930693069,0.7018325903912828,0.7196631996037642,,,,,,,,,,10,None,,2.0,3.0,,,,,,,22.0,,,,90,0.15999999999999998
knn,True,3764.0849609375,AtomPairs2D,strict,homosapiens_bace1,0.9428863868986694,0.9638085354780127,400484014,0.8300807984147333,0.9515881147540983,0.9763469119579501,0.825,0.9562563580874873,0.9722042663219134,99172211,0.8722108094085544,0.9567430025445293,0.988173455978975,0.8468468468468469,0.8752158894645942,0.8853626943005182,0.8659326424870466,0.8743523316062176,,auto,,,,,,30.0,,,,,,,,,-1.0,7.0,,1.0,,,,distance,80,0.08999999999999998
knn,False,6949.3681640625,AtomPairs2D,strict,homosapiens_bace1,0.8388326977284033,0.8299944341867627,472828986,0.6960397496432,0.8355886559690618,0.8388326977284033,,0.83006993006993,0.8233238808642724,122939727,0.6888159487960211,0.8277044303332608,0.83006993006993,,0.7235061470485831,0.7232673267326732,0.716691431401684,0.7305596830113917,,kd_tree,,,,,,30.0,,,,,,,,,-1.0,9.0,,2.0,,,,distance,90,0.15999999999999998
rf,True,30304.7119140625,EState,random,homosapiens_bace1,0.8972938418921799,0.9353887399463807,222520311,0.6906069636864267,0.9133507853403141,0.9585164835164836,0.6856600189933523,0.8901192504258943,0.9310529128808124,79499938,0.661790099904266,0.9207188160676533,0.9416216216216217,0.6987951807228916,0.8614965586178909,0.85814696485623,0.8638107416879796,0.862531969309463,,,,,,,,,,None,sqrt,,1.0,8.0,500.0,,,,True,,22.0,,True,,90,0.08999999999999998
rf,False,74628.685546875,EState,random,homosapiens_bace1,0.7928954423592494,0.7817938874447318,353681862,0.6039028531357924,0.785485700925659,0.7928954423592494,,0.7835120643431636,0.7719392799807364,117411541,0.5924573899046398,0.7751772961681783,0.7835120643431636,,0.7106244310205292,0.7040201005025125,0.7189542483660131,0.7088989441930619,,,,,,,,,,None,sqrt,,1.0,4.0,500.0,,,,True,,22.0,,True,,100,0.08999999999999998
hgb,True,3057.296875,EState,random,homosapiens_bace1,0.8785425101214575,0.9248417721518988,47378701,0.6247380145347815,0.8891987829614605,0.9634615384615385,0.5849952516619183,0.8705281090289608,0.9197465681098205,28419774,0.5901328394383977,0.8988648090815273,0.9416216216216217,0.606425702811245,0.8551040585702262,0.8517571884984025,0.8567774936061381,0.8567774936061381,,,,,True,,0.01,,0.01,50,,99999999.0,8.0,,,100.0,,,,,22.0,,True,,80,0.08999999999999998
hgb,False,10706.521484375,EState,random,homosapiens_bace1,0.7692694369973191,0.7516258094603956,226619034,0.5538438932613422,0.758999678003839,0.7692694369973191,,0.7587131367292225,0.7398917645812325,76544614,0.5408135854504416,0.7468376353587535,0.7587131367292225,,0.7055963578576643,0.7065326633165829,0.7124183006535948,0.6978381096028154,,,,,True,,0.0,,0.01,10,,1000.0,16.0,,,100.0,,,,,22.0,,True,,100,0.08999999999999998
svm,True,796.9931640625,EState,random,homosapiens_bace1,0.8975069252077562,0.9362998278373725,410506058,0.6874509447498244,0.9038609051393506,0.9711538461538461,0.6429249762583096,0.8986371379897785,0.9371368198626518,103013465,0.6809677763699485,0.9163223140495868,0.9589189189189189,0.6746987951807228,0.8576618756962432,0.850479233226837,0.8529411764705882,0.8695652173913043,1.0,,0.1,2.0,,1.0,,,,,,,,,,,,,,,22.0,True,,,90,0.08999999999999998
svm,False,1007.115234375,EState,random,homosapiens_bace1,0.776642091152815,0.7615029546613217,897792636,0.5702461160682359,0.7679340561731567,0.776642091152815,,0.767426273458445,0.7524479802690636,225426857,0.5594514608718072,0.7570036793350081,0.767426273458445,,0.7044245864819322,0.6984924623115578,0.7109100050276521,0.7038712921065863,300.0,,0.5,2.0,,1.0,,,,,,,,,,,,,,,22.0,False,,,90,0.08999999999999998
dt,True,264.3017578125,EState,random,homosapiens_bace1,0.8849350095887492,0.9287410926365796,2544638,0.6458763874563896,0.8936008125952261,0.9667582417582418,0.6020892687559354,0.8901192504258943,0.9319978914074855,2075900,0.6522997317716153,0.9094650205761317,0.9556756756756757,0.6465863453815262,0.8502035958153229,0.8447284345047923,0.850383631713555,0.8554987212276215,,,,,,,,,,20,log2,,1.0,2.0,,,,,,,22.0,,,,80,0.08999999999999998
dt,False,349.84765625,EState,random,homosapiens_bace1,0.7763069705093834,0.7608743443117224,2974943,0.5701358152017293,0.7674901880953863,0.7763069705093834,,0.7727882037533512,0.7578688093617999,1805584,0.5705188283664516,0.762544362922898,0.7727882037533512,,0.6952077296150604,0.6954773869346733,0.7013574660633484,0.6887883358471594,,,,,,,,,,30,None,,1.0,4.0,,,,,,,22.0,,,,90,0.08999999999999998
knn,True,1238.3837890625,EState,random,homosapiens_bace1,0.9047517579373535,0.9399435711406691,874654256,0.7144132268808696,0.9198001577701814,0.960989010989011,0.7103513770180437,0.9028960817717206,0.9386437029063509,231182053,0.7061616058026184,0.9346195069667739,0.9427027027027027,0.7550200803212851,0.8557409934386312,0.8632587859424921,0.8567774936061381,0.8471867007672634,,ball_tree,,,,,,30.0,,,,,,,,,-1.0,3.0,,1.0,,,,distance,100,0.08999999999999998
knn,False,1354.5986328125,EState,random,homosapiens_bace1,0.7880361930294906,0.7742770343283742,125168735,0.5939799827388763,0.782327146770423,0.7880361930294906,,0.7774798927613941,0.7606054888264285,37496400,0.5794670603370096,0.7730542836875003,0.7774798927613941,,0.7019102551470272,0.7015075376884422,0.7013574660633484,0.702865761689291,,auto,,,,,,10.0,,,,,,,,,-1.0,7.0,,1.0,,,,distance,100,0.08999999999999998
rf,True,8153.037109375,EState,stratified,homosapiens_bace1,0.9045386746217771,0.9400588707519401,47635801,0.7099734396896444,0.9208387942332896,0.9600983875375786,0.7079303675048356,0.903747870528109,0.9388858842617631,20175439,0.7160307980349562,0.9204665959703076,0.9580573951434879,0.7201492537313433,0.8670368161155281,0.8632587859424921,0.8695652173913043,0.8682864450127877,,,,,,,,,,None,sqrt,,1.0,4.0,100.0,,,,True,,22.0,,True,,100,0.08999999999999998
rf,False,82873.271484375,EState,stratified,homosapiens_bace1,0.7657506702412868,0.743018156016254,560850912,0.5471702000428245,0.7612764098748412,0.7657506702412868,,0.767426273458445,0.7449343902165029,195643833,0.5514527657657039,0.7599295275245603,0.767426273458445,,0.7055961894271087,0.7075376884422111,0.7003519356460532,0.7088989441930619,,,,,,,,,,None,sqrt,,2.0,2.0,1000.0,,,,True,,22.0,,True,,100,0.08999999999999998
hgb,True,3642.6435546875,EState,stratified,homosapiens_bace1,0.888131259322395,0.9301211233861307,57023208,0.6563108471983321,0.9065905552672548,0.9549057119431539,0.6518375241779497,0.8969335604770017,0.9351206434316354,32045727,0.692179106319949,0.9092805005213764,0.9624724061810155,0.6753731343283582,0.862136217176133,0.8568690095846645,0.8638107416879796,0.8657289002557544,,,,,True,,0.0,,0.01,10,,10000.0,16.0,,,100.0,,,,,22.0,,True,,100,0.08999999999999998
hgb,False,7049.9736328125,EState,stratified,homosapiens_bace1,0.7505026809651475,0.727144035568524,120733314,0.5158593433836677,0.7405884587730391,0.7505026809651475,,0.7540214477211796,0.7268350006106344,102556423,0.5236135650001916,0.7421223631358395,0.7540214477211796,,0.7019090761331377,0.7085427135678392,0.690296631473102,0.7068878833584716,,,,,True,,0.01,,0.01,20,,99999999.0,8.0,,,100.0,,,,,22.0,,True,,90,0.08999999999999998
svm,True,797.1611328125,EState,stratified,homosapiens_bace1,0.9053910078840827,0.9408945686900958,397920015,0.7106959045398097,0.917207370879834,0.9658376605629954,0.6914893617021277,0.9054514480408858,0.9404186795491143,98745396,0.7186836448518363,0.9153605015673981,0.9668874172185431,0.6977611940298507,0.8627756033653912,0.8568690095846645,0.8695652173913043,0.8618925831202046,10.0,,0.0,2.0,,1.0,,,,,,,,,,,,,,,22.0,True,,,100,0.08999999999999998
svm,False,1120.1103515625,EState,stratified,homosapiens_bace1,0.7818364611260054,0.7646341281313396,1028315998,0.5811068007134708,0.7769115736849894,0.7818364611260054,,0.7828418230563002,0.765922521756175,256329863,0.5842215843108678,0.7763002336904145,0.7828418230563002,,0.7064331208581874,0.7135678391959799,0.7058823529411765,0.6998491704374057,1.0,,0.0,2.0,,1.0,,,,,,,,,,,,,,,22.0,True,,,100,0.08999999999999998
dt,True,265.2294921875,EState,stratified,homosapiens_bace1,0.9034732580438951,0.9399602385685885,2371377,0.7032906816554623,0.912506433350489,0.9691172451489478,0.6711798839458414,0.9028960817717206,0.9389067524115756,1775733,0.7104023670332404,0.9125,0.9668874172185431,0.6865671641791045,0.8574486107819986,0.8511182108626199,0.8586956521739131,0.862531969309463,,,,,,,,,,None,None,,1.0,2.0,,,,,,,22.0,,,,100,0.08999999999999998
dt,False,400.72265625,EState,stratified,homosapiens_bace1,0.7856903485254692,0.7688577125590454,2809252,0.5894562205242232,0.7822950538314711,0.7856903485254692,,0.7955764075067024,0.7788606483157784,1630300,0.6112284374507192,0.7930082056952292,0.7955764075067024,,0.6913522699807063,0.7010050251256281,0.6847662141779789,0.6882855706385118,,,,,,,,,,None,sqrt,,1.0,2.0,,,,,,,22.0,,,,100,0.08999999999999998
knn,True,1045.365234375,EState,stratified,homosapiens_bace1,0.8977200085233327,0.9360341151385928,55229534,0.6870094805784073,0.9133940182054616,0.9598250888220825,0.6779497098646035,0.8943781942078365,0.9332615715823466,24760374,0.6857623187420014,0.9107142857142857,0.956953642384106,0.6828358208955224,0.8619233608153638,0.855591054313099,0.8682864450127877,0.8618925831202046,,brute,,,,,,30.0,,,,,,,,,-1.0,7.0,,1.0,,,,distance,90,0.08999999999999998
knn,False,1354.5986328125,EState,stratified,homosapiens_bace1,0.7818364611260054,0.768980938589463,107261405,0.5846662482375834,0.7734663408453047,0.7818364611260054,,0.7908847184986595,0.7782070535082891,36523465,0.6044667268539268,0.7804324935765627,0.7908847184986595,,0.7005690426323001,0.7045226130653266,0.6918049270990447,0.705379587732529,,auto,,,,,,10.0,,,,,,,,,-1.0,7.0,,1.0,,,,distance,100,0.08999999999999998
rf,True,87633.4365234375,EState,strict,homosapiens_bace1,0.9017199017199017,0.9381124290871583,422126560,0.7029795840487777,0.9205465587044535,0.9563617245005258,0.7092592592592593,0.9348931841302136,0.95822454308094,137079143,0.8111421325270967,0.9520103761348897,0.9645203679369251,0.8333333333333334,0.8637443656067795,0.8633419689119171,0.8639896373056994,0.8639014906027219,,,,,,,,,,None,sqrt,,1.0,2.0,1000.0,,,,True,,22.0,,True,,100,0.08999999999999998
rf,False,32436.435546875,EState,strict,homosapiens_bace1,0.7529021558872305,0.723965299104403,208127806,0.516898800581807,0.7518363831247553,0.7529021558872305,,0.7496503496503496,0.7236269798253225,73007266,0.5267678993202453,0.7473017459513175,0.7496503496503496,,0.7204886907710087,0.721644378405151,0.7107478949975236,0.7290737989103516,,,,,,,,,,10,sqrt,,1.0,4.0,500.0,,,,True,,22.0,,True,,100,0.08999999999999998
hgb,True,3733.76171875,EState,strict,homosapiens_bace1,0.8769451269451269,0.9229190714377324,57705265,0.6233770149102114,0.901076884547959,0.9458464773922187,0.6342592592592593,0.9074262461851476,0.9411764705882353,26787833,0.7263456544105632,0.926208651399491,0.9566360052562418,0.7387387387387387,0.8646084831267622,0.8652849740932642,0.8620466321243523,0.8664938431626701,,,,,True,,0.0,,0.01,None,,1000.0,32.0,,,100.0,,,,,22.0,,True,,100,0.08999999999999998
hgb,False,5048.9638671875,EState,strict,homosapiens_bace1,0.7402985074626866,0.7178411899704827,213010047,0.4910249248542952,0.7238115960468804,0.7402985074626866,,0.7412587412587412,0.7227468036265376,47044901,0.5122505352576835,0.729259416952539,0.7412587412587412,,0.7208188872379065,0.7236255572065379,0.7137196631996038,0.725111441307578,,,,,True,,0.01,,0.01,None,,1000.0,16.0,,,100.0,,,,,22.0,,True,,100,0.08999999999999998
svm,True,813.9775390625,EState,strict,homosapiens_bace1,0.8986486486486487,0.9364651520985753,436340944,0.6914184170077738,0.9149736644093304,0.9589905362776026,0.6861111111111111,0.9359104781281791,0.9590110605074821,88375720,0.813034983705653,0.9497422680412371,0.9684625492772667,0.8243243243243243,0.8626649182838088,0.8639896373056994,0.8601036269430051,0.8639014906027219,1.0,,0.0,2.0,,1.0,,,,,,,,,,,,,,,22.0,True,,,100,0.08999999999999998
svm,False,1002.5439453125,EState,strict,homosapiens_bace1,0.7731343283582089,0.7545324933775204,911009941,0.5600615797491888,0.7649536735174275,0.7731343283582089,,0.7741258741258741,0.7572093080317852,218670371,0.5765466337152856,0.7693599555959106,0.7741258741258741,,0.7186726102030708,0.716691431401684,0.7112431896978703,0.7280832095096582,200.0,,0.5,2.0,,1.0,,,,,,,,,,,,,,,22.0,False,,,90,0.08999999999999998
dt,True,270.5439453125,EState,strict,homosapiens_bace1,0.8906633906633906,0.9318355884605566,2553254,0.6639180879865371,0.9057071960297767,0.9595162986330179,0.6481481481481481,0.9226856561546287,0.9507772020725389,1690691,0.7725541054904981,0.9374201787994891,0.9645203679369251,0.7792792792792793,0.8520839559568701,0.8523316062176166,0.8510362694300518,0.8528839922229423,,,,,,,,,,30,sqrt,,1.0,3.0,,,,,,,22.0,,,,90,0.08999999999999998
dt,False,358.44140625,EState,strict,homosapiens_bace1,0.7701492537313432,0.753864046131183,2905940,0.5558617571074451,0.7597479625648182,0.7701492537313432,,0.7713286713286713,0.7550869284075642,1802755,0.5721795510465314,0.7719839824641602,0.7713286713286713,,0.70827142149579,0.7112431896978703,0.6919266963843487,0.721644378405151,,,,,,,,,,None,sqrt,,1.0,2.0,,,,,,,22.0,,,,90,0.08999999999999998
knn,True,1190.0322265625,EState,strict,homosapiens_bace1,0.8943488943488943,0.9346504559270516,553893419,0.6730764766063988,0.9017595307917888,0.9700315457413249,0.6277777777777778,0.9237029501525941,0.9523809523809523,129209970,0.772691567940671,0.9213759213759214,0.985545335085414,0.7117117117117117,0.8602894345962656,0.866580310880829,0.8536269430051814,0.8606610499027868,,ball_tree,,,,,,30.0,,,,,,,,,-1.0,3.0,,1.0,,,,distance,100,0.08999999999999998
knn,False,1462.1796875,EState,strict,homosapiens_bace1,0.776285240464345,0.7609245020994666,1160742903,0.569433467236359,0.7661710963221281,0.776285240464345,,0.8006993006993007,0.7899503339050078,293606768,0.6310125995665291,0.797333557982415,0.8006993006993007,,0.7148753508337461,0.7077761267954433,0.7057949479940565,0.7310549777117384,,ball_tree,,,,,,40.0,,,,,,,,,-1.0,7.0,,1.0,,,,distance,100,0.08999999999999998
rf,True,3880.2314453125,CDKextended,random,homosapiens_bace1,0.9676182360460162,0.9794761004590872,65628076,0.9048583865905486,0.9659121171770972,0.9934264585045193,0.8772770853307766,0.9770017035775128,0.9853340575774036,26223185,0.9324453854738691,0.9794816414686826,0.9912568306010929,0.9266409266409267,0.9069019662316934,0.9092651757188498,0.9067092651757188,0.9047314578005116,,,,,,,,,,10,None,,1.0,4.0,100.0,,,,True,,22.0,,True,,90,0.15999999999999998
rf,False,73305.724609375,CDKextended,random,homosapiens_bace1,0.8981233243967829,0.8955014332581792,504695076,0.8104593305137445,0.8969998938677566,0.8981233243967829,,0.8854655056932351,0.8804926249157925,177927636,0.7915612759002043,0.8858866552756939,0.8854655056932351,,0.7629004752268127,0.7728643216080402,0.7621920563097033,0.7536450477626948,,,,,,,,,,30,sqrt,,2.0,2.0,500.0,,,,True,,22.0,,True,,80,0.08999999999999998
hgb,True,6201.1337890625,CDKextended,random,homosapiens_bace1,0.9688964635705155,0.9801845819761129,125617742,0.9087216480526769,0.9714823782620393,0.9890440975075322,0.8983700862895494,0.975298126064736,0.9842476914720261,62709197,0.9274129717958768,0.978401727861771,0.9901639344262295,0.9227799227799228,0.9058380929813237,0.9079872204472843,0.8996805111821087,0.909846547314578,,,,,True,,0.1,,0.01,10,,99999999.0,64.0,,,100.0,,,,,22.0,,True,,80,0.08999999999999998
hgb,False,6844.0087890625,CDKextended,random,homosapiens_bace1,0.8899128686327078,0.8875636681483146,154546925,0.7953367541163437,0.8877181011473299,0.8899128686327078,,0.8814467515070328,0.8775169895701707,63266791,0.7839401886476771,0.8792475560358674,0.8814467515070328,,0.7573706474386345,0.7693467336683417,0.7581699346405228,0.7445952740070387,,,,,True,,0.01,,0.01,50,,10000.0,32.0,,,100.0,,,,,22.0,,True,,90,0.15999999999999998
svm,True,12726.51171875,CDKextended,random,homosapiens_bace1,0.9708138048572645,0.9814287650806561,3990848760,0.9143659660418908,0.9715512614063339,0.9915091755683374,0.8983700862895494,0.9812606473594548,0.988056460369164,999083765,0.9450185320137505,0.9816612729234089,0.994535519125683,0.9343629343629344,0.9115905259172706,0.9099041533546326,0.9073482428115016,0.9175191815856778,10.0,,0.5,4.0,,0.005,,,,,,,,,,,,,,,22.0,False,,,90,0.08999999999999998
svm,False,21509.3984375,CDKextended,random,homosapiens_bace1,0.9100201072386059,0.9087745316548999,11573491508,0.8334202338467649,0.90872533202139,0.9100201072386059,,0.8955123911587408,0.8923137624556041,2910433439,0.8101679925747101,0.8941220098913147,0.8955123911587408,,0.75921420408562,0.7688442211055276,0.7576671694318753,0.751131221719457,10.0,,0.0,2.0,,0.005,,,,,,,,,,,,,,,22.0,False,,,90,0.15999999999999998
dt,True,235.2314453125,CDKextended,random,homosapiens_bace1,0.9446101406050277,0.9652685012022442,26857566,0.835116184842414,0.9421121251629726,0.9895918926321555,0.7871524448705657,0.9505962521294719,0.969017094017094,10294116,0.8526875621580416,0.9477533960292581,0.9912568306010929,0.806949806949807,0.8764346355294445,0.886261980830671,0.8824281150159744,0.860613810741688,,,,,,,,,,10,None,,1.0,3.0,,,,,,,22.0,,,,90,0.08999999999999998
dt,False,371.2861328125,CDKextended,random,homosapiens_bace1,0.8900804289544236,0.8875838770961726,32949105,0.7958649813868496,0.8885170591226135,0.8900804289544236,,0.8787675820495646,0.8742310249745645,12131295,0.7796846049840882,0.8793787090865478,0.8787675820495646,,0.7094488699572944,0.7185929648241206,0.7124183006535948,0.6973353443941679,,,,,,,,,,30,None,,2.0,3.0,,,,,,,22.0,,,,90,0.08999999999999998
knn,True,32167.9443359375,CDKextended,random,homosapiens_bace1,0.9744354495100128,0.9837310195227765,1738397116,0.9251303223473405,0.9739597315436241,0.993700356066831,0.9069990412272292,0.9829642248722317,0.9891186071817193,489894216,0.9500970921864469,0.9848320693391116,0.9934426229508196,0.9459459459459459,0.9032810929622578,0.9060702875399361,0.8990415335463259,0.9047314578005116,,auto,,,,,,50.0,,,,,,,,,-1.0,7.0,,1.0,,,,distance,90,0.08999999999999998
knn,False,78529.10546875,CDKextended,random,homosapiens_bace1,0.9329758713136729,0.9322302786468241,4617682487,0.8763030961645198,0.9323906294657935,0.9329758713136729,,0.9263228399196249,0.9245429688299629,1297027794,0.8668441576889766,0.9266421732589544,0.9263228399196249,,0.7511713081917043,0.7608040201005025,0.7546505781799899,0.7380593262946205,,ball_tree,,,,,,10.0,,,,,,,,,-1.0,3.0,,2.0,,,,distance,80,0.08999999999999998
rf,True,4124.1982421875,CDKextended,stratified,homosapiens_bace1,0.967831273966766,0.979619381832906,69977662,0.9049791361225239,0.9674753399093575,0.9920721705850192,0.8822393822393823,0.9633730834752982,0.9766177270255574,25617620,0.8936861673053893,0.9645542427497314,0.9889867841409692,0.8759398496240601,0.9103114811697703,0.9137380191693291,0.9047923322683706,0.9124040920716112,,,,,,,,,,10,None,,1.0,2.0,100.0,,,,True,,22.0,,True,,90,0.15999999999999998
rf,False,87545.5947265625,CDKextended,stratified,homosapiens_bace1,0.9257707774798928,0.9244383672253981,582085735,0.8636018358789341,0.9252090798962135,0.9257707774798928,,0.9095780308104487,0.9080911649331158,200953593,0.8307188389406435,0.9081763725301313,0.9095780308104487,,0.7585460400713134,0.7557788944723618,0.7566616390145802,0.7631975867269984,,,,,,,,,,None,sqrt,,1.0,4.0,500.0,,,,True,,22.0,,True,,90,0.08999999999999998
hgb,True,3586.765625,CDKextended,stratified,homosapiens_bace1,0.9648487430762676,0.9776634628401245,88807869,0.8961513984032689,0.968356127648163,0.987151448879169,0.8861003861003861,0.9633730834752982,0.9766684753119913,40475230,0.8936772208071444,0.9625668449197861,0.9911894273127754,0.868421052631579,0.9124415428068713,0.9156549520766774,0.9086261980830671,0.9130434782608695,,,,,True,,0.01,,0.01,50,,99999999.0,8.0,,,100.0,,,,,22.0,,True,,80,0.08999999999999998
hgb,False,6003.9267578125,CDKextended,stratified,homosapiens_bace1,0.8865616621983914,0.8833225624694281,151267355,0.7898947491855297,0.884879033047876,0.8865616621983914,,0.8794373744139317,0.8765451694745426,63117078,0.7725032495533586,0.8772178462149347,0.8794373744139317,,0.7558642887640818,0.7577889447236181,0.7496229260935143,0.7601809954751131,,,,,True,,0.01,,0.01,20,,10000.0,32.0,,,100.0,,,,,22.0,,True,,90,0.08999999999999998
svm,True,9998.31640625,CDKextended,stratified,homosapiens_bace1,0.9684703877290157,0.9799729364005413,3409849207,0.9069374290953289,0.9702572347266881,0.9898851831601968,0.8928571428571429,0.9659284497444633,0.9781897491821155,878683550,0.9013086593364941,0.968682505399568,0.987885462555066,0.8909774436090225,0.9186207779402912,0.921405750798722,0.9099041533546326,0.9245524296675192,10.0,,0.0,2.0,,0.005,,,,,,,,,,,,,,,22.0,False,,,90,0.15999999999999998
svm,False,18883.171875,CDKextended,stratified,homosapiens_bace1,0.9083445040214477,0.9064935211621173,9288566886,0.8310939674728708,0.9069580839632124,0.9083445040214477,,0.8948425987943738,0.8930319774968993,2317872321,0.8029613355529296,0.8928312243077319,0.8948425987943738,,0.756367727694952,0.7537688442211056,0.7501256913021619,0.7652086475615887,10.0,,0.1,2.0,,0.005,,,,,,,,,,,,,,,22.0,True,,,80,0.15999999999999998
dt,True,246.6220703125,CDKextended,stratified,homosapiens_bace1,0.9441840647635279,0.9646995419024522,24390859,0.8335013184905362,0.9511158342189161,0.9786768726079825,0.8223938223938224,0.9352640545144804,0.9589189189189189,9682852,0.8095886810306021,0.9416135881104034,0.9768722466960352,0.793233082706767,0.8815491803055435,0.8907348242811501,0.8805111821086262,0.8734015345268542,,,,,,,,,,20,None,,4.0,2.0,,,,,,,22.0,,,,80,0.08999999999999998
dt,False,261.96484375,CDKextended,stratified,homosapiens_bace1,0.8173592493297587,0.8141374090960927,29903365,0.6608332891679992,0.8134640107078346,0.8173592493297587,,0.825184192900201,0.8225457540192377,11075681,0.6708883773070037,0.821573802363656,0.825184192900201,,0.7091153774570861,0.7085427135678392,0.7068878833584716,0.7119155354449472,,,,,,,,,,10,None,,1.0,8.0,,,,,,,22.0,,,,80,0.08999999999999998
knn,True,28574.0849609375,CDKextended,stratified,homosapiens_bace1,0.9727311461440137,0.9826275787187839,1466010596,0.9197706279582203,0.9757412398921833,0.9896118097320941,0.9131274131274131,0.9778534923339012,0.9858078602620087,554593199,0.9361769271898301,0.9772727272727273,0.9944933920704846,0.9210526315789473,0.9081819642706367,0.9105431309904153,0.8996805111821087,0.9143222506393862,,brute,,,,,,40.0,,,,,,,,,-1.0,3.0,,1.0,,,,distance,80,0.08999999999999998
knn,False,29912.451171875,CDKextended,stratified,homosapiens_bace1,0.9359919571045576,0.9349144929168247,2025232066,0.8826304773493396,0.9358273987644293,0.9359919571045576,,0.9316811788345613,0.9308742080593745,552123009,0.8726437973699621,0.9309739683649676,0.9316811788345613,,0.7466492846333225,0.7437185929648241,0.738562091503268,0.7576671694318753,,brute,,,,,,50.0,,,,,,,,,-1.0,9.0,,1.0,,,,distance,80,0.15999999999999998
rf,True,28756.2109375,CDKextended,strict,homosapiens_bace1,0.9561924257932446,0.9723299715541763,369163254,0.8699248931541403,0.9569865105624841,0.988173455978975,0.8435185185185186,0.9725330620549338,0.9823413996075867,116757031,0.9207576194135729,0.9778645833333334,0.9868593955321945,0.9234234234234234,0.9069516407599308,0.9164507772020726,0.9022020725388601,0.9022020725388601,,,,,,,,,,10,None,,1.0,2.0,1000.0,,,,True,,22.0,,True,,100,0.08999999999999998
rf,False,62146.556640625,CDKextended,strict,homosapiens_bace1,0.8784612833692589,0.874048790361409,563062539,0.7723743932834997,0.8767844314859086,0.8784612833692589,,0.8685314685314686,0.86493265473562,193605619,0.761402481673911,0.8662025205053536,0.8685314685314686,,0.7698927842264167,0.7594059405940594,0.7696879643387816,0.7805844477464091,,,,,,,,,,10,None,,2.0,3.0,1000.0,,,,True,,22.0,,True,,80,0.15999999999999998
hgb,True,3798.1376953125,CDKextended,strict,homosapiens_bace1,0.9609007164790174,0.9751463890696161,187415700,0.8845052514193148,0.9657216494845361,0.9847568988173456,0.8768518518518519,0.9786368260427264,0.9861932938856016,36853766,0.9390063339698566,0.9868421052631579,0.985545335085414,0.954954954954955,0.908678756476684,0.9125647668393783,0.908678756476684,0.9047927461139896,,,,,True,,0.1,,0.01,10,,1000.0,16.0,,,100.0,,,,,22.0,,True,,90,0.08999999999999998
hgb,False,6382.794921875,CDKextended,strict,homosapiens_bace1,0.8774664234786934,0.8741123290856332,142062167,0.7707531540189352,0.8748300554920517,0.8774664234786934,,0.8657342657342657,0.8626171394709383,58416581,0.7567098983878965,0.8630858730789243,0.8657342657342657,,0.7667564899134787,0.755940594059406,0.7677067855373948,0.7766220901436355,,,,,True,,0.01,,0.01,20,,10000.0,64.0,,,100.0,,,,,22.0,,True,,90,0.15999999999999998
svm,True,11242.58984375,CDKextended,strict,homosapiens_bace1,0.963971340839304,0.9771190847633905,3856126473,0.893589677471897,0.9668124517622846,0.9876478318002628,0.8805555555555555,0.9766022380467956,0.9848184818481848,794037213,0.9340148929469095,0.9893899204244032,0.9802890932982917,0.963963963963964,0.9129965457685665,0.9177461139896373,0.9093264248704663,0.9119170984455959,10.0,,0.1,2.0,,0.005,,,,,,,,,,,,,,,22.0,True,,,80,0.08999999999999998
svm,False,26356.328125,CDKextended,strict,homosapiens_bace1,0.9107942298126347,0.909281213496487,15916350950,0.8343582263193774,0.9094553718794955,0.9107942298126347,,0.913986013986014,0.9131605881793987,3698925902,0.8457064896441997,0.9132500503211365,0.913986013986014,,0.7687391398872427,0.747029702970297,0.7751362060425954,0.784051510648836,10.0,,0.1,3.0,,0.005,,,,,,,,,,,,,,,22.0,False,,,90,0.08999999999999998
dt,True,230.3955078125,CDKextended,strict,homosapiens_bace1,0.9330603889457523,0.957974553399306,25288786,0.7986087484477226,0.937374245472837,0.9795006570302234,0.7694444444444445,0.9552390640895219,0.9716129032258064,12826256,0.8691721115197987,0.9543726235741445,0.9894875164257556,0.8378378378378378,0.8743523316062176,0.8827720207253886,0.8711139896373057,0.8691709844559585,,,,,,,,,,10,None,,1.0,8.0,,,,,,,22.0,,,,80,0.08999999999999998
dt,False,267.45703125,CDKextended,strict,homosapiens_bace1,0.8096501409384845,0.8030566872424808,30801582,0.6396369329607519,0.8023963504647338,0.8096501409384845,,0.7881118881118881,0.7819984692307107,10934827,0.6100165700104899,0.7811566810106123,0.7881118881118881,,0.7205360134824775,0.7133663366336633,0.7201584943041109,0.7280832095096582,,,,,,,,,,10,None,,2.0,2.0,,,,,,,22.0,,,,80,0.08999999999999998
knn,True,28274.9677734375,CDKextended,strict,homosapiens_bace1,0.9654042988741044,0.9780033840947546,1587478243,0.8979482447467456,0.9687983496647756,0.9873850197109068,0.887962962962963,0.9766022380467956,0.9848184818481848,362398121,0.9340148929469095,0.9893899204244032,0.9802890932982917,0.963963963963964,0.9022020725388602,0.9106217616580311,0.9060880829015544,0.8898963730569949,,brute,,,,,,30.0,,,,,,,,,-1.0,5.0,,1.0,,,,distance,80,0.08999999999999998
knn,False,36889.458984375,CDKextended,strict,homosapiens_bace1,0.9300281876968993,0.9288320928634961,2696823689,0.8703969553687444,0.9296592784088685,0.9300281876968993,,0.9307692307692308,0.9297542001120939,683933577,0.8757495342042151,0.9315305863843751,0.9307692307692308,,0.7621348836220917,0.749009900990099,0.765725606736008,0.7716691431401684,,auto,,,,,,10.0,,,,,,,,,-1.0,5.0,,1.0,,,,distance,80,0.08999999999999998
rf,True,7298.08203125,CDK,random,homosapiens_bace1,0.9703877290157648,0.981183159604711,93869455,0.9130912621095514,0.9700214132762313,0.9926047658175843,0.8926174496644296,0.979557069846678,0.9869706840390879,33863218,0.9399786621312506,0.9805825242718447,0.9934426229508196,0.9305019305019305,0.908820397168452,0.9073482428115016,0.9073482428115016,0.9117647058823529,,,,,,,,,,None,sqrt,,1.0,4.0,100.0,,,,True,,22.0,,True,,100,0.08999999999999998
rf,False,15234.3046875,CDK,random,homosapiens_bace1,0.8944369973190348,0.8916335329587073,139514408,0.8034334814647861,0.8932685207396169,0.8944369973190348,,0.882786336235767,0.878073117884264,45982676,0.7863515981426049,0.8820745006945521,0.882786336235767,,0.7645756855334153,0.7768844221105528,0.7647058823529411,0.7521367521367521,,,,,,,,,,None,sqrt,,2.0,4.0,100.0,,,,True,,22.0,,True,,90,0.08999999999999998
hgb,True,3781.732421875,CDK,random,homosapiens_bace1,0.9627183638687686,0.9763609347561799,83808949,0.8901296402065865,0.9632196162046909,0.9898657901944673,0.8676893576222435,0.9778534923339012,0.9858695652173913,41402480,0.9349904248426241,0.9805405405405405,0.9912568306010929,0.9305019305019305,0.9075408076829844,0.9118210862619809,0.9067092651757188,0.9040920716112532,,,,,True,,0.0,,0.01,20,,1000.0,8.0,,,100.0,,,,,22.0,,True,,80,0.15999999999999998
hgb,False,6839.744140625,CDK,random,homosapiens_bace1,0.8810321715817694,0.8782956594824708,173634580,0.7784409086615414,0.8784194233715863,0.8810321715817694,,0.8727394507702613,0.8681469841088377,69293772,0.7677989391577309,0.8696016527002456,0.8727394507702613,,0.7587114388769725,0.7688442211055276,0.759175465057818,0.7481146304675717,,,,,True,,0.0,,0.01,None,,10000.0,64.0,,,100.0,,,,,22.0,,True,,90,0.08999999999999998
svm,True,8460.44140625,CDK,random,homosapiens_bace1,0.9674051981252663,0.9793159388941463,3329829823,0.9041872886246329,0.9668980245595301,0.9920569706929608,0.8811121764141898,0.9787052810902896,0.9864351600651112,827653389,0.937445769047023,0.9795258620689655,0.9934426229508196,0.9266409266409267,0.9137189533404695,0.91629392971246,0.9143769968051119,0.9104859335038363,10.0,,0.5,2.0,,0.005,,,,,,,,,,,,,,,22.0,False,,,80,0.15999999999999998
svm,False,26814.5234375,CDK,random,homosapiens_bace1,0.839142091152815,0.8335795352771737,15433711833,0.6973175052638759,0.8335688884325828,0.839142091152815,,0.8372404554588078,0.82825742458542,3856118365,0.6998489352759285,0.8325545164490519,0.8372404554588078,,0.762398804816777,0.7663316582914573,0.7611865258924082,0.7596782302664655,10.0,,0.0,2.0,,0.001,,,,,,,,,,,,,,,22.0,True,,,100,0.08999999999999998
dt,True,227.4736328125,CDK,random,homosapiens_bace1,0.9290583723902854,0.9556650246305419,26252539,0.7865464294592205,0.9297927461139897,0.9830183511366749,0.7401725790987536,0.9301533219761499,0.9560557341907824,10037600,0.7897245536494277,0.9379600420609885,0.9748633879781421,0.7722007722007722,0.8762250475964799,0.8785942492012779,0.873482428115016,0.8765984654731458,,,,,,,,,,10,None,,4.0,4.0,,,,,,,22.0,,,,90,0.08999999999999998
dt,False,278.58984375,CDK,random,homosapiens_bace1,0.840985254691689,0.8356022666269164,26875785,0.7005043553460366,0.8363132014781423,0.840985254691689,,0.8432685867381112,0.8354848572768921,10278886,0.7105752997450926,0.8410522275940481,0.8432685867381112,,0.7154805365860643,0.7276381909547739,0.7063851181498241,0.7124183006535948,,,,,,,,,,10,None,,1.0,2.0,,,,,,,22.0,,,,90,0.15999999999999998
knn,True,45939.3828125,CDK,random,homosapiens_bace1,0.9750745632722625,0.9840881272949816,2162536296,0.9270815715463274,0.9773095623987034,0.9909613804437141,0.9194630872483222,0.9829642248722317,0.98914223669924,540293563,0.9500584018962506,0.982740021574973,0.9956284153005465,0.9382239382239382,0.9051973449471468,0.9067092651757188,0.9073482428115016,0.90153452685422,,ball_tree,,,,,,50.0,,,,,,,,,-1.0,3.0,,1.0,,,,distance,80,0.15999999999999998
knn,False,41427.287109375,CDK,random,homosapiens_bace1,0.9351541554959786,0.9344399706168397,3328411377,0.8803322870688319,0.9346973394948508,0.9351541554959786,,0.9283322170127261,0.9266856451338913,861840047,0.8705732100295911,0.9285608921907168,0.9283322170127261,,0.7533492837069544,0.7648241206030151,0.7486173956762192,0.746606334841629,,brute,,,,,,40.0,,,,,,,,,-1.0,5.0,,1.0,,,,distance,90,0.08999999999999998
rf,True,36250.080078125,CDK,stratified,homosapiens_bace1,0.9714529186195143,0.9818378964489022,322293595,0.915898586752112,0.9736559139784946,0.9901585565882997,0.9054054054054054,0.9710391822827938,0.9814612868047983,114801833,0.9162632412283447,0.9719222462203023,0.9911894273127754,0.9022556390977443,0.9103113449852783,0.9150159744408946,0.9041533546325878,0.9117647058823529,,,,,,,,,,None,sqrt,,1.0,3.0,500.0,,,,True,,22.0,,True,,90,0.08999999999999998
rf,False,28000.5986328125,CDK,stratified,homosapiens_bace1,0.8771782841823056,0.8721768323303758,328964456,0.7721822706182832,0.8779945298856281,0.8771782841823056,,0.8794373744139317,0.8747576071061967,116887447,0.7723343231037662,0.8792503092533918,0.8794373744139317,,0.7607244366629528,0.757286432160804,0.7551533433886375,0.7697335344394168,,,,,,,,,,10,None,,1.0,3.0,500.0,,,,True,,22.0,,True,,80,0.08999999999999998
hgb,True,3795.6298828125,CDK,stratified,homosapiens_bace1,0.9631444397102684,0.9765931538357462,94875495,0.8910187574642721,0.9667827484596839,0.9866047020229634,0.8803088803088803,0.9574105621805792,0.9727371864776445,40493769,0.8763843561834097,0.9632829373650108,0.9823788546255506,0.8721804511278195,0.9162766342819945,0.9137380191693291,0.91629392971246,0.9187979539641944,,,,,True,,0.0,,0.01,None,,1000.0,64.0,,,100.0,,,,,22.0,,True,,90,0.08999999999999998
hgb,False,7625.5185546875,CDK,stratified,homosapiens_bace1,0.8890750670241286,0.8862880011018168,188129527,0.7946704152867798,0.8871534058863171,0.8890750670241286,,0.8794373744139317,0.8771706556346694,75907054,0.772982811666321,0.8773245741937361,0.8794373744139317,,0.7575401727929071,0.7577889447236181,0.7531422825540472,0.7616892911010558,,,,,True,,0.0,,0.01,None,,1000.0,64.0,,,100.0,,,,,22.0,,True,,90,0.08999999999999998
svm,True,12870.8203125,CDK,stratified,homosapiens_bace1,0.969961653174265,0.9808865392435949,4499920337,0.9114735593338217,0.9728421618714709,0.9890650628758885,0.9025096525096525,0.9676320272572402,0.9793028322440087,1123136678,0.9062550112720148,0.96875,0.9900881057268722,0.8909774436090225,0.9220290672179415,0.9271565495207668,0.9124600638977636,0.9264705882352942,10.0,,0.0,2.0,,0.005,,,,,,,,,,,,,,,22.0,True,,,90,0.08999999999999998
svm,False,30445.67578125,CDK,stratified,homosapiens_bace1,0.8295911528150134,0.8217994917125274,17345373070,0.6798833687332365,0.8240134276943397,0.8295911528150134,,0.8399196249162759,0.8326548154063198,4417490030,0.6944941694848431,0.83443189338852,0.8399196249162759,,0.7583778621614862,0.7592964824120603,0.7516339869281046,0.7642031171442936,1.0,,0.0,2.0,,0.005,,,,,,,,,,,,,,,22.0,True,,,100,0.08999999999999998
dt,True,230.1064453125,CDK,stratified,homosapiens_bace1,0.9292714103110353,0.9554601556211431,20778193,0.7872575419450252,0.9380927291886196,0.9734827774740296,0.7731660231660231,0.9207836456558773,0.9496480779642664,9016027,0.7666346496085444,0.933972310969116,0.9658590308370044,0.7669172932330827,0.8821889750482774,0.8881789137380192,0.8811501597444089,0.8772378516624041,,,,,,,,,,10,None,,4.0,8.0,,,,,,,22.0,,,,80,0.15999999999999998
dt,False,327.9970703125,CDK,stratified,homosapiens_bace1,0.8647788203753352,0.8613428387796762,32946704,0.7490488209999185,0.8616400676006181,0.8647788203753352,,0.869390488948426,0.8664870356812059,11781453,0.7548778581704375,0.8663614317193483,0.869390488948426,,0.7114623730349418,0.7040201005025125,0.7109100050276521,0.7194570135746606,,,,,,,,,,30,None,,2.0,8.0,,,,,,,22.0,,,,90,0.08999999999999998
knn,True,22995.466796875,CDK,stratified,homosapiens_bace1,0.9746484874307627,0.983864406779661,1269162409,0.9254103063883284,0.9760559591068065,0.9917987971569163,0.9140926640926641,0.975298126064736,0.9842133913990201,351994509,0.9287769816404383,0.9730893433799784,0.9955947136563876,0.9060150375939849,0.9083946844469138,0.9118210862619809,0.9003194888178914,0.9130434782608695,,auto,,,,,,30.0,,,,,,,,,-1.0,3.0,,1.0,,,,distance,80,0.15999999999999998
knn,False,67538.5498046875,CDK,stratified,homosapiens_bace1,0.9349865951742627,0.9340000705215226,4665409216,0.8807536972868468,0.9345684809267142,0.9349865951742627,,0.9310113864701942,0.9300959453825014,1160904571,0.8713260163682964,0.9303744472961467,0.9310113864701942,,0.749162268523782,0.7487437185929648,0.7380593262946205,0.7606837606837606,,kd_tree,,,,,,30.0,,,,,,,,,-1.0,5.0,,1.0,,,,distance,90,0.15999999999999998
rf,True,12379.8466796875,CDK,strict,homosapiens_bace1,0.950460593654043,0.9687741935483871,198462728,0.8524126944820474,0.9515842839036756,0.9865965834428384,0.8231481481481482,0.9715157680569685,0.981675392670157,63518669,0.9178954450481048,0.9778357235984355,0.985545335085414,0.9234234234234234,0.9069516407599308,0.9145077720207254,0.8989637305699482,0.9073834196891192,,,,,,,,,,10,None,,1.0,8.0,500.0,,,,True,,22.0,,True,,90,0.08999999999999998
rf,False,33820.4658203125,CDK,strict,homosapiens_bace1,0.8451334770353175,0.8365162140545767,329961262,0.7075726635364937,0.8435844924701641,0.8451334770353175,,0.848951048951049,0.8422615916657669,103355141,0.7247495471689309,0.8470032746375271,0.848951048951049,,0.7689027669483144,0.755940594059406,0.7667161961367014,0.784051510648836,,,,,,,,,,10,sqrt,,1.0,4.0,500.0,,,,True,,22.0,,True,,80,0.08999999999999998
hgb,True,3789.67578125,CDK,strict,homosapiens_bace1,0.9576253838280451,0.9730854245221687,85204401,0.8746412143772182,0.9629439011837365,0.983442838370565,0.8666666666666667,0.9786368260427264,0.9861932938856016,37395698,0.9390063339698566,0.9868421052631579,0.985545335085414,0.954954954954955,0.9069516407599308,0.9177461139896373,0.8989637305699482,0.9041450777202072,,,,,True,,0.01,,0.01,None,,1000.0,64.0,,,100.0,,,,,22.0,,True,,100,0.15999999999999998
hgb,False,6326.189453125,CDK,strict,homosapiens_bace1,0.8688443044271266,0.8647923372881965,154241961,0.7543151123610539,0.8655860707395062,0.8688443044271266,,0.8671328671328671,0.8641082251121647,62674202,0.7603559529799588,0.8650677486132256,0.8671328671328671,,0.7690689276951469,0.7495049504950495,0.7795938583457157,0.7781079742446756,,,,,True,,0.01,,0.01,10,,10000.0,64.0,,,100.0,,,,,22.0,,True,,90,0.15999999999999998
svm,True,11324.08984375,CDK,strict,homosapiens_bace1,0.9633572159672467,0.9767381416504224,4270705354,0.8917284236559304,0.9660668380462725,0.9876478318002628,0.8777777777777778,0.9796541200406917,0.9868421052631579,866485108,0.9420152433211071,0.9881422924901185,0.985545335085414,0.9594594594594594,0.9134283246977547,0.9196891191709845,0.9080310880829016,0.9125647668393783,10.0,,0.1,4.0,,0.005,,,,,,,,,,,,,,,22.0,True,,,80,0.08999999999999998
svm,False,22512.28515625,CDK,strict,homosapiens_bace1,0.8381694578013597,0.8309291258695921,14067519772,0.6938381154402378,0.8328866843195257,0.8381694578013597,,0.8426573426573427,0.837675396565571,3372069319,0.713246622296572,0.8381211119766763,0.8426573426573427,,0.7702227354979182,0.7608910891089109,0.7667161961367014,0.7830609212481426,1.0,,0.1,3.0,,0.01,,,,,,,,,,,,,,,22.0,False,,,90,0.15999999999999998
dt,True,243.6220703125,CDK,strict,homosapiens_bace1,0.9256908904810645,0.9524184034604798,26743657,0.7829268223320709,0.9500523012552301,0.954796320630749,0.8231481481481482,0.9450661241098678,0.964095744680851,9157037,0.8483837839725258,0.9757738896366084,0.9526938239159002,0.918918918918919,0.8784542314335061,0.8886010362694301,0.8743523316062176,0.8724093264248705,,,,,,,,,,30,None,,4.0,3.0,,,,,,,22.0,,,,90,0.08999999999999998
dt,False,258.39453125,CDK,strict,homosapiens_bace1,0.8083236610843972,0.8011770241251158,32020282,0.6362390633442043,0.8012269378910952,0.8083236610843972,,0.793006993006993,0.7824296965702684,11247783,0.6186348871405951,0.7852281758158883,0.793006993006993,,0.7273030794907128,0.7252475247524752,0.7062902426944032,0.75037147102526,,,,,,,,,,10,None,,2.0,4.0,,,,,,,22.0,,,,80,0.08999999999999998
knn,True,28778.716796875,CDK,strict,homosapiens_bace1,0.9645854657113613,0.9774298760600131,1549741101,0.8957609522583615,0.9704663212435233,0.9844940867279894,0.8944444444444445,0.9755849440488301,0.9841479524438573,333718175,0.9313030099414441,0.9893758300132802,0.9789750328515112,0.963963963963964,0.9006908462867012,0.908678756476684,0.8983160621761658,0.8950777202072538,,brute,,,,,,10.0,,,,,,,,,-1.0,3.0,,1.0,,,,distance,80,0.08999999999999998
knn,False,42140.005859375,CDK,strict,homosapiens_bace1,0.9320179074780301,0.930948629586267,3208977778,0.8741398201671854,0.9316629574483574,0.9320179074780301,,0.9279720279720279,0.9269484233472989,788986954,0.8705773967420765,0.9283383379896324,0.9279720279720279,,0.7621356192082804,0.7445544554455445,0.7682020802377415,0.7736503219415553,,auto,,,,,,40.0,,,,,,,,,-1.0,5.0,,1.0,,,,distance,90,0.08999999999999998
rf,True,11904.8994140625,CDKgraphonly,random,homosapiens_bace1,0.9637835534725181,0.9769897130481863,83522719,0.8933770365693581,0.9657479261439658,0.9884963023829088,0.8772770853307766,0.9770017035775128,0.9853658536585366,32876013,0.9323758414673385,0.9774193548387097,0.9934426229508196,0.918918918918919,0.901789600407464,0.8977635782747604,0.9054313099041533,0.9021739130434783,,,,,,,,,,None,log2,,1.0,3.0,100.0,,,,True,,22.0,,True,,80,0.08999999999999998
rf,False,14991.25,CDKgraphonly,random,homosapiens_bace1,0.8642761394101877,0.8595854158428154,111193908,0.7457864763412922,0.8613217389355141,0.8642761394101877,,0.855324849296718,0.8483973118084298,40753834,0.7341896957658295,0.8529712738205536,0.855324849296718,,0.7479888970577709,0.750251256281407,0.7450980392156863,0.7486173956762192,,,,,,,,,,None,sqrt,,2.0,2.0,100.0,,,,True,,22.0,,True,,90,0.08999999999999998
hgb,True,5324.38671875,CDKgraphonly,random,homosapiens_bace1,0.9531316574350235,0.9703504043126685,108266617,0.8611734323370125,0.9551605200318387,0.9860312243221035,0.837967401725791,0.9667802385008518,0.9789075175770687,50931658,0.901844030435973,0.9689507494646681,0.9890710382513661,0.888030888030888,0.9007225949137817,0.9086261980830671,0.9009584664536742,0.8925831202046036,,,,,True,,0.0,,0.01,None,,99999999.0,64.0,,,100.0,,,,,22.0,,True,,80,0.08999999999999998
hgb,False,9940.2255859375,CDKgraphonly,random,homosapiens_bace1,0.8646112600536193,0.8616239422102941,192214333,0.7477191129356622,0.8611690167658049,0.8646112600536193,,0.8640321500334897,0.8597521449404318,111448128,0.7513393588177145,0.8599461928243703,0.8640321500334897,,0.7439660174510898,0.7547738693467336,0.7355455002513827,0.7415786827551534,,,,,True,,0.01,,0.01,10,,10000.0,32.0,,,100.0,,,,,22.0,,True,,90,0.08999999999999998
svm,True,5036.63671875,CDKgraphonly,random,homosapiens_bace1,0.9544098849595228,0.9711201079622133,1808946993,0.8651080735164757,0.957169459962756,0.9854834291974801,0.8456375838926175,0.9701873935264055,0.981029810298103,463297715,0.9121255503162182,0.9731182795698925,0.9890710382513661,0.9034749034749034,0.9011487161887953,0.9086261980830671,0.9015974440894569,0.8932225063938619,10.0,,0.5,2.0,,0.01,,,,,,,,,,,,,,,22.0,True,,,80,0.08999999999999998
svm,False,13058.984375,CDKgraphonly,random,homosapiens_bace1,0.8408176943699732,0.8354745513804095,7959429064,0.7010944813641182,0.8353498504454068,0.8408176943699732,,0.8372404554588078,0.8289584414208777,2039091152,0.6997723943214585,0.8323813856681087,0.8372404554588078,,0.74798738118277,0.7592964824120603,0.738562091503268,0.7461035696329814,10.0,,0.0,2.0,,0.005,,,,,,,,,,,,,,,22.0,True,,,100,0.08999999999999998
dt,True,333.7861328125,CDKgraphonly,random,homosapiens_bace1,0.9488708990200255,0.9677506046761624,14096826,0.8481214522082572,0.949881297810604,0.9863051218844152,0.8178331735378715,0.9616695059625213,0.9756888168557536,7416314,0.8864736252206541,0.9647435897435898,0.9868852459016394,0.8725868725868726,0.8708981911975792,0.886261980830671,0.8594249201277955,0.8670076726342711,,,,,,,,,,None,sqrt,,1.0,3.0,,,,,,,22.0,,,,80,0.08999999999999998
dt,False,346.87890625,CDKgraphonly,random,homosapiens_bace1,0.833612600536193,0.8270435802805023,16928024,0.6876157208321432,0.8283237503309843,0.833612600536193,,0.8278633623576691,0.8194449500294088,8130589,0.682561052463721,0.8220575728614166,0.8278633623576691,,0.6988937481104197,0.7010050251256281,0.6973353443941679,0.698340874811463,,,,,,,,,,None,None,,2.0,8.0,,,,,,,22.0,,,,80,0.08999999999999998
knn,True,18756.55078125,CDKgraphonly,random,homosapiens_bace1,0.9661269706007669,0.9785280216070222,1237605626,0.9003713311795473,0.9651038891848694,0.9923308682552725,0.8744007670182167,0.9787052810902896,0.9864351600651112,338845532,0.937445769047023,0.9795258620689655,0.9934426229508196,0.9266409266409267,0.897955326039292,0.8971246006389776,0.8964856230031949,0.9002557544757033,,ball_tree,,,,,,20.0,,,,,,,,,-1.0,5.0,,1.0,,,,distance,90,0.15999999999999998
knn,False,19048.123046875,CDKgraphonly,random,homosapiens_bace1,0.9123659517426274,0.91075211694886,1507821456,0.8377219014709802,0.9114013694111186,0.9123659517426274,,0.9048894842598795,0.9020870580793849,450442162,0.8273743963792951,0.904994589361191,0.9048894842598795,,0.732239040013205,0.7296482412060301,0.7275012569130216,0.7395676219205631,,brute,,,,,,40.0,,,,,,,,,-1.0,9.0,,1.0,,,,distance,90,0.08999999999999998
rf,True,48954.517578125,CDKgraphonly,stratified,homosapiens_bace1,0.9680443118875159,0.9796306355241716,346975354,0.9059485836291943,0.9732865623313546,0.9860579551667578,0.9044401544401545,0.9667802385008518,0.9787697332607512,123489833,0.9037410671539787,0.9677072120559742,0.9900881057268722,0.8872180451127819,0.9107367853378329,0.9156549520766774,0.9073482428115016,0.9092071611253197,,,,,,,,,,None,sqrt,,1.0,2.0,500.0,,,,True,,22.0,,True,,90,0.08999999999999998
rf,False,137573.3564453125,CDKgraphonly,stratified,homosapiens_bace1,0.8746648793565683,0.8701489665979913,979705594,0.7674044669823538,0.8726774359453243,0.8746648793565683,,0.8680509042196919,0.8631513813971217,352166901,0.7505305014355149,0.8641168822673241,0.8680509042196919,,0.7503355557745154,0.7477386934673367,0.7481146304675717,0.7551533433886375,,,,,,,,,,None,sqrt,,1.0,8.0,1000.0,,,,True,,22.0,,True,,100,0.08999999999999998
hgb,True,4624.080078125,CDKgraphonly,stratified,homosapiens_bace1,0.9516403919897741,0.9692786574637975,103391205,0.8566958735315908,0.9597963012597159,0.9789502460360853,0.8552123552123552,0.9463373083475298,0.965742251223491,43362520,0.8434627364272574,0.9538131041890441,0.9779735682819384,0.8383458646616542,0.9054116993373263,0.9086261980830671,0.8996805111821087,0.907928388746803,,,,,True,,0.01,,0.01,10,,99999999.0,32.0,,,100.0,,,,,22.0,,True,,90,0.15999999999999998
hgb,False,6692.255859375,CDKgraphonly,stratified,homosapiens_bace1,0.8478552278820375,0.8421847075842056,149225776,0.716012101656276,0.843581441626843,0.8478552278820375,,0.8399196249162759,0.8343533320074406,60270439,0.6961467596437125,0.8344113710475651,0.8399196249162759,,0.7424610062209825,0.7351758793969849,0.743086978381096,0.7491201608848668,,,,,True,,0.01,,0.01,20,,99999999.0,32.0,,,100.0,,,,,22.0,,True,,90,0.08999999999999998
svm,True,4778.79296875,CDKgraphonly,stratified,homosapiens_bace1,0.9567533020877717,0.9724969516325701,1836187475,0.872127478004918,0.9640075208165458,0.9811372334609076,0.8706563706563707,0.9497444633730835,0.9678474114441417,458924759,0.8538527290311049,0.9579288025889967,0.9779735682819384,0.8533834586466166,0.9113754906046317,0.9194888178913738,0.9067092651757188,0.907928388746803,10.0,,0.1,4.0,,0.01,,,,,,,,,,,,,,,22.0,False,,,80,0.08999999999999998
svm,False,11587.2890625,CDKgraphonly,stratified,homosapiens_bace1,0.8331099195710456,0.8268187833674299,7016881977,0.687482388838819,0.8274010950497994,0.8331099195710456,,0.8318821165438715,0.8251816483559771,1804447686,0.6791728031582125,0.8258882346202672,0.8318821165438715,,0.7461458457024523,0.7477386934673367,0.7456008044243339,0.7450980392156863,10.0,,0.5,2.0,,0.005,,,,,,,,,,,,,,,22.0,False,,,90,0.08999999999999998
dt,True,334.1767578125,CDKgraphonly,stratified,homosapiens_bace1,0.9537707711972732,0.970750775037067,11711122,0.8625327426668202,0.9574581228396704,0.9844177145981411,0.8455598455598455,0.9378194207836457,0.9606892837910609,7035498,0.8169082157801938,0.9399367755532139,0.9823788546255506,0.7857142857142857,0.8779284432205997,0.8824281150159744,0.8773162939297124,0.8740409207161125,,,,,,,,,,None,sqrt,,1.0,3.0,,,,,,,22.0,,,,100,0.15999999999999998
dt,False,404.6142578125,CDKgraphonly,stratified,homosapiens_bace1,0.8168565683646113,0.80831872551149,17395301,0.6567680550074232,0.8094215777668433,0.8168565683646113,,0.8111185532484929,0.8017072733446196,8175724,0.6379890974398137,0.8017154214814747,0.8111185532484929,,0.7034156874535237,0.7185929648241206,0.6923076923076923,0.6993464052287581,,,,,,,,,,20,sqrt,,2.0,3.0,,,,,,,22.0,,,,80,0.08999999999999998
knn,True,13353.193359375,CDKgraphonly,stratified,homosapiens_bace1,0.9667660843630166,0.9788331071913161,808246454,0.902072139091924,0.9717133620689655,0.9860579551667578,0.8986486486486487,0.9659284497444633,0.9782608695652174,248617407,0.9012198455748087,0.9656652360515021,0.9911894273127754,0.8796992481203008,0.903281773884717,0.9067092651757188,0.8952076677316294,0.907928388746803,,auto,,,,,,40.0,,,,,,,,,-1.0,3.0,,1.0,,,,distance,80,0.08999999999999998
knn,False,39021.0380859375,CDKgraphonly,stratified,homosapiens_bace1,0.9120308310991957,0.9099630426734298,3787360728,0.8380622595832927,0.9111822421449811,0.9120308310991957,,0.9129269926322839,0.9110033965670364,995920370,0.8371332220559214,0.911460057865104,0.9129269926322839,,0.7369305889258594,0.7351758793969849,0.7285067873303167,0.7471091000502765,,kd_tree,,,,,,10.0,,,,,,,,,-1.0,9.0,,1.0,,,,distance,80,0.08999999999999998
rf,True,60905.4033203125,CDKgraphonly,strict,homosapiens_bace1,0.9457523029682702,0.9657046719295975,498308972,0.8383324311986441,0.9513003569607343,0.9805519053876478,0.8231481481481482,0.9623601220752798,0.9760207388204796,153654019,0.8904062756627215,0.9629156010230179,0.9894875164257556,0.8693693693693694,0.8991796200345422,0.9009067357512953,0.8950777202072538,0.9015544041450777,,,,,,,,,,None,sqrt,,1.0,8.0,1000.0,,,,True,,22.0,,True,,90,0.08999999999999998
rf,False,72216.7822265625,CDKgraphonly,strict,homosapiens_bace1,0.8587298955397115,0.8527740663464056,383391038,0.7340257299431903,0.8559474520173234,0.8587298955397115,,0.8531468531468531,0.8468727164672877,136570499,0.7319385143349174,0.8489306934193445,0.8531468531468531,,0.7538811979266278,0.7415841584158416,0.7582961862308073,0.7617632491332342,,,,,,,,,,None,sqrt,,2.0,3.0,500.0,,,,True,,22.0,,True,,90,0.08999999999999998
hgb,True,3767.26171875,CDKgraphonly,strict,homosapiens_bace1,0.9430910951893552,0.9638020833333333,77296929,0.831594085522159,0.9550967741935484,0.9726675427069645,0.8388888888888889,0.960325534079349,0.9746258945998699,35075621,0.884641066266536,0.9652061855670103,0.9842312746386334,0.8783783783783784,0.9009067357512953,0.9060880829015544,0.8976683937823834,0.8989637305699482,,,,,True,,0.1,,0.01,10,,1000.0,64.0,,,100.0,,,,,22.0,,True,,80,0.08999999999999998
hgb,False,5508.3564453125,CDKgraphonly,strict,homosapiens_bace1,0.8288840988227492,0.8222324930136793,115112826,0.6762782787041851,0.8230132051205313,0.8288840988227492,,0.8153846153846154,0.8076400939156461,49970967,0.6616199891885005,0.807694893175652,0.8153846153846154,,0.7497540690176002,0.7396039603960396,0.7478949975235265,0.7617632491332342,,,,,True,,0.01,,0.01,20,,99999999.0,32.0,,,100.0,,,,,22.0,,True,,90,0.08999999999999998
svm,True,5288.48828125,CDKgraphonly,strict,homosapiens_bace1,0.9396110542476971,0.9617330393047088,1940531886,0.8202298977762539,0.9495389344262295,0.9742444152431012,0.8175925925925925,0.9582909460834181,0.9732899022801303,390557326,0.8788491098772017,0.9651162790697675,0.9816031537450722,0.8783783783783784,0.9058721934369602,0.9028497409326425,0.9067357512953368,0.9080310880829016,10.0,,0.5,3.0,,0.005,,,,,,,,,,,,,,,22.0,True,,,90,0.08999999999999998
svm,False,10723.21484375,CDKgraphonly,strict,homosapiens_bace1,0.859558945448516,0.8552789886078607,5581072983,0.7365357314566451,0.8554466066351522,0.859558945448516,,0.8594405594405594,0.8546085352415225,1358116943,0.744550268920701,0.8555321224449643,0.8594405594405594,,0.7561928183903085,0.7400990099009901,0.7612679544328875,0.7672114908370481,10.0,,0.0,3.0,,0.01,,,,,,,,,,,,,,,22.0,True,,,80,0.08999999999999998
dt,True,253.416015625,CDKgraphonly,strict,homosapiens_bace1,0.9119754350051177,0.9441268191268192,10958129,0.7379420723081117,0.9336931380107941,0.954796320630749,0.7611111111111111,0.9420142421159715,0.9632968448164843,6294003,0.8292848245924119,0.9444444444444444,0.9829172141918529,0.8018018018018018,0.8685233160621761,0.8678756476683938,0.8685233160621761,0.8691709844559585,,,,,,,,,,30,None,,4.0,3.0,,,,,,,22.0,,,,80,0.15999999999999998
dt,False,348.4111328125,CDKgraphonly,strict,homosapiens_bace1,0.7705189852429116,0.7583508272060142,16915364,0.5589181318118315,0.7583337877489451,0.7705189852429116,,0.7545454545454545,0.7412094812175342,7912386,0.5451133486919812,0.7392422914255321,0.7545454545454545,,0.7131083910768492,0.7024752475247524,0.7196631996037642,0.7171867261020307,,,,,,,,,,20,log2,,2.0,8.0,,,,,,,22.0,,,,80,0.08999999999999998
knn,True,8332.26171875,CDKgraphonly,strict,homosapiens_bace1,0.9615148413510747,0.9755844155844156,637383205,0.8861698104250761,0.9643132220795892,0.9871222076215506,0.8712962962962963,0.9715157680569685,0.9817470664928292,172527730,0.9175316663006476,0.9741267787839586,0.9894875164257556,0.9099099099099099,0.8898963730569949,0.8879533678756477,0.8905440414507773,0.8911917098445595,,auto,,,,,,10.0,,,,,,,,,-1.0,9.0,,1.0,,,,distance,80,0.15999999999999998
knn,False,34568.1875,CDKgraphonly,strict,homosapiens_bace1,0.9031669706516332,0.9009223896723119,2329203725,0.8197330890827852,0.9016758437901891,0.9031669706516332,,0.9048951048951049,0.9027646405589836,569944760,0.8285753955899312,0.9047982668736504,0.9048951048951049,,0.7415012006401235,0.7272277227722772,0.7449232293214463,0.7523526498266468,,ball_tree,,,,,,30.0,,,,,,,,,-1.0,5.0,,1.0,,,,distance,80,0.08999999999999998
rf,True,32240.6298828125,KlekotaRothCount,random,homosapiens_bace1,0.9590880034093331,0.9740960604425256,325128665,0.8801317254934593,0.957051961823966,0.9917582417582418,0.8461538461538461,0.9727427597955707,0.9828693790149893,117894187,0.9172517863112066,0.9734888653234358,0.9924324324324324,0.8995983935742972,0.9062440589515428,0.9028753993610223,0.9066496163682864,0.9092071611253197,,,,,,,,,,20,sqrt,,1.0,4.0,500.0,,,,True,,22.0,,True,,100,0.08999999999999998
rf,False,170566.71484375,KlekotaRothCount,random,homosapiens_bace1,0.8879021447721179,0.8840928536629803,1013051937,0.7909735977888189,0.8872602325902692,0.8879021447721179,,0.8733243967828418,0.8678876407640563,350961860,0.7673828287167815,0.8732925748567757,0.8733243967828418,,0.7597179798776015,0.7628140703517587,0.767219708396179,0.7491201608848668,,,,,,,,,,20,log2,,1.0,4.0,1000.0,,,,True,,22.0,,True,,80,0.08999999999999998
hgb,True,5912.6904296875,KlekotaRothCount,random,homosapiens_bace1,0.9584487534626038,0.9735162297976369,129487472,0.8783825956760742,0.9626645178619393,0.9846153846153847,0.8679962013295347,0.9667802385008518,0.9790660225442834,68761510,0.8991856474996819,0.9722814498933902,0.985945945945946,0.8955823293172691,0.900915432154248,0.9047923322683706,0.8989769820971867,0.8989769820971867,,,,,True,,0.0,,0.01,20,,10000.0,64.0,,,100.0,,,,,22.0,,True,,80,0.08999999999999998
hgb,False,10092.7685546875,KlekotaRothCount,random,homosapiens_bace1,0.864946380697051,0.8606320564928084,266931385,0.7473824172565159,0.8611810372861299,0.864946380697051,,0.853887399463807,0.8477687728825126,246422404,0.7309645049093451,0.8501315405300438,0.853887399463807,,0.7572047433413086,0.7592964824120603,0.7596782302664655,0.7526395173453997,,,,,True,,0.01,,0.01,None,,99999999.0,64.0,,,100.0,,,,,22.0,,True,,90,0.08999999999999998
svm,True,3531.97265625,KlekotaRothCount,random,homosapiens_bace1,0.951417004048583,0.9692058346839546,1677866689,0.8570171539160126,0.953241232731137,0.9857142857142858,0.8328584995251662,0.965076660988075,0.9779924852388621,428510264,0.8939864042537642,0.9712153518123667,0.9848648648648649,0.891566265060241,0.9047531111347165,0.8984025559105431,0.9092071611253197,0.9066496163682864,10.0,,0.5,4.0,,0.005,,,,,,,,,,,,,,,22.0,True,,,90,0.08999999999999998
svm,False,6423.90234375,KlekotaRothCount,random,homosapiens_bace1,0.8517091152815014,0.8459910182821528,4165238182,0.7210215713162355,0.847599267117096,0.8517091152815014,,0.8364611260053619,0.8290168810809927,1050279581,0.6966269398180773,0.8318306935272032,0.8364611260053619,,0.7531830427485172,0.75678391959799,0.7566616390145802,0.7461035696329814,10.0,,0.1,4.0,,0.005,,,,,,,,,,,,,,,22.0,True,,,80,0.08999999999999998
dt,True,363.783203125,KlekotaRothCount,random,homosapiens_bace1,0.9445983379501385,0.9649595687331537,25973101,0.8363266245955483,0.9470899470899471,0.9835164835164835,0.8100664767331434,0.954855195911414,0.9716122121049813,20009541,0.8623213887656954,0.9628450106157113,0.9805405405405405,0.8594377510040161,0.8779043385655415,0.8728434504792332,0.8881074168797954,0.8727621483375959,,,,,,,,,,20,sqrt,,1.0,4.0,,,,,,,22.0,,,,80,0.08999999999999998
dt,False,483.1005859375,KlekotaRothCount,random,homosapiens_bace1,0.8307640750670241,0.821731677114358,25757094,0.6814337162657055,0.8260389729426232,0.8307640750670241,,0.811662198391421,0.8012202804152749,20843333,0.6489149282673019,0.8047973587159236,0.811662198391421,,0.7190007351993755,0.7226130653266332,0.7164404223227753,0.717948717948718,,,,,,,,,,None,sqrt,,2.0,3.0,,,,,,,22.0,,,,80,0.15999999999999998
knn,True,7335.3212890625,KlekotaRothCount,random,homosapiens_bace1,0.9671851694012359,0.9790647090810223,568057476,0.9042716248746335,0.9690527448869752,0.9892857142857143,0.8907882241215574,0.975298126064736,0.9844504021447721,182834135,0.9251349219121092,0.9765957446808511,0.9924324324324324,0.9116465863453815,0.8983588406886578,0.9003194888178914,0.899616368286445,0.8951406649616368,,auto,,,,,,20.0,,,,,,,,,-1.0,3.0,,1.0,,,,distance,90,0.15999999999999998
knn,False,11897.1689453125,KlekotaRothCount,random,homosapiens_bace1,0.920073726541555,0.9187010144660195,1683364698,0.8521261132239613,0.9192649251883699,0.920073726541555,,0.9148793565683646,0.9128228561461712,441424818,0.8450713387569784,0.9144229420453522,0.9148793565683646,,0.7392759001981585,0.7407035175879397,0.7445952740070387,0.7325289089994972,,ball_tree,,,,,,30.0,,,,,,,,,-1.0,5.0,,1.0,,,,distance,90,0.08999999999999998
rf,True,79081.5263671875,KlekotaRothCount,stratified,homosapiens_bace1,0.9595141700404858,0.9744486282947822,647911309,0.8796956712766322,0.9592268996558115,0.9901612462421426,0.851063829787234,0.9633730834752982,0.9766684753119913,220487324,0.8943654802864147,0.96051227321238,0.9933774834437086,0.8619402985074627,0.9092275887990979,0.9041533546325878,0.9156010230179028,0.907928388746803,,,,,,,,,,20,log2,,1.0,3.0,1000.0,,,,True,,22.0,,True,,80,0.08999999999999998
rf,False,169025.783203125,KlekotaRothCount,stratified,homosapiens_bace1,0.886058981233244,0.8823436543695947,993809658,0.7880070873862218,0.8852639507666057,0.886058981233244,,0.8920911528150134,0.888488531713036,342503767,0.7997924377503544,0.8909965598646631,0.8920911528150134,,0.7612265281493776,0.7613065326633166,0.7571644042232277,0.7652086475615887,,,,,,,,,,20,log2,,1.0,4.0,1000.0,,,,True,,22.0,,True,,100,0.15999999999999998
hgb,True,5862.197265625,KlekotaRothCount,stratified,homosapiens_bace1,0.9637758363520137,0.9769959404600812,108245889,0.8928004393119404,0.9675690163495042,0.9866083629406942,0.8829787234042553,0.9642248722316865,0.9770240700218819,58881358,0.8969832056625242,0.9685466377440347,0.9856512141280354,0.8917910447761194,0.9100798313491253,0.9054313099041533,0.909846547314578,0.9149616368286445,,,,,True,,0.1,,0.01,50,,99999999.0,8.0,,,100.0,,,,,22.0,,True,,80,0.15999999999999998
hgb,False,13183.529296875,KlekotaRothCount,stratified,homosapiens_bace1,0.875837801608579,0.872899633801873,326496374,0.7688924413232672,0.8735546993435621,0.875837801608579,,0.8867292225201072,0.883992053111059,138446089,0.78966866368584,0.8847828373809674,0.8867292225201072,,0.7575405938692962,0.7552763819095477,0.7571644042232277,0.7601809954751131,,,,,True,,0.0,,0.01,None,,99999999.0,64.0,,,100.0,,,,,22.0,,True,,90,0.08999999999999998
svm,True,2132.193359375,KlekotaRothCount,stratified,homosapiens_bace1,0.950351587470701,0.9686448661014668,877105030,0.851864748878579,0.954135737009544,0.9836020770702377,0.8326885880077369,0.9454855195911414,0.9654054054054054,238486106,0.8410878203083614,0.9459745762711864,0.9856512141280354,0.8097014925373134,0.9083738482196603,0.9099041533546326,0.9104859335038363,0.9047314578005116,200.0,,0.0,2.0,,0.001,,,,,,,,,,,,,,,22.0,False,,,80,0.15999999999999998
svm,False,6941.99609375,KlekotaRothCount,stratified,homosapiens_bace1,0.8505361930294906,0.8459960463897485,4071115728,0.7199573712962936,0.8470733648417422,0.8505361930294906,,0.8592493297587132,0.8541975336160705,1016835554,0.7368061329512149,0.8555106615385701,0.8592493297587132,,0.7550278626246701,0.7487437185929648,0.7531422825540472,0.7631975867269984,10.0,,0.5,3.0,,0.005,,,,,,,,,,,,,,,22.0,False,,,90,0.08999999999999998
dt,True,359.5546875,KlekotaRothCount,stratified,homosapiens_bace1,0.9298955891753675,0.9561742373784468,23751580,0.7878576369408602,0.9326923076923077,0.9808690899152774,0.7495164410058027,0.9327086882453152,0.9575497044599678,19506888,0.8023295640050035,0.9329842931937172,0.9834437086092715,0.7611940298507462,0.8830183386036733,0.8779552715654952,0.8887468030690537,0.8823529411764706,,,,,,,,,,30,sqrt,,2.0,3.0,,,,,,,22.0,,,,80,0.15999999999999998
dt,False,474.384765625,KlekotaRothCount,stratified,homosapiens_bace1,0.8503686327077749,0.846363215521722,26871448,0.7200650814577336,0.8468936177455917,0.8503686327077749,,0.8532171581769437,0.8486257832121767,21378124,0.7257642104115206,0.8492251219820233,0.8532171581769437,,0.7151468756553001,0.7185929648241206,0.7114127702362997,0.7154348919054802,,,,,,,,,,20,sqrt,,1.0,4.0,,,,,,,22.0,,,,80,0.08999999999999998
knn,True,8215.6982421875,KlekotaRothCount,stratified,homosapiens_bace1,0.9695290858725761,0.9806626098715349,725224902,0.9099721586768105,0.9705567451820128,0.9909811423886308,0.8936170212765957,0.9735945485519591,0.9830878341516639,189165483,0.9241900895996421,0.9719525350593312,0.9944812362030905,0.9029850746268657,0.9011288332529844,0.9035143769968051,0.9060102301790282,0.8938618925831202,,auto,,,,,,50.0,,,,,,,,,-1.0,7.0,,1.0,,,,distance,80,0.08999999999999998
knn,False,10074.337890625,KlekotaRothCount,stratified,homosapiens_bace1,0.9195710455764075,0.9180334149421907,1161521246,0.8515845841878678,0.9188383512691916,0.9195710455764075,,0.9276139410187667,0.9263824807637284,318273271,0.8666943635261898,0.9267824611780815,0.9276139410187667,,0.7434667050688333,0.7341708542713568,0.7536450477626948,0.7425842131724485,,auto,,,,,,50.0,,,,,,,,,-1.0,7.0,,1.0,,,,distance,80,0.08999999999999998
rf,True,6970.619140625,KlekotaRothCount,strict,homosapiens_bace1,0.9543407043407044,0.9711476258248156,69145771,0.864338315752115,0.9561783439490446,0.9865930599369085,0.8407407407407408,0.9674465920651069,0.9793014230271668,34261213,0.9055866945755566,0.9643312101910828,0.9947437582128777,0.8738738738738738,0.9067136446618916,0.9041450777202072,0.9183937823834197,0.8976020738820479,,,,,,,,,,20,sqrt,,1.0,4.0,100.0,,,,True,,22.0,,True,,100,0.15999999999999998
rf,False,16462.2197265625,KlekotaRothCount,strict,homosapiens_bace1,0.8835820895522388,0.8798371405048238,98770854,0.7822986417160125,0.8824833393305244,0.8835820895522388,,0.8881118881118881,0.883745656246535,45142814,0.7971954079307282,0.8875462311664004,0.8881118881118881,,0.7685322767046392,0.7622585438335809,0.7647350173353145,0.7786032689450223,,,,,,,,,,20,sqrt,,1.0,4.0,100.0,,,,True,,22.0,,True,,100,0.08999999999999998
hgb,True,4567.607421875,KlekotaRothCount,strict,homosapiens_bace1,0.9467649467649467,0.9663125161959056,155646422,0.8415457425882915,0.9527337761880429,0.9802839116719243,0.8287037037037037,0.9623601220752798,0.9759896171317326,52281818,0.8904398878939371,0.9641025641025641,0.988173455978975,0.8738738738738738,0.9082254305756567,0.9093264248704663,0.9151554404145078,0.9001944264419961,,,,,True,,0.01,,0.01,20,,10000.0,64.0,,,100.0,,,,,22.0,,True,,90,0.15999999999999998
hgb,False,7870.08984375,KlekotaRothCount,strict,homosapiens_bace1,0.8558872305140962,0.8500968519010766,193911074,0.7289640007187266,0.852675511463903,0.8558872305140962,,0.8531468531468531,0.8462115952464456,80753593,0.7314912399142393,0.850811503839927,0.8531468531468531,,0.7624236420670298,0.7558197127290738,0.758791480931154,0.7726597325408618,,,,,True,,0.0,,0.01,50,,10000.0,16.0,,,100.0,,,,,22.0,,True,,90,0.08999999999999998
svm,True,2526.359375,KlekotaRothCount,strict,homosapiens_bace1,0.9465601965601965,0.9662223372589621,1132694531,0.840771607883653,0.9515676777976039,0.981335436382755,0.8240740740740741,0.9643947100712106,0.9772874756651525,247848340,0.8964500942289075,0.9653846153846154,0.9894875164257556,0.8783783783783784,0.9064985946897068,0.905440414507772,0.9125647668393783,0.9014906027219702,200.0,,0.0,4.0,,0.001,,,,,,,,,,,,,,,22.0,False,,,80,0.08999999999999998
svm,False,6417.333984375,KlekotaRothCount,strict,homosapiens_bace1,0.8373134328358209,0.8307421661613761,4135209795,0.6923212424840726,0.8320547141458976,0.8373134328358209,,0.827972027972028,0.8220728484639923,1004990244,0.6840661348826377,0.8228879084789473,0.827972027972028,,0.7566452038963183,0.7563150074294205,0.7389796929172858,0.7746409113422487,100.0,,0.5,3.0,,0.001,,,,,,,,,,,,,,,22.0,False,,,90,0.08999999999999998
dt,True,388.580078125,KlekotaRothCount,strict,homosapiens_bace1,0.949017199017199,0.9678833999742036,25101154,0.8480024166719569,0.9501139528994682,0.9863301787592008,0.8175925925925925,0.9613428280773143,0.9754204398447607,19411776,0.8873880713605913,0.9605095541401274,0.9908015768725361,0.8603603603603603,0.8799380342669609,0.8801813471502591,0.8866580310880829,0.8729747245625405,,,,,,,,,,30,sqrt,,1.0,3.0,,,,,,,22.0,,,,90,0.08999999999999998
dt,False,466.5703125,KlekotaRothCount,strict,homosapiens_bace1,0.8185737976782753,0.8095923332770378,25355862,0.6560447627860025,0.8120240116884307,0.8185737976782753,,0.8265734265734266,0.817299965044562,20625970,0.6819511018396505,0.8206880903498309,0.8265734265734266,,0.7247812448406802,0.7241208519068846,0.7161961367013373,0.7340267459138187,,,,,,,,,,30,sqrt,,2.0,3.0,,,,,,,22.0,,,,90,0.15999999999999998
knn,True,7969.2216796875,KlekotaRothCount,strict,homosapiens_bace1,0.963963963963964,0.9771131339401821,634853579,0.8935838575881123,0.9668039114770973,0.9876445846477392,0.8805555555555555,0.9735503560528993,0.9831168831168832,160474904,0.9234656453988539,0.9717586649550706,0.9947437582128777,0.9009009009009009,0.896131423096339,0.8996113989637305,0.9080310880829016,0.8807517822423849,,brute,,,,,,40.0,,,,,,,,,-1.0,3.0,,1.0,,,,distance,80,0.08999999999999998
knn,False,11399.875,KlekotaRothCount,strict,homosapiens_bace1,0.7840796019900498,0.7709346952404668,1539568941,0.5852899831957092,0.7732338612875082,0.7840796019900498,,0.7657342657342657,0.7487381065750146,378699095,0.5609455439195893,0.7528649922107159,0.7657342657342657,,0.7467393098893842,0.7434373452204062,0.7365032194155523,0.7602773650321941,,auto,,,,,,30.0,,,,,,,,,-1.0,7.0,,1.0,,,,uniform,90,0.08999999999999998
rf,True,44649.7099609375,KlekotaRoth,random,homosapiens_bace1,0.9599403366716386,0.9745464392093149,331860210,0.88263837797093,0.9607581420181527,0.9887362637362638,0.8603988603988604,0.9727427597955707,0.9827586206896551,124707576,0.9178304426910573,0.9795918367346939,0.985945945945946,0.9236947791164659,0.9041126354695233,0.9035143769968051,0.907928388746803,0.9008951406649617,,,,,,,,,,20,sqrt,,1.0,4.0,500.0,,,,True,,22.0,,True,,100,0.08999999999999998
rf,False,129436.099609375,KlekotaRoth,random,homosapiens_bace1,0.8517091152815014,0.8453892177726774,931399266,0.7210127978669674,0.8481620589020782,0.8517091152815014,,0.8431635388739946,0.8348742911339262,311695049,0.7097227673957439,0.8400822330427999,0.8431635388739946,,0.7577085191332901,0.7532663316582915,0.7662141779788839,0.7536450477626948,,,,,,,,,,30,sqrt,,2.0,2.0,1000.0,,,,True,,22.0,,True,,100,0.08999999999999998
hgb,True,4648.474609375,KlekotaRoth,random,homosapiens_bace1,0.9458768378435969,0.9656013001083423,106127852,0.8406782050065262,0.9521901709401709,0.9793956043956044,0.8300094966761633,0.9454855195911414,0.9655543595263725,88319473,0.8351314640523514,0.9614147909967846,0.9697297297297297,0.8554216867469879,0.9004894470637262,0.9035143769968051,0.90153452685422,0.8964194373401535,,,,,True,,0.0,,0.01,None,,99999999.0,64.0,,,100.0,,,,,22.0,,True,,80,0.08999999999999998
hgb,False,11472.2548828125,KlekotaRoth,random,homosapiens_bace1,0.8480227882037533,0.8429165234325057,239133485,0.7148156124386036,0.8432804696772648,0.8480227882037533,,0.8337801608579088,0.8260642567645456,406922876,0.6920945827536221,0.8277283029893521,0.8337801608579088,,0.7536863974641096,0.7532663316582915,0.7581699346405228,0.7496229260935143,,,,,True,,0.0,,0.01,None,,99999999.0,64.0,,,100.0,,,,,22.0,,True,,90,0.08999999999999998
svm,True,2214.853515625,KlekotaRoth,random,homosapiens_bace1,0.9558917536756872,0.9719777988357926,998911344,0.870540545763139,0.9580998131838805,0.9862637362637363,0.8509021842355176,0.965076660988075,0.9779451317912856,257127463,0.8943516237055251,0.9732334047109208,0.9827027027027027,0.8995983935742972,0.9062433780290835,0.9060702875399361,0.9117647058823529,0.9008951406649617,100.0,,0.1,3.0,,0.01,,,,,,,,,,,,,,,22.0,True,,,80,0.08999999999999998
svm,False,4791.244140625,KlekotaRoth,random,homosapiens_bace1,0.8359584450402144,0.8290028880549773,3598714586,0.6904291896581063,0.830465298162763,0.8359584450402144,,0.814343163538874,0.8038536620794537,906439625,0.6544460683220799,0.8062372533416036,0.814343163538874,,0.7577088559944013,0.7512562814070352,0.770739064856712,0.751131221719457,100.0,,0.1,4.0,,0.005,,,,,,,,,,,,,,,22.0,True,,,90,0.08999999999999998
dt,True,352.6044921875,KlekotaRoth,random,homosapiens_bace1,0.951417004048583,0.9690553745928339,23753852,0.8574698309933277,0.9576180257510729,0.9807692307692307,0.8499525166191833,0.9625212947189097,0.9764453961456103,19873696,0.8858042251048416,0.9671261930010604,0.985945945945946,0.8755020080321285,0.8793966482272865,0.870926517571885,0.8855498721227621,0.8817135549872123,,,,,,,,,,20,None,,1.0,4.0,,,,,,,22.0,,,,90,0.08999999999999998
dt,False,392.8623046875,KlekotaRoth,random,homosapiens_bace1,0.8101541554959786,0.8015000823584049,25084576,0.6417597357661811,0.8026548076672491,0.8101541554959786,,0.7955764075067024,0.7868967837092862,21059610,0.6185738402397495,0.7879002125888829,0.7955764075067024,,0.718667242699167,0.7125628140703517,0.7194570135746606,0.7239819004524887,,,,,,,,,,20,None,,4.0,2.0,,,,,,,22.0,,,,80,0.08999999999999998
knn,True,5827.1455078125,KlekotaRoth,random,homosapiens_bace1,0.9656935861922011,0.9781694915254238,475826345,0.8997974787527265,0.9657295850066935,0.990934065934066,0.8784425451092118,0.9744463373083475,0.9839055793991416,129235229,0.9225513975753298,0.9765708200212992,0.9913513513513513,0.9116465863453815,0.8996369321447152,0.9035143769968051,0.9066496163682864,0.8887468030690537,,auto,,,,,,20.0,,,,,,,,,-1.0,5.0,,1.0,,,,distance,80,0.08999999999999998
knn,False,8245.4833984375,KlekotaRoth,random,homosapiens_bace1,0.9070040214477212,0.9047895788273359,2030151977,0.827499284933924,0.9061089063516318,0.9070040214477212,,0.8994638069705094,0.8966246859557672,531271117,0.8163056444955202,0.8987841738963482,0.8994638069705094,,0.7453084931949845,0.7442211055276382,0.7531422825540472,0.738562091503268,,ball_tree,,,,,,40.0,,,,,,,,,-1.0,7.0,,1.0,,,,distance,90,0.08999999999999998
rf,True,10499.685546875,KlekotaRoth,stratified,homosapiens_bace1,0.9561048369912636,0.9722147288912868,87974174,0.8694863186906427,0.9597869507323569,0.9849685706477179,0.8539651837524178,0.9565587734241908,0.9722373434948285,40378194,0.8742265807048765,0.9591836734693877,0.9856512141280354,0.8582089552238806,0.9117845888181638,0.9067092651757188,0.9187979539641944,0.909846547314578,,,,,,,,,,20,log2,,1.0,4.0,100.0,,,,True,,22.0,,True,,90,0.08999999999999998
rf,False,67924.654296875,KlekotaRoth,stratified,homosapiens_bace1,0.8557305630026809,0.8496768838287959,502407303,0.7298818920071432,0.8523282946734015,0.8557305630026809,,0.8632707774798928,0.8576434476103839,170066736,0.7444868236501698,0.8599926156402858,0.8632707774798928,,0.7623991416778884,0.764321608040201,0.755656108597285,0.767219708396179,,,,,,,,,,20,sqrt,,1.0,8.0,500.0,,,,True,,22.0,,True,,100,0.08999999999999998
hgb,True,3829.138671875,KlekotaRoth,stratified,homosapiens_bace1,0.9407628382697635,0.96259418729817,314175428,0.8227148241266357,0.948051948051948,0.977589505329325,0.8104448742746615,0.9420783645655877,0.9632034632034632,51142924,0.8309198723109414,0.9447983014861996,0.9823399558498896,0.8059701492537313,0.9094407175288507,0.9041533546325878,0.9149616368286445,0.9092071611253197,,,,,True,,0.1,,0.01,20,,1000.0,64.0,,,100.0,,,,,22.0,,True,,90,0.08999999999999998
hgb,False,10800.9990234375,KlekotaRoth,stratified,homosapiens_bace1,0.8461796246648794,0.8413023060641198,213152259,0.7117206108913452,0.8421904018642302,0.8461796246648794,,0.853887399463807,0.8494765610328057,96527439,0.7267541389363277,0.8505717340173458,0.853887399463807,,0.7536847973738308,0.7628140703517587,0.7461035696329814,0.7521367521367521,,,,,True,,0.01,,0.01,50,,1000.0,32.0,,,100.0,,,,,22.0,,True,,80,0.08999999999999998
svm,True,2312.869140625,KlekotaRoth,stratified,homosapiens_bace1,0.9448114212657149,0.9651834924048931,1070186459,0.8348932588576972,0.9497354497354498,0.9811423886307734,0.816247582205029,0.9463373083475298,0.9658536585365853,280623142,0.8437310274036265,0.9488817891373802,0.9834437086092715,0.8208955223880597,0.9126358780767481,0.9124600638977636,0.920076726342711,0.9053708439897699,100.0,,0.5,4.0,,0.005,,,,,,,,,,,,,,,22.0,True,,,90,0.08999999999999998
svm,False,4725.314453125,KlekotaRoth,stratified,homosapiens_bace1,0.8312667560321716,0.825369765058485,3453184210,0.6828981984148222,0.8259335101912356,0.8312667560321716,,0.8357908847184986,0.8297058699775864,864680651,0.6918585387539231,0.8298477655398286,0.8357908847184986,,0.7585459558560356,0.7562814070351759,0.7576671694318753,0.7616892911010558,100.0,,0.1,3.0,,0.005,,,,,,,,,,,,,,,22.0,False,,,90,0.08999999999999998
dt,True,391.55078125,KlekotaRoth,stratified,homosapiens_bace1,0.9411890049009163,0.9628332884460006,22032257,0.8241574895432896,0.949031059198301,0.9770429078983329,0.8143133462282398,0.9267461669505963,0.9532100108813928,19145721,0.7864049000458307,0.9399141630901288,0.9668874172185431,0.7910447761194029,0.8864293515711604,0.873482428115016,0.8951406649616368,0.8906649616368286,,,,,,,,,,None,sqrt,,1.0,4.0,,,,,,,22.0,,,,90,0.15999999999999998
dt,False,588.05859375,KlekotaRoth,stratified,homosapiens_bace1,0.8617627345844504,0.8560608347051655,22674081,0.7418604780397434,0.8595223997147812,0.8617627345844504,,0.8666219839142091,0.8615285633938331,19325824,0.7517406576081201,0.8634643492363309,0.8666219839142091,,0.7168230965452366,0.7165829145728643,0.7290095525389643,0.7048768225238814,,,,,,,,,,20,sqrt,,1.0,2.0,,,,,,,22.0,,,,100,0.15999999999999998
knn,True,4612.34375,KlekotaRoth,stratified,homosapiens_bace1,0.9584487534626038,0.9737515143357114,1112114703,0.8764653307372471,0.9594164456233422,0.9885214539491665,0.8520309477756286,0.9497444633730835,0.9680563075257174,310725391,0.8538547582200838,0.9500531349628055,0.9867549668874173,0.8246268656716418,0.905391271663548,0.9041533546325878,0.9117647058823529,0.9002557544757033,,ball_tree,,,,,,30.0,,,,,,,,,-1.0,9.0,,1.0,,,,distance,100,0.15999999999999998
knn,False,7131.59765625,KlekotaRoth,stratified,homosapiens_bace1,0.9013069705093834,0.8983969893565866,95761725,0.8174632226971059,0.9005801873301392,0.9013069705093834,,0.900804289544236,0.8976862138243422,47678649,0.8168002407476815,0.9000325102047979,0.900804289544236,,0.745810753111965,0.7472361809045226,0.7476118652589241,0.7425842131724485,,brute,,,,,,20.0,,,,,,,,,-1.0,7.0,,2.0,,,,distance,80,0.08999999999999998
rf,True,84186.5380859375,KlekotaRoth,strict,homosapiens_bace1,0.9527027027027027,0.9699961033900506,474801429,0.8597598187029851,0.9586649550706033,0.9815983175604627,0.850925925925926,0.9684638860630722,0.9798570500324886,163531596,0.9084729481931545,0.9691516709511568,0.9908015768725361,0.8918918918918919,0.9090903875880487,0.9099740932642487,0.9106217616580311,0.9066753078418665,,,,,,,,,,20,sqrt,,1.0,4.0,1000.0,,,,True,,22.0,,True,,100,0.08999999999999998
rf,False,78736.779296875,KlekotaRoth,strict,homosapiens_bace1,0.8497512437810946,0.8429621562746888,381362787,0.7169145141308667,0.846235146034181,0.8497512437810946,,0.8447552447552448,0.8385656027973333,148022094,0.7163042349209732,0.843172758787204,0.8447552447552448,,0.7706785537394749,0.7672114908370481,0.7602773650321941,0.7845468053491828,,,,,,,,,,30,log2,,1.0,8.0,500.0,,,,True,,22.0,,True,,90,0.08999999999999998
hgb,True,3829.7626953125,KlekotaRoth,strict,homosapiens_bace1,0.9381654381654382,0.9607690309171213,125091438,0.8162111938353426,0.9496661530559836,0.9721345951629863,0.8185185185185185,0.953204476093591,0.9702842377260982,67124179,0.8630738363316629,0.9542566709021602,0.9868593955321945,0.8378378378378378,0.9099538055310238,0.908678756476684,0.9151554404145078,0.9060272197018795,,,,,True,,0.01,,0.01,None,,1000.0,16.0,,,100.0,,,,,22.0,,True,,100,0.08999999999999998
hgb,False,8738.4423828125,KlekotaRoth,strict,homosapiens_bace1,0.8399668325041459,0.8328977865535101,172552151,0.6981556574478984,0.8349115773452296,0.8399668325041459,,0.8384615384615385,0.8324297165201074,80271883,0.705826847199447,0.8349155654412366,0.8384615384615385,,0.7673765890704969,0.7711738484398217,0.7513620604259534,0.7795938583457157,,,,,True,,0.0,,0.01,None,,1000.0,16.0,,,100.0,,,,,22.0,,True,,100,0.08999999999999998
svm,True,2007.830078125,KlekotaRoth,strict,homosapiens_bace1,0.935913185913186,0.9594507060500065,1018260937,0.8087433506411307,0.9458492975734355,0.9734490010515248,0.8037037037037037,0.948118006103764,0.967032967032967,218561533,0.8478999502422225,0.9516539440203562,0.9829172141918529,0.8288288288288288,0.9097380559818311,0.9125647668393783,0.9099740932642487,0.9066753078418665,100.0,,0.5,2.0,,0.005,,,,,,,,,,,,,,,22.0,False,,,80,0.08999999999999998
svm,False,4613.201171875,KlekotaRoth,strict,homosapiens_bace1,0.824709784411277,0.8179625064589835,3311126847,0.6680949505789604,0.8183241942586068,0.824709784411277,,0.823076923076923,0.8161756334512948,788982478,0.6749520789489518,0.8180951333011743,0.823076923076923,,0.7649001155687634,0.7578008915304606,0.7523526498266468,0.7845468053491828,100.0,,0.0,3.0,,0.005,,,,,,,,,,,,,,,22.0,False,,,90,0.08999999999999998
dt,True,404.8173828125,KlekotaRoth,strict,homosapiens_bace1,0.9363226863226863,0.9599381682339302,21263960,0.8089511790073174,0.9411467542308664,0.9794952681388013,0.7842592592592592,0.9511698880976602,0.9688715953307393,19391758,0.8573021572195225,0.9564660691421255,0.9816031537450722,0.8468468468468469,0.8803717720117709,0.8814766839378239,0.8775906735751295,0.8820479585223591,,,,,,,,,,30,sqrt,,1.0,3.0,,,,,,,22.0,,,,90,0.15999999999999998
dt,False,340.533203125,KlekotaRoth,strict,homosapiens_bace1,0.7870646766169154,0.7766970138877952,22235002,0.5935587387304441,0.7769312692876662,0.7870646766169154,,0.76993006993007,0.7550539114674484,19360726,0.5704097347314818,0.757305302571076,0.76993006993007,,0.7310549777117386,0.7226349678058445,0.7152055473006439,0.7553244180287271,,,,,,,,,,10,None,,2.0,4.0,,,,,,,22.0,,,,90,0.15999999999999998
knn,True,5717.3828125,KlekotaRoth,strict,homosapiens_bace1,0.9011056511056511,0.9378298365297979,1025232746,0.7003030321329494,0.9187894073139975,0.9576761303890642,0.7018518518518518,0.9247202441505595,0.9523809523809523,242417123,0.7768797652222655,0.9331651954602774,0.9724047306176085,0.7612612612612613,0.8976453077411274,0.8963730569948186,0.9034974093264249,0.8930654569021387,,ball_tree,,,,,,50.0,,,,,,,,,-1.0,7.0,,1.0,,,,uniform,80,0.08999999999999998
knn,False,7041.01171875,KlekotaRoth,strict,homosapiens_bace1,0.8922056384742952,0.8889935819579173,733581343,0.7993502435900683,0.8915283965384285,0.8922056384742952,,0.9041958041958041,0.902675862792744,194426295,0.8277513690205617,0.9059813561927382,0.9041958041958041,,0.7576357932970117,0.7488855869242199,0.7607726597325408,0.7632491332342743,,auto,,,,,,20.0,,,,,,,,,-1.0,7.0,,1.0,,,,distance,80,0.08999999999999998
rf,True,9632.873046875,MACCS,random,homosapiens_bace1,0.9627104197741316,0.9762454187593321,60858233,0.8909673541865891,0.964851086664878,0.987912087912088,0.8755935422602089,0.9684838160136287,0.9800753904146473,21115948,0.9048711064508226,0.9763948497854077,0.9837837837837838,0.9116465863453815,0.9081619451503341,0.9041533546325878,0.9175191815856778,0.9028132992327366,,,,,,,,,,None,sqrt,,1.0,4.0,100.0,,,,True,,22.0,,True,,90,0.08999999999999998
rf,False,213487.009765625,MACCS,random,homosapiens_bace1,0.8863941018766756,0.8839020428045028,943108616,0.7885312097688775,0.8843137437797606,0.8863941018766756,,0.8793565683646113,0.8743633072146,320867942,0.7789400020189521,0.8775353822409581,0.8793565683646113,,0.7551938509372739,0.7582914572864322,0.7566616390145802,0.7506284565108094,,,,,,,,,,None,sqrt,,1.0,4.0,1000.0,,,,True,,22.0,,True,,80,0.15999999999999998
hgb,True,3739.5498046875,MACCS,random,homosapiens_bace1,0.9512039207330066,0.9690749493585415,60983443,0.8563702296433878,0.9529880478087649,0.9857142857142858,0.8319088319088319,0.9565587734241908,0.9726541554959786,30410368,0.8677604915576346,0.9648936170212766,0.9805405405405405,0.8674698795180723,0.8960153779528203,0.8958466453674121,0.8938618925831202,0.8983375959079284,,,,,True,,0.1,,0.01,10,,1000.0,8.0,,,100.0,,,,,22.0,,True,,90,0.08999999999999998
hgb,False,11717.982421875,MACCS,random,homosapiens_bace1,0.8765080428954424,0.8733620251511316,191603098,0.7693854957743285,0.8742029019521897,0.8765080428954424,,0.8605898123324397,0.8556065564153482,82747962,0.7432340192035345,0.8572565197744038,0.8605898123324397,,0.7545238341868551,0.7562814070351759,0.7566616390145802,0.7506284565108094,,,,,True,,0.0,,0.01,50,,10000.0,8.0,,,100.0,,,,,22.0,,True,,90,0.08999999999999998
svm,True,1373.7529296875,MACCS,random,homosapiens_bace1,0.9473684210526315,0.9666891436277816,469830931,0.8447425464004541,0.9494039735099338,0.9846153846153847,0.818613485280152,0.9531516183986372,0.9704777241009125,121294296,0.8575917015323407,0.9637526652452025,0.9772972972972973,0.8634538152610441,0.9028341354599904,0.9022364217252397,0.907928388746803,0.8983375959079284,100.0,,0.5,2.0,,0.01,,,,,,,,,,,,,,,22.0,False,,,80,0.08999999999999998
svm,False,2970.4951171875,MACCS,random,homosapiens_bace1,0.8564008042895442,0.8517754451115747,1800050699,0.730987765422912,0.8523455023076063,0.8564008042895442,,0.849195710455764,0.8432810955755778,452487041,0.7216965670097464,0.8447194331947888,0.849195710455764,,0.7505038178996205,0.7437185929648241,0.7506284565108094,0.7571644042232277,100.0,,0.1,4.0,,0.01,,,,,,,,,,,,,,,22.0,True,,,90,0.08999999999999998
dt,True,222.7421875,MACCS,random,homosapiens_bace1,0.936714255273812,0.960352422907489,4544884,0.8121307458468352,0.9340431056868346,0.9881868131868132,0.7587844254510921,0.9437819420783645,0.9650053022269353,2550354,0.826298023573946,0.9469302809573361,0.9837837837837838,0.7951807228915663,0.8817403833321077,0.8741214057507988,0.8932225063938619,0.8778772378516624,,,,,,,,,,10,None,,1.0,2.0,,,,,,,22.0,,,,90,0.08999999999999998
dt,False,257.6474609375,MACCS,random,homosapiens_bace1,0.8089812332439679,0.7988406650233222,5517548,0.6377690206860824,0.8015996360456742,0.8089812332439679,,0.7942359249329759,0.7814474480286435,2810476,0.6141623934472045,0.7868517458477131,0.7942359249329759,,0.7221824726110864,0.7371859296482413,0.7119155354449472,0.7174459527400704,,,,,,,,,,10,None,,1.0,3.0,,,,,,,22.0,,,,90,0.08999999999999998
knn,True,4019.265625,MACCS,random,homosapiens_bace1,0.9671851694012359,0.9791497427565665,879611136,0.9042743156668291,0.9652963160704752,0.9934065934065934,0.8765432098765432,0.9735945485519591,0.9833064081852451,243136769,0.9203237637283623,0.9796137339055794,0.987027027027027,0.9236947791164659,0.8994238034149623,0.9035143769968051,0.9047314578005116,0.8900255754475703,,kd_tree,,,,,,50.0,,,,,,,,,-1.0,5.0,,1.0,,,,distance,90,0.08999999999999998
knn,False,4201.0634765625,MACCS,random,homosapiens_bace1,0.9038203753351206,0.9015376076669243,386685901,0.8216734970521559,0.903234770216562,0.9038203753351206,,0.8967828418230563,0.8937956035917033,115145356,0.811774994017695,0.8960847809470655,0.8967828418230563,,0.7484909043289178,0.7547738693467336,0.7395676219205631,0.751131221719457,,brute,,,,,,40.0,,,,,,,,,-1.0,5.0,,1.0,,,,distance,80,0.08999999999999998
rf,True,97220.34765625,MACCS,stratified,homosapiens_bace1,0.9659066695077776,0.9783373950717574,627815014,0.8992084004122591,0.9694123960289778,0.9874282590871822,0.8897485493230174,0.965076660988075,0.9775342465753425,214291372,0.8996182005831111,0.970620239390642,0.9845474613686535,0.8992537313432836,0.9096537100741117,0.9047923322683706,0.9162404092071611,0.907928388746803,,,,,,,,,,20,sqrt,,1.0,3.0,1000.0,,,,True,,22.0,,True,,80,0.08999999999999998
rf,False,14874.095703125,MACCS,stratified,homosapiens_bace1,0.8642761394101877,0.8593806682556091,100591041,0.746522703557988,0.8614591797173715,0.8642761394101877,,0.868632707774799,0.8645773846495396,33471845,0.7551461219557896,0.865407806751643,0.868632707774799,,0.7603891756419099,0.7577889447236181,0.7601809954751131,0.7631975867269984,,,,,,,,,,30,sqrt,,1.0,8.0,100.0,,,,True,,22.0,,True,,90,0.08999999999999998
hgb,True,3739.4951171875,MACCS,stratified,homosapiens_bace1,0.9507777541018538,0.9688888888888889,111438588,0.8532377139473845,0.955124800849708,0.9830554796392457,0.8365570599613152,0.9454855195911414,0.9650273224043716,29234040,0.8423664481563958,0.9556277056277056,0.9746136865342163,0.8470149253731343,0.9043264451217353,0.9003194888178914,0.909846547314578,0.9028132992327366,,,,,True,,0.01,,0.01,10,,1000.0,8.0,,,100.0,,,,,22.0,,True,,90,0.08999999999999998
hgb,False,11613.271484375,MACCS,stratified,homosapiens_bace1,0.8656166219839142,0.8615119795413697,203189657,0.7491080961899933,0.8628545150236563,0.8656166219839142,,0.8719839142091153,0.8680311980893232,82919305,0.7617807562120796,0.8688938032951685,0.8719839142091153,,0.7550261783191136,0.7587939698492462,0.7476118652589241,0.7586726998491704,,,,,True,,0.0,,0.01,None,,10000.0,16.0,,,100.0,,,,,22.0,,True,,90,0.08999999999999998
svm,True,1502.7421875,MACCS,stratified,homosapiens_bace1,0.951417004048583,0.9693465985479968,575348971,0.8550322557584378,0.9539560730351945,0.985241869363214,0.8317214700193424,0.9540034071550255,0.9704271631982475,142672954,0.867522069716858,0.9630434782608696,0.977924944812362,0.8731343283582089,0.9030480812966943,0.8984025559105431,0.9060102301790282,0.9047314578005116,300.0,,0.0,4.0,,0.005,,,,,,,,,,,,,,,22.0,True,,,90,0.08999999999999998
svm,False,2993.4990234375,MACCS,stratified,homosapiens_bace1,0.8527144772117963,0.8482673416966966,1888296115,0.7245967964903071,0.8488034664204658,0.8527144772117963,,0.8579088471849866,0.8531511969634177,463939722,0.7343554595970686,0.8543100178519563,0.8579088471849866,,0.7528483712344191,0.7537688442211056,0.7531422825540472,0.7516339869281046,100.0,,0.1,2.0,,0.01,,,,,,,,,,,,,,,22.0,True,,,90,0.08999999999999998
dt,True,218.984375,MACCS,stratified,homosapiens_bace1,0.9320264223311314,0.9571294180889666,4533373,0.7958660015207538,0.941565309360127,0.9732167258813884,0.7862669245647969,0.9293015332197615,0.9548667754214247,2806356,0.7937837412915588,0.9410503751339764,0.9690949227373068,0.7947761194029851,0.8849363609869562,0.8785942492012779,0.8913043478260869,0.8849104859335039,,,,,,,,,,10,None,,1.0,2.0,,,,,,,22.0,,,,90,0.08999999999999998
dt,False,253.5302734375,MACCS,stratified,homosapiens_bace1,0.7944034852546917,0.7828597349843719,5300266,0.6093705805242855,0.7851160712475838,0.7944034852546917,,0.7882037533512064,0.7778742633280897,2801500,0.5986179428431807,0.7799278264979718,0.7882037533512064,,0.7186675795602784,0.7105527638190955,0.7259929612870789,0.7194570135746606,,,,,,,,,,10,None,,2.0,3.0,,,,,,,22.0,,,,80,0.08999999999999998
knn,True,3107.5234375,MACCS,stratified,homosapiens_bace1,0.9671851694012359,0.9791271347248577,848012820,0.9031100122726375,0.9712288249529444,0.9871549603716863,0.8965183752417795,0.9684838160136287,0.979792463134899,225592783,0.9092702456204185,0.9697297297297297,0.9900662251655629,0.8955223880597015,0.9060302492993307,0.9060702875399361,0.9124040920716112,0.899616368286445,,kd_tree,,,,,,30.0,,,,,,,,,-1.0,3.0,,1.0,,,,distance,90,0.15999999999999998
knn,False,4950.36328125,MACCS,stratified,homosapiens_bace1,0.9106903485254692,0.9084685256415708,1516269063,0.834936994823265,0.9101093233012277,0.9106903485254692,,0.9095174262734584,0.9078314886784478,394189908,0.8329985706179455,0.9079909035894554,0.9095174262734584,,0.751339822962643,0.7552763819095477,0.7395676219205631,0.759175465057818,,ball_tree,,,,,,30.0,,,,,,,,,-1.0,7.0,,1.0,,,,distance,90,0.08999999999999998
rf,True,44637.4365234375,MACCS,strict,homosapiens_bace1,0.9567977067977068,0.9726222914233813,246611885,0.8719402121489428,0.9602869587496797,0.9852786540483701,0.8564814814814815,0.970498474059003,0.9810828440965427,74488954,0.9146092520960126,0.9740932642487047,0.988173455978975,0.9099099099099099,0.906714484154301,0.9125647668393783,0.9060880829015544,0.9014906027219702,,,,,,,,,,None,sqrt,,1.0,4.0,500.0,,,,True,,22.0,,True,,80,0.08999999999999998
rf,False,56084.435546875,MACCS,strict,homosapiens_bace1,0.8698175787728026,0.8665260685583085,303203937,0.7562593185898402,0.8667616313729332,0.8698175787728026,,0.8797202797202798,0.8769236730873561,103982019,0.7818496654335937,0.8777897541055435,0.8797202797202798,,0.7668812943701502,0.7602773650321941,0.7592867756315007,0.7810797424467558,,,,,,,,,,30,None,,1.0,8.0,500.0,,,,True,,22.0,,True,,80,0.08999999999999998
hgb,True,5449.1572265625,MACCS,strict,homosapiens_bace1,0.946969696969697,0.9664551223934723,83829240,0.8421105464943918,0.952514679601736,0.9808096740273397,0.8277777777777777,0.9694811800610377,0.9804177545691906,36816359,0.9117051981372659,0.9740596627756161,0.9868593955321945,0.9099099099099099,0.9026111851729969,0.9067357512953368,0.9060880829015544,0.8950097213220998,,,,,True,,0.1,,0.01,20,,99999999.0,32.0,,,100.0,,,,,22.0,,True,,80,0.08999999999999998
hgb,False,6448.009765625,MACCS,strict,homosapiens_bace1,0.8356550580431178,0.827200160880448,111029128,0.688599857973077,0.831594792106975,0.8356550580431178,,0.8377622377622378,0.8310816879731409,47591276,0.7050018403756407,0.8355826606631327,0.8377622377622378,,0.7622585438335809,0.7597820703318474,0.75037147102526,0.7766220901436355,,,,,True,,0.01,,0.01,None,,10000.0,8.0,,,100.0,,,,,22.0,,True,,90,0.08999999999999998
svm,True,1347.2255859375,MACCS,strict,homosapiens_bace1,0.9514742014742015,0.9692885836464947,412673243,0.8557804727912182,0.9557883976488628,0.9831756046267087,0.8398148148148148,0.9715157680569685,0.9816993464052287,85930300,0.9177421489507366,0.976592977893368,0.9868593955321945,0.918918918918919,0.9075798609128976,0.9125647668393783,0.9002590673575129,0.9099157485418017,200.0,,0.5,3.0,,0.01,,,,,,,,,,,,,,,22.0,True,,,80,0.08999999999999998
svm,False,2827.3115234375,MACCS,strict,homosapiens_bace1,0.8482587064676617,0.8427354314039478,1738677468,0.7139657112740424,0.8436878726177754,0.8482587064676617,,0.8405594405594405,0.8354097610231709,409044255,0.7085693978557505,0.8365258556528357,0.8405594405594405,,0.7606075614990919,0.758791480931154,0.75037147102526,0.7726597325408618,100.0,,0.5,4.0,,0.01,,,,,,,,,,,,,,,22.0,False,,,90,0.08999999999999998
dt,True,315.392578125,MACCS,strict,homosapiens_bace1,0.937960687960688,0.960908269900658,4778789,0.8141801850575011,0.9435013934633899,0.9789695057833859,0.7935185185185185,0.9643947100712106,0.977139124755062,2721998,0.8970084828254604,0.9714285714285714,0.9829172141918529,0.9009009009009009,0.8827452968836923,0.8911917098445595,0.8808290155440415,0.8762151652624757,,,,,,,,,,30,sqrt,,1.0,3.0,,,,,,,22.0,,,,80,0.08999999999999998
dt,False,244.0537109375,MACCS,strict,homosapiens_bace1,0.7950248756218905,0.788789896630105,5980857,0.6134929207779748,0.7865202851924107,0.7950248756218905,,0.7825174825174825,0.775929860447814,2823763,0.6006047272908379,0.7743444658765867,0.7825174825174825,,0.7318804688789831,0.7340267459138187,0.7127290737989104,0.7488855869242199,,,,,,,,,,10,None,,2.0,8.0,,,,,,,22.0,,,,90,0.08999999999999998
knn,True,3354.970703125,MACCS,strict,homosapiens_bace1,0.9621212121212122,0.9759396540512421,222199080,0.8880885422076841,0.9657657657657658,0.9863301787592008,0.8768518518518519,0.9786368260427264,0.9862655330281229,59431909,0.9384141803242639,0.9817708333333334,0.9908015768725361,0.9369369369369369,0.9041246500715806,0.9028497409326425,0.9041450777202072,0.9053791315618924,,brute,,,,,,30.0,,,,,,,,,-1.0,3.0,,1.0,,,,distance,80,0.08999999999999998
knn,False,4904.634765625,MACCS,strict,homosapiens_bace1,0.8943615257048093,0.8909998267593557,904687395,0.8032533527408978,0.8933136623549155,0.8943615257048093,,0.9083916083916084,0.9061019291327603,242597700,0.8345484450218869,0.9086338678719009,0.9083916083916084,,0.7535083374607892,0.7528479445269936,0.7404655770183259,0.7672114908370481,,kd_tree,,,,,,20.0,,,,,,,,,-1.0,9.0,,1.0,,,,distance,80,0.08999999999999998
rf,True,5875.40234375,PubChem,random,homosapiens_bace1,0.9573833368847219,0.9729656663963233,62577617,0.8749625736305501,0.957690260777009,0.9887362637362638,0.8490028490028491,0.9659284497444633,0.9784714747039828,22572876,0.8970369960122233,0.9742765273311897,0.9827027027027027,0.9036144578313253,0.9070954843946191,0.9079872204472843,0.9111253196930946,0.9021739130434783,,,,,,,,,,30,None,,2.0,3.0,100.0,,,,True,,22.0,,True,,90,0.15999999999999998
rf,False,14389.97265625,PubChem,random,homosapiens_bace1,0.8693029490616622,0.864769364272763,110700502,0.7554818927361423,0.8665780052750258,0.8693029490616622,,0.8518766756032171,0.8440937182587083,39127514,0.7265118848872596,0.8481842352197889,0.8518766756032171,,0.7550273573330032,0.7517587939698492,0.7576671694318753,0.755656108597285,,,,,,,,,,30,sqrt,,1.0,8.0,100.0,,,,True,,22.0,,True,,90,0.08999999999999998
hgb,True,5310.4619140625,PubChem,random,homosapiens_bace1,0.9567440869379927,0.9724446857608253,85706122,0.87328070943153,0.9610947142473839,0.984065934065934,0.862298195631529,0.9667802385008518,0.9790209790209791,45282849,0.8995183861958325,0.974304068522484,0.9837837837837838,0.9036144578313253,0.8989989078003754,0.8971246006389776,0.9040920716112532,0.8957800511508951,,,,,True,,0.1,,0.01,20,,99999999.0,16.0,,,100.0,,,,,22.0,,True,,80,0.08999999999999998
hgb,False,8188.2158203125,PubChem,random,homosapiens_bace1,0.8607573726541555,0.8562948675624479,397966616,0.7394225235180519,0.8569876070877991,0.8607573726541555,,0.8411528150134048,0.8336059999717564,61933792,0.706394496181109,0.835886118828478,0.8411528150134048,,0.7560324666739091,0.7542713567839195,0.7521367521367521,0.7616892911010558,,,,,True,,0.01,,0.01,50,,99999999.0,8.0,,,100.0,,,,,22.0,,True,,80,0.08999999999999998
svm,True,2821.3681640625,PubChem,random,homosapiens_bace1,0.9573833368847219,0.9728997289972899,1312290083,0.875042493469234,0.9598930481283422,0.9862637362637363,0.8575498575498576,0.9718909710391823,0.9822675980655562,329274625,0.9148886888710276,0.9764957264957265,0.9881081081081081,0.9116465863453815,0.9047521578432735,0.9028753993610223,0.9066496163682864,0.9047314578005116,100.0,,0.1,2.0,,0.005,,,,,,,,,,,,,,,22.0,True,,,90,0.08999999999999998
svm,False,6083.0673828125,PubChem,random,homosapiens_bace1,0.8337801608579088,0.8268668849140538,4116171929,0.6868319239505145,0.8278971963195761,0.8337801608579088,,0.8257372654155496,0.8167200811393195,1047188165,0.6760070849058376,0.8193204023121742,0.8257372654155496,,0.7545251816313004,0.7482412060301508,0.7581699346405228,0.7571644042232277,10.0,,0.0,2.0,,0.01,,,,,,,,,,,,,,,22.0,False,,,90,0.08999999999999998
dt,True,275.9697265625,PubChem,random,homosapiens_bace1,0.9418282548476454,0.9633310946944258,8501115,0.8277647762639473,0.9424441524310119,0.9851648351648352,0.792022792022792,0.9497444633730835,0.9686337054758107,5388593,0.845368533301486,0.952928870292887,0.9848648648648649,0.8192771084337349,0.8832302416729992,0.8837060702875399,0.8836317135549873,0.8823529411764706,,,,,,,,,,None,None,,2.0,3.0,,,,,,,22.0,,,,80,0.15999999999999998
dt,False,394.1201171875,PubChem,random,homosapiens_bace1,0.8125,0.8011673720159925,9932065,0.6449375783730489,0.8055531619482279,0.8125,,0.7935656836461126,0.7781718738660174,5951159,0.6130344052987474,0.7870128238274261,0.7935656836461126,,0.7168223386077361,0.7211055276381909,0.7149321266968326,0.714429361488185,,,,,,,,,,20,sqrt,,2.0,3.0,,,,,,,22.0,,,,90,0.15999999999999998
knn,True,5097.58984375,PubChem,random,homosapiens_bace1,0.9642020029831664,0.9771490750816104,357733386,0.8955040104098135,0.9676724137931034,0.9868131868131869,0.886039886039886,0.9735945485519591,0.9833243679397525,99237786,0.9201854361570616,0.9785867237687366,0.9881081081081081,0.9196787148594378,0.8989986354313916,0.8984025559105431,0.9047314578005116,0.8938618925831202,,brute,,,,,,20.0,,,,,,,,,-1.0,3.0,,1.0,,,,distance,80,0.15999999999999998
knn,False,6979.423828125,PubChem,random,homosapiens_bace1,0.8999664879356568,0.8975086151462595,1488744015,0.8142519592216932,0.8984420668779517,0.8999664879356568,,0.8907506702412868,0.8863792858766343,385799499,0.8002679552679411,0.8897425861565814,0.8907506702412868,,0.7412873821091379,0.7381909547738693,0.7395676219205631,0.7461035696329814,,ball_tree,,,,,,20.0,,,,,,,,,-1.0,5.0,,1.0,,,,distance,80,0.15999999999999998
rf,True,92630.326171875,PubChem,stratified,homosapiens_bace1,0.9667590027700831,0.9788101059494703,651108782,0.9020942272974679,0.9729948690251148,0.984695271932222,0.9032882011605415,0.9642248722316865,0.9770240700218819,221665742,0.8969832056625242,0.9685466377440347,0.9856512141280354,0.8917910447761194,0.9051788238562546,0.9009584664536742,0.9124040920716112,0.9021739130434783,,,,,,,,,,20,sqrt,,1.0,3.0,1000.0,,,,True,,22.0,,True,,100,0.15999999999999998
rf,False,15615.95703125,PubChem,stratified,homosapiens_bace1,0.853887399463807,0.8474717818089209,112730829,0.7261937855671892,0.8506678704024406,0.853887399463807,,0.8558981233243967,0.8497339234076566,39060134,0.7304925198828158,0.8528048732402141,0.8558981233243967,,0.759217151620344,0.7512562814070352,0.7581699346405228,0.7682252388134742,,,,,,,,,,30,log2,,1.0,8.0,100.0,,,,True,,22.0,,True,,80,0.08999999999999998
hgb,True,6981.990234375,PubChem,stratified,homosapiens_bace1,0.9595141700404858,0.9742477636215776,118533246,0.8802914111091988,0.9663888141973649,0.9822355834927576,0.879110251450677,0.9642248722316865,0.9769484083424808,54374018,0.8973805433179375,0.9716157205240175,0.9823399558498896,0.9029850746268657,0.9036867865634933,0.9015974440894569,0.9028132992327366,0.9066496163682864,,,,,True,,0.1,,0.01,10,,99999999.0,32.0,,,100.0,,,,,22.0,,True,,80,0.08999999999999998
hgb,False,10735.2021484375,PubChem,stratified,homosapiens_bace1,0.8629356568364611,0.8587217103624135,199947354,0.7443461874014848,0.8591515811181137,0.8629356568364611,,0.8760053619302949,0.8723087041942514,92394458,0.7696519189491824,0.8729753637454626,0.8760053619302949,,0.7546921805272381,0.7517587939698492,0.7531422825540472,0.759175465057818,,,,,True,,0.1,,0.01,50,,1000.0,32.0,,,100.0,,,,,22.0,,True,,90,0.08999999999999998
svm,True,2865.3798828125,PubChem,stratified,homosapiens_bace1,0.947581504368208,0.9669354838709677,1044198663,0.8433224373849363,0.9513356254959006,0.9830554796392457,0.8220502901353965,0.9480408858603067,0.9668658337859859,262157662,0.8489463401530275,0.9518716577540107,0.9823399558498896,0.832089552238806,0.9066692269351136,0.9079872204472843,0.9040920716112532,0.907928388746803,10.0,,0.5,4.0,,0.01,,,,,,,,,,,,,,,22.0,False,,,90,0.08999999999999998
svm,False,5363.5517578125,PubChem,stratified,homosapiens_bace1,0.8558981233243967,0.8506492028421505,3519617227,0.7304619242698208,0.8519649723129133,0.8558981233243967,,0.8558981233243967,0.8505193661048768,876000754,0.7305159078430815,0.8519458519839795,0.8558981233243967,,0.7607235945101745,0.7623115577889448,0.7496229260935143,0.7702362996480644,100.0,,0.0,4.0,,0.005,,,,,,,,,,,,,,,22.0,False,,,80,0.08999999999999998
dt,True,259.7431640625,PubChem,stratified,homosapiens_bace1,0.9324525889622842,0.9573523476389075,8490174,0.7974279228279822,0.9427662957074722,0.9723968297349003,0.7911025145067698,0.9327086882453152,0.9569482288828338,5436769,0.804386068961139,0.9451022604951561,0.9690949227373068,0.8097014925373134,0.8804603852931643,0.8798722044728434,0.887468030690537,0.8740409207161125,,,,,,,,,,None,None,,2.0,8.0,,,,,,,22.0,,,,90,0.15999999999999998
dt,False,527.7294921875,PubChem,stratified,homosapiens_bace1,0.8672922252010724,0.8614122905314685,11940123,0.75303968190932,0.8652920489568755,0.8672922252010724,,0.8726541554959786,0.867652198620993,6485478,0.7639698069949705,0.8706974504573338,0.8726541554959786,,0.7176607016985379,0.7185929648241206,0.7094017094017094,0.7249874308697838,,,,,,,,,,20,sqrt,,1.0,3.0,,,,,,,22.0,,,,80,0.08999999999999998
knn,True,9059.845703125,PubChem,stratified,homosapiens_bace1,0.9684636692946942,0.9799349240780911,1182119972,0.9069356731142436,0.9722894807640571,0.9877015578026783,0.9003868471953579,0.9684838160136287,0.9797482211275315,324949704,0.9093749340322438,0.9717698154180239,0.9878587196467992,0.9029850746268657,0.9026218238371887,0.8984025559105431,0.9066496163682864,0.9028132992327366,,kd_tree,,,,,,20.0,,,,,,,,,-1.0,3.0,,1.0,,,,distance,90,0.08999999999999998
knn,False,10233.11328125,PubChem,stratified,homosapiens_bace1,0.9118632707774799,0.9098502311025851,1168962481,0.8370668497795457,0.9112208996524438,0.9118632707774799,,0.9115281501340483,0.9091845468224975,305754659,0.8366828999392258,0.9101463178349326,0.9115281501340483,,0.7469850509460323,0.7402010050251256,0.751131221719457,0.7496229260935143,,auto,,,,,,30.0,,,,,,,,,-1.0,7.0,,1.0,,,,distance,90,0.08999999999999998
rf,True,8911.3798828125,PubChem,strict,homosapiens_bace1,0.9559787059787059,0.9721177538581247,56931990,0.8694335760801825,0.9593038136677758,0.9852786540483701,0.8527777777777777,0.9694811800610377,0.9803407601572739,20149641,0.9122236010809478,0.9777777777777777,0.9829172141918529,0.9234234234234234,0.9064988745205099,0.908678756476684,0.9080310880829016,0.9027867790019443,,,,,,,,,,20,sqrt,,1.0,4.0,100.0,,,,True,,22.0,,True,,100,0.15999999999999998
rf,False,108001.40234375,PubChem,strict,homosapiens_bace1,0.8860696517412935,0.8824851387402973,663817969,0.7871145847329069,0.8842663043612373,0.8860696517412935,,0.8902097902097902,0.887415801838078,221622219,0.8009986626315226,0.8888275373655458,0.8902097902097902,,0.7670463926035991,0.7731550272412085,0.758791480931154,0.7691926696384349,,,,,,,,,,20,None,,1.0,8.0,1000.0,,,,True,,22.0,,True,,100,0.08999999999999998
hgb,True,6110.5380859375,PubChem,strict,homosapiens_bace1,0.9567977067977068,0.9725795971410006,89066076,0.8720932881924562,0.9617065021845284,0.9837013669821241,0.862037037037037,0.9664292980671414,0.9785575048732943,41274201,0.9024844493058267,0.967866323907455,0.9894875164257556,0.8873873873873874,0.9043405395361749,0.9041450777202072,0.9034974093264249,0.9053791315618924,,,,,True,,0.01,,0.01,10,,10000.0,8.0,,,100.0,,,,,22.0,,True,,90,0.15999999999999998
hgb,False,7948.208984375,PubChem,strict,homosapiens_bace1,0.8552238805970149,0.8501127750273205,127178462,0.7279967225523081,0.8510691393609392,0.8552238805970149,,0.8615384615384616,0.8560366757338795,97700877,0.7479552074794148,0.8590684847602507,0.8615384615384616,,0.7670463926035991,0.7696879643387816,0.763744427934621,0.7677067855373948,,,,,True,,0.01,,0.01,20,,10000.0,8.0,,,100.0,,,,,22.0,,True,,90,0.08999999999999998
svm,True,2475.5205078125,PubChem,strict,homosapiens_bace1,0.9508599508599509,0.968798751950078,1232040979,0.8543842768295972,0.9583333333333334,0.9794952681388013,0.85,0.9715157680569685,0.9817232375979112,248451592,0.9176206725849229,0.9753566796368353,0.988173455978975,0.9144144144144144,0.9080101007726689,0.9099740932642487,0.9112694300518135,0.9027867790019443,100.0,,0.1,4.0,,0.005,,,,,,,,,,,,,,,22.0,True,,,80,0.08999999999999998
svm,False,6040.2939453125,PubChem,strict,homosapiens_bace1,0.8296849087893864,0.8224139147994868,4422465592,0.6777159303445427,0.8233119188951098,0.8296849087893864,,0.827972027972028,0.8189058774152013,1063795330,0.684409295832455,0.8221122422086825,0.827972027972028,,0.7657256067360079,0.7672114908370481,0.7578008915304606,0.7721644378405151,10.0,,0.5,4.0,,0.01,,,,,,,,,,,,,,,22.0,False,,,90,0.08999999999999998
dt,True,235.400390625,PubChem,strict,homosapiens_bace1,0.9133906633906634,0.9445972495088408,8744106,0.7463942438835592,0.9412685982772122,0.9479495268138801,0.7916666666666666,0.9023397761953205,0.9365079365079365,5557067,0.7253917189701028,0.9427430093209055,0.9303547963206308,0.8063063063063063,0.8792913452809893,0.8775906735751295,0.8827720207253886,0.8775113415424498,,,,,,,,,,10,None,,4.0,8.0,,,,,,,22.0,,,,90,0.15999999999999998
dt,False,392.228515625,PubChem,strict,homosapiens_bace1,0.8049751243781095,0.7948370525269663,9906740,0.6294031639366992,0.7974375107717708,0.8049751243781095,,0.8,0.7888521431029224,5778758,0.6288746538657012,0.7957204786019071,0.8,,0.7242859501403336,0.7186726102030708,0.7112431896978703,0.7429420505200595,,,,,,,,,,None,sqrt,,2.0,2.0,,,,,,,22.0,,,,90,0.15999999999999998
knn,True,6019.6083984375,PubChem,strict,homosapiens_bace1,0.959049959049959,0.9739311783107404,1005461289,0.8792065854271242,0.9658738366080661,0.982124079915878,0.8777777777777778,0.9715157680569685,0.9816272965879265,225177989,0.9182950101281573,0.9803407601572739,0.9829172141918529,0.9324324324324325,0.900453130019465,0.9041450777202072,0.8983160621761658,0.8988982501620221,,ball_tree,,,,,,40.0,,,,,,,,,-1.0,3.0,,1.0,,,,distance,90,0.15999999999999998
knn,False,9618.4912109375,PubChem,strict,homosapiens_bace1,0.9056384742951907,0.9029290172405401,1723857845,0.8247019494989344,0.9052492681696458,0.9056384742951907,,0.8979020979020979,0.8953777966601149,512365394,0.815744433029237,0.8982807660743889,0.8979020979020979,,0.7535083374607892,0.7498761763249133,0.7563150074294205,0.7543338286280337,,ball_tree,,,,,,30.0,,,,,,,,,-1.0,9.0,,1.0,,,,distance,80,0.08999999999999998
rf,True,86032.4970703125,SubstructureCount,random,homosapiens_bace1,0.9642020029831664,0.9772850189291509,584240143,0.8954096601659008,0.9621938232161874,0.9928571428571429,0.8651471984805318,0.9770017035775128,0.9854604200323102,180415778,0.9306255352467221,0.9817596566523605,0.9891891891891892,0.9317269076305221,0.9015553630814738,0.9022364217252397,0.9034526854219949,0.8989769820971867,,,,,,,,,,30,log2,,1.0,4.0,1000.0,,,,True,,22.0,,True,,100,0.08999999999999998
rf,False,18686.5341796875,SubstructureCount,random,homosapiens_bace1,0.9036528150134048,0.901266400997032,92600669,0.8208645890726542,0.9030837625932087,0.9036528150134048,,0.8900804289544236,0.8866097422094676,30390053,0.7986553117256158,0.8901565588842641,0.8900804289544236,,0.7556957739931431,0.7633165829145728,0.7541478129713424,0.7496229260935143,,,,,,,,,,20,sqrt,,1.0,4.0,100.0,,,,True,,22.0,,True,,100,0.08999999999999998
hgb,True,6059.544921875,SubstructureCount,random,homosapiens_bace1,0.9556786703601108,0.9718386135932846,96878091,0.8699113557968717,0.9580886278697277,0.985989010989011,0.8509021842355176,0.965076660988075,0.9780865847140566,48888166,0.8935494379605543,0.96723044397463,0.9891891891891892,0.8755020080321285,0.8983603387180681,0.8932907348242811,0.9021739130434783,0.899616368286445,,,,,True,,0.1,,0.01,10,,10000.0,8.0,,,100.0,,,,,22.0,,True,,90,0.08999999999999998
hgb,False,10349.3662109375,SubstructureCount,random,homosapiens_bace1,0.8641085790884718,0.8599681562600495,202121361,0.7454838780345041,0.8609678894766257,0.8641085790884718,,0.8451742627345844,0.8389445646341694,365055882,0.7140093011453181,0.8402851533851051,0.8451742627345844,,0.7437995238468192,0.7482412060301508,0.7486173956762192,0.7345399698340875,,,,,True,,0.0,,0.01,None,,1000.0,32.0,,,100.0,,,,,22.0,,True,,100,0.08999999999999998
svm,True,980.01171875,SubstructureCount,random,homosapiens_bace1,0.9405497549541871,0.9625251846877099,395511604,0.8238525576230203,0.9416557161629435,0.9843406593406593,0.7891737891737892,0.9625212947189097,0.9765957446808511,99327467,0.8855353522990592,0.9612565445026178,0.9924324324324324,0.8514056224899599,0.8985736036323129,0.8926517571884984,0.9040920716112532,0.8989769820971867,10.0,,0.1,4.0,,0.01,,,,,,,,,,,,,,,22.0,False,,,90,0.08999999999999998
svm,False,1505.22265625,SubstructureCount,random,homosapiens_bace1,0.8329423592493298,0.8253134508137232,1139136148,0.6840390311695054,0.8278147012436641,0.8329423592493298,,0.8230563002680965,0.8127162101983991,288091826,0.6703413791693877,0.8195960507321096,0.8230563002680965,,0.7434661997771664,0.7371859296482413,0.746606334841629,0.746606334841629,10.0,,0.1,4.0,,0.01,,,,,,,,,,,,,,,22.0,False,,,80,0.08999999999999998
dt,True,215.6025390625,SubstructureCount,random,homosapiens_bace1,0.9041125079906244,0.9402231668437833,3868428,0.7091514888228713,0.9102366255144033,0.9722527472527472,0.6685660018993352,0.9063032367972743,0.9421052631578948,2762460,0.7041481475467191,0.9179487179487179,0.9675675675675676,0.678714859437751,0.8663966128193187,0.8670926517571885,0.8682864450127877,0.8638107416879796,,,,,,,,,,10,None,,1.0,3.0,,,,,,,22.0,,,,90,0.15999999999999998
dt,False,405.5009765625,SubstructureCount,random,homosapiens_bace1,0.8309316353887399,0.822816437342803,4605995,0.6812891047406672,0.8269578031281758,0.8309316353887399,,0.8123324396782842,0.8009840694097534,3007186,0.6503198016949492,0.806913232933609,0.8123324396782842,,0.7030845529810946,0.6944723618090453,0.7094017094017094,0.705379587732529,,,,,,,,,,None,sqrt,,2.0,2.0,,,,,,,22.0,,,,90,0.15999999999999998
knn,True,1893.1357421875,SubstructureCount,random,homosapiens_bace1,0.9695290858725761,0.9805943818699959,116668932,0.9111838025402232,0.9688924644676857,0.9925824175824176,0.8898385565052231,0.9778534923339012,0.9860064585575888,40426826,0.9331485563221485,0.9817792068595927,0.9902702702702703,0.9317269076305221,0.8904751204551831,0.8907348242811501,0.90153452685422,0.879156010230179,,brute,,,,,,40.0,,,,,,,,,-1.0,5.0,,1.0,,,,distance,90,0.08999999999999998
knn,False,2994.11328125,SubstructureCount,random,homosapiens_bace1,0.9220844504021448,0.9206721693502387,329096363,0.8557881460251469,0.9215019763473631,0.9220844504021448,,0.9088471849865952,0.9060815335855905,101613285,0.83409313360483,0.9089423430639122,0.9088471849865952,,0.7402814306154536,0.7407035175879397,0.7405731523378583,0.7395676219205631,,kd_tree,,,,,,10.0,,,,,,,,,-1.0,7.0,,1.0,,,,distance,90,0.08999999999999998
rf,True,45611.1474609375,SubstructureCount,stratified,homosapiens_bace1,0.9556786703601108,0.971997845988153,482826053,0.8680649555091873,0.9578137436985938,0.9866083629406942,0.8462282398452611,0.9565587734241908,0.9722070844686649,161900333,0.8743016123801348,0.9601722282023681,0.9845474613686535,0.8619402985074627,0.9066692269351134,0.9079872204472843,0.9085677749360613,0.9034526854219949,,,,,,,,,,None,None,,1.0,8.0,1000.0,,,,True,,22.0,,True,,100,0.08999999999999998
rf,False,181726.46484375,SubstructureCount,stratified,homosapiens_bace1,0.9019772117962467,0.899435701664507,869615075,0.818311095422588,0.9013980104082829,0.9019772117962467,,0.9014745308310992,0.8987588752778353,272662391,0.8174641370836373,0.9012817035510108,0.9014745308310992,,0.7558641203335261,0.7587939698492462,0.7501256913021619,0.7586726998491704,,,,,,,,,,20,log2,,1.0,4.0,1000.0,,,,True,,22.0,,True,,90,0.08999999999999998
hgb,True,5267.287109375,SubstructureCount,stratified,homosapiens_bace1,0.955252503728958,0.9717209803393483,91450253,0.8667879198634675,0.957791345898593,0.9860617655097021,0.8462282398452611,0.9633730834752982,0.9765922700054437,48741066,0.8942629309654482,0.9634801288936627,0.9900662251655629,0.8731343283582089,0.9066689545661298,0.9092651757188498,0.9104859335038363,0.9002557544757033,,,,,True,,0.0,,0.01,20,,10000.0,8.0,,,100.0,,,,,22.0,,True,,90,0.08999999999999998
hgb,False,10987.8193359375,SubstructureCount,stratified,homosapiens_bace1,0.868632707774799,0.8642008567462506,305695311,0.754663390237385,0.8662926525878548,0.868632707774799,,0.881367292225201,0.8777575472636288,199861320,0.7793396665731934,0.8794354242170608,0.881367292225201,,0.7488254916277381,0.7582914572864322,0.7360482654600302,0.7521367521367521,,,,,True,,0.01,,0.01,20,,99999999.0,8.0,,,100.0,,,,,22.0,,True,,80,0.08999999999999998
svm,True,927.1640625,SubstructureCount,stratified,homosapiens_bace1,0.9501385041551247,0.9685990338164251,359531843,0.851034634282831,0.9514895860796203,0.9863350642251981,0.8220502901353965,0.9522998296422487,0.9696641386782232,88509723,0.8614817770557074,0.9521276595744681,0.9878587196467992,0.832089552238806,0.89921217271462,0.8964856230031949,0.9104859335038363,0.8906649616368286,100.0,,0.1,2.0,,0.005,,,,,,,,,,,,,,,22.0,True,,,90,0.08999999999999998
svm,False,1603.5234375,SubstructureCount,stratified,homosapiens_bace1,0.8316018766756033,0.8243016633426141,1193580449,0.6823496660241466,0.8269239514690141,0.8316018766756033,,0.8264075067024129,0.8195002843050495,298579742,0.672709501983553,0.8218567956639847,0.8264075067024129,,0.7515088430252486,0.7467336683417085,0.7516339869281046,0.7561588738059326,10.0,,0.0,4.0,,0.01,,,,,,,,,,,,,,,22.0,False,,,90,0.08999999999999998
dt,True,274.259765625,SubstructureCount,stratified,homosapiens_bace1,0.9360750053270829,0.9599144842330305,4045149,0.8074004499817121,0.9390849673202615,0.9816889860617655,0.7746615087040619,0.9480408858603067,0.9668658337859859,2743737,0.8489463401530275,0.9518716577540107,0.9823399558498896,0.832089552238806,0.8715134727317793,0.8587859424920128,0.8753196930946292,0.8804347826086957,,,,,,,,,,20,log2,,1.0,4.0,,,,,,,22.0,,,,100,0.08999999999999998
dt,False,308.962890625,SubstructureCount,stratified,homosapiens_bace1,0.7815013404825737,0.7706340759164328,4615176,0.5857547868109988,0.770439470107829,0.7815013404825737,,0.7788203753351206,0.7670166542952177,3227399,0.5827291673302738,0.7670748143608869,0.7788203753351206,,0.7057647041980474,0.7020100502512563,0.6968325791855203,0.7184514831573655,,,,,,,,,,30,sqrt,,4.0,3.0,,,,,,,22.0,,,,90,0.08999999999999998
knn,True,2102.0009765625,SubstructureCount,stratified,homosapiens_bace1,0.9701683358193054,0.981081081081081,519917111,0.9118787022549795,0.9703287890938251,0.9920743372506149,0.8926499032882012,0.9710391822827938,0.9814612868047983,140590172,0.9167328575375477,0.9698275862068966,0.9933774834437086,0.8955223880597015,0.8938853163157191,0.8900958466453675,0.9002557544757033,0.8913043478260869,,ball_tree,,,,,,10.0,,,,,,,,,-1.0,5.0,,1.0,,,,distance,90,0.08999999999999998
knn,False,2502.1015625,SubstructureCount,stratified,homosapiens_bace1,0.9232573726541555,0.9217981585393644,523521767,0.8584546207410536,0.9229468159486371,0.9232573726541555,,0.92828418230563,0.9268979148462139,141599409,0.8679903373353974,0.9277802303132551,0.92828418230563,,0.7379378036487111,0.7251256281407035,0.7420814479638009,0.746606334841629,,kd_tree,,,,,,40.0,,,,,,,,,-1.0,7.0,,1.0,,,,distance,90,0.08999999999999998
rf,True,36234.326171875,SubstructureCount,strict,homosapiens_bace1,0.9553644553644554,0.9717323651452282,228757354,0.8675728146332018,0.9588024564994883,0.9850157728706624,0.850925925925926,0.9745676500508647,0.983670803396473,68407465,0.9265354976605539,0.977922077922078,0.9894875164257556,0.9234234234234234,0.9036937106348018,0.9041450777202072,0.8976683937823834,0.9092676604018146,,,,,,,,,,20,sqrt,,1.0,4.0,500.0,,,,True,,22.0,,True,,90,0.08999999999999998
rf,False,91511.72265625,SubstructureCount,strict,homosapiens_bace1,0.8927031509121062,0.8896817923482976,354921959,0.7995176463282616,0.8921849411061145,0.8927031509121062,,0.9062937062937063,0.9037899177571863,114070691,0.8309062449717322,0.9062642456400063,0.9062937062937063,,0.7645699191018656,0.7602773650321941,0.7558197127290738,0.7776126795443289,,,,,,,,,,20,log2,,1.0,4.0,500.0,,,,True,,22.0,,True,,100,0.08999999999999998
hgb,True,3742.1875,SubstructureCount,strict,homosapiens_bace1,0.9391891891891891,0.9617021276595744,65168525,0.8178755911165373,0.9438116932422171,0.9802839116719243,0.7944444444444444,0.960325534079349,0.9746258945998699,34963000,0.884641066266536,0.9652061855670103,0.9842312746386334,0.8783783783783784,0.8982946551197285,0.8983160621761658,0.8957253886010362,0.9008425145819832,,,,,True,,0.0,,0.01,None,,1000.0,16.0,,,100.0,,,,,22.0,,True,,100,0.15999999999999998
hgb,False,7183.87890625,SubstructureCount,strict,homosapiens_bace1,0.8303482587064677,0.8231609926304608,129807928,0.6784060847111155,0.8256650239317138,0.8303482587064677,,0.8307692307692308,0.8220889802431962,52297680,0.6901021561175105,0.8278469040933943,0.8307692307692308,,0.7576357932970117,0.7523526498266468,0.7498761763249133,0.770678553739475,,,,,True,,0.01,,0.01,20,,99999999.0,8.0,,,100.0,,,,,22.0,,True,,80,0.08999999999999998
svm,True,867.390625,SubstructureCount,strict,homosapiens_bace1,0.9383701883701884,0.9609952053906958,314536467,0.8162229613093034,0.9476105290058778,0.9747634069400631,0.8101851851851852,0.9633774160732451,0.9765625,66793122,0.893649199131524,0.967741935483871,0.985545335085414,0.8873873873873874,0.9015339764964511,0.9041450777202072,0.8950777202072538,0.9053791315618924,100.0,,0.0,3.0,,0.005,,,,,,,,,,,,,,,22.0,True,,,80,0.08999999999999998
svm,False,1368.8359375,SubstructureCount,strict,homosapiens_bace1,0.8207296849087894,0.8109936653806311,1277672890,0.658897090102058,0.8142483234521405,0.8207296849087894,,0.8090909090909091,0.8005816208203024,303979608,0.6481193764488496,0.8025156401593023,0.8090909090909091,,0.7516922568928512,0.7483902922238732,0.733531451213472,0.7731550272412085,10.0,,0.5,2.0,,0.01,,,,,,,,,,,,,,,22.0,False,,,90,0.15999999999999998
dt,True,273.0087890625,SubstructureCount,strict,homosapiens_bace1,0.9121621621621622,0.9443940375891121,4101629,0.7372271684060538,0.9314753260035796,0.9576761303890642,0.7518518518518519,0.9206510681586979,0.9495472186287193,2778671,0.7660639165941551,0.935031847133758,0.9645203679369251,0.7702702702702703,0.8721683921033986,0.8652849740932642,0.8672279792746114,0.8839922229423202,,,,,,,,,,None,log2,,1.0,8.0,,,,,,,22.0,,,,90,0.08999999999999998
dt,False,405.548828125,SubstructureCount,strict,homosapiens_bace1,0.8154228855721393,0.8051743456593234,4497388,0.6493642954853092,0.8100215825889369,0.8154228855721393,,0.8062937062937063,0.7950042962074985,2846258,0.6426709630468428,0.7993309595431777,0.8062937062937063,,0.7137196631996038,0.7147102526002972,0.7023278850916295,0.7241208519068846,,,,,,,,,,30,log2,,2.0,2.0,,,,,,,22.0,,,,80,0.08999999999999998
knn,True,1953.138671875,SubstructureCount,strict,homosapiens_bace1,0.918918918918919,0.9485714285714286,868882167,0.7584185643048885,0.9373716632443532,0.9600420609884333,0.774074074074074,0.9420142421159715,0.9630110317975341,190039149,0.8303378245442338,0.9512820512820512,0.9750328515111695,0.8288288288288288,0.8913846531832993,0.8931347150259067,0.8873056994818653,0.8937135450421257,,ball_tree,,,,,,50.0,,,,,,,,,-1.0,3.0,,1.0,,,,uniform,90,0.08999999999999998
knn,False,2272.072265625,SubstructureCount,strict,homosapiens_bace1,0.9034825870646767,0.9012107635947364,197492523,0.8203904750037807,0.9023538582266268,0.9034825870646767,,0.9251748251748252,0.9238060151707804,57278995,0.8654885332628098,0.925710818087598,0.9251748251748252,,0.7483902922238732,0.7459138187221397,0.7434373452204062,0.7558197127290738,,auto,,,,,,10.0,,,,,,,,,-1.0,5.0,,1.0,,,,distance,90,0.08999999999999998
rf,True,54564.0693359375,Substructure,random,homosapiens_bace1,0.9324525889622842,0.9572948942476088,285854643,0.7994828804190133,0.9392016917790114,0.9760989010989011,0.7815764482431149,0.9395229982964225,0.9621333333333333,93113407,0.813942291954324,0.9494736842105264,0.9751351351351352,0.8072289156626506,0.8808860980147024,0.8824281150159744,0.8842710997442456,0.8759590792838875,,,,,,,,,,20,log2,,1.0,4.0,500.0,,,,True,,22.0,,True,,100,0.08999999999999998
rf,False,70930.794921875,Substructure,random,homosapiens_bace1,0.8151809651474531,0.8081598363913259,372881762,0.6514111090751329,0.8080640521849264,0.8151809651474531,,0.7962466487935657,0.7857916067844987,122924824,0.6185125527034141,0.787006331010936,0.7962466487935657,,0.7268761269056864,0.7301507537688442,0.7280040221216691,0.722473604826546,,,,,,,,,,20,sqrt,,1.0,8.0,500.0,,,,True,,22.0,,True,,100,0.08999999999999998
hgb,True,3738.13671875,Substructure,random,homosapiens_bace1,0.9043255913062007,0.9399652359941169,70580589,0.7114281084457188,0.9156030216202136,0.9656593406593407,0.6923076923076923,0.9003407155025553,0.9377328366152209,31612645,0.690623843482687,0.9234800838574424,0.9524324324324325,0.7068273092369478,0.8744952321809402,0.868370607028754,0.8778772378516624,0.8772378516624041,,,,,True,,0.0,,0.01,10,,1000.0,64.0,,,100.0,,,,,22.0,,True,,100,0.08999999999999998
hgb,False,6708.671875,Substructure,random,homosapiens_bace1,0.7548592493297587,0.7392028719184235,246022505,0.5308171465257482,0.7393935751944839,0.7548592493297587,,0.7359249329758714,0.7176974738040477,57307217,0.49955562520421065,0.7176523593275707,0.7359249329758714,,0.7190012404910425,0.7195979899497488,0.722473604826546,0.7149321266968326,,,,,True,,0.01,,0.01,50,,99999999.0,32.0,,,100.0,,,,,22.0,,True,,90,0.08999999999999998
svm,True,999.9296875,Substructure,random,homosapiens_bace1,0.9215853398678884,0.9506305339415079,566082184,0.7655756259880637,0.9289459884635554,0.9733516483516483,0.7426400759734093,0.9224872231686542,0.951362907536077,143577864,0.7618679958831177,0.9408033826638478,0.9621621621621622,0.7751004016064257,0.8715126556248279,0.8626198083067093,0.8829923273657289,0.868925831202046,1.0,,0.0,4.0,,1.0,,,,,,,,,,,,,,,22.0,False,,,90,0.08999999999999998
svm,False,1347.69140625,Substructure,random,homosapiens_bace1,0.8074731903485255,0.7973410820981449,1255045148,0.6338929418425685,0.8004137803559612,0.8074731903485255,,0.7815013404825737,0.7659884403359156,315672746,0.587840037645503,0.7715305668940742,0.7815013404825737,,0.7188325572895482,0.7261306532663316,0.7174459527400704,0.7129210658622424,1.0,,0.1,2.0,,1.0,,,,,,,,,,,,,,,22.0,True,,,90,0.08999999999999998
dt,True,316.9736328125,Substructure,random,homosapiens_bace1,0.9177498401875133,0.9483542948889484,3770680,0.7532449794765115,0.9243609806990088,0.9736263736263736,0.724596391263058,0.9105621805792163,0.9442970822281167,2745099,0.7211060969952467,0.9270833333333334,0.9621621621621622,0.7188755020080321,0.8636296163138127,0.8498402555910544,0.8759590792838875,0.8650895140664961,,,,,,,,,,20,log2,,1.0,4.0,,,,,,,22.0,,,,90,0.08999999999999998
dt,False,407.361328125,Substructure,random,homosapiens_bace1,0.811662198391421,0.8015617599889341,4179383,0.6428966482250625,0.8056755241075636,0.811662198391421,,0.7882037533512064,0.772950271741168,3047043,0.601828150331905,0.7789549865226189,0.7882037533512064,,0.6968837820744413,0.6944723618090453,0.7013574660633484,0.6948215183509301,,,,,,,,,,None,None,,1.0,3.0,,,,,,,22.0,,,,90,0.08999999999999998
knn,True,1508.8388671875,Substructure,random,homosapiens_bace1,0.9292563392286384,0.955110870740941,841276852,0.7906324231366765,0.9403620873269436,0.9703296703296703,0.7872744539411206,0.9361158432708688,0.9596990865126276,231562271,0.8060482087641624,0.9540598290598291,0.9654054054054054,0.8273092369477911,0.8749209449024783,0.870926517571885,0.8804347826086957,0.8734015345268542,,kd_tree,,,,,,50.0,,,,,,,,,-1.0,5.0,,1.0,,,,distance,90,0.08999999999999998
knn,False,1944.970703125,Substructure,random,homosapiens_bace1,0.8285857908847185,0.821992232857805,1257320681,0.6772394241661941,0.8228937509844011,0.8285857908847185,,0.814343163538874,0.8057224401336937,332212236,0.654217267270628,0.8080781073776047,0.814343163538874,,0.713807179015574,0.7125628140703517,0.7164404223227753,0.7124183006535948,,kd_tree,,,,,,40.0,,,,,,,,,-1.0,7.0,,1.0,,,,distance,100,0.08999999999999998
rf,True,8652.505859375,Substructure,stratified,homosapiens_bace1,0.9241423396548051,0.9525206721792479,54691683,0.7699783449966244,0.9301901536858557,0.9759497130363487,0.7408123791102514,0.919931856899489,0.9492988133764833,20276313,0.7639026872710118,0.9282700421940928,0.9713024282560706,0.746268656716418,0.8823782714919556,0.8811501597444089,0.889386189258312,0.8765984654731458,,,,,,,,,,20,log2,,1.0,8.0,100.0,,,,True,,22.0,,True,,100,0.08999999999999998
rf,False,72250.4775390625,Substructure,stratified,homosapiens_bace1,0.8039544235924933,0.7936638231387888,365218156,0.6282160646437109,0.7964986888407644,0.8039544235924933,,0.8123324396782842,0.8021620567549875,117794213,0.6461734295770429,0.8041538512886356,0.8123324396782842,,0.7268765479820756,0.7276381909547739,0.7159376571141277,0.7370537958773253,,,,,,,,,,None,log2,,1.0,8.0,500.0,,,,True,,22.0,,True,,100,0.08999999999999998
hgb,True,5746.3662109375,Substructure,stratified,homosapiens_bace1,0.9194545067121245,0.9491935483870968,79007000,0.7575688577853328,0.933879925945517,0.9650177644165072,0.758220502901354,0.9165247018739353,0.9468546637744034,38649503,0.7551491499632932,0.9307036247334755,0.9635761589403974,0.7574626865671642,0.8766257023715167,0.8722044728434505,0.8817135549872123,0.8759590792838875,,,,,True,,0.1,,0.01,10,,10000.0,8.0,,,100.0,,,,,22.0,,True,,100,0.08999999999999998
hgb,False,10711.0048828125,Substructure,stratified,homosapiens_bace1,0.7788203753351206,0.7673429205368603,246822276,0.5796622598419365,0.7675066337303444,0.7788203753351206,,0.7962466487935657,0.7856999088087769,75703410,0.6152358452484686,0.7865545446622058,0.7962466487935657,,0.7168236860521815,0.7130653266331658,0.7114127702362997,0.7259929612870789,,,,,True,,0.0,,0.01,10,,1000.0,16.0,,,100.0,,,,,22.0,,True,,100,0.08999999999999998
svm,True,999.484375,Substructure,stratified,homosapiens_bace1,0.929043255913062,0.9553559458372436,555210865,0.7861791541181885,0.9376315789473684,0.9737633233123805,0.7707930367504836,0.9233390119250426,0.9515608180839612,140198928,0.7738652911870779,0.9285714285714286,0.9757174392935982,0.746268656716418,0.8747075438037418,0.8722044728434505,0.8785166240409207,0.8734015345268542,200.0,,0.5,3.0,,1.0,,,,,,,,,,,,,,,22.0,True,,,90,0.08999999999999998
svm,False,1237.4375,Substructure,stratified,homosapiens_bace1,0.7893766756032171,0.778563639051574,1159285036,0.5997572440265744,0.7793744007389699,0.7893766756032171,,0.7982573726541555,0.7869598014240711,296055001,0.6180550960022766,0.7885990350825315,0.7982573726541555,,0.7169903480870078,0.7185929648241206,0.7174459527400704,0.7149321266968326,1.0,,0.0,4.0,,1.0,,,,,,,,,,,,,,,22.0,False,,,80,0.08999999999999998
dt,True,275.0888671875,Substructure,stratified,homosapiens_bace1,0.9160451736629022,0.9477037430315901,3586931,0.7436835625530644,0.9212903225806451,0.9756764143208527,0.7050290135396519,0.9003407155025553,0.9373996789727127,2528646,0.7020828630050641,0.9096573208722741,0.9668874172185431,0.6753731343283582,0.8651186575477531,0.8632587859424921,0.8740409207161125,0.8580562659846548,,,,,,,,,,20,None,,2.0,2.0,,,,,,,22.0,,,,100,0.08999999999999998
dt,False,359.92578125,Substructure,stratified,homosapiens_bace1,0.7548592493297587,0.7385740640782449,4304621,0.5305129845991265,0.7393017786063355,0.7548592493297587,,0.760053619302949,0.7435200047499192,2785052,0.544976424482246,0.7452968402290163,0.760053619302949,,0.6983904776101051,0.7040201005025125,0.6948215183509301,0.6963298139768728,,,,,,,,,,20,sqrt,,1.0,8.0,,,,,,,22.0,,,,80,0.08999999999999998
knn,True,1629.015625,Substructure,stratified,homosapiens_bace1,0.9382058384828468,0.9610529143164115,465255831,0.8145977200266008,0.9448111961975179,0.977862804044821,0.7978723404255319,0.9293015332197615,0.955256064690027,130390360,0.7921518561215063,0.9336143308746049,0.977924944812362,0.7649253731343284,0.8749204001645108,0.873482428115016,0.879156010230179,0.8721227621483376,,ball_tree,,,,,,30.0,,,,,,,,,-1.0,9.0,,1.0,,,,distance,100,0.08999999999999998
knn,False,1917.3544921875,Substructure,stratified,homosapiens_bace1,0.8148458445040214,0.8072688257313945,1524089696,0.6518521119476448,0.8076338702415333,0.8148458445040214,,0.811662198391421,0.8035358957941747,397738316,0.6477917881064122,0.8034179842749666,0.811662198391421,,0.713304076945815,0.714572864321608,0.6998491704374057,0.7254901960784313,,ball_tree,,,,,,10.0,,,,,,,,,-1.0,9.0,,2.0,,,,distance,90,0.08999999999999998
rf,True,100534.794921875,Substructure,strict,homosapiens_bace1,0.923013923013923,0.9514588174541699,469011607,0.7686341515673938,0.93480466768138,0.9687171398527865,0.7620370370370371,0.9318413021363174,0.9557755775577558,152121774,0.8073944090393478,0.9602122015915119,0.9513797634691196,0.8648648648648649,0.8760524436504712,0.8801813471502591,0.8730569948186528,0.8749189889825016,,,,,,,,,,None,sqrt,,1.0,4.0,1000.0,,,,True,,22.0,,True,,100,0.08999999999999998
rf,False,71987.154296875,Substructure,strict,homosapiens_bace1,0.7993366500829188,0.7879885873176967,321439653,0.6170809685534561,0.7911969012311335,0.7993366500829188,,0.7881118881118881,0.7751571786671502,104653368,0.6071303265348433,0.7780834763351251,0.7881118881118881,,0.7323757635793298,0.7305596830113917,0.725111441307578,0.7414561664190193,,,,,,,,,,20,log2,,1.0,8.0,500.0,,,,True,,22.0,,True,,100,0.08999999999999998
hgb,True,4281.369140625,Substructure,strict,homosapiens_bace1,0.8951678951678952,0.9340376191703169,72059584,0.6824744742975243,0.915866599292572,0.9529442691903259,0.6916666666666667,0.9186164801627671,0.948051948051948,32497885,0.7614844298010759,0.9370988446726572,0.9592641261498029,0.7792792792792793,0.8719499841615765,0.8672279792746114,0.8762953367875648,0.8723266364225535,,,,,True,,0.0,,0.01,10,,10000.0,64.0,,,100.0,,,,,22.0,,True,,100,0.08999999999999998
hgb,False,7159.267578125,Substructure,strict,homosapiens_bace1,0.7638474295190714,0.7499732925287239,111742426,0.5477163868176461,0.7504601984665007,0.7638474295190714,,0.7664335664335664,0.7469952006917638,50764704,0.5665992597479081,0.7552368336095906,0.7664335664335664,,0.7257718342413736,0.7246161466072313,0.7231302625061912,0.7295690936106983,,,,,True,,0.1,,0.01,10,,1000.0,8.0,,,100.0,,,,,22.0,,True,,100,0.08999999999999998
svm,True,916.76171875,Substructure,strict,homosapiens_bace1,0.915028665028665,0.9470325462667517,518017721,0.7411801711179155,0.9203671545522203,0.9752891692954785,0.7027777777777777,0.9379450661241099,0.960619754680439,105686981,0.8173042928815751,0.9441624365482234,0.9776609724047306,0.8018018018018018,0.8695757597126473,0.8685233160621761,0.8652849740932642,0.8749189889825016,1.0,,0.5,4.0,,1.0,,,,,,,,,,,,,,,22.0,False,,,90,0.08999999999999998
svm,False,1313.1875,Substructure,strict,homosapiens_bace1,0.7849087893864013,0.7707302709955649,1245211761,0.5859262015955501,0.7755398910171242,0.7849087893864013,,0.7881118881118881,0.7719469216655928,295619031,0.6056124198025558,0.7811835174889638,0.7881118881118881,,0.7284134059765561,0.7270926201089648,0.7201584943041109,0.7379891035165924,1.0,,0.1,3.0,,1.0,,,,,,,,,,,,,,,22.0,True,,,90,0.08999999999999998
dt,True,266.158203125,Substructure,strict,homosapiens_bace1,0.892915642915643,0.9332312013277161,3721076,0.6711145354849538,0.9071729957805907,0.9608307045215563,0.6537037037037037,0.9226856561546287,0.9512820512820512,2814713,0.769977309627895,0.9286608260325406,0.9750328515111695,0.7432432432432432,0.8592092876962872,0.8594559585492227,0.8607512953367875,0.8574206092028516,,,,,,,,,,None,None,,2.0,4.0,,,,,,,22.0,,,,80,0.08999999999999998
dt,False,484.1826171875,Substructure,strict,homosapiens_bace1,0.8044776119402985,0.7949537425207742,4057703,0.628877278034587,0.7969230252216544,0.8044776119402985,,0.8062937062937063,0.7943290589658971,2817755,0.6418690512256419,0.798992876446206,0.8062937062937063,,0.7071157338616477,0.7062902426944032,0.6983655274888558,0.716691431401684,,,,,,,,,,None,sqrt,,1.0,2.0,,,,,,,22.0,,,,100,0.08999999999999998
knn,True,1294.4423828125,Substructure,strict,homosapiens_bace1,0.902948402948403,0.9386645962732919,70190596,0.7085372466821315,0.9243119266055045,0.9534700315457413,0.725,0.9277721261444557,0.9541047188106012,25492068,0.7871228023263929,0.9389312977099237,0.9697766097240473,0.7837837837837838,0.8678468250956741,0.8717616580310881,0.8652849740932642,0.8664938431626701,,auto,,,,,,10.0,,,,,,,,,-1.0,5.0,,1.0,,,,distance,90,0.08999999999999998
knn,False,1609.16015625,Substructure,strict,homosapiens_bace1,0.7946932006633499,0.7838415324145317,140226684,0.6077856448069432,0.7862652105929416,0.7946932006633499,,0.7979020979020979,0.7839096742138854,51071877,0.6243729634232027,0.7914472221386689,0.7979020979020979,,0.7218094766386,0.7132243684992571,0.7221396731054978,0.730064388311045,,auto,,,,,,50.0,,,,,,,,,-1.0,7.0,,1.0,,,,distance,90,0.08999999999999998
rf,True,1081.2763671875,AtomPairs2DCount,random,homosapiens_cyp17a1,0.9814814814814815,0.9893742621015348,11318833,0.9193110299687303,0.9812646370023419,0.9976190476190476,0.8787878787878788,0.9754098360655737,0.9861751152073732,8801609,0.8821461433242329,0.9727272727272728,1.0,0.8,0.9629629629629629,0.9629629629629629,0.9629629629629629,0.9629629629629629,,,,,,,,,,20,sqrt,,1.0,4.0,100.0,,,,True,,22.0,,True,,90,0.08999999999999998
rf,False,4538.744140625,AtomPairs2DCount,random,homosapiens_cyp17a1,0.9652014652014652,0.9640085636205287,41102399,0.9051920470022373,0.9646718823809015,0.9652014652014652,,0.9343065693430657,0.9317188530368147,30038360,0.8269261353747185,0.9350080576357949,0.9343065693430657,,0.8626373626373627,0.8681318681318682,0.8901098901098901,0.8296703296703297,,,,,,,,,,30,None,,1.0,4.0,500.0,,,,True,,22.0,,True,,90,0.08999999999999998
hgb,True,2157.224609375,AtomPairs2DCount,random,homosapiens_cyp17a1,0.9876543209876543,0.9928909952606635,34295262,0.9466370637797026,0.9882075471698113,0.9976190476190476,0.9242424242424242,0.9836065573770492,0.9907407407407407,19823013,0.9223689749736185,0.981651376146789,1.0,0.8666666666666667,0.9609053497942387,0.9691358024691358,0.9506172839506173,0.9629629629629629,,,,,True,,0.1,,0.01,20,,1000.0,8.0,,,100.0,,,,,22.0,,True,,80,0.15999999999999998
hgb,False,2432.759765625,AtomPairs2DCount,random,homosapiens_cyp17a1,0.9523809523809523,0.9512252730297844,20508638,0.8699228486923108,0.9509911356220289,0.9523809523809523,,0.948905109489051,0.9474720073047973,12797947,0.8666534634730434,0.9498713300360659,0.948905109489051,,0.8461538461538463,0.8351648351648352,0.8626373626373627,0.8406593406593407,,,,,True,,0.0,,0.01,None,,1000.0,8.0,,,100.0,,,,,22.0,,True,,80,0.08999999999999998
svm,True,613.74609375,AtomPairs2DCount,random,homosapiens_cyp17a1,0.9794238683127572,0.9882352941176471,10388169,0.9103585242672971,0.9767441860465116,1.0,0.8484848484848485,0.9836065573770492,0.9907407407407407,5617306,0.9223689749736185,0.981651376146789,1.0,0.8666666666666667,0.9670781893004116,0.9567901234567902,0.9629629629629629,0.9814814814814815,10.0,,0.5,3.0,,0.001,,,,,,,,,,,,,,,22.0,False,,,90,0.15999999999999998
svm,False,759.015625,AtomPairs2DCount,random,homosapiens_cyp17a1,0.9194139194139194,0.9101302722769284,17245257,0.7731444609206096,0.9185081987009568,0.9194139194139194,,0.8832116788321168,0.8588507213216187,7723894,0.6832409792681722,0.8954486904250752,0.8832116788321168,,0.8516483516483517,0.8626373626373627,0.8571428571428571,0.8351648351648352,10.0,,0.0,3.0,,0.001,,,,,,,,,,,,,,,22.0,True,,,90,0.08999999999999998
dt,True,198.1923828125,AtomPairs2DCount,random,homosapiens_cyp17a1,0.9732510288065843,0.9846517119244392,4687705,0.8825295069124363,0.9765807962529274,0.9928571428571429,0.8484848484848485,0.9836065573770492,0.9907407407407407,4121245,0.9223689749736185,0.981651376146789,1.0,0.8666666666666667,0.9526748971193415,0.9382716049382716,0.9629629629629629,0.9567901234567902,,,,,,,,,,10,None,,2.0,2.0,,,,,,,22.0,,,,80,0.08999999999999998
dt,False,203.0439453125,AtomPairs2DCount,random,homosapiens_cyp17a1,0.9157509157509157,0.9138606681539012,4560203,0.7690028433830413,0.912669591895543,0.9157509157509157,,0.8978102189781022,0.8862851291323467,4096364,0.7235858887406442,0.8956076322192342,0.8978102189781022,,0.8443223443223443,0.8736263736263736,0.8351648351648352,0.8241758241758241,,,,,,,,,,30,None,,1.0,8.0,,,,,,,22.0,,,,90,0.15999999999999998
knn,True,966.810546875,AtomPairs2DCount,random,homosapiens_cyp17a1,0.9897119341563786,0.9940828402366864,31762428,0.9557033974812579,0.9882352941176471,1.0,0.9242424242424242,0.9918032786885246,0.9953488372093023,21259446,0.9616087343741692,0.9907407407407407,1.0,0.9333333333333333,0.948559670781893,0.9444444444444444,0.9320987654320988,0.9691358024691358,,ball_tree,,,,,,10.0,,,,,,,,,-1.0,3.0,,1.0,,,,distance,100,0.15999999999999998
knn,False,915.642578125,AtomPairs2DCount,random,homosapiens_cyp17a1,0.8992673992673993,0.8947538451802642,62341761,0.7135850580893587,0.8957730169945775,0.8992673992673993,,0.8613138686131386,0.8496236516015183,20008021,0.6178079021197577,0.8482250131497596,0.8613138686131386,,0.8498168498168499,0.8461538461538461,0.8681318681318682,0.8351648351648352,,brute,,,,,,30.0,,,,,,,,,-1.0,3.0,,1.0,,,,uniform,80,0.08999999999999998
rf,True,980.4501953125,AtomPairs2DCount,stratified,homosapiens_cyp17a1,0.98559670781893,0.9917936694021102,10650276,0.9330135763053988,0.990632318501171,0.9929577464788732,0.9333333333333333,0.9836065573770492,0.9901960784313726,8636138,0.9419096094830071,0.9805825242718447,1.0,0.9047619047619048,0.9526748971193416,0.9506172839506173,0.9753086419753086,0.9320987654320988,,,,,,,,,,10,None,,1.0,2.0,100.0,,,,True,,22.0,,True,,80,0.08999999999999998
rf,False,8548.689453125,AtomPairs2DCount,stratified,homosapiens_cyp17a1,0.9578754578754579,0.9564259404024016,75630702,0.8798485234005233,0.9565468296071744,0.9578754578754579,,0.9343065693430657,0.9322436012462111,64879203,0.8493439340010205,0.9367396593673967,0.9343065693430657,,0.8498168498168498,0.8406593406593407,0.8406593406593407,0.8681318681318682,,,,,,,,,,None,None,,2.0,2.0,1000.0,,,,True,,22.0,,True,,80,0.15999999999999998
hgb,True,1242.423828125,AtomPairs2DCount,stratified,homosapiens_cyp17a1,0.9794238683127572,0.9883177570093458,14574359,0.9028187587757672,0.9837209302325581,0.9929577464788732,0.8833333333333333,0.9918032786885246,0.9950738916256158,10052025,0.9711044661725919,0.9901960784313726,1.0,0.9523809523809523,0.9547325102880659,0.9506172839506173,0.9753086419753086,0.9382716049382716,,,,,True,,0.0,,0.01,None,,1000.0,16.0,,,100.0,,,,,22.0,,True,,80,0.15999999999999998
hgb,False,1585.7216796875,AtomPairs2DCount,stratified,homosapiens_cyp17a1,0.9505494505494505,0.9479615871293824,28147854,0.8582219456655477,0.9504370207302517,0.9505494505494505,,0.9051094890510949,0.9008722966712617,16514212,0.7786221045077131,0.9047298853434778,0.9051094890510949,,0.8351648351648352,0.8296703296703297,0.8406593406593407,0.8351648351648352,,,,,True,,0.0,,0.01,10,,10000.0,32.0,,,100.0,,,,,22.0,,True,,80,0.08999999999999998
svm,True,625.32421875,AtomPairs2DCount,stratified,homosapiens_cyp17a1,0.9835390946502057,0.9906542056074766,9944810,0.9224084505681158,0.986046511627907,0.9953051643192489,0.9,0.9754098360655737,0.9853658536585366,5712552,0.9123692138699018,0.9711538461538461,1.0,0.8571428571428571,0.95679012345679,0.9382716049382716,0.9753086419753086,0.9567901234567902,10.0,,0.0,2.0,,0.001,,,,,,,,,,,,,,,22.0,True,,,90,0.15999999999999998
svm,False,800.3671875,AtomPairs2DCount,stratified,homosapiens_cyp17a1,0.924908424908425,0.9139282424108549,27122805,0.780752198160618,0.9269876451232383,0.924908424908425,,0.8832116788321168,0.8653864869923265,9678982,0.7269806172046346,0.8854275286757038,0.8832116788321168,,0.8553113553113553,0.8296703296703297,0.8571428571428571,0.8791208791208791,10.0,,0.0,2.0,,0.001,,,,,,,,,,,,,,,22.0,True,,,100,0.08999999999999998
dt,True,199.8505859375,AtomPairs2DCount,stratified,homosapiens_cyp17a1,0.9547325102880658,0.9745370370370371,4593874,0.7772638758759185,0.9611872146118722,0.9882629107981221,0.7166666666666667,0.9016393442622951,0.9423076923076923,4109175,0.6227477628519911,0.9158878504672897,0.9702970297029703,0.5714285714285714,0.9423868312757202,0.9382716049382716,0.9382716049382716,0.9506172839506173,,,,,,,,,,30,log2,,4.0,4.0,,,,,,,22.0,,,,90,0.15999999999999998
dt,False,203.396484375,AtomPairs2DCount,stratified,homosapiens_cyp17a1,0.8882783882783882,0.874820841746977,4856527,0.660142265328451,0.8817962408547716,0.8882783882783882,,0.7883211678832117,0.7530588348542027,4201265,0.4707928488117388,0.7461553891187499,0.7883211678832117,,0.8333333333333334,0.8186813186813187,0.8626373626373627,0.8186813186813187,,,,,,,,,,20,log2,,4.0,2.0,,,,,,,22.0,,,,90,0.08999999999999998
knn,True,882.1591796875,AtomPairs2DCount,stratified,homosapiens_cyp17a1,0.9917695473251029,0.9952941176470588,28411714,0.9626778358059915,0.9976415094339622,0.9929577464788732,0.9833333333333333,0.9918032786885246,0.9950248756218906,11394247,0.9721597139621376,1.0,0.9900990099009901,1.0,0.9547325102880659,0.9382716049382716,0.9691358024691358,0.9567901234567902,,auto,,,,,,30.0,,,,,,,,,-1.0,3.0,,1.0,,,,distance,80,0.08999999999999998
knn,False,855.791015625,AtomPairs2DCount,stratified,homosapiens_cyp17a1,0.9688644688644689,0.9675619847630152,46224197,0.9119907391698516,0.9696324455441218,0.9688644688644689,,0.9416058394160584,0.9401477536074426,14324791,0.8668666776385159,0.9399183348991834,0.9416058394160584,,0.8278388278388279,0.8296703296703297,0.8021978021978022,0.8516483516483516,,auto,,,,,,10.0,,,,,,,,,-1.0,3.0,,1.0,,,,distance,80,0.15999999999999998
rf,True,947.9365234375,AtomPairs2DCount,strict,homosapiens_cyp17a1,0.97165991902834,0.9836829836829837,10750339,0.8795528675874029,0.9723502304147466,0.9952830188679245,0.8285714285714286,0.9912280701754386,0.9951690821256038,9310128,0.9488675620705191,0.9903846153846154,1.0,0.9090909090909091,0.955119825708061,0.9473684210526315,0.9415204678362573,0.9764705882352941,,,,,,,,,,None,None,,2.0,2.0,100.0,,,,True,,22.0,,True,,100,0.08999999999999998
rf,False,4904.216796875,AtomPairs2DCount,strict,homosapiens_cyp17a1,0.9708171206225681,0.9698058267977636,44518236,0.9084799120594284,0.9703971468666565,0.9708171206225681,,0.9585798816568047,0.9581155180851536,30380333,0.9183327537638833,0.958749413410102,0.9585798816568047,,0.8526093222588842,0.8404255319148937,0.8457446808510638,0.8716577540106952,,,,,,,,,,30,None,,1.0,4.0,500.0,,,,True,,22.0,,True,,90,0.08999999999999998
hgb,True,833.5341796875,AtomPairs2DCount,strict,homosapiens_cyp17a1,0.9696356275303644,0.9824970828471412,92532848,0.8708202367722563,0.9722863741339491,0.9929245283018868,0.8285714285714286,1.0,1.0,16135809,1.0,1.0,1.0,1.0,0.955108359133127,0.9298245614035088,0.9649122807017544,0.9705882352941176,,,,,True,,0.1,,0.01,None,,1000.0,64.0,,,100.0,,,,,22.0,,True,,80,0.15999999999999998
hgb,False,1776.65625,AtomPairs2DCount,strict,homosapiens_cyp17a1,0.9571984435797666,0.9560226387470523,27573707,0.8645395817963459,0.9569910570537866,0.9571984435797666,,0.8224852071005917,0.7845339050571065,16690340,0.6395428994374993,0.8315010346423504,0.8224852071005917,,0.857947434292866,0.8297872340425532,0.8617021276595744,0.8823529411764706,,,,,True,,0.1,,0.01,10,,10000.0,16.0,,,100.0,,,,,22.0,,True,,90,0.08999999999999998
svm,True,641.12109375,AtomPairs2DCount,strict,homosapiens_cyp17a1,0.9777327935222672,0.9871645274212368,12215469,0.9061073499676869,0.976905311778291,0.9976415094339622,0.8571428571428571,0.9824561403508771,0.9902912621359223,5918773,0.8993821712268314,0.9902912621359223,0.9902912621359223,0.9090909090909091,0.9687421167297329,0.9532163742690059,0.9883040935672515,0.9647058823529412,10.0,,0.5,2.0,,0.001,,,,,,,,,,,,,,,22.0,True,,,90,0.08999999999999998
svm,False,770.8544921875,AtomPairs2DCount,strict,homosapiens_cyp17a1,0.9182879377431906,0.9087470008357222,18664504,0.728642782534045,0.9155342711762946,0.9182879377431906,,0.7928994082840237,0.7620167423556216,9781359,0.5728330207606115,0.8425468104077166,0.7928994082840237,,0.8614840520347404,0.8563829787234043,0.851063829787234,0.8770053475935828,10.0,,0.1,3.0,,0.001,,,,,,,,,,,,,,,22.0,True,,,90,0.08999999999999998
dt,True,198.2548828125,AtomPairs2DCount,strict,homosapiens_cyp17a1,0.9655870445344129,0.9801169590643275,4699817,0.8539404555046536,0.9721577726218097,0.9882075471698113,0.8285714285714286,0.9649122807017544,0.9803921568627451,4219778,0.8174248576332601,0.9900990099009901,0.970873786407767,0.9090909090909091,0.9453273707143676,0.9415204678362573,0.9415204678362573,0.9529411764705882,,,,,,,,,,10,None,,2.0,8.0,,,,,,,22.0,,,,90,0.08999999999999998
dt,False,209.5751953125,AtomPairs2DCount,strict,homosapiens_cyp17a1,0.9105058365758755,0.904254198789304,4786609,0.7046396679333868,0.90414437041233,0.9105058365758755,,0.8520710059171598,0.8411808739942145,4418937,0.6973811361253086,0.863204176915275,0.8520710059171598,,0.8437251109341221,0.8085106382978723,0.8617021276595744,0.8609625668449198,,,,,,,,,,None,sqrt,,2.0,4.0,,,,,,,22.0,,,,90,0.15999999999999998
knn,True,845.7841796875,AtomPairs2DCount,strict,homosapiens_cyp17a1,0.9635627530364372,0.9789719626168224,66532329,0.8447644406435239,0.9699074074074074,0.9882075471698113,0.8142857142857143,0.9736842105263158,0.9853658536585366,16751530,0.8559627557551291,0.9901960784313726,0.9805825242718447,0.9090909090909091,0.9531475748194015,0.9415204678362573,0.9532163742690059,0.9647058823529412,,brute,,,,,,20.0,,,,,,,,,-1.0,3.0,,1.0,,,,uniform,80,0.15999999999999998
knn,False,908.361328125,AtomPairs2DCount,strict,homosapiens_cyp17a1,0.9124513618677043,0.9048382994271857,50540151,0.7095194991731847,0.9085518199151368,0.9124513618677043,,0.7988165680473372,0.7773252242151624,21842391,0.5766953820624147,0.8010711209362584,0.7988165680473372,,0.8472427655781849,0.8404255319148937,0.8563829787234043,0.8449197860962567,,auto,,,,,,10.0,,,,,,,,,-1.0,3.0,,1.0,,,,uniform,90,0.15999999999999998
rf,True,5682.40234375,AtomPairs2D,random,homosapiens_cyp17a1,0.98559670781893,0.9917355371900827,67561849,0.9377017914968773,0.9836065573770492,1.0,0.8939393939393939,0.9672131147540983,0.9814814814814815,50032693,0.8414710490593256,0.9724770642201835,0.9906542056074766,0.8,0.9670781893004116,0.9753086419753086,0.9506172839506173,0.9753086419753086,,,,,,,,,,None,None,,1.0,3.0,1000.0,,,,True,,22.0,,True,,90,0.08999999999999998
rf,False,11865.818359375,AtomPairs2D,random,homosapiens_cyp17a1,0.9212454212454212,0.9190810038154453,83915799,0.7821189609233317,0.9183440242623071,0.9212454212454212,,0.8832116788321168,0.8650406212450007,57574277,0.6802141664808404,0.8840364551115509,0.8832116788321168,,0.8626373626373627,0.8681318681318682,0.8736263736263736,0.8461538461538461,,,,,,,,,,20,None,,1.0,3.0,1000.0,,,,True,,22.0,,True,,80,0.08999999999999998
hgb,True,1235.9169921875,AtomPairs2D,random,homosapiens_cyp17a1,0.9567901234567902,0.9753810082063306,12619575,0.8054891748430686,0.9607390300230947,0.9904761904761905,0.7424242424242424,0.9754098360655737,0.9861751152073732,9311751,0.8821461433242329,0.9727272727272728,1.0,0.8,0.9609053497942387,0.9629629629629629,0.9506172839506173,0.9691358024691358,,,,,True,,0.01,,0.01,50,,1000.0,8.0,,,100.0,,,,,22.0,,True,,90,0.15999999999999998
hgb,False,3366.4404296875,AtomPairs2D,random,homosapiens_cyp17a1,0.9010989010989011,0.8924006381023908,34721745,0.7166290774394333,0.8942082134389826,0.9010989010989011,,0.8832116788321168,0.8650406212450007,25215421,0.6802141664808404,0.8840364551115509,0.8832116788321168,,0.8626373626373627,0.8571428571428571,0.8736263736263736,0.8571428571428571,,,,,True,,0.1,,0.01,20,,1000.0,16.0,,,100.0,,,,,22.0,,True,,80,0.08999999999999998
svm,True,566.359375,AtomPairs2D,random,homosapiens_cyp17a1,0.9711934156378601,0.9836065573770492,8139811,0.8731914699013638,0.967741935483871,1.0,0.7878787878787878,0.9590163934426229,0.9769585253456221,5363316,0.798328519114298,0.9636363636363636,0.9906542056074766,0.7333333333333333,0.9609053497942387,0.9691358024691358,0.9444444444444444,0.9691358024691358,200.0,,0.1,2.0,,0.005,,,,,,,,,,,,,,,22.0,True,,,90,0.08999999999999998
svm,False,627.35546875,AtomPairs2D,random,homosapiens_cyp17a1,0.8901098901098901,0.8776145024062826,12253831,0.6806589222718419,0.8815485866303439,0.8901098901098901,,0.8613138686131386,0.8271498698083408,6459157,0.6124524851665253,0.8481430093905211,0.8613138686131386,,0.8571428571428571,0.8681318681318682,0.8791208791208791,0.8241758241758241,200.0,,0.0,3.0,,0.01,,,,,,,,,,,,,,,22.0,True,,,80,0.08999999999999998
dt,True,201.8232421875,AtomPairs2D,random,homosapiens_cyp17a1,0.9629629629629629,0.9787735849056604,4351573,0.8359997304680769,0.969626168224299,0.9880952380952381,0.803030303030303,0.9754098360655737,0.9861751152073732,4378627,0.8821461433242329,0.9727272727272728,1.0,0.8,0.9588477366255144,0.9567901234567902,0.9567901234567902,0.9629629629629629,,,,,,,,,,30,log2,,1.0,2.0,,,,,,,22.0,,,,90,0.15999999999999998
dt,False,206.6103515625,AtomPairs2D,random,homosapiens_cyp17a1,0.8772893772893773,0.8656397472582772,4857170,0.6441551912373953,0.8656215860163228,0.8772893772893773,,0.8394160583941606,0.808959104089591,4375330,0.5516218304322843,0.8084135547797877,0.8394160583941606,,0.8424908424908425,0.8626373626373627,0.8461538461538461,0.8186813186813187,,,,,,,,,,None,sqrt,,1.0,8.0,,,,,,,22.0,,,,90,0.08999999999999998
knn,True,685.1787109375,AtomPairs2D,random,homosapiens_cyp17a1,0.9794238683127572,0.9882075471698113,41113423,0.910107504112853,0.9789719626168224,0.9976190476190476,0.8636363636363636,0.9754098360655737,0.9861751152073732,23014573,0.8821461433242329,0.9727272727272728,1.0,0.8,0.9629629629629629,0.9629629629629629,0.9567901234567902,0.9691358024691358,,auto,,,,,,10.0,,,,,,,,,-1.0,5.0,,1.0,,,,distance,80,0.08999999999999998
knn,False,711.857421875,AtomPairs2D,random,homosapiens_cyp17a1,0.9139194139194139,0.9143913482695325,40549770,0.7668917551141919,0.9162755209484181,0.9139194139194139,,0.8905109489051095,0.8870773358801192,35044269,0.7066406490399072,0.8892786046070719,0.8905109489051095,,0.8534798534798536,0.8791208791208791,0.8406593406593407,0.8406593406593407,,auto,,,,,,50.0,,,,,,,,,-1.0,7.0,,1.0,,,,distance,80,0.08999999999999998
rf,True,1116.740234375,AtomPairs2D,stratified,homosapiens_cyp17a1,0.977366255144033,0.9871645274212368,12489219,0.8926252871231686,0.9814385150812065,0.9929577464788732,0.8666666666666667,0.9836065573770492,0.9900990099009901,9772481,0.9424799622819425,0.9900990099009901,0.9900990099009901,0.9523809523809523,0.9609053497942387,0.9506172839506173,0.9691358024691358,0.9629629629629629,,,,,,,,,,None,None,,1.0,2.0,100.0,,,,True,,22.0,,True,,100,0.08999999999999998
rf,False,18788.306640625,AtomPairs2D,stratified,homosapiens_cyp17a1,0.9267399267399268,0.9223497495362616,92187445,0.7868506436233912,0.9219009615638772,0.9267399267399268,,0.8759124087591241,0.8689700491557198,64469618,0.7062557096891902,0.8767234387672344,0.8759124087591241,,0.8461538461538461,0.8351648351648352,0.8406593406593407,0.8626373626373627,,,,,,,,,,None,log2,,1.0,2.0,1000.0,,,,True,,22.0,,True,,80,0.08999999999999998
hgb,True,1052.3701171875,AtomPairs2D,stratified,homosapiens_cyp17a1,0.9609053497942387,0.9778296382730455,22947802,0.8136491557665584,0.9721577726218097,0.9835680751173709,0.8,0.9590163934426229,0.975609756097561,13679093,0.8511431170095453,0.9615384615384616,0.9900990099009901,0.8095238095238095,0.9650205761316872,0.9506172839506173,0.9629629629629629,0.9814814814814815,,,,,True,,0.01,,0.01,10,,99999999.0,32.0,,,100.0,,,,,22.0,,True,,90,0.15999999999999998
hgb,False,2349.4912109375,AtomPairs2D,stratified,homosapiens_cyp17a1,0.8901098901098901,0.8729416912162193,38858297,0.6659413546819616,0.8776381593198131,0.8901098901098901,,0.8394160583941606,0.8179642707451897,26210491,0.6074522665948305,0.8325452237384957,0.8394160583941606,,0.8424908424908426,0.8351648351648352,0.8626373626373627,0.8296703296703297,,,,,True,,0.1,,0.01,20,,10000.0,32.0,,,100.0,,,,,22.0,,True,,80,0.08999999999999998
svm,True,559.71875,AtomPairs2D,stratified,homosapiens_cyp17a1,0.9732510288065843,0.984936268829664,7375848,0.8714760206876914,0.9725400457665904,0.9976525821596244,0.8,0.9508196721311475,0.9711538461538461,4813262,0.821116501932782,0.9439252336448598,1.0,0.7142857142857143,0.9547325102880659,0.9444444444444444,0.9629629629629629,0.9567901234567902,200.0,,0.1,2.0,,0.01,,,,,,,,,,,,,,,22.0,False,,,80,0.08999999999999998
svm,False,625.2783203125,AtomPairs2D,stratified,homosapiens_cyp17a1,0.8754578754578755,0.8399364250444616,12114817,0.6150207684600155,0.8879905808477238,0.8754578754578755,,0.8248175182481752,0.7910027659060677,6063593,0.5675680324173469,0.8151996565049376,0.8248175182481752,,0.847985347985348,0.8131868131868132,0.8626373626373627,0.8681318681318682,300.0,,0.5,3.0,,0.001,,,,,,,,,,,,,,,22.0,False,,,80,0.08999999999999998
dt,True,196.8134765625,AtomPairs2D,stratified,homosapiens_cyp17a1,0.9753086419753086,0.986013986013986,4453249,0.8823633836719826,0.9791666666666666,0.9929577464788732,0.85,0.9836065573770492,0.9900990099009901,4088073,0.9424799622819425,0.9900990099009901,0.9900990099009901,0.9523809523809523,0.9526748971193415,0.9444444444444444,0.9567901234567902,0.9567901234567902,,,,,,,,,,10,None,,1.0,4.0,,,,,,,22.0,,,,100,0.08999999999999998
dt,False,202.3134765625,AtomPairs2D,stratified,homosapiens_cyp17a1,0.9065934065934066,0.9045019865561955,4421791,0.7343859246241433,0.9028933044935497,0.9065934065934066,,0.8467153284671532,0.8415380927780803,4155892,0.6386840058048777,0.8429744525547445,0.8467153284671532,,0.8315018315018315,0.8241758241758241,0.8351648351648352,0.8351648351648352,,,,,,,,,,10,None,,1.0,3.0,,,,,,,22.0,,,,90,0.08999999999999998
knn,True,967.583984375,AtomPairs2D,stratified,homosapiens_cyp17a1,0.9794238683127572,0.9883720930232558,31360255,0.9020939651862511,0.9792626728110599,0.9976525821596244,0.85,0.9836065573770492,0.9901960784313726,21174564,0.9419096094830071,0.9805825242718447,1.0,0.9047619047619048,0.95679012345679,0.9197530864197531,0.9753086419753086,0.9753086419753086,,ball_tree,,,,,,40.0,,,,,,,,,-1.0,5.0,,2.0,,,,distance,80,0.08999999999999998
knn,False,711.857421875,AtomPairs2D,stratified,homosapiens_cyp17a1,0.9084249084249084,0.9077434270999396,58990597,0.7411756449690355,0.9072857290659863,0.9084249084249084,,0.8759124087591241,0.8748082432579655,33010999,0.7125783275179983,0.8794557437460138,0.8759124087591241,,0.8553113553113554,0.8351648351648352,0.8626373626373627,0.8681318681318682,,auto,,,,,,20.0,,,,,,,,,-1.0,3.0,,2.0,,,,distance,80,0.08999999999999998
rf,True,6512.822265625,AtomPairs2D,strict,homosapiens_cyp17a1,0.9777327935222672,0.9871345029239766,70070116,0.9061448839782901,0.9791183294663574,0.9952830188679245,0.8714285714285714,1.0,1.0,52676543,1.0,1.0,1.0,1.0,0.955108359133127,0.9415204678362573,0.9532163742690059,0.9705882352941176,,,,,,,,,,20,None,,1.0,2.0,1000.0,,,,True,,22.0,,True,,80,0.08999999999999998
rf,False,7000.4443359375,AtomPairs2D,strict,homosapiens_cyp17a1,0.9163424124513618,0.9105055994131012,45069859,0.7241438594339181,0.9113608323914862,0.9163424124513618,,0.8579881656804734,0.8495583777027353,30830839,0.7086571456591448,0.8573578917708472,0.8579881656804734,,0.8454981605795123,0.8404255319148937,0.8351063829787234,0.8609625668449198,,,,,,,,,,10,sqrt,,1.0,2.0,500.0,,,,True,,22.0,,True,,90,0.08999999999999998
hgb,True,1275.0673828125,AtomPairs2D,strict,homosapiens_cyp17a1,0.9554655870445344,0.9745370370370371,136069241,0.8063853551060503,0.9568181818181818,0.9929245283018868,0.7285714285714285,0.9736842105263158,0.9853658536585366,24693897,0.8559627557551291,0.9901960784313726,0.9805825242718447,0.9090909090909091,0.9589955280357757,0.9298245614035088,0.9824561403508771,0.9647058823529412,,,,,True,,0.01,,0.01,20,,10000.0,64.0,,,100.0,,,,,22.0,,True,,90,0.08999999999999998
hgb,False,7441.4169921875,AtomPairs2D,strict,homosapiens_cyp17a1,0.9221789883268483,0.9197242671674233,48301511,0.7536198734875014,0.9185032073290256,0.9221789883268483,,0.8698224852071006,0.8637890708896625,36440928,0.7343257518677032,0.8680136623851445,0.8698224852071006,,0.8401695300944362,0.8351063829787234,0.8297872340425532,0.8556149732620321,,,,,True,,0.1,,0.01,20,,99999999.0,8.0,,,100.0,,,,,22.0,,True,,90,0.08999999999999998
svm,True,557.45703125,AtomPairs2D,strict,homosapiens_cyp17a1,0.9574898785425101,0.9757225433526011,7018418,0.8156915547433715,0.9569160997732427,0.9952830188679245,0.7285714285714285,0.9912280701754386,0.9951690821256038,4724817,0.9488675620705191,0.9903846153846154,1.0,0.9090909090909091,0.9531475748194014,0.9239766081871345,0.9707602339181286,0.9647058823529412,100.0,,0.0,3.0,,0.01,,,,,,,,,,,,,,,22.0,False,,,80,0.08999999999999998
svm,False,660.9609375,AtomPairs2D,strict,homosapiens_cyp17a1,0.8949416342412452,0.8799378593072017,15466846,0.6418797352781087,0.8815405797586583,0.8949416342412452,,0.8402366863905325,0.8257920505280988,7837221,0.6707013726518424,0.8441366325981712,0.8402366863905325,,0.8383775173512346,0.8297872340425532,0.8404255319148937,0.8449197860962567,100.0,,0.0,2.0,,0.005,,,,,,,,,,,,,,,22.0,True,,,100,0.08999999999999998
dt,True,203.408203125,AtomPairs2D,strict,homosapiens_cyp17a1,0.9574898785425101,0.9754959159859977,4397238,0.8178895669791103,0.9653579676674365,0.9858490566037735,0.7857142857142857,0.9912280701754386,0.9951690821256038,4075536,0.9488675620705191,0.9903846153846154,1.0,0.9090909090909091,0.9589725948859075,0.9473684210526315,0.9766081871345029,0.9529411764705882,,,,,,,,,,None,log2,,1.0,2.0,,,,,,,22.0,,,,90,0.15999999999999998
dt,False,216.03515625,AtomPairs2D,strict,homosapiens_cyp17a1,0.9124513618677043,0.9078262786990882,4826684,0.7163813329127571,0.9063757073691671,0.9124513618677043,,0.8461538461538461,0.8372976198476221,4471747,0.683083543999177,0.8521886767079075,0.8461538461538461,,0.8242215648348314,0.7978723404255319,0.8138297872340425,0.8609625668449198,,,,,,,,,,None,log2,,1.0,3.0,,,,,,,22.0,,,,80,0.08999999999999998
knn,True,738.6005859375,AtomPairs2D,strict,homosapiens_cyp17a1,0.9757085020242915,0.986046511627907,39028465,0.8976450915333222,0.9724770642201835,1.0,0.8285714285714286,1.0,1.0,22725609,1.0,1.0,1.0,1.0,0.9531246416695334,0.9239766081871345,0.9824561403508771,0.9529411764705882,,auto,,,,,,40.0,,,,,,,,,-1.0,5.0,,1.0,,,,distance,90,0.08999999999999998
knn,False,742.451171875,AtomPairs2D,strict,homosapiens_cyp17a1,0.9027237354085603,0.8915287483802843,57228703,0.671406409468409,0.8959587116299178,0.9027237354085603,,0.8047337278106509,0.780055925592124,49535742,0.5924364857926896,0.824440943671713,0.8047337278106509,,0.8366234308036561,0.8138297872340425,0.8404255319148937,0.8556149732620321,,auto,,,,,,50.0,,,,,,,,,-1.0,3.0,,1.0,,,,uniform,90,0.08999999999999998
rf,True,1512.5947265625,EState,random,homosapiens_cyp17a1,0.9670781893004116,0.981042654028436,9113015,0.856618747078416,0.9764150943396226,0.9857142857142858,0.8484848484848485,0.9836065573770492,0.9906542056074766,6699607,0.92398753894081,0.9906542056074766,0.9906542056074766,0.9333333333333333,0.9485596707818931,0.9567901234567902,0.9691358024691358,0.9197530864197531,,,,,,,,,,20,sqrt,,1.0,2.0,100.0,,,,True,,22.0,,True,,90,0.08999999999999998
rf,False,1398.1337890625,EState,random,homosapiens_cyp17a1,0.8974358974358975,0.8871877976197834,8720227,0.7098848080960587,0.8906015338434178,0.8974358974358975,,0.8686131386861314,0.8493749261050024,6469135,0.6335109828745557,0.8567061486769516,0.8686131386861314,,0.8461538461538461,0.8516483516483516,0.8626373626373627,0.8241758241758241,,,,,,,,,,10,None,,1.0,8.0,100.0,,,,True,,22.0,,True,,100,0.08999999999999998
hgb,True,1018.5380859375,EState,random,homosapiens_cyp17a1,0.9506172839506173,0.971830985915493,18679412,0.7772119669423789,0.9583333333333334,0.9857142857142858,0.7272727272727273,0.9672131147540983,0.9813084112149533,7687261,0.84797507788162,0.9813084112149533,0.9813084112149533,0.8666666666666667,0.9382716049382717,0.9567901234567902,0.9259259259259259,0.9320987654320988,,,,,True,,0.1,,0.01,50,,10000.0,8.0,,,100.0,,,,,22.0,,True,,90,0.08999999999999998
hgb,False,2596.87890625,EState,random,homosapiens_cyp17a1,0.8717948717948718,0.8626309021022512,22486828,0.6307618571455449,0.8605090374053119,0.8717948717948718,,0.8394160583941606,0.8269319951698232,14666054,0.5511864332843467,0.8298452945014605,0.8394160583941606,,0.8479853479853481,0.8681318681318682,0.8461538461538461,0.8296703296703297,,,,,True,,0.0,,0.01,None,,10000.0,16.0,,,100.0,,,,,22.0,,True,,80,0.08999999999999998
svm,True,520.89453125,EState,random,homosapiens_cyp17a1,0.9629629629629629,0.9786223277909739,5055742,0.8402991521520206,0.976303317535545,0.9809523809523809,0.8484848484848485,0.9754098360655737,0.9859154929577465,2468675,0.8897656044017801,0.9905660377358491,0.9813084112149533,0.9333333333333333,0.9506172839506174,0.9567901234567902,0.9506172839506173,0.9444444444444444,100.0,,0.5,3.0,,1.0,,,,,,,,,,,,,,,22.0,False,,,80,0.08999999999999998
svm,False,533.3984375,EState,random,homosapiens_cyp17a1,0.8882783882783882,0.8784780170576285,8218110,0.68733364843949,0.8805854647907815,0.8882783882783882,,0.8321167883211679,0.8185519325902961,3113108,0.5451333122917307,0.8351548628920892,0.8321167883211679,,0.8406593406593407,0.8296703296703297,0.8791208791208791,0.8131868131868132,200.0,,0.5,2.0,,1.0,,,,,,,,,,,,,,,22.0,True,,,80,0.08999999999999998
dt,True,186.7490234375,EState,random,homosapiens_cyp17a1,0.9691358024691358,0.9822485207100592,1329260,0.8650570565023564,0.9764705882352941,0.9880952380952381,0.8484848484848485,0.9836065573770492,0.9907407407407407,1325516,0.9223689749736185,0.981651376146789,1.0,0.8666666666666667,0.9506172839506174,0.9629629629629629,0.9320987654320988,0.9567901234567902,,,,,,,,,,None,None,,1.0,2.0,,,,,,,22.0,,,,100,0.15999999999999998
dt,False,189.451171875,EState,random,homosapiens_cyp17a1,0.8534798534798534,0.8313658048173229,1510715,0.558191638601089,0.8355123368803259,0.8534798534798534,,0.8613138686131386,0.843013438866567,1425970,0.6113975197275484,0.8589966400185378,0.8613138686131386,,0.8461538461538461,0.8461538461538461,0.8681318681318682,0.8241758241758241,,,,,,,,,,None,None,,2.0,8.0,,,,,,,22.0,,,,80,0.08999999999999998
knn,True,471.3955078125,EState,random,homosapiens_cyp17a1,0.9567901234567902,0.9751479289940829,35885082,0.8106692519150155,0.9694117647058823,0.9809523809523809,0.803030303030303,0.9754098360655737,0.9859154929577465,31568066,0.8897656044017801,0.9905660377358491,0.9813084112149533,0.9333333333333333,0.948559670781893,0.9691358024691358,0.9382716049382716,0.9382716049382716,,brute,,,,,,10.0,,,,,,,,,-1.0,5.0,,2.0,,,,distance,90,0.15999999999999998
knn,False,567.3818359375,EState,random,homosapiens_cyp17a1,0.8791208791208791,0.8713582827992948,59107444,0.6503925622697213,0.8715990121339396,0.8791208791208791,,0.8613138686131386,0.8496363364706331,25886613,0.6152407568530582,0.8505599599529681,0.8613138686131386,,0.8461538461538461,0.8626373626373627,0.8736263736263736,0.8021978021978022,,auto,,,,,,20.0,,,,,,,,,-1.0,3.0,,1.0,,,,uniform,90,0.08999999999999998
rf,True,9705.1708984375,EState,stratified,homosapiens_cyp17a1,0.977366255144033,0.9870740305522914,72309213,0.896205876405618,0.9882352941176471,0.9859154929577465,0.9166666666666666,0.9672131147540983,0.9803921568627451,49972588,0.8820279146643897,0.970873786407767,0.9900990099009901,0.8571428571428571,0.9423868312757202,0.9135802469135802,0.9567901234567902,0.9567901234567902,,,,,,,,,,None,sqrt,,1.0,2.0,1000.0,,,,True,,22.0,,True,,100,0.08999999999999998
rf,False,2044.357421875,EState,stratified,homosapiens_cyp17a1,0.8937728937728938,0.8861030031191338,10046197,0.6818149296217776,0.8865012940084476,0.8937728937728938,,0.8467153284671532,0.8276012884541505,6547294,0.6286342534062226,0.8379132674967797,0.8467153284671532,,0.8278388278388279,0.7967032967032966,0.8571428571428571,0.8296703296703297,,,,,,,,,,20,sqrt,,1.0,2.0,100.0,,,,True,,22.0,,True,,80,0.15999999999999998
hgb,True,2212.2265625,EState,stratified,homosapiens_cyp17a1,0.9526748971193416,0.9728453364817001,11737674,0.7897272478708727,0.9786223277909739,0.9671361502347418,0.85,0.9590163934426229,0.9753694581280788,8669087,0.8538027385755066,0.9705882352941176,0.9801980198019802,0.8571428571428571,0.948559670781893,0.9259259259259259,0.9567901234567902,0.9629629629629629,,,,,True,,0.0,,0.01,50,,99999999.0,8.0,,,100.0,,,,,22.0,,True,,90,0.08999999999999998
hgb,False,2713.0283203125,EState,stratified,homosapiens_cyp17a1,0.9084249084249084,0.9010599785403025,21627091,0.7294621553842816,0.9048524585745522,0.9084249084249084,,0.8394160583941606,0.8201598887730274,12444729,0.6085325499977627,0.821897810218978,0.8394160583941606,,0.8131868131868133,0.7912087912087912,0.8241758241758241,0.8241758241758241,,,,,True,,0.01,,0.01,50,,10000.0,8.0,,,100.0,,,,,22.0,,True,,90,0.08999999999999998
svm,True,528.5244140625,EState,stratified,homosapiens_cyp17a1,0.9609053497942387,0.9777777777777777,6100996,0.8157478095558204,0.9743589743589743,0.9812206572769953,0.8166666666666667,0.9590163934426229,0.9753694581280788,2798884,0.8538027385755066,0.9705882352941176,0.9801980198019802,0.8571428571428571,0.9423868312757202,0.9135802469135802,0.9567901234567902,0.9567901234567902,300.0,,0.5,2.0,,1.0,,,,,,,,,,,,,,,22.0,False,,,90,0.08999999999999998
svm,False,543.7333984375,EState,stratified,homosapiens_cyp17a1,0.9084249084249084,0.8951291079639623,10331945,0.7273073359249842,0.9154982148653035,0.9084249084249084,,0.8321167883211679,0.7970938228051142,3609403,0.5882615794795272,0.8108428473391978,0.8321167883211679,,0.8278388278388279,0.7967032967032966,0.8351648351648352,0.8516483516483516,1.0,,0.0,4.0,,1.0,,,,,,,,,,,,,,,22.0,False,,,90,0.08999999999999998
dt,True,189.2744140625,EState,stratified,homosapiens_cyp17a1,0.948559670781893,0.9704840613931524,1518928,0.771350945923863,0.9762470308788599,0.9647887323943662,0.8333333333333334,0.9344262295081968,0.9615384615384616,1415300,0.7549935889058517,0.9345794392523364,0.9900990099009901,0.6666666666666666,0.9362139917695472,0.9382716049382716,0.9259259259259259,0.9444444444444444,,,,,,,,,,20,log2,,1.0,2.0,,,,,,,22.0,,,,80,0.08999999999999998
dt,False,201.30078125,EState,stratified,homosapiens_cyp17a1,0.9084249084249084,0.8986758334458395,1821976,0.7261758415066449,0.9072427928592899,0.9084249084249084,,0.8467153284671532,0.8233426197314019,1465001,0.6295986563027516,0.8206089300979812,0.8467153284671532,,0.8278388278388279,0.8021978021978022,0.8571428571428571,0.8241758241758241,,,,,,,,,,30,sqrt,,1.0,2.0,,,,,,,22.0,,,,90,0.15999999999999998
knn,True,552.3671875,EState,stratified,homosapiens_cyp17a1,0.9711934156378601,0.9836448598130841,30568478,0.8636393751910701,0.9790697674418605,0.9882629107981221,0.85,0.9754098360655737,0.9853658536585366,18382022,0.9123692138699018,0.9711538461538461,1.0,0.8571428571428571,0.9423868312757202,0.9135802469135802,0.9629629629629629,0.9506172839506173,,kd_tree,,,,,,30.0,,,,,,,,,-1.0,7.0,,1.0,,,,distance,90,0.08999999999999998
knn,False,580.6630859375,EState,stratified,homosapiens_cyp17a1,0.8992673992673993,0.892643727069057,53850919,0.7004916105468374,0.892350064296894,0.8992673992673993,,0.8102189781021898,0.7975071479909848,32499724,0.5410641128845056,0.7945377648844802,0.8102189781021898,,0.8315018315018315,0.8186813186813187,0.8406593406593407,0.8351648351648352,,kd_tree,,,,,,50.0,,,,,,,,,-1.0,3.0,,1.0,,,,uniform,100,0.08999999999999998
rf,True,1479.1435546875,EState,strict,homosapiens_cyp17a1,0.9554655870445344,0.9742388758782201,8655646,0.811207962811852,0.9674418604651163,0.9811320754716981,0.8,0.9824561403508771,0.9902912621359223,6534632,0.8993821712268314,0.9902912621359223,0.9902912621359223,0.9090909090909091,0.9355578488705424,0.935672514619883,0.9298245614035088,0.9411764705882353,,,,,,,,,,None,log2,,1.0,3.0,100.0,,,,True,,22.0,,True,,90,0.08999999999999998
rf,False,1826.947265625,EState,strict,homosapiens_cyp17a1,0.9046692607003891,0.8975711357239594,8878161,0.6818071347386017,0.8989065072937853,0.9046692607003891,,0.8402366863905325,0.8293361988399713,6747697,0.669733925309803,0.845092590374434,0.8402366863905325,,0.8579189896461487,0.8563829787234043,0.851063829787234,0.8663101604278075,,,,,,,,,,None,None,,1.0,4.0,100.0,,,,True,,22.0,,True,,100,0.15999999999999998
hgb,True,935.9755859375,EState,strict,homosapiens_cyp17a1,0.9230769230769231,0.9564220183486238,9416251,0.6488090763873982,0.9308035714285714,0.9834905660377359,0.5571428571428572,0.9385964912280702,0.9658536585365853,5240282,0.6623521324295643,0.9705882352941176,0.9611650485436893,0.7272727272727273,0.9335970645568169,0.9590643274853801,0.9064327485380117,0.9352941176470588,,,,,True,,0.0,,0.01,10,,10000.0,16.0,,,100.0,,,,,22.0,,True,,80,0.15999999999999998
hgb,False,1668.94921875,EState,strict,homosapiens_cyp17a1,0.8891050583657587,0.8770877009379883,13037617,0.6235872975096237,0.8760759975415522,0.8891050583657587,,0.834319526627219,0.8132961792509792,8058552,0.6594456973023287,0.8393138500960595,0.834319526627219,,0.8543823719042742,0.8457446808510638,0.8457446808510638,0.8716577540106952,,,,,True,,0.01,,0.01,10,,1000.0,8.0,,,100.0,,,,,22.0,,True,,90,0.08999999999999998
svm,True,529.34375,EState,strict,homosapiens_cyp17a1,0.9595141700404858,0.9766899766899767,6361169,0.8262444531524066,0.9654377880184332,0.9882075471698113,0.7857142857142857,0.9912280701754386,0.9951690821256038,2565174,0.9488675620705191,0.9903846153846154,1.0,0.9090909090909091,0.9374957000343999,0.9415204678362573,0.935672514619883,0.9352941176470588,200.0,,0.5,4.0,,1.0,,,,,,,,,,,,,,,22.0,True,,,90,0.08999999999999998
svm,False,530.85546875,EState,strict,homosapiens_cyp17a1,0.8949416342412452,0.8830422546693457,7755392,0.6405249533728379,0.8898537611448357,0.8949416342412452,,0.7337278106508875,0.6820815642992711,3419393,0.41826330473821927,0.7299595589800348,0.7337278106508875,,0.8579379527439602,0.8457446808510638,0.851063829787234,0.8770053475935828,100.0,,0.1,3.0,,1.0,,,,,,,,,,,,,,,22.0,False,,,90,0.15999999999999998
dt,True,190.5009765625,EState,strict,homosapiens_cyp17a1,0.951417004048583,0.9722222222222222,1765578,0.7877828350060041,0.9545454545454546,0.9905660377358491,0.7142857142857143,0.9824561403508771,0.9903846153846154,1438637,0.895878006537387,0.9809523809523809,1.0,0.8181818181818182,0.9355463822956084,0.9473684210526315,0.9239766081871345,0.9352941176470588,,,,,,,,,,20,log2,,1.0,2.0,,,,,,,22.0,,,,80,0.15999999999999998
dt,False,193.8974609375,EState,strict,homosapiens_cyp17a1,0.8910505836575876,0.8762004230502481,1653684,0.6234246619953173,0.8843953491470086,0.8910505836575876,,0.7337278106508875,0.6807763471437973,1425044,0.42566409661154403,0.7281032082288129,0.7337278106508875,,0.856174384647476,0.8297872340425532,0.8563829787234043,0.8823529411764706,,,,,,,,,,10,None,,1.0,2.0,,,,,,,22.0,,,,90,0.15999999999999998
knn,True,571.7236328125,EState,strict,homosapiens_cyp17a1,0.9696356275303644,0.9824150058616647,29218834,0.8721343431519625,0.9766899766899767,0.9882075471698113,0.8571428571428571,0.9824561403508771,0.9902912621359223,18163730,0.8993821712268314,0.9902912621359223,0.9902912621359223,0.9090909090909091,0.9472652218782249,0.9532163742690059,0.9415204678362573,0.9470588235294117,,ball_tree,,,,,,20.0,,,,,,,,,-1.0,3.0,,1.0,,,,distance,100,0.08999999999999998
knn,False,534.474609375,EState,strict,homosapiens_cyp17a1,0.8988326848249028,0.8884863029783655,29584774,0.6562888552143501,0.8932846544595618,0.8988326848249028,,0.8047337278106509,0.7819876566774829,18812431,0.5892040420675038,0.8085633251270534,0.8047337278106509,,0.8508362726134941,0.8404255319148937,0.8404255319148937,0.8716577540106952,,kd_tree,,,,,,20.0,,,,,,,,,-1.0,9.0,,2.0,,,,distance,80,0.15999999999999998
rf,True,879.5400390625,CDKextended,random,homosapiens_cyp17a1,0.9835390946502057,0.9905437352245863,12276038,0.9284659998400436,0.9835680751173709,0.9976190476190476,0.8939393939393939,0.9754098360655737,0.986046511627907,10182920,0.8832934702929618,0.9814814814814815,0.9906542056074766,0.8666666666666667,0.9691358024691358,0.9814814814814815,0.9444444444444444,0.9814814814814815,,,,,,,,,,20,None,,2.0,3.0,100.0,,,,True,,22.0,,True,,90,0.15999999999999998
rf,False,1300.9833984375,CDKextended,random,homosapiens_cyp17a1,0.9194139194139194,0.9141933382880184,14564179,0.771855224366654,0.9188459583452807,0.9194139194139194,,0.8978102189781022,0.8882538956135735,10466863,0.7230379736689349,0.9019492686746651,0.8978102189781022,,0.8644688644688645,0.8681318681318682,0.8681318681318682,0.8571428571428571,,,,,,,,,,10,sqrt,,2.0,8.0,100.0,,,,True,,22.0,,True,,90,0.15999999999999998
hgb,True,979.9951171875,CDKextended,random,homosapiens_cyp17a1,0.9876543209876543,0.9929078014184397,90807252,0.9467242532964757,0.9859154929577465,1.0,0.9090909090909091,0.9918032786885246,0.9953488372093023,17782437,0.9616087343741692,0.9907407407407407,1.0,0.9333333333333333,0.9629629629629629,0.9814814814814815,0.9629629629629629,0.9444444444444444,,,,,True,,0.0,,0.01,None,,1000.0,64.0,,,100.0,,,,,22.0,,True,,100,0.15999999999999998
hgb,False,1936.01171875,CDKextended,random,homosapiens_cyp17a1,0.945054945054945,0.9430707026197906,30754546,0.8487437231763041,0.9429767702532366,0.945054945054945,,0.9416058394160584,0.9395047411146735,21585012,0.8469737164305203,0.9433500805763579,0.9416058394160584,,0.8736263736263736,0.8681318681318682,0.8791208791208791,0.8736263736263736,,,,,True,,0.0,,0.01,None,,10000.0,32.0,,,100.0,,,,,22.0,,True,,80,0.15999999999999998
svm,True,1122.32421875,CDKextended,random,homosapiens_cyp17a1,0.9814814814814815,0.9893742621015348,30340869,0.9193110299687303,0.9812646370023419,0.9976190476190476,0.8787878787878788,0.9672131147540983,0.9814814814814815,11287744,0.8414710490593256,0.9724770642201835,0.9906542056074766,0.8,0.9794238683127571,0.9876543209876543,0.9691358024691358,0.9814814814814815,10.0,,0.0,4.0,,0.001,,,,,,,,,,,,,,,22.0,True,,,80,0.08999999999999998
svm,False,2023.4560546875,CDKextended,random,homosapiens_cyp17a1,0.9487179487179487,0.9486889553320648,77698479,0.8618001359321754,0.9488084454604888,0.9487179487179487,,0.948905109489051,0.9474022173254373,23204250,0.8667421678161308,0.9481713204340942,0.948905109489051,,0.8663003663003663,0.8736263736263736,0.8626373626373627,0.8626373626373627,10.0,,0.1,4.0,,0.005,,,,,,,,,,,,,,,22.0,True,,,80,0.08999999999999998
dt,True,207.236328125,CDKextended,random,homosapiens_cyp17a1,0.9794238683127572,0.9881796690307328,6164899,0.9102077463836117,0.9812206572769953,0.9952380952380953,0.8787878787878788,0.9754098360655737,0.9861751152073732,5257288,0.8821461433242329,0.9727272727272728,1.0,0.8,0.9609053497942387,0.9506172839506173,0.9629629629629629,0.9691358024691358,,,,,,,,,,30,sqrt,,1.0,3.0,,,,,,,22.0,,,,80,0.15999999999999998
dt,False,211.7109375,CDKextended,random,homosapiens_cyp17a1,0.891941391941392,0.8862609226246456,6606174,0.6991099770885928,0.8840297591332953,0.891941391941392,,0.8467153284671532,0.8247926343729264,5541162,0.568358727057995,0.8298179377464553,0.8467153284671532,,0.8553113553113553,0.8461538461538461,0.8571428571428571,0.8626373626373627,,,,,,,,,,None,log2,,2.0,8.0,,,,,,,22.0,,,,90,0.15999999999999998
knn,True,3046.810546875,CDKextended,random,homosapiens_cyp17a1,0.9897119341563786,0.9940828402366864,98087750,0.9557033974812579,0.9882352941176471,1.0,0.9242424242424242,0.9918032786885246,0.9953488372093023,38658266,0.9616087343741692,0.9907407407407407,1.0,0.9333333333333333,0.9732510288065844,0.9876543209876543,0.9567901234567902,0.9753086419753086,,auto,,,,,,10.0,,,,,,,,,-1.0,3.0,,1.0,,,,distance,80,0.08999999999999998
knn,False,4375.4521484375,CDKextended,random,homosapiens_cyp17a1,0.8974358974358975,0.8885215942402178,78881230,0.7047976219426493,0.89096985301725,0.8974358974358975,,0.8759124087591241,0.862991861733367,37630511,0.6558312325666386,0.8777372262773723,0.8759124087591241,,0.8754578754578755,0.8956043956043956,0.8681318681318682,0.8626373626373627,,ball_tree,,,,,,20.0,,,,,,,,,-1.0,3.0,,1.0,,,,uniform,80,0.15999999999999998
rf,True,4024.6806640625,CDKextended,stratified,homosapiens_cyp17a1,0.9876543209876543,0.9929577464788732,60117038,0.9429577464788732,0.9929577464788732,0.9929577464788732,0.95,0.9836065573770492,0.9900990099009901,49182968,0.9424799622819425,0.9900990099009901,0.9900990099009901,0.9523809523809523,0.9670781893004116,0.9506172839506173,0.9876543209876543,0.9629629629629629,,,,,,,,,,None,None,,1.0,2.0,1000.0,,,,True,,22.0,,True,,80,0.15999999999999998
rf,False,6802.236328125,CDKextended,stratified,homosapiens_cyp17a1,0.9560439560439561,0.95538885303225,73522938,0.8753465052831721,0.9551988535138595,0.9560439560439561,,0.9343065693430657,0.9306956572247285,55987447,0.8493114613261292,0.9335418839068474,0.9343065693430657,,0.8589743589743589,0.8461538461538461,0.8516483516483516,0.8791208791208791,,,,,,,,,,30,None,,1.0,8.0,1000.0,,,,True,,22.0,,True,,80,0.15999999999999998
hgb,True,706.3203125,CDKextended,stratified,homosapiens_cyp17a1,0.9711934156378601,0.9837209302325581,297270573,0.8616233968228689,0.9746543778801844,0.9929577464788732,0.8166666666666667,0.9672131147540983,0.9805825242718447,9754738,0.8824311912303621,0.9619047619047619,1.0,0.8095238095238095,0.9609053497942387,0.9629629629629629,0.9629629629629629,0.9567901234567902,,,,,True,,0.0,,0.01,None,,99999999.0,32.0,,,100.0,,,,,22.0,,True,,80,0.15999999999999998
hgb,False,1165.890625,CDKextended,stratified,homosapiens_cyp17a1,0.9505494505494505,0.9496523358513509,23442836,0.8590639531237425,0.9495187310556875,0.9505494505494505,,0.8759124087591241,0.8731046185452878,13777624,0.7102814826954763,0.8750701852891634,0.8759124087591241,,0.847985347985348,0.8516483516483516,0.8351648351648352,0.8571428571428571,,,,,True,,0.0,,0.01,10,,1000.0,32.0,,,100.0,,,,,22.0,,True,,90,0.08999999999999998
svm,True,1417.41015625,CDKextended,stratified,homosapiens_cyp17a1,0.9917695473251029,0.9953271028037384,38523407,0.9615878341528129,0.9906976744186047,1.0,0.9333333333333333,1.0,1.0,13353545,1.0,1.0,1.0,1.0,0.9732510288065842,0.9629629629629629,0.9876543209876543,0.9691358024691358,10.0,,0.0,2.0,,0.005,,,,,,,,,,,,,,,22.0,True,,,80,0.08999999999999998
svm,False,1545.1279296875,CDKextended,stratified,homosapiens_cyp17a1,0.9633699633699634,0.963191281205177,69524925,0.8969342145722659,0.963198036458555,0.9633699633699634,,0.9416058394160584,0.9408960862707698,20857610,0.8669060264925198,0.9414017829434295,0.9416058394160584,,0.8644688644688645,0.8516483516483516,0.8626373626373627,0.8791208791208791,10.0,,0.0,3.0,,0.005,,,,,,,,,,,,,,,22.0,True,,,80,0.15999999999999998
dt,True,205.783203125,CDKextended,stratified,homosapiens_cyp17a1,0.9691358024691358,0.9825378346915018,6924228,0.8519637539561832,0.9745958429561201,0.9906103286384976,0.8166666666666667,0.9672131147540983,0.9805825242718447,5409890,0.8824311912303621,0.9619047619047619,1.0,0.8095238095238095,0.948559670781893,0.9444444444444444,0.9629629629629629,0.9382716049382716,,,,,,,,,,20,None,,4.0,8.0,,,,,,,22.0,,,,90,0.08999999999999998
dt,False,210.375,CDKextended,stratified,homosapiens_cyp17a1,0.8809523809523809,0.8587616666775879,6428216,0.6350509843719065,0.8792177620292211,0.8809523809523809,,0.8321167883211679,0.7824222671111497,5288156,0.5945978835033602,0.8587376556462001,0.8321167883211679,,0.8351648351648352,0.8186813186813187,0.8571428571428571,0.8296703296703297,,,,,,,,,,None,log2,,4.0,3.0,,,,,,,22.0,,,,80,0.15999999999999998
knn,True,3031.583984375,CDKextended,stratified,homosapiens_cyp17a1,0.9876543209876543,0.9929742388758782,67559787,0.9423044179181723,0.9906542056074766,0.9953051643192489,0.9333333333333333,1.0,1.0,33682008,1.0,1.0,1.0,1.0,0.9711934156378601,0.9567901234567902,0.9876543209876543,0.9691358024691358,,auto,,,,,,10.0,,,,,,,,,-1.0,3.0,,1.0,,,,distance,80,0.08999999999999998
knn,False,2371.7470703125,CDKextended,stratified,homosapiens_cyp17a1,0.9688644688644689,0.9683033381514252,100061825,0.9122695529210203,0.9681738414014203,0.9688644688644689,,0.948905109489051,0.947839656951889,82483731,0.8835169203309687,0.9501187017220609,0.948905109489051,,0.86996336996337,0.8681318681318682,0.8681318681318682,0.8736263736263736,,brute,,,,,,30.0,,,,,,,,,-1.0,3.0,,2.0,,,,distance,80,0.15999999999999998
rf,True,3746.802734375,CDKextended,strict,homosapiens_cyp17a1,0.9838056680161943,0.990632318501171,58490974,0.9322033534003348,0.9837209302325581,0.9976415094339622,0.9,1.0,1.0,45504302,1.0,1.0,1.0,1.0,0.9628826969384244,0.9473684210526315,0.9824561403508771,0.9588235294117647,,,,,,,,,,30,None,,1.0,4.0,1000.0,,,,True,,22.0,,True,,80,0.15999999999999998
rf,False,1496.2822265625,CDKextended,strict,homosapiens_cyp17a1,0.9649805447470817,0.9637452443257661,14451561,0.8895483941913077,0.964971187305139,0.9649805447470817,,0.9526627218934911,0.9516270953517917,10477928,0.9063017901737906,0.9535730541647702,0.9526627218934911,,0.8562123108430993,0.8297872340425532,0.8351063829787234,0.9037433155080213,,,,,,,,,,10,None,,1.0,2.0,100.0,,,,True,,22.0,,True,,90,0.15999999999999998
hgb,True,1200.2587890625,CDKextended,strict,homosapiens_cyp17a1,0.9838056680161943,0.990632318501171,12713755,0.9322033534003348,0.9837209302325581,0.9976415094339622,0.9,1.0,1.0,11487144,1.0,1.0,1.0,1.0,0.9570576768719183,0.9473684210526315,0.9532163742690059,0.9705882352941176,,,,,True,,0.0,,0.01,20,,99999999.0,8.0,,,100.0,,,,,22.0,,True,,90,0.15999999999999998
hgb,False,3201.642578125,CDKextended,strict,homosapiens_cyp17a1,0.9610894941634242,0.9602242513591764,29312152,0.8776272531513178,0.9605737161035856,0.9610894941634242,,0.9467455621301775,0.9450908119730766,106855624,0.8944361969599329,0.9472303012068332,0.9467455621301775,,0.8597584101338795,0.8404255319148937,0.8351063829787234,0.9037433155080213,,,,,True,,0.0,,0.01,None,,99999999.0,16.0,,,100.0,,,,,22.0,,True,,90,0.15999999999999998
svm,True,894.0078125,CDKextended,strict,homosapiens_cyp17a1,0.9838056680161943,0.9905660377358491,22438922,0.9334231805929919,0.9905660377358491,0.9905660377358491,0.9428571428571428,1.0,1.0,10369523,1.0,1.0,1.0,1.0,0.9687421167297328,0.9590643274853801,0.9824561403508771,0.9647058823529412,100.0,,0.0,3.0,,0.001,,,,,,,,,,,,,,,22.0,False,,,80,0.15999999999999998
svm,False,1354.890625,CDKextended,strict,homosapiens_cyp17a1,0.9571984435797666,0.9562162524017405,46259239,0.8648878447723376,0.9564597854675485,0.9571984435797666,,0.9171597633136095,0.9191082421851653,18522451,0.8416618516125726,0.927267792193692,0.9171597633136095,,0.8650491144233322,0.8404255319148937,0.8670212765957447,0.8877005347593583,100.0,,0.1,4.0,,0.001,,,,,,,,,,,,,,,22.0,True,,,80,0.15999999999999998
dt,True,206.205078125,CDKextended,strict,homosapiens_cyp17a1,0.9493927125506073,0.9711649365628604,6496246,0.7778282139958203,0.9503386004514672,0.9929245283018868,0.6857142857142857,0.956140350877193,0.9753694581280788,5147835,0.7828849460387404,0.99,0.9611650485436893,0.9090909090909091,0.955108359133127,0.9298245614035088,0.9649122807017544,0.9705882352941176,,,,,,,,,,20,log2,,2.0,8.0,,,,,,,22.0,,,,80,0.15999999999999998
dt,False,219.703125,CDKextended,strict,homosapiens_cyp17a1,0.9494163424124513,0.947607594419612,6604182,0.8400981843518402,0.9476485920781017,0.9494163424124513,,0.9053254437869822,0.9021176062596182,5985085,0.8100834948334134,0.9115867535552915,0.9053254437869822,,0.8402169378389654,0.824468085106383,0.8138297872340425,0.8823529411764706,,,,,,,,,,None,sqrt,,1.0,3.0,,,,,,,22.0,,,,80,0.08999999999999998
knn,True,2479.677734375,CDKextended,strict,homosapiens_cyp17a1,0.9898785425101214,0.9941383352872216,45930315,0.9579921282290986,0.9883449883449883,1.0,0.9285714285714286,0.9824561403508771,0.9901960784313726,35310226,0.9108916919062707,1.0,0.9805825242718447,1.0,0.9609563123495012,0.9473684210526315,0.9649122807017544,0.9705882352941176,,auto,,,,,,40.0,,,,,,,,,-1.0,3.0,,1.0,,,,distance,90,0.15999999999999998
knn,False,4574.830078125,CDKextended,strict,homosapiens_cyp17a1,0.9202334630350194,0.9128672769898044,96367188,0.7359481547791961,0.9177971007809521,0.9202334630350194,,0.893491124260355,0.8880252862249589,51443346,0.7850921471883916,0.8956957434624928,0.893491124260355,,0.8526472484545075,0.8191489361702128,0.8457446808510638,0.893048128342246,,kd_tree,,,,,,20.0,,,,,,,,,-1.0,3.0,,1.0,,,,uniform,80,0.15999999999999998
rf,True,883.87890625,CDK,random,homosapiens_cyp17a1,0.9876543209876543,0.9929078014184397,12431394,0.9467242532964757,0.9859154929577465,1.0,0.9090909090909091,0.9836065573770492,0.9907407407407407,9704047,0.9223689749736185,0.981651376146789,1.0,0.8666666666666667,0.9670781893004116,0.9814814814814815,0.9506172839506173,0.9691358024691358,,,,,,,,,,None,None,,1.0,4.0,100.0,,,,True,,22.0,,True,,100,0.08999999999999998
rf,False,1213.2392578125,CDK,random,homosapiens_cyp17a1,0.9358974358974359,0.9325733888388975,13154766,0.8219588475492495,0.9329637105147309,0.9358974358974359,,0.9343065693430657,0.9295559632267897,9964348,0.8285640838687787,0.9395387894838834,0.9343065693430657,,0.8644688644688645,0.8736263736263736,0.8681318681318682,0.8516483516483516,,,,,,,,,,20,None,,1.0,8.0,100.0,,,,True,,22.0,,True,,80,0.15999999999999998
hgb,True,1517.22265625,CDK,random,homosapiens_cyp17a1,0.9917695473251029,0.995260663507109,28242226,0.96464072711996,0.9905660377358491,1.0,0.9393939393939394,0.9918032786885246,0.9953488372093023,23685406,0.9616087343741692,0.9907407407407407,1.0,0.9333333333333333,0.9629629629629629,0.9691358024691358,0.9567901234567902,0.9629629629629629,,,,,True,,0.0,,0.01,10,,1000.0,32.0,,,100.0,,,,,22.0,,True,,80,0.15999999999999998
hgb,False,2612.58984375,CDK,random,homosapiens_cyp17a1,0.9487179487179487,0.9470015375978266,155959759,0.860334771367234,0.946922944105576,0.9487179487179487,,0.9416058394160584,0.9394265346496058,14952913,0.8469497959977248,0.943419597434196,0.9416058394160584,,0.8608058608058609,0.8461538461538461,0.8681318681318682,0.8681318681318682,,,,,True,,0.0,,0.01,20,,99999999.0,8.0,,,100.0,,,,,22.0,,True,,90,0.15999999999999998
svm,True,1027.96484375,CDK,random,homosapiens_cyp17a1,0.9794238683127572,0.9882075471698113,27381437,0.910107504112853,0.9789719626168224,0.9976190476190476,0.8636363636363636,0.9672131147540983,0.9814814814814815,10474173,0.8414710490593256,0.9724770642201835,0.9906542056074766,0.8,0.9711934156378601,0.9814814814814815,0.9629629629629629,0.9691358024691358,10.0,,0.0,2.0,,0.001,,,,,,,,,,,,,,,22.0,True,,,100,0.15999999999999998
svm,False,1371.0546875,CDK,random,homosapiens_cyp17a1,0.9432234432234432,0.9407802821994192,48422850,0.8436846188872685,0.9404199892787493,0.9432234432234432,,0.9343065693430657,0.9319002311490795,15982431,0.8271552849980578,0.9331872841549397,0.9343065693430657,,0.8663003663003663,0.8681318681318682,0.8571428571428571,0.8736263736263736,10.0,,0.1,3.0,,0.005,,,,,,,,,,,,,,,22.0,True,,,80,0.15999999999999998
dt,True,205.423828125,CDK,random,homosapiens_cyp17a1,0.977366255144033,0.98698224852071,6549803,0.9013155928939169,0.9811764705882353,0.9928571428571429,0.8787878787878788,0.9836065573770492,0.9907407407407407,5407185,0.9223689749736185,0.981651376146789,1.0,0.8666666666666667,0.9629629629629629,0.9691358024691358,0.9506172839506173,0.9691358024691358,,,,,,,,,,20,sqrt,,1.0,3.0,,,,,,,22.0,,,,90,0.08999999999999998
dt,False,209.0556640625,CDK,random,homosapiens_cyp17a1,0.8937728937728938,0.8834453808160503,6375920,0.6951442421733448,0.8841071068935175,0.8937728937728938,,0.9197080291970803,0.914942262387518,5236665,0.7859033757668679,0.9195342370524852,0.9197080291970803,,0.858974358974359,0.8351648351648352,0.8791208791208791,0.8626373626373627,,,,,,,,,,30,sqrt,,2.0,2.0,,,,,,,22.0,,,,90,0.15999999999999998
knn,True,2145.443359375,CDK,random,homosapiens_cyp17a1,0.9876543209876543,0.9929078014184397,47475216,0.9467242532964757,0.9859154929577465,1.0,0.9090909090909091,0.9918032786885246,0.9953488372093023,33307157,0.9616087343741692,0.9907407407407407,1.0,0.9333333333333333,0.9691358024691358,0.9814814814814815,0.9567901234567902,0.9691358024691358,,auto,,,,,,10.0,,,,,,,,,-1.0,3.0,,1.0,,,,distance,80,0.15999999999999998
knn,False,2274.6923828125,CDK,random,homosapiens_cyp17a1,0.9047619047619048,0.896731515961407,65326348,0.7288727543111404,0.8996222304269402,0.9047619047619048,,0.8759124087591241,0.862991861733367,40471372,0.6558312325666386,0.8777372262773723,0.8759124087591241,,0.8791208791208791,0.8901098901098901,0.8791208791208791,0.8681318681318682,,auto,,,,,,40.0,,,,,,,,,-1.0,3.0,,1.0,,,,uniform,80,0.15999999999999998
rf,True,2248.220703125,CDK,stratified,homosapiens_cyp17a1,0.9897119341563786,0.9941520467836257,33679798,0.9518257760218839,0.9906759906759907,0.9976525821596244,0.9333333333333333,1.0,1.0,26077797,1.0,1.0,1.0,1.0,0.9629629629629629,0.9506172839506173,0.9753086419753086,0.9629629629629629,,,,,,,,,,None,None,,1.0,2.0,500.0,,,,True,,22.0,,True,,100,0.15999999999999998
rf,False,3727.16796875,CDK,stratified,homosapiens_cyp17a1,0.9560439560439561,0.9549302859537053,38569398,0.8749445823674321,0.9549891868815026,0.9560439560439561,,0.927007299270073,0.9242532820765096,27864352,0.8322323637151173,0.9278164943686626,0.927007299270073,,0.8626373626373626,0.8241758241758241,0.8846153846153846,0.8791208791208791,,,,,,,,,,30,None,,1.0,8.0,500.0,,,,True,,22.0,,True,,90,0.15999999999999998
hgb,True,1020.7119140625,CDK,stratified,homosapiens_cyp17a1,0.9835390946502057,0.9906759906759907,14426872,0.9221692506045532,0.9837962962962963,0.9976525821596244,0.8833333333333333,0.9918032786885246,0.9950738916256158,9586190,0.9711044661725919,0.9901960784313726,1.0,0.9523809523809523,0.9526748971193415,0.9382716049382716,0.9753086419753086,0.9444444444444444,,,,,True,,0.0,,0.01,None,,99999999.0,16.0,,,100.0,,,,,22.0,,True,,80,0.08999999999999998
hgb,False,2014.9833984375,CDK,stratified,homosapiens_cyp17a1,0.9560439560439561,0.9552145713776841,25105108,0.8753921542026625,0.9550386294488847,0.9560439560439561,,0.9197080291970803,0.9175379154602088,16549398,0.8144848342527995,0.9203396967995509,0.9197080291970803,,0.8608058608058609,0.8461538461538461,0.8791208791208791,0.8571428571428571,,,,,True,,0.1,,0.01,None,,10000.0,8.0,,,100.0,,,,,22.0,,True,,80,0.15999999999999998
svm,True,1170.6171875,CDK,stratified,homosapiens_cyp17a1,0.9794238683127572,0.9883449883449883,30654183,0.9022663171382679,0.9814814814814815,0.9953051643192489,0.8666666666666667,0.9836065573770492,0.9901960784313726,11301541,0.9419096094830071,0.9805825242718447,1.0,0.9047619047619048,0.9691358024691358,0.9506172839506173,0.9814814814814815,0.9753086419753086,10.0,,0.1,3.0,,0.001,,,,,,,,,,,,,,,22.0,True,,,80,0.08999999999999998
svm,False,1482.2255859375,CDK,stratified,homosapiens_cyp17a1,0.9597069597069597,0.9586622884286933,45844883,0.8852284140326527,0.9586979012275738,0.9597069597069597,,0.9343065693430657,0.9310253964289289,14850228,0.8493237440401187,0.9318965953612685,0.9343065693430657,,0.8663003663003663,0.8516483516483516,0.8626373626373627,0.8846153846153846,10.0,,0.5,3.0,,0.005,,,,,,,,,,,,,,,22.0,True,,,80,0.15999999999999998
dt,True,200.283203125,CDK,stratified,homosapiens_cyp17a1,0.9732510288065843,0.9846153846153847,6076511,0.88408401699478,0.9928400954653938,0.9765258215962441,0.95,0.9754098360655737,0.9849246231155779,5096411,0.9214173326946368,1.0,0.9702970297029703,1.0,0.9650205761316872,0.9444444444444444,0.9753086419753086,0.9753086419753086,,,,,,,,,,30,None,,2.0,8.0,,,,,,,22.0,,,,80,0.15999999999999998
dt,False,210.8046875,CDK,stratified,homosapiens_cyp17a1,0.9340659340659341,0.9315984964057625,6259205,0.8144011991796337,0.9317735439545742,0.9340659340659341,,0.8540145985401459,0.840926252202366,5186461,0.6566105141007055,0.8361424463614244,0.8540145985401459,,0.847985347985348,0.8241758241758241,0.8681318681318682,0.8516483516483516,,,,,,,,,,None,sqrt,,2.0,4.0,,,,,,,22.0,,,,80,0.15999999999999998
knn,True,2323.818359375,CDK,stratified,homosapiens_cyp17a1,0.9876543209876543,0.9929742388758782,53515725,0.9423044179181723,0.9906542056074766,0.9953051643192489,0.9333333333333333,1.0,1.0,50648749,1.0,1.0,1.0,1.0,0.9711934156378601,0.9567901234567902,0.9876543209876543,0.9691358024691358,,auto,,,,,,10.0,,,,,,,,,-1.0,3.0,,1.0,,,,distance,90,0.15999999999999998
knn,False,2287.5205078125,CDK,stratified,homosapiens_cyp17a1,0.967032967032967,0.9660455889049726,54346324,0.9066690404451867,0.966205699218355,0.967032967032967,,0.9708029197080292,0.969972623569073,34953330,0.9343091970122112,0.9714533497145333,0.9708029197080292,,0.8663003663003663,0.8571428571428571,0.8846153846153846,0.8571428571428571,,auto,,,,,,10.0,,,,,,,,,-1.0,3.0,,1.0,,,,distance,80,0.15999999999999998
rf,True,1908.048828125,CDK,strict,homosapiens_cyp17a1,0.9736842105263158,0.9848661233993015,35658838,0.8884915575503409,0.9724137931034482,0.9976415094339622,0.8285714285714286,1.0,1.0,26207617,1.0,1.0,1.0,1.0,0.9609448457745672,0.9415204678362573,0.9766081871345029,0.9647058823529412,,,,,,,,,,10,None,,2.0,8.0,500.0,,,,True,,22.0,,True,,80,0.08999999999999998
rf,False,1571.642578125,CDK,strict,homosapiens_cyp17a1,0.9669260700389105,0.9658251527611573,15349327,0.8959180617964866,0.9672295410855656,0.9669260700389105,,0.9704142011834319,0.9705094872656876,10794261,0.9418418385677366,0.9711319847261491,0.9704142011834319,,0.8526377669056018,0.8351063829787234,0.8351063829787234,0.8877005347593583,,,,,,,,,,30,None,,1.0,2.0,100.0,,,,True,,22.0,,True,,90,0.15999999999999998
hgb,True,651.6806640625,CDK,strict,homosapiens_cyp17a1,0.9757085020242915,0.985981308411215,14566961,0.8973272461281868,0.9768518518518519,0.9952830188679245,0.8571428571428571,1.0,1.0,14858142,1.0,1.0,1.0,1.0,0.9570462102969843,0.9415204678362573,0.9649122807017544,0.9647058823529412,,,,,True,,0.1,,0.01,None,,1000.0,32.0,,,100.0,,,,,22.0,,True,,100,0.15999999999999998
hgb,False,3582.65234375,CDK,strict,homosapiens_cyp17a1,0.9649805447470817,0.9640798245938957,35288733,0.8897537570303583,0.9649223030574544,0.9649805447470817,,0.9644970414201184,0.9643986649954819,22868137,0.9298742429983535,0.9648112268942767,0.9644970414201184,,0.8508647172602116,0.8138297872340425,0.851063829787234,0.8877005347593583,,,,,True,,0.0,,0.01,None,,10000.0,16.0,,,100.0,,,,,22.0,,True,,80,0.08999999999999998
svm,True,1495.703125,CDK,strict,homosapiens_cyp17a1,0.9919028340080972,0.9953051643192489,41863580,0.9664602391503119,0.9906542056074766,1.0,0.9428571428571428,1.0,1.0,13361971,1.0,1.0,1.0,1.0,0.9668042655658754,0.9532163742690059,0.9766081871345029,0.9705882352941176,10.0,,0.1,3.0,,0.005,,,,,,,,,,,,,,,22.0,True,,,90,0.08999999999999998
svm,False,1526.4638671875,CDK,strict,homosapiens_cyp17a1,0.9513618677042801,0.9492339693071875,53081618,0.8449889386392551,0.9505638270233552,0.9513618677042801,,0.9467455621301775,0.9484403816267232,22372105,0.8985573656307088,0.9526926065387604,0.9467455621301775,,0.8561933477452878,0.8404255319148937,0.8351063829787234,0.893048128342246,10.0,,0.0,3.0,,0.005,,,,,,,,,,,,,,,22.0,True,,,80,0.15999999999999998
dt,True,203.689453125,CDK,strict,homosapiens_cyp17a1,0.9554655870445344,0.9744186046511628,6422254,0.8074863660906048,0.9610091743119266,0.9882075471698113,0.7571428571428571,0.9912280701754386,0.9951690821256038,6290610,0.9488675620705191,0.9903846153846154,1.0,0.9090909090909091,0.9570462102969843,0.9298245614035088,0.9766081871345029,0.9647058823529412,,,,,,,,,,30,log2,,2.0,2.0,,,,,,,22.0,,,,90,0.15999999999999998
dt,False,212.3681640625,CDK,strict,homosapiens_cyp17a1,0.9202334630350194,0.9147904412280561,6919769,0.7391295388890808,0.9152639611102701,0.9202334630350194,,0.9112426035502958,0.9081832478332184,5909877,0.8236221311826702,0.9095270949786,0.9112426035502958,,0.8454981605795123,0.8191489361702128,0.8563829787234043,0.8609625668449198,,,,,,,,,,30,sqrt,,1.0,8.0,,,,,,,22.0,,,,80,0.08999999999999998
knn,True,3996.7880859375,CDK,strict,homosapiens_cyp17a1,0.9817813765182186,0.9894982497082847,52710668,0.9237509065654022,0.9792147806004619,1.0,0.8714285714285714,1.0,1.0,32993657,1.0,1.0,1.0,1.0,0.9629170966632267,0.9473684210526315,0.9649122807017544,0.9764705882352941,,ball_tree,,,,,,40.0,,,,,,,,,-1.0,3.0,,1.0,,,,distance,80,0.15999999999999998
knn,False,4437.1630859375,CDK,strict,homosapiens_cyp17a1,0.9591439688715954,0.958299546195322,53109317,0.8714271568290427,0.9586693901708779,0.9591439688715954,,0.9704142011834319,0.970432211793993,33927651,0.9418418385677366,0.9709807765179118,0.9704142011834319,,0.8579569158417719,0.8404255319148937,0.8457446808510638,0.8877005347593583,,ball_tree,,,,,,20.0,,,,,,,,,-1.0,3.0,,1.0,,,,distance,80,0.15999999999999998
rf,True,994.5146484375,CDKgraphonly,random,homosapiens_cyp17a1,0.98559670781893,0.991715976331361,11286639,0.9375741292854776,0.9858823529411764,0.9976190476190476,0.9090909090909091,0.9918032786885246,0.9953488372093023,9381618,0.9616087343741692,0.9907407407407407,1.0,0.9333333333333333,0.9711934156378601,0.9814814814814815,0.9567901234567902,0.9753086419753086,,,,,,,,,,None,None,,1.0,2.0,100.0,,,,True,,22.0,,True,,90,0.15999999999999998
rf,False,1332.0625,CDKgraphonly,random,homosapiens_cyp17a1,0.9175824175824175,0.9136764754565704,12538013,0.7684804588908278,0.9136706594153402,0.9175824175824175,,0.927007299270073,0.9243281508032704,9658225,0.8067322216104801,0.9268235414220816,0.927007299270073,,0.8681318681318682,0.8846153846153846,0.8736263736263736,0.8461538461538461,,,,,,,,,,30,None,,1.0,8.0,100.0,,,,True,,22.0,,True,,90,0.15999999999999998
hgb,True,2200.80078125,CDKgraphonly,random,homosapiens_cyp17a1,0.9794238683127572,0.9882075471698113,28808564,0.910107504112853,0.9789719626168224,0.9976190476190476,0.8636363636363636,0.9836065573770492,0.9907407407407407,16638078,0.9223689749736185,0.981651376146789,1.0,0.8666666666666667,0.9691358024691358,0.9814814814814815,0.9629629629629629,0.9629629629629629,,,,,True,,0.1,,0.01,20,,1000.0,8.0,,,100.0,,,,,22.0,,True,,80,0.15999999999999998
hgb,False,2332.947265625,CDKgraphonly,random,homosapiens_cyp17a1,0.9358974358974359,0.9322722504003624,24746152,0.8215167943447184,0.9338369548755832,0.9358974358974359,,0.9197080291970803,0.9164257966077223,14196323,0.7861446714037409,0.9204819642775848,0.9197080291970803,,0.858974358974359,0.8681318681318682,0.8516483516483516,0.8571428571428571,,,,,True,,0.1,,0.01,10,,1000.0,8.0,,,100.0,,,,,22.0,,True,,80,0.15999999999999998
svm,True,704.28515625,CDKgraphonly,random,homosapiens_cyp17a1,0.9794238683127572,0.9882075471698113,13544523,0.910107504112853,0.9789719626168224,0.9976190476190476,0.8636363636363636,0.9754098360655737,0.986046511627907,7340112,0.8832934702929618,0.9814814814814815,0.9906542056074766,0.8666666666666667,0.9732510288065844,0.9814814814814815,0.9691358024691358,0.9691358024691358,100.0,,0.1,3.0,,0.001,,,,,,,,,,,,,,,22.0,True,,,80,0.08999999999999998
svm,False,744.8271484375,CDKgraphonly,random,homosapiens_cyp17a1,0.8901098901098901,0.8721398569487634,15670840,0.682427344141139,0.8841527176669105,0.8901098901098901,,0.8905109489051095,0.871217994578932,7537267,0.705979512721228,0.9043120897994235,0.8905109489051095,,0.8608058608058609,0.8736263736263736,0.8571428571428571,0.8516483516483516,100.0,,0.1,4.0,,0.001,,,,,,,,,,,,,,,22.0,False,,,80,0.15999999999999998
dt,True,204.126953125,CDKgraphonly,random,homosapiens_cyp17a1,0.9567901234567902,0.9755529685681025,5864705,0.8050876514464096,0.9544419134396356,0.9976190476190476,0.696969696969697,0.9590163934426229,0.9769585253456221,5096606,0.798328519114298,0.9636363636363636,0.9906542056074766,0.7333333333333333,0.9711934156378601,0.9814814814814815,0.9629629629629629,0.9691358024691358,,,,,,,,,,20,None,,4.0,3.0,,,,,,,22.0,,,,80,0.08999999999999998
dt,False,208.35546875,CDKgraphonly,random,homosapiens_cyp17a1,0.8882783882783882,0.8816547326616306,5492820,0.6908886814494362,0.8800988002822866,0.8882783882783882,,0.9051094890510949,0.8969814937698148,4983265,0.7455618147366381,0.9037336345730506,0.9051094890510949,,0.8461538461538463,0.8626373626373627,0.8461538461538461,0.8296703296703297,,,,,,,,,,30,None,,2.0,8.0,,,,,,,22.0,,,,90,0.15999999999999998
knn,True,947.541015625,CDKgraphonly,random,homosapiens_cyp17a1,0.9835390946502057,0.990521327014218,37827087,0.9286334004394453,0.9858490566037735,0.9952380952380953,0.9090909090909091,0.9918032786885246,0.9953488372093023,33635154,0.9616087343741692,0.9907407407407407,1.0,0.9333333333333333,0.9670781893004116,0.9814814814814815,0.9506172839506173,0.9691358024691358,,brute,,,,,,10.0,,,,,,,,,-1.0,3.0,,1.0,,,,distance,80,0.15999999999999998
knn,False,1638.0751953125,CDKgraphonly,random,homosapiens_cyp17a1,0.8992673992673993,0.895302001414745,50839035,0.717455651024209,0.8942003913704993,0.8992673992673993,,0.8832116788321168,0.8745483673227595,54503714,0.6796730189973899,0.8805303545219028,0.8832116788321168,,0.8498168498168499,0.8736263736263736,0.8351648351648352,0.8406593406593407,,auto,,,,,,40.0,,,,,,,,,-1.0,3.0,,2.0,,,,uniform,90,0.08999999999999998
rf,True,2804.5888671875,CDKgraphonly,stratified,homosapiens_cyp17a1,0.9897119341563786,0.9941656942823804,34529618,0.9518573856406263,0.988399071925754,1.0,0.9166666666666666,0.9918032786885246,0.9950738916256158,28855474,0.9711044661725919,0.9901960784313726,1.0,0.9523809523809523,0.9629629629629629,0.9629629629629629,0.9691358024691358,0.9567901234567902,,,,,,,,,,None,None,,1.0,2.0,500.0,,,,True,,22.0,,True,,90,0.15999999999999998
rf,False,9277.490234375,CDKgraphonly,stratified,homosapiens_cyp17a1,0.9560439560439561,0.955158424221425,46660903,0.8753921542026625,0.954914648298945,0.9560439560439561,,0.9197080291970803,0.917170822005685,30809983,0.8148651384555634,0.9209383360306503,0.9197080291970803,,0.847985347985348,0.8186813186813187,0.8516483516483516,0.8736263736263736,,,,,,,,,,None,log2,,1.0,3.0,500.0,,,,True,,22.0,,True,,90,0.08999999999999998
hgb,True,657.671875,CDKgraphonly,stratified,homosapiens_cyp17a1,0.9711934156378601,0.9837587006960556,18387847,0.861164226372394,0.9724770642201835,0.9953051643192489,0.8,0.9672131147540983,0.9805825242718447,157643641,0.8824311912303621,0.9619047619047619,1.0,0.8095238095238095,0.9670781893004116,0.9567901234567902,0.9753086419753086,0.9691358024691358,,,,,True,,0.01,,0.01,None,,10000.0,32.0,,,100.0,,,,,22.0,,True,,80,0.15999999999999998
hgb,False,1937.66015625,CDKgraphonly,stratified,homosapiens_cyp17a1,0.9487179487179487,0.9476909958011901,23768827,0.8538160890501558,0.9474787974088198,0.9487179487179487,,0.8978102189781022,0.896342905712118,15926818,0.7640854841500591,0.900644886967614,0.8978102189781022,,0.8498168498168498,0.8461538461538461,0.8461538461538461,0.8571428571428571,,,,,True,,0.01,,0.01,None,,1000.0,16.0,,,100.0,,,,,22.0,,True,,80,0.08999999999999998
svm,True,763.1484375,CDKgraphonly,stratified,homosapiens_cyp17a1,0.977366255144033,0.9871944121071012,16528510,0.8920969694667681,0.9792147806004619,0.9953051643192489,0.85,0.9754098360655737,0.9853658536585366,7724696,0.9123692138699018,0.9711538461538461,1.0,0.8571428571428571,0.9691358024691358,0.9567901234567902,0.9753086419753086,0.9753086419753086,10.0,,0.0,2.0,,0.005,,,,,,,,,,,,,,,22.0,False,,,80,0.08999999999999998
svm,False,807.7607421875,CDKgraphonly,stratified,homosapiens_cyp17a1,0.9560439560439561,0.9560744937322853,27158658,0.8782232530882638,0.9561212624258436,0.9560439560439561,,0.8905109489051095,0.8887989119765314,11703726,0.7464419985895884,0.8911237374263716,0.8905109489051095,,0.8516483516483516,0.8681318681318682,0.8186813186813187,0.8681318681318682,200.0,,0.0,2.0,,0.005,,,,,,,,,,,,,,,22.0,True,,,90,0.15999999999999998
dt,True,205.0751953125,CDKgraphonly,stratified,homosapiens_cyp17a1,0.977366255144033,0.9871645274212368,5491113,0.8926252871231686,0.9814385150812065,0.9929577464788732,0.8666666666666667,0.9918032786885246,0.9950738916256158,4997265,0.9711044661725919,0.9901960784313726,1.0,0.9523809523809523,0.95679012345679,0.9629629629629629,0.9629629629629629,0.9444444444444444,,,,,,,,,,20,None,,1.0,3.0,,,,,,,22.0,,,,90,0.15999999999999998
dt,False,213.4912109375,CDKgraphonly,stratified,homosapiens_cyp17a1,0.9065934065934066,0.9036921965971373,6005928,0.729153860360277,0.9024324663289053,0.9065934065934066,,0.9051094890510949,0.9025620874127707,5166606,0.7793022601966305,0.9072384428223844,0.9051094890510949,,0.8406593406593407,0.8241758241758241,0.8516483516483516,0.8461538461538461,,,,,,,,,,20,sqrt,,1.0,8.0,,,,,,,22.0,,,,80,0.08999999999999998
knn,True,2596.7734375,CDKgraphonly,stratified,homosapiens_cyp17a1,0.98559670781893,0.991812865497076,44127404,0.932386066526732,0.9883449883449883,0.9953051643192489,0.9166666666666666,0.9918032786885246,0.9950738916256158,31765842,0.9711044661725919,0.9901960784313726,1.0,0.9523809523809523,0.9588477366255145,0.9567901234567902,0.9629629629629629,0.9567901234567902,,ball_tree,,,,,,10.0,,,,,,,,,-1.0,3.0,,1.0,,,,distance,80,0.08999999999999998
knn,False,1638.0830078125,CDKgraphonly,stratified,homosapiens_cyp17a1,0.9120879120879121,0.9082734481478316,103581225,0.7418919432151834,0.9080353156376032,0.9120879120879121,,0.8540145985401459,0.8435546940148655,70381228,0.6495215247059246,0.8468157771378826,0.8540145985401459,,0.8388278388278388,0.8351648351648352,0.8241758241758241,0.8571428571428571,,auto,,,,,,20.0,,,,,,,,,-1.0,3.0,,2.0,,,,uniform,90,0.08999999999999998
rf,True,1239.82421875,CDKgraphonly,strict,homosapiens_cyp17a1,0.9757085020242915,0.986013986013986,11933995,0.897322339065735,0.9746543778801844,0.9976415094339622,0.8428571428571429,1.0,1.0,9505077,1.0,1.0,1.0,1.0,0.9589725948859075,0.9532163742690059,0.9707602339181286,0.9529411764705882,,,,,,,,,,10,sqrt,,1.0,3.0,100.0,,,,True,,22.0,,True,,80,0.15999999999999998
rf,False,10479.349609375,CDKgraphonly,strict,homosapiens_cyp17a1,0.9591439688715954,0.9583557367574255,69719880,0.872432531769818,0.9586789897453866,0.9591439688715954,,0.9349112426035503,0.9357364618696485,53213186,0.8749565632319211,0.9420055058064107,0.9349112426035503,,0.8490727045170098,0.8085106382978723,0.8617021276595744,0.8770053475935828,,,,,,,,,,None,None,,1.0,4.0,1000.0,,,,True,,22.0,,True,,90,0.08999999999999998
hgb,True,514.5732421875,CDKgraphonly,strict,homosapiens_cyp17a1,0.9392712550607287,0.9654377880184332,12664941,0.7296747900869995,0.9436936936936937,0.9882075471698113,0.6428571428571429,0.9912280701754386,0.9951690821256038,11087493,0.9488675620705191,0.9903846153846154,1.0,0.9090909090909091,0.9589840614608417,0.9532163742690059,0.9649122807017544,0.9588235294117647,,,,,True,,0.0,,0.01,None,,1000.0,64.0,,,100.0,,,,,22.0,,True,,80,0.08999999999999998
hgb,False,2553.2734375,CDKgraphonly,strict,homosapiens_cyp17a1,0.9591439688715954,0.9587337532246668,136634864,0.8730615189707424,0.9585042836849396,0.9591439688715954,,0.9230769230769231,0.9243996860642509,21199261,0.8506297077990758,0.9302492379415457,0.9230769230769231,,0.8650680775211438,0.8297872340425532,0.8670212765957447,0.8983957219251337,,,,,True,,0.1,,0.01,None,,10000.0,16.0,,,100.0,,,,,22.0,,True,,90,0.08999999999999998
svm,True,845.45703125,CDKgraphonly,strict,homosapiens_cyp17a1,0.979757085020243,0.9883177570093458,19459010,0.9148481812897411,0.9791666666666666,0.9976415094339622,0.8714285714285714,1.0,1.0,8963880,1.0,1.0,1.0,1.0,0.9629170966632267,0.9532163742690059,0.9590643274853801,0.9764705882352941,10.0,,0.0,2.0,,0.01,,,,,,,,,,,,,,,22.0,True,,,90,0.08999999999999998
svm,False,781.494140625,CDKgraphonly,strict,homosapiens_cyp17a1,0.9202334630350194,0.911362894861479,17985781,0.737229259841371,0.9149517504381203,0.9202334630350194,,0.8757396449704142,0.8742755969476617,9313493,0.7496913581294444,0.8755879229252009,0.8757396449704142,,0.8526377669056018,0.8351063829787234,0.8351063829787234,0.8877005347593583,10.0,,0.0,3.0,,0.01,,,,,,,,,,,,,,,22.0,True,,,80,0.15999999999999998
dt,True,210.076171875,CDKgraphonly,strict,homosapiens_cyp17a1,0.9696356275303644,0.9826187717265353,5504011,0.8711300454777524,0.9658314350797267,1.0,0.7857142857142857,1.0,1.0,5706697,1.0,1.0,1.0,1.0,0.9511638573558079,0.9532163742690059,0.9532163742690059,0.9470588235294117,,,,,,,,,,20,log2,,1.0,3.0,,,,,,,22.0,,,,80,0.15999999999999998
dt,False,211.3681640625,CDKgraphonly,strict,homosapiens_cyp17a1,0.8988326848249028,0.8798055224003367,5781921,0.6555065856278567,0.8968022693767069,0.8988326848249028,,0.8165680473372781,0.767469709777402,5180864,0.6303053726023947,0.8188341936296111,0.8165680473372781,,0.8525903591610725,0.8297872340425532,0.8670212765957447,0.8609625668449198,,,,,,,,,,10,sqrt,,1.0,3.0,,,,,,,22.0,,,,90,0.08999999999999998
knn,True,1503.849609375,CDKgraphonly,strict,homosapiens_cyp17a1,0.9615384615384616,0.9779326364692218,90633537,0.8343491601457858,0.9633867276887872,0.9929245283018868,0.7714285714285715,0.9824561403508771,0.9903846153846154,62481736,0.895878006537387,0.9809523809523809,1.0,0.8181818181818182,0.9531705079692695,0.9473684210526315,0.935672514619883,0.9764705882352941,,auto,,,,,,20.0,,,,,,,,,-1.0,3.0,,2.0,,,,uniform,80,0.08999999999999998
knn,False,2700.044921875,CDKgraphonly,strict,homosapiens_cyp17a1,0.9182879377431906,0.9127245939306119,65161944,0.7313186397754491,0.9132273739273757,0.9182879377431906,,0.8757396449704142,0.8747226559890948,45119337,0.7496562449516355,0.880302878347207,0.8757396449704142,,0.8472806917738082,0.824468085106383,0.851063829787234,0.8663101604278075,,kd_tree,,,,,,30.0,,,,,,,,,-1.0,3.0,,1.0,,,,uniform,80,0.08999999999999998
rf,True,1027.6376953125,KlekotaRothCount,random,homosapiens_cyp17a1,0.9835390946502057,0.9905660377358491,25093785,0.9286344475240471,0.9813084112149533,1.0,0.8787878787878788,0.9918032786885246,0.9953488372093023,23259198,0.9616087343741692,0.9907407407407407,1.0,0.9333333333333333,0.9609053497942387,0.9753086419753086,0.9567901234567902,0.9506172839506173,,,,,,,,,,None,None,,1.0,4.0,100.0,,,,True,,22.0,,True,,80,0.08999999999999998
rf,False,5073.9091796875,KlekotaRothCount,random,homosapiens_cyp17a1,0.9212454212454212,0.9149863272846139,56048545,0.7779974977063329,0.9199198288685625,0.9212454212454212,,0.9124087591240876,0.9032816718328166,44159004,0.7664763906380596,0.9144116506223774,0.9124087591240876,,0.8864468864468864,0.8901098901098901,0.9065934065934066,0.8626373626373627,,,,,,,,,,30,sqrt,,1.0,8.0,500.0,,,,True,,22.0,,True,,90,0.15999999999999998
hgb,True,1435.3818359375,KlekotaRothCount,random,homosapiens_cyp17a1,0.9835390946502057,0.9905660377358491,31703937,0.9286344475240471,0.9813084112149533,1.0,0.8787878787878788,0.9918032786885246,0.9953488372093023,26199517,0.9616087343741692,0.9907407407407407,1.0,0.9333333333333333,0.9526748971193415,0.9691358024691358,0.9382716049382716,0.9506172839506173,,,,,True,,0.1,,0.01,None,,99999999.0,8.0,,,100.0,,,,,22.0,,True,,80,0.15999999999999998
hgb,False,3130.41796875,KlekotaRothCount,random,homosapiens_cyp17a1,0.9487179487179487,0.9481254707733582,41185198,0.8606939644834288,0.9478507965942662,0.9487179487179487,,0.9416058394160584,0.9402472696087676,32333900,0.848059882314664,0.9401960115514928,0.9416058394160584,,0.8827838827838828,0.8791208791208791,0.8956043956043956,0.8736263736263736,,,,,True,,0.01,,0.01,50,,99999999.0,8.0,,,100.0,,,,,22.0,,True,,90,0.08999999999999998
svm,True,772.947265625,KlekotaRothCount,random,homosapiens_cyp17a1,0.977366255144033,0.9870435806831567,29810501,0.9008536321518552,0.9766899766899767,0.9976190476190476,0.8484848484848485,0.9754098360655737,0.9859154929577465,21546270,0.8897656044017801,0.9905660377358491,0.9813084112149533,0.9333333333333333,0.9588477366255145,0.9753086419753086,0.9444444444444444,0.9567901234567902,10.0,,0.0,2.0,,0.005,,,,,,,,,,,,,,,22.0,True,,,90,0.08999999999999998
svm,False,820.068359375,KlekotaRothCount,random,homosapiens_cyp17a1,0.9157509157509157,0.9105496364941754,34728363,0.7627080915792507,0.9108861352504906,0.9157509157509157,,0.9051094890510949,0.9016914823232886,23059963,0.7471192116786013,0.9058615350586154,0.9051094890510949,,0.891941391941392,0.9010989010989011,0.8956043956043956,0.8791208791208791,100.0,,0.5,3.0,,0.001,,,,,,,,,,,,,,,22.0,False,,,80,0.08999999999999998
dt,True,280.7060546875,KlekotaRothCount,random,homosapiens_cyp17a1,0.977366255144033,0.9870740305522914,19093704,0.9011464726653574,0.974477958236659,1.0,0.8333333333333334,0.9836065573770492,0.9907407407407407,18534273,0.9223689749736185,0.981651376146789,1.0,0.8666666666666667,0.9526748971193415,0.9506172839506173,0.9567901234567902,0.9506172839506173,,,,,,,,,,None,sqrt,,1.0,3.0,,,,,,,22.0,,,,100,0.08999999999999998
dt,False,279.8076171875,KlekotaRothCount,random,homosapiens_cyp17a1,0.8882783882783882,0.8733376164067695,19687733,0.6760987657903237,0.879737541730721,0.8882783882783882,,0.9051094890510949,0.8962088364896228,18657287,0.744760901826907,0.9032993849091001,0.9051094890510949,,0.8644688644688645,0.8901098901098901,0.8571428571428571,0.8461538461538461,,,,,,,,,,10,sqrt,,4.0,3.0,,,,,,,22.0,,,,90,0.08999999999999998
knn,True,1008.9150390625,KlekotaRothCount,random,homosapiens_cyp17a1,0.98559670781893,0.9917355371900827,49379541,0.9377017914968773,0.9836065573770492,1.0,0.8939393939393939,0.9836065573770492,0.9907407407407407,52719466,0.9223689749736185,0.981651376146789,1.0,0.8666666666666667,0.9691358024691358,0.9876543209876543,0.9444444444444444,0.9753086419753086,,brute,,,,,,50.0,,,,,,,,,-1.0,3.0,,2.0,,,,distance,90,0.15999999999999998
knn,False,1249.390625,KlekotaRothCount,random,homosapiens_cyp17a1,0.8937728937728938,0.8878575783655688,78785567,0.7013297149632908,0.8857543107477985,0.8937728937728938,,0.8978102189781022,0.8907755614607511,42186887,0.7229596912964465,0.8953235253861829,0.8978102189781022,,0.868131868131868,0.8846153846153846,0.9010989010989011,0.8186813186813187,,brute,,,,,,20.0,,,,,,,,,-1.0,3.0,,1.0,,,,uniform,90,0.08999999999999998
rf,True,1227.322265625,KlekotaRothCount,stratified,homosapiens_cyp17a1,0.98559670781893,0.991812865497076,25624117,0.932386066526732,0.9883449883449883,0.9953051643192489,0.9166666666666666,0.9918032786885246,0.9950738916256158,24269459,0.9711044661725919,0.9901960784313726,1.0,0.9523809523809523,0.9650205761316872,0.9567901234567902,0.9691358024691358,0.9691358024691358,,,,,,,,,,10,sqrt,,1.0,2.0,100.0,,,,True,,22.0,,True,,90,0.15999999999999998
rf,False,9298.0,KlekotaRothCount,stratified,homosapiens_cyp17a1,0.9487179487179487,0.9462784700741343,86665152,0.8524645218617256,0.9472024181219924,0.9487179487179487,,0.8978102189781022,0.8893874338056389,66603623,0.7611177399782166,0.8902826201987547,0.8978102189781022,,0.8663003663003663,0.8461538461538461,0.8791208791208791,0.8736263736263736,,,,,,,,,,None,None,,2.0,3.0,1000.0,,,,True,,22.0,,True,,80,0.15999999999999998
hgb,True,1558.33984375,KlekotaRothCount,stratified,homosapiens_cyp17a1,0.9814814814814815,0.9894490035169988,83504774,0.9138614983325815,0.9882903981264637,0.9906103286384976,0.9166666666666666,0.9918032786885246,0.9950248756218906,30709619,0.9721597139621376,1.0,0.9900990099009901,1.0,0.9629629629629631,0.9567901234567902,0.9814814814814815,0.9506172839506173,,,,,True,,0.01,,0.01,20,,10000.0,16.0,,,100.0,,,,,22.0,,True,,80,0.08999999999999998
hgb,False,3304.8427734375,KlekotaRothCount,stratified,homosapiens_cyp17a1,0.9578754578754579,0.9567104808052063,39497511,0.8797975623079157,0.9569201654056648,0.9578754578754579,,0.9197080291970803,0.9169637907080994,31907637,0.8143244097380559,0.9186973610331275,0.9197080291970803,,0.8534798534798536,0.8461538461538461,0.8681318681318682,0.8461538461538461,,,,,True,,0.0,,0.01,50,,1000.0,8.0,,,100.0,,,,,22.0,,True,,80,0.15999999999999998
svm,True,744.693359375,KlekotaRothCount,stratified,homosapiens_cyp17a1,0.9732510288065843,0.9848308051341891,29083031,0.8728812542840161,0.9791183294663574,0.9906103286384976,0.85,0.9590163934426229,0.9753694581280788,21368855,0.8538027385755066,0.9705882352941176,0.9801980198019802,0.8571428571428571,0.9691358024691358,0.9691358024691358,0.9753086419753086,0.9629629629629629,10.0,,0.1,4.0,,0.001,,,,,,,,,,,,,,,22.0,True,,,80,0.08999999999999998
svm,False,917.8408203125,KlekotaRothCount,stratified,homosapiens_cyp17a1,0.9432234432234432,0.9399125733147633,42962266,0.8359082849971291,0.9417654661227581,0.9432234432234432,,0.8613138686131386,0.8470108454741571,24460418,0.6676251971368267,0.851508645926851,0.8613138686131386,,0.8772893772893773,0.8516483516483516,0.9010989010989011,0.8791208791208791,10.0,,0.5,4.0,,0.01,,,,,,,,,,,,,,,22.0,True,,,80,0.08999999999999998
dt,True,280.41015625,KlekotaRothCount,stratified,homosapiens_cyp17a1,0.9814814814814815,0.9894242068155111,19325845,0.9150856360906258,0.9905882352941177,0.9882629107981221,0.9333333333333333,0.9754098360655737,0.9850746268656716,18683740,0.9156818639129086,0.99,0.9801980198019802,0.9523809523809523,0.9547325102880659,0.9506172839506173,0.9753086419753086,0.9382716049382716,,,,,,,,,,10,sqrt,,1.0,2.0,,,,,,,22.0,,,,90,0.08999999999999998
dt,False,296.6162109375,KlekotaRothCount,stratified,homosapiens_cyp17a1,0.9542124542124543,0.9531091725570634,19425909,0.870820947199116,0.9538978873901837,0.9542124542124543,,0.9343065693430657,0.9293572875733369,19060064,0.8503717031290129,0.9334465053053389,0.9343065693430657,,0.8608058608058609,0.8626373626373627,0.8901098901098901,0.8296703296703297,,,,,,,,,,30,sqrt,,1.0,2.0,,,,,,,22.0,,,,80,0.15999999999999998
knn,True,1262.1083984375,KlekotaRothCount,stratified,homosapiens_cyp17a1,0.9876543209876543,0.9929577464788732,46575818,0.9429577464788732,0.9929577464788732,0.9929577464788732,0.95,0.9836065573770492,0.9900990099009901,46870188,0.9424799622819425,0.9900990099009901,0.9900990099009901,0.9523809523809523,0.9670781893004116,0.9629629629629629,0.9814814814814815,0.9567901234567902,,kd_tree,,,,,,10.0,,,,,,,,,-1.0,3.0,,1.0,,,,distance,80,0.08999999999999998
knn,False,1093.322265625,KlekotaRothCount,stratified,homosapiens_cyp17a1,0.9633699633699634,0.9624774933348214,47263356,0.8963324109457332,0.9624407702389354,0.9633699633699634,,0.9343065693430657,0.9326108927568783,35462348,0.849619132843016,0.9332331472735079,0.9343065693430657,,0.8626373626373627,0.8131868131868132,0.9010989010989011,0.8736263736263736,,ball_tree,,,,,,20.0,,,,,,,,,-1.0,7.0,,1.0,,,,distance,90,0.15999999999999998
rf,True,1250.767578125,KlekotaRothCount,strict,homosapiens_cyp17a1,0.9858299595141701,0.9917936694021102,25335663,0.9408205712136714,0.986013986013986,0.9976415094339622,0.9142857142857143,0.9912280701754386,0.9951219512195122,23354809,0.9527680674179116,1.0,0.9902912621359223,1.0,0.9570576768719183,0.9298245614035088,0.9707602339181286,0.9705882352941176,,,,,,,,,,10,sqrt,,1.0,2.0,100.0,,,,True,,22.0,,True,,80,0.08999999999999998
rf,False,1997.16796875,KlekotaRothCount,strict,homosapiens_cyp17a1,0.9416342412451362,0.9371663119789355,26162875,0.8117383823243581,0.9401888956328417,0.9416342412451362,,0.9585798816568047,0.9575408397270745,23787118,0.9185592573014606,0.960181392134055,0.9585798816568047,,0.8721792392005159,0.851063829787234,0.8563829787234043,0.9090909090909091,,,,,,,,,,20,sqrt,,1.0,4.0,100.0,,,,True,,22.0,,True,,100,0.15999999999999998
hgb,True,842.5908203125,KlekotaRothCount,strict,homosapiens_cyp17a1,0.9777327935222672,0.9871043376318874,28197835,0.9064774571828169,0.9813519813519813,0.9929245283018868,0.8857142857142857,0.9824561403508771,0.9901960784313726,24242229,0.9108916919062707,1.0,0.9805825242718447,1.0,0.9531475748194015,0.9415204678362573,0.9532163742690059,0.9647058823529412,,,,,True,,0.1,,0.01,50,,1000.0,16.0,,,100.0,,,,,22.0,,True,,80,0.15999999999999998
hgb,False,2182.8623046875,KlekotaRothCount,strict,homosapiens_cyp17a1,0.943579766536965,0.9408186401004222,39484652,0.8191071294600081,0.9415856814351147,0.943579766536965,,0.9526627218934911,0.9522363273214192,30999238,0.9062806218536452,0.9538976074093131,0.9526627218934911,,0.8721507945537983,0.8404255319148937,0.8829787234042553,0.893048128342246,,,,,True,,0.1,,0.01,20,,99999999.0,16.0,,,100.0,,,,,22.0,,True,,90,0.15999999999999998
svm,True,658.251953125,KlekotaRothCount,strict,homosapiens_cyp17a1,0.979757085020243,0.9882903981264637,21933448,0.9149182976019801,0.9813953488372092,0.9952830188679245,0.8857142857142857,0.9649122807017544,0.9801980198019802,19356093,0.8395560546693942,1.0,0.9611650485436893,1.0,0.955119825708061,0.9473684210526315,0.9415204678362573,0.9764705882352941,200.0,,0.1,3.0,,0.001,,,,,,,,,,,,,,,22.0,False,,,80,0.15999999999999998
svm,False,829.724609375,KlekotaRothCount,strict,homosapiens_cyp17a1,0.9241245136186771,0.9143569467140111,34776915,0.7502498427683416,0.9204187511580507,0.9241245136186771,,0.9230769230769231,0.9214597984838409,23806708,0.8460334186176571,0.9249246680920888,0.9230769230769231,,0.8703872264573141,0.8457446808510638,0.8670212765957447,0.8983957219251337,200.0,,0.5,3.0,,0.001,,,,,,,,,,,,,,,22.0,True,,,80,0.08999999999999998
dt,True,281.48828125,KlekotaRothCount,strict,homosapiens_cyp17a1,0.979757085020243,0.9883449883449883,19528635,0.9150918105440672,0.9769585253456221,1.0,0.8571428571428571,0.9824561403508771,0.9901960784313726,18526098,0.9108916919062707,1.0,0.9805825242718447,1.0,0.9492145396170164,0.9415204678362573,0.9590643274853801,0.9470588235294117,,,,,,,,,,20,sqrt,,1.0,3.0,,,,,,,22.0,,,,80,0.08999999999999998
dt,False,283.0107421875,KlekotaRothCount,strict,homosapiens_cyp17a1,0.9163424124513618,0.9073119660352096,19179955,0.7222092304746688,0.9141584790832498,0.9163424124513618,,0.9112426035502958,0.9078968368909197,18031290,0.8215605051341999,0.910552268244576,0.9112426035502958,,0.854344445708651,0.8563829787234043,0.8563829787234043,0.8502673796791443,,,,,,,,,,10,sqrt,,1.0,8.0,,,,,,,22.0,,,,80,0.15999999999999998
knn,True,1067.8076171875,KlekotaRothCount,strict,homosapiens_cyp17a1,0.9817813765182186,0.9894242068155111,46041243,0.924035282624172,0.9859484777517564,0.9929245283018868,0.9142857142857143,0.9824561403508771,0.9901960784313726,48462899,0.9108916919062707,1.0,0.9805825242718447,1.0,0.9609563123495012,0.9415204678362573,0.9707602339181286,0.9705882352941176,,ball_tree,,,,,,30.0,,,,,,,,,-1.0,9.0,,1.0,,,,distance,90,0.15999999999999998
knn,False,1067.5751953125,KlekotaRothCount,strict,homosapiens_cyp17a1,0.9182879377431906,0.9132427376218999,73534547,0.7324520797158,0.9138803536347365,0.9182879377431906,,0.893491124260355,0.8904132474524347,58899485,0.7847926874194914,0.8937869822485208,0.893491124260355,,0.8650206697766146,0.8670212765957447,0.8563829787234043,0.8716577540106952,,kd_tree,,,,,,20.0,,,,,,,,,-1.0,3.0,,1.0,,,,uniform,80,0.15999999999999998
rf,True,1030.685546875,KlekotaRoth,random,homosapiens_cyp17a1,0.98559670781893,0.9917355371900827,24846717,0.9377017914968773,0.9836065573770492,1.0,0.8939393939393939,0.9836065573770492,0.9906542056074766,23259201,0.92398753894081,0.9906542056074766,0.9906542056074766,0.9333333333333333,0.9691358024691358,0.9814814814814815,0.9567901234567902,0.9691358024691358,,,,,,,,,,10,None,,1.0,4.0,100.0,,,,True,,22.0,,True,,80,0.08999999999999998
rf,False,5177.2802734375,KlekotaRoth,random,homosapiens_cyp17a1,0.9358974358974359,0.9325089747296661,52195099,0.8225885185087173,0.9330125633005556,0.9358974358974359,,0.927007299270073,0.9216816309429984,41618624,0.8084037152222411,0.9334101677551543,0.927007299270073,,0.8736263736263736,0.8901098901098901,0.8901098901098901,0.8406593406593407,,,,,,,,,,None,None,,2.0,4.0,500.0,,,,True,,22.0,,True,,90,0.08999999999999998
hgb,True,1961.083984375,KlekotaRoth,random,homosapiens_cyp17a1,0.9814814814814815,0.9893491124260355,36220216,0.9194448610896973,0.9835294117647059,0.9952380952380953,0.8939393939393939,0.9918032786885246,0.9953488372093023,25313506,0.9616087343741692,0.9907407407407407,1.0,0.9333333333333333,0.9547325102880659,0.9629629629629629,0.9567901234567902,0.9444444444444444,,,,,True,,0.0,,0.01,20,,99999999.0,8.0,,,100.0,,,,,22.0,,True,,90,0.15999999999999998
hgb,False,1433.4794921875,KlekotaRoth,random,homosapiens_cyp17a1,0.9010989010989011,0.8961017700529712,38380312,0.7215674528213066,0.8946880506777759,0.9010989010989011,,0.9124087591240876,0.9065481257616882,29764920,0.7653372293440723,0.9150940784556184,0.9124087591240876,,0.86996336996337,0.8736263736263736,0.8901098901098901,0.8461538461538461,,,,,True,,0.0,,0.01,None,,10000.0,32.0,,,100.0,,,,,22.0,,True,,80,0.08999999999999998
svm,True,631.998046875,KlekotaRoth,random,homosapiens_cyp17a1,0.9876543209876543,0.9928909952606635,22009090,0.9466370637797026,0.9882075471698113,0.9976190476190476,0.9242424242424242,0.9918032786885246,0.9953488372093023,19168050,0.9616087343741692,0.9907407407407407,1.0,0.9333333333333333,0.9670781893004116,0.9814814814814815,0.9629629629629629,0.9567901234567902,200.0,,0.0,2.0,,0.005,,,,,,,,,,,,,,,22.0,False,,,80,0.08999999999999998
svm,False,735.220703125,KlekotaRoth,random,homosapiens_cyp17a1,0.9084249084249084,0.9021095187454635,27481240,0.7419439794553218,0.901153543329482,0.9084249084249084,,0.9197080291970803,0.9161687340250919,21232062,0.7876342110299074,0.9160252546845997,0.9197080291970803,,0.8717948717948718,0.8736263736263736,0.8846153846153846,0.8571428571428571,100.0,,0.0,2.0,,0.005,,,,,,,,,,,,,,,22.0,True,,,80,0.08999999999999998
dt,True,276.1552734375,KlekotaRoth,random,homosapiens_cyp17a1,0.9732510288065843,0.984759671746776,19386277,0.8825649257731201,0.9699769053117783,1.0,0.803030303030303,0.9836065573770492,0.9906542056074766,18523557,0.92398753894081,0.9906542056074766,0.9906542056074766,0.9333333333333333,0.9526748971193415,0.9753086419753086,0.9444444444444444,0.9382716049382716,,,,,,,,,,None,sqrt,,1.0,3.0,,,,,,,22.0,,,,90,0.08999999999999998
dt,False,278.748046875,KlekotaRoth,random,homosapiens_cyp17a1,0.8717948717948718,0.8632938244188951,19406208,0.6369008985758655,0.860056560606011,0.8717948717948718,,0.9124087591240876,0.9031198709072568,18585779,0.7658936876487354,0.9115702882510411,0.9124087591240876,,0.8534798534798534,0.8791208791208791,0.8571428571428571,0.8241758241758241,,,,,,,,,,None,sqrt,,2.0,3.0,,,,,,,22.0,,,,80,0.08999999999999998
knn,True,863.4658203125,KlekotaRoth,random,homosapiens_cyp17a1,0.9917695473251029,0.995260663507109,52417327,0.96464072711996,0.9905660377358491,1.0,0.9393939393939394,0.9918032786885246,0.9953488372093023,37727817,0.9616087343741692,0.9907407407407407,1.0,0.9333333333333333,0.9629629629629629,0.9753086419753086,0.9444444444444444,0.9691358024691358,,auto,,,,,,20.0,,,,,,,,,-1.0,5.0,,1.0,,,,distance,80,0.08999999999999998
knn,False,898.51953125,KlekotaRoth,random,homosapiens_cyp17a1,0.9102564102564102,0.9036527563960174,143121684,0.7479560218578851,0.9065054459609343,0.9102564102564102,,0.8978102189781022,0.8924992805378961,64558093,0.7238925496863292,0.8970992511138497,0.8978102189781022,,0.86996336996337,0.8846153846153846,0.8956043956043956,0.8296703296703297,,brute,,,,,,50.0,,,,,,,,,-1.0,3.0,,2.0,,,,uniform,80,0.08999999999999998
rf,True,1253.201171875,KlekotaRoth,stratified,homosapiens_cyp17a1,0.9876543209876543,0.9929906542056075,26150820,0.9419981423604644,0.9883720930232558,0.9976525821596244,0.9166666666666666,0.9754098360655737,0.9853658536585366,23739155,0.9123692138699018,0.9711538461538461,1.0,0.8571428571428571,0.9629629629629631,0.9506172839506173,0.9814814814814815,0.9567901234567902,,,,,,,,,,30,sqrt,,1.0,4.0,100.0,,,,True,,22.0,,True,,90,0.08999999999999998
rf,False,1734.81640625,KlekotaRoth,stratified,homosapiens_cyp17a1,0.9358974358974359,0.9300166491849807,26010137,0.8143747306474987,0.9348022264914333,0.9358974358974359,,0.8832116788321168,0.8700718395774957,23186239,0.7267317088861752,0.890446353594729,0.8832116788321168,,0.8663003663003663,0.8186813186813187,0.9065934065934066,0.8736263736263736,,,,,,,,,,10,sqrt,,1.0,4.0,100.0,,,,True,,22.0,,True,,100,0.08999999999999998
hgb,True,2654.365234375,KlekotaRoth,stratified,homosapiens_cyp17a1,0.9876543209876543,0.9929411764705882,41540323,0.9439288806003446,0.9952830188679245,0.9906103286384976,0.9666666666666667,0.9754098360655737,0.9849246231155779,40238141,0.9214173326946368,1.0,0.9702970297029703,1.0,0.9609053497942387,0.9444444444444444,0.9814814814814815,0.9567901234567902,,,,,True,,0.0,,0.01,50,,1000.0,16.0,,,100.0,,,,,22.0,,True,,90,0.08999999999999998
hgb,False,3292.1025390625,KlekotaRoth,stratified,homosapiens_cyp17a1,0.9304029304029304,0.9287258987904673,205475085,0.8029662481455552,0.9280325094381529,0.9304029304029304,,0.8759124087591241,0.8649915777653004,32603361,0.7050546501603787,0.8716655607166557,0.8759124087591241,,0.8534798534798536,0.8406593406593407,0.8681318681318682,0.8516483516483516,,,,,True,,0.0,,0.01,None,,99999999.0,8.0,,,100.0,,,,,22.0,,True,,80,0.15999999999999998
svm,True,613.7509765625,KlekotaRoth,stratified,homosapiens_cyp17a1,0.9814814814814815,0.9894982497082847,20952981,0.9123693199623212,0.9837587006960556,0.9953051643192489,0.8833333333333333,0.9836065573770492,0.9901960784313726,19061631,0.9419096094830071,0.9805825242718447,1.0,0.9047619047619048,0.9650205761316872,0.9691358024691358,0.9753086419753086,0.9506172839506173,100.0,,0.0,2.0,,0.01,,,,,,,,,,,,,,,22.0,False,,,90,0.15999999999999998
svm,False,655.412109375,KlekotaRoth,stratified,homosapiens_cyp17a1,0.9230769230769231,0.9133675018744005,24444858,0.7749021101240324,0.9213516031880121,0.9230769230769231,,0.8613138686131386,0.8359557353800572,20120892,0.6687072091146682,0.8432943673051241,0.8613138686131386,,0.8626373626373627,0.8296703296703297,0.8956043956043956,0.8626373626373627,100.0,,0.0,3.0,,0.01,,,,,,,,,,,,,,,22.0,False,,,90,0.15999999999999998
dt,True,278.3896484375,KlekotaRoth,stratified,homosapiens_cyp17a1,0.977366255144033,0.9870435806831567,19129946,0.8979716096220103,0.9905437352245863,0.9835680751173709,0.9333333333333333,0.9918032786885246,0.9950738916256158,18349607,0.9711044661725919,0.9901960784313726,1.0,0.9523809523809523,0.9506172839506174,0.9629629629629629,0.9444444444444444,0.9444444444444444,,,,,,,,,,None,log2,,1.0,2.0,,,,,,,22.0,,,,80,0.08999999999999998
dt,False,282.3427734375,KlekotaRoth,stratified,homosapiens_cyp17a1,0.9084249084249084,0.8962022971569035,19473432,0.7275697295153373,0.9063296441400264,0.9084249084249084,,0.8686131386861314,0.8406739814439078,18608759,0.6908216377782644,0.8648098348059932,0.8686131386861314,,0.8443223443223443,0.8241758241758241,0.8901098901098901,0.8186813186813187,,,,,,,,,,10,log2,,1.0,3.0,,,,,,,22.0,,,,80,0.08999999999999998
knn,True,832.37109375,KlekotaRoth,stratified,homosapiens_cyp17a1,0.9876543209876543,0.9929577464788732,46633108,0.9429577464788732,0.9929577464788732,0.9929577464788732,0.95,0.9918032786885246,0.9950738916256158,35673552,0.9711044661725919,0.9901960784313726,1.0,0.9523809523809523,0.9670781893004116,0.9629629629629629,0.9753086419753086,0.9629629629629629,,ball_tree,,,,,,30.0,,,,,,,,,-1.0,5.0,,1.0,,,,distance,90,0.15999999999999998
knn,False,1414.7216796875,KlekotaRoth,stratified,homosapiens_cyp17a1,0.924908424908425,0.9220232749861832,78808078,0.7835970180767308,0.9219799808035102,0.924908424908425,,0.8467153284671532,0.8342036309189594,42467819,0.6297241864661133,0.8382216323822164,0.8467153284671532,,0.8663003663003663,0.8241758241758241,0.9120879120879121,0.8626373626373627,,ball_tree,,,,,,10.0,,,,,,,,,-1.0,3.0,,1.0,,,,uniform,90,0.08999999999999998
rf,True,2341.490234375,KlekotaRoth,strict,homosapiens_cyp17a1,0.9757085020242915,0.9859484777517564,45196579,0.8976332418036254,0.9790697674418605,0.9929245283018868,0.8714285714285714,0.9912280701754386,0.9951219512195122,39432222,0.9527680674179116,1.0,0.9902912621359223,1.0,0.9668271987157436,0.9590643274853801,0.9590643274853801,0.9823529411764705,,,,,,,,,,None,None,,1.0,8.0,500.0,,,,True,,22.0,,True,,80,0.08999999999999998
rf,False,1894.6337890625,KlekotaRoth,strict,homosapiens_cyp17a1,0.943579766536965,0.9412023097015764,25716622,0.8193284569500885,0.9415924354568203,0.943579766536965,,0.9230769230769231,0.9222192010863899,23588016,0.8481630904036865,0.9279533930305317,0.9230769230769231,,0.866784237873099,0.8670212765957447,0.8670212765957447,0.8663101604278075,,,,,,,,,,20,None,,1.0,3.0,100.0,,,,True,,22.0,,True,,80,0.15999999999999998
hgb,True,930.7880859375,KlekotaRoth,strict,homosapiens_cyp17a1,0.9757085020242915,0.9859484777517564,27500446,0.8976332418036254,0.9790697674418605,0.9929245283018868,0.8714285714285714,0.9824561403508771,0.9901960784313726,24611047,0.9108916919062707,1.0,0.9805825242718447,1.0,0.9629285632381608,0.935672514619883,0.9707602339181286,0.9823529411764705,,,,,True,,0.01,,0.01,None,,99999999.0,8.0,,,100.0,,,,,22.0,,True,,90,0.08999999999999998
hgb,False,2002.4248046875,KlekotaRoth,strict,homosapiens_cyp17a1,0.9163424124513618,0.9075745001787638,54896218,0.722870678493834,0.9138895568282838,0.9163424124513618,,0.8816568047337278,0.8762912446093672,47777909,0.759873128900057,0.8858224852071006,0.8816568047337278,,0.854458224295521,0.8138297872340425,0.8351063829787234,0.9144385026737968,,,,,True,,0.01,,0.01,10,,1000.0,64.0,,,100.0,,,,,22.0,,True,,90,0.08999999999999998
svm,True,662.798828125,KlekotaRoth,strict,homosapiens_cyp17a1,0.9676113360323887,0.9812646370023419,22733796,0.863063130206916,0.9744186046511628,0.9882075471698113,0.8428571428571429,0.9824561403508771,0.9901960784313726,19463189,0.9108916919062707,1.0,0.9805825242718447,1.0,0.9629056300882927,0.9473684210526315,0.9707602339181286,0.9705882352941176,10.0,,0.0,3.0,,0.01,,,,,,,,,,,,,,,22.0,False,,,90,0.08999999999999998
svm,False,654.345703125,KlekotaRoth,strict,homosapiens_cyp17a1,0.9105058365758755,0.8993077967582874,24699016,0.7029463058669652,0.908975781979823,0.9105058365758755,,0.8579881656804734,0.8471150063683054,20400669,0.7092484456351702,0.858390619561434,0.8579881656804734,,0.8668126825198165,0.8457446808510638,0.8723404255319149,0.8823529411764706,100.0,,0.0,3.0,,0.01,,,,,,,,,,,,,,,22.0,False,,,80,0.15999999999999998
dt,True,276.3203125,KlekotaRoth,strict,homosapiens_cyp17a1,0.9736842105263158,0.9848308051341891,18486703,0.8884637933699716,0.9745958429561201,0.9952830188679245,0.8428571428571429,0.9736842105263158,0.9853658536585366,18356822,0.8559627557551291,0.9901960784313726,0.9805825242718447,0.9090909090909091,0.9531361082444674,0.9415204678362573,0.9590643274853801,0.9588235294117647,,,,,,,,,,20,sqrt,,1.0,3.0,,,,,,,22.0,,,,80,0.08999999999999998
dt,False,280.279296875,KlekotaRoth,strict,homosapiens_cyp17a1,0.9182879377431906,0.9131820336354256,19066695,0.7339064841708519,0.9143456521080492,0.9182879377431906,,0.9053254437869822,0.9032795592419375,18807278,0.8099457151122732,0.906260563040224,0.9053254437869822,,0.8525903591610726,0.8404255319148937,0.8563829787234043,0.8609625668449198,,,,,,,,,,10,None,,1.0,4.0,,,,,,,22.0,,,,80,0.15999999999999998
knn,True,1286.42578125,KlekotaRoth,strict,homosapiens_cyp17a1,0.9433198380566802,0.9672131147540983,84122700,0.7593527954167879,0.9604651162790697,0.9740566037735849,0.7571428571428571,0.9824561403508771,0.9901960784313726,46774920,0.9108916919062707,1.0,0.9805825242718447,1.0,0.9648549478270841,0.9473684210526315,0.9766081871345029,0.9705882352941176,,ball_tree,,,,,,30.0,,,,,,,,,-1.0,7.0,,1.0,,,,uniform,80,0.08999999999999998
knn,False,1458.083984375,KlekotaRoth,strict,homosapiens_cyp17a1,0.9241245136186771,0.9189766325936365,77871834,0.7550544302495851,0.9216169329217642,0.9241245136186771,,0.893491124260355,0.8913012483404357,61774152,0.7847926874194914,0.8957100591715978,0.893491124260355,,0.8614745704858345,0.851063829787234,0.8617021276595744,0.8716577540106952,,kd_tree,,,,,,20.0,,,,,,,,,-1.0,3.0,,2.0,,,,uniform,90,0.08999999999999998
rf,True,998.62890625,MACCS,random,homosapiens_cyp17a1,0.9794238683127572,0.9881796690307328,7769596,0.9102077463836117,0.9812206572769953,0.9952380952380953,0.8787878787878788,0.9836065573770492,0.9907407407407407,6466139,0.9223689749736185,0.981651376146789,1.0,0.8666666666666667,0.9629629629629629,0.9814814814814815,0.9444444444444444,0.9629629629629629,,,,,,,,,,20,None,,1.0,4.0,100.0,,,,True,,22.0,,True,,80,0.08999999999999998
rf,False,2099.048828125,MACCS,random,homosapiens_cyp17a1,0.9413919413919414,0.9400246776282627,9175870,0.8386900780637057,0.9399500954478182,0.9413919413919414,,0.9416058394160584,0.9386034024237245,6602087,0.8472347564759545,0.9431435927786294,0.9416058394160584,,0.86996336996337,0.8791208791208791,0.8846153846153846,0.8461538461538461,,,,,,,,,,None,sqrt,,1.0,3.0,100.0,,,,True,,22.0,,True,,100,0.15999999999999998
hgb,True,1571.25,MACCS,random,homosapiens_cyp17a1,0.9794238683127572,0.9882352941176471,9106257,0.9103585242672971,0.9767441860465116,1.0,0.8484848484848485,0.9918032786885246,0.9953488372093023,6429629,0.9616087343741692,0.9907407407407407,1.0,0.9333333333333333,0.95679012345679,0.9691358024691358,0.9506172839506173,0.9506172839506173,,,,,True,,0.0,,0.01,20,,1000.0,8.0,,,100.0,,,,,22.0,,True,,80,0.15999999999999998
hgb,False,2350.34765625,MACCS,random,homosapiens_cyp17a1,0.9432234432234432,0.9418946005412171,19177177,0.8446977841457457,0.9414549986820459,0.9432234432234432,,0.948905109489051,0.9465993587557133,10894405,0.8670212974863223,0.9502512086453692,0.948905109489051,,0.8772893772893773,0.8791208791208791,0.8901098901098901,0.8626373626373627,,,,,True,,0.1,,0.01,None,,1000.0,8.0,,,100.0,,,,,22.0,,True,,100,0.08999999999999998
svm,True,544.673828125,MACCS,random,homosapiens_cyp17a1,0.9876543209876543,0.9929078014184397,4691567,0.9467242532964757,0.9859154929577465,1.0,0.9090909090909091,0.9836065573770492,0.9906542056074766,2552950,0.92398753894081,0.9906542056074766,0.9906542056074766,0.9333333333333333,0.9670781893004116,0.9814814814814815,0.9567901234567902,0.9629629629629629,200.0,,0.1,2.0,,0.005,,,,,,,,,,,,,,,22.0,False,,,80,0.08999999999999998
svm,False,599.6513671875,MACCS,random,homosapiens_cyp17a1,0.9194139194139194,0.9161941106788711,9919923,0.7777171425919785,0.9151161384470261,0.9194139194139194,,0.8978102189781022,0.8838283429084097,3617223,0.7241368337914244,0.8982417029233037,0.8978102189781022,,0.858974358974359,0.8681318681318682,0.8626373626373627,0.8461538461538461,100.0,,0.0,2.0,,0.01,,,,,,,,,,,,,,,22.0,True,,,90,0.15999999999999998
dt,True,186.5908203125,MACCS,random,homosapiens_cyp17a1,0.9588477366255144,0.9764150943396226,2066023,0.8174727870568829,0.9672897196261683,0.9857142857142858,0.7878787878787878,0.9754098360655737,0.986046511627907,1812151,0.8832934702929618,0.9814814814814815,0.9906542056074766,0.8666666666666667,0.95679012345679,0.9753086419753086,0.9506172839506173,0.9444444444444444,,,,,,,,,,10,sqrt,,1.0,8.0,,,,,,,22.0,,,,90,0.08999999999999998
dt,False,196.75390625,MACCS,random,homosapiens_cyp17a1,0.9084249084249084,0.9093514603868662,1887160,0.756317893028456,0.9105536320870905,0.9084249084249084,,0.8832116788321168,0.8670205706702058,1648999,0.6787789690027197,0.8711301283664737,0.8832116788321168,,0.8644688644688645,0.8846153846153846,0.8681318681318682,0.8406593406593407,,,,,,,,,,10,sqrt,,1.0,2.0,,,,,,,22.0,,,,100,0.08999999999999998
knn,True,716.744140625,MACCS,random,homosapiens_cyp17a1,0.9897119341563786,0.9940828402366864,51734869,0.9557033974812579,0.9882352941176471,1.0,0.9242424242424242,0.9918032786885246,0.9953488372093023,18646515,0.9616087343741692,0.9907407407407407,1.0,0.9333333333333333,0.9670781893004116,0.9753086419753086,0.9506172839506173,0.9753086419753086,,brute,,,,,,20.0,,,,,,,,,-1.0,3.0,,1.0,,,,distance,80,0.08999999999999998
knn,False,969.375,MACCS,random,homosapiens_cyp17a1,0.9487179487179487,0.9471707189754911,40238838,0.8596485904948464,0.9470130359638772,0.9487179487179487,,0.9562043795620438,0.9545999330098794,20760304,0.8864025527105363,0.9568357712066277,0.9562043795620438,,0.8736263736263736,0.8901098901098901,0.8736263736263736,0.8571428571428571,,ball_tree,,,,,,20.0,,,,,,,,,-1.0,3.0,,1.0,,,,distance,100,0.15999999999999998
rf,True,5489.0986328125,MACCS,stratified,homosapiens_cyp17a1,0.9897119341563786,0.9941383352872216,59128280,0.9521656542782162,0.9929742388758782,0.9953051643192489,0.95,0.9918032786885246,0.9950738916256158,45242540,0.9711044661725919,0.9901960784313726,1.0,0.9523809523809523,0.9588477366255145,0.9567901234567902,0.9629629629629629,0.9567901234567902,,,,,,,,,,10,None,,1.0,2.0,1000.0,,,,True,,22.0,,True,,80,0.08999999999999998
rf,False,1772.1181640625,MACCS,stratified,homosapiens_cyp17a1,0.9597069597069597,0.958243136043014,9793174,0.8851435647012189,0.9590973175598624,0.9597069597069597,,0.9197080291970803,0.9180499456507049,6311270,0.8151091490389915,0.9204708883766107,0.9197080291970803,,0.8534798534798536,0.8351648351648352,0.8681318681318682,0.8571428571428571,,,,,,,,,,None,None,,1.0,3.0,100.0,,,,True,,22.0,,True,,80,0.08999999999999998
hgb,True,932.8388671875,MACCS,stratified,homosapiens_cyp17a1,0.9732510288065843,0.9848661233993015,5456600,0.8720303617114756,0.976905311778291,0.9929577464788732,0.8333333333333334,0.9836065573770492,0.9901960784313726,4515695,0.9419096094830071,0.9805825242718447,1.0,0.9047619047619048,0.9526748971193415,0.9382716049382716,0.9691358024691358,0.9506172839506173,,,,,True,,0.0,,0.01,None,,10000.0,8.0,,,100.0,,,,,22.0,,True,,80,0.08999999999999998
hgb,False,2547.0302734375,MACCS,stratified,homosapiens_cyp17a1,0.9505494505494505,0.948667182142662,17506560,0.8583629217286314,0.9494951652977573,0.9505494505494505,,0.8832116788321168,0.8769328892353483,10475845,0.7245393514555203,0.8854825628548255,0.8832116788321168,,0.8388278388278388,0.8186813186813187,0.8626373626373627,0.8351648351648352,,,,,True,,0.0,,0.01,None,,10000.0,8.0,,,100.0,,,,,22.0,,True,,90,0.15999999999999998
svm,True,564.1748046875,MACCS,stratified,homosapiens_cyp17a1,0.9897119341563786,0.9941383352872216,5357355,0.9521656542782162,0.9929742388758782,0.9953051643192489,0.95,1.0,1.0,2660243,1.0,1.0,1.0,1.0,0.9670781893004116,0.9629629629629629,0.9814814814814815,0.9567901234567902,100.0,,0.0,3.0,,0.01,,,,,,,,,,,,,,,22.0,False,,,90,0.08999999999999998
svm,False,638.3857421875,MACCS,stratified,homosapiens_cyp17a1,0.9523809523809523,0.9514143264143263,11675876,0.865290932937361,0.9510361173647177,0.9523809523809523,,0.9124087591240876,0.9130202122902853,4378893,0.8015304513359678,0.9155897041874759,0.9124087591240876,,0.8424908424908425,0.8131868131868132,0.8571428571428571,0.8571428571428571,100.0,,0.0,3.0,,0.01,,,,,,,,,,,,,,,22.0,False,,,80,0.08999999999999998
dt,True,186.44140625,MACCS,stratified,homosapiens_cyp17a1,0.9876543209876543,0.9929906542056075,2006370,0.9419981423604644,0.9883720930232558,0.9976525821596244,0.9166666666666666,0.9754098360655737,0.9852216748768473,1805518,0.9124536023740493,0.9803921568627451,0.9900990099009901,0.9047619047619048,0.9526748971193415,0.9382716049382716,0.9567901234567902,0.9629629629629629,,,,,,,,,,30,None,,1.0,3.0,,,,,,,22.0,,,,80,0.08999999999999998
dt,False,204.2099609375,MACCS,stratified,homosapiens_cyp17a1,0.9340659340659341,0.9294607995810169,2017229,0.8075337331047485,0.9343716718344325,0.9340659340659341,,0.8686131386861314,0.8458477468859485,1861754,0.6890979771286653,0.8648878805813112,0.8686131386861314,,0.8351648351648352,0.8076923076923077,0.8461538461538461,0.8516483516483516,,,,,,,,,,None,log2,,1.0,3.0,,,,,,,22.0,,,,80,0.15999999999999998
knn,True,758.517578125,MACCS,stratified,homosapiens_cyp17a1,0.9876543209876543,0.9929742388758782,34898109,0.9423044179181723,0.9906542056074766,0.9953051643192489,0.9333333333333333,0.9918032786885246,0.9950738916256158,22211280,0.9711044661725919,0.9901960784313726,1.0,0.9523809523809523,0.9629629629629631,0.9567901234567902,0.9753086419753086,0.9567901234567902,,auto,,,,,,30.0,,,,,,,,,-1.0,3.0,,1.0,,,,distance,90,0.08999999999999998
knn,False,799.7822265625,MACCS,stratified,homosapiens_cyp17a1,0.9194139194139194,0.9098422510137147,56244870,0.7624471982022623,0.91661815853207,0.9194139194139194,,0.8613138686131386,0.8435062800026304,90773706,0.6671668510521616,0.8508211678832117,0.8613138686131386,,0.8571428571428572,0.8461538461538461,0.8626373626373627,0.8626373626373627,,auto,,,,,,40.0,,,,,,,,,-1.0,3.0,,2.0,,,,uniform,90,0.08999999999999998
rf,True,1030.0927734375,MACCS,strict,homosapiens_cyp17a1,0.97165991902834,0.9836065573770492,7905184,0.8803481860052708,0.9767441860465116,0.9905660377358491,0.8571428571428571,0.9824561403508771,0.9901960784313726,5878591,0.9108916919062707,1.0,0.9805825242718447,1.0,0.9609563123495012,0.9415204678362573,0.9707602339181286,0.9705882352941176,,,,,,,,,,None,None,,1.0,4.0,100.0,,,,True,,22.0,,True,,90,0.15999999999999998
rf,False,7290.0009765625,MACCS,strict,homosapiens_cyp17a1,0.9474708171206225,0.9455774770344397,37484339,0.8320954174176205,0.9463987600412431,0.9474708171206225,,0.9585798816568047,0.9585530903168195,26723732,0.9191488795679661,0.9610288904643743,0.9585798816568047,,0.8579284711950544,0.8351063829787234,0.8670212765957447,0.8716577540106952,,,,,,,,,,30,None,,1.0,2.0,500.0,,,,True,,22.0,,True,,90,0.15999999999999998
hgb,True,764.2314453125,MACCS,strict,homosapiens_cyp17a1,0.9615384615384616,0.9778812572759022,11638594,0.8347951017845141,0.9655172413793104,0.9905660377358491,0.7857142857142857,0.9824561403508771,0.9901960784313726,8046041,0.9108916919062707,1.0,0.9805825242718447,1.0,0.9609333791996332,0.9707602339181286,0.9532163742690059,0.9588235294117647,,,,,True,,0.0,,0.01,20,,99999999.0,32.0,,,100.0,,,,,22.0,,True,,80,0.08999999999999998
hgb,False,2726.4580078125,MACCS,strict,homosapiens_cyp17a1,0.9494163424124513,0.9476176512625964,23919229,0.8387575631198323,0.9483330532466356,0.9494163424124513,,0.9349112426035503,0.9341529361861454,11194918,0.8705719188646712,0.9366965925321363,0.9349112426035503,,0.8561459400007586,0.851063829787234,0.851063829787234,0.8663101604278075,,,,,True,,0.0,,0.01,50,,1000.0,8.0,,,100.0,,,,,22.0,,True,,80,0.08999999999999998
svm,True,557.6123046875,MACCS,strict,homosapiens_cyp17a1,0.9777327935222672,0.9870740305522914,5365181,0.9070823958375591,0.9836065573770492,0.9905660377358491,0.9,0.9824561403508771,0.9901960784313726,2498536,0.9108916919062707,1.0,0.9805825242718447,1.0,0.9629056300882927,0.9590643274853801,0.9590643274853801,0.9705882352941176,100.0,,0.1,3.0,,0.005,,,,,,,,,,,,,,,22.0,False,,,80,0.08999999999999998
svm,False,619.5859375,MACCS,strict,homosapiens_cyp17a1,0.9494163424124513,0.9474885479232255,10422308,0.8384838182085608,0.9482765756361405,0.9494163424124513,,0.9112426035502958,0.9104795016659424,4416944,0.8246579152219695,0.9144448016395254,0.9112426035502958,,0.8490821860659157,0.8297872340425532,0.8351063829787234,0.8823529411764706,300.0,,0.0,2.0,,0.01,,,,,,,,,,,,,,,22.0,True,,,100,0.15999999999999998
dt,True,191.44140625,MACCS,strict,homosapiens_cyp17a1,0.9838056680161943,0.9906542056074766,2219918,0.9323691164512954,0.9814814814814815,1.0,0.8857142857142857,0.9824561403508771,0.9902912621359223,1888147,0.8993821712268314,0.9902912621359223,0.9902912621359223,0.9090909090909091,0.9550739594083247,0.9532163742690059,0.9590643274853801,0.9529411764705882,,,,,,,,,,None,sqrt,,1.0,2.0,,,,,,,22.0,,,,80,0.08999999999999998
dt,False,207.3271484375,MACCS,strict,homosapiens_cyp17a1,0.9260700389105059,0.9192484313106882,2070416,0.7569323922090525,0.9275578867018556,0.9260700389105059,,0.9053254437869822,0.9009176228111141,1837560,0.809904955318155,0.9077019290902969,0.9053254437869822,,0.8561364584518527,0.8457446808510638,0.8617021276595744,0.8609625668449198,,,,,,,,,,None,log2,,1.0,3.0,,,,,,,22.0,,,,80,0.15999999999999998
knn,True,736.392578125,MACCS,strict,homosapiens_cyp17a1,0.9777327935222672,0.9871944121071012,35004371,0.9063903761389498,0.9747126436781609,1.0,0.8428571428571429,0.9824561403508771,0.9901960784313726,30212872,0.9108916919062707,1.0,0.9805825242718447,1.0,0.9609448457745672,0.9473684210526315,0.9707602339181286,0.9647058823529412,,brute,,,,,,30.0,,,,,,,,,-1.0,3.0,,2.0,,,,distance,80,0.08999999999999998
knn,False,670.4462890625,MACCS,strict,homosapiens_cyp17a1,0.9494163424124513,0.946943122340181,39738374,0.83820265249783,0.9483823983129794,0.9494163424124513,,0.9644970414201184,0.9639174238863908,33909681,0.9299993333258906,0.9653171252334689,0.9644970414201184,,0.863285546326848,0.8457446808510638,0.851063829787234,0.893048128342246,,brute,,,,,,30.0,,,,,,,,,-1.0,3.0,,1.0,,,,distance,90,0.15999999999999998
rf,True,6544.6015625,PubChem,random,homosapiens_cyp17a1,0.977366255144033,0.9870740305522914,70463922,0.9011464726653574,0.974477958236659,1.0,0.8333333333333334,0.9754098360655737,0.9861751152073732,49537765,0.8821461433242329,0.9727272727272728,1.0,0.8,0.9650205761316872,0.9753086419753086,0.9567901234567902,0.9629629629629629,,,,,,,,,,10,log2,,1.0,4.0,1000.0,,,,True,,22.0,,True,,90,0.08999999999999998
rf,False,1816.140625,PubChem,random,homosapiens_cyp17a1,0.9395604395604396,0.9369886233015424,12633328,0.8332176653148291,0.9369331100859948,0.9395604395604396,,0.9416058394160584,0.9386552350056,9111811,0.8480080263033383,0.9457768508863398,0.9416058394160584,,0.8754578754578755,0.8846153846153846,0.8681318681318682,0.8736263736263736,,,,,,,,,,None,sqrt,,1.0,4.0,100.0,,,,True,,22.0,,True,,100,0.08999999999999998
hgb,True,1628.447265625,PubChem,random,homosapiens_cyp17a1,0.98559670781893,0.9916963226571768,62673337,0.9377750783952299,0.9881796690307328,0.9952380952380953,0.9242424242424242,0.9836065573770492,0.9907407407407407,19748106,0.9223689749736185,0.981651376146789,1.0,0.8666666666666667,0.9670781893004116,0.9753086419753086,0.9567901234567902,0.9691358024691358,,,,,True,,0.1,,0.01,10,,99999999.0,32.0,,,100.0,,,,,22.0,,True,,80,0.08999999999999998
hgb,False,1457.4873046875,PubChem,random,homosapiens_cyp17a1,0.9230769230769231,0.9186709599567497,184633335,0.7842223583950632,0.9193715210780887,0.9230769230769231,,0.9197080291970803,0.9167609431191445,18328184,0.7872271003933224,0.9214333112143331,0.9197080291970803,,0.8553113553113553,0.8461538461538461,0.8406593406593407,0.8791208791208791,,,,,True,,0.1,,0.01,20,,99999999.0,32.0,,,100.0,,,,,22.0,,True,,90,0.08999999999999998
svm,True,617.853515625,PubChem,random,homosapiens_cyp17a1,0.9814814814814815,0.9893238434163701,10248737,0.9198937739343039,0.9858156028368794,0.9928571428571429,0.9090909090909091,0.9918032786885246,0.9953488372093023,5895769,0.9616087343741692,0.9907407407407407,1.0,0.9333333333333333,0.9691358024691358,0.9691358024691358,0.9691358024691358,0.9691358024691358,300.0,,0.1,2.0,,0.001,,,,,,,,,,,,,,,22.0,False,,,80,0.08999999999999998
svm,False,814.0087890625,PubChem,random,homosapiens_cyp17a1,0.9084249084249084,0.9046599264306086,24497940,0.7471011537538507,0.9028758475566986,0.9084249084249084,,0.9197080291970803,0.9164257966077223,9310320,0.7861446714037409,0.9204819642775848,0.9197080291970803,,0.8644688644688645,0.8791208791208791,0.8571428571428571,0.8571428571428571,10.0,,0.5,4.0,,0.01,,,,,,,,,,,,,,,22.0,False,,,90,0.08999999999999998
dt,True,207.5537109375,PubChem,random,homosapiens_cyp17a1,0.9691358024691358,0.9824150058616647,4984684,0.8632959880406073,0.9676674364896074,0.9976190476190476,0.7878787878787878,0.9590163934426229,0.9767441860465116,4520504,0.8049782062117544,0.9722222222222222,0.9813084112149533,0.8,0.9588477366255144,0.9567901234567902,0.9506172839506173,0.9691358024691358,,,,,,,,,,None,log2,,1.0,4.0,,,,,,,22.0,,,,90,0.08999999999999998
dt,False,206.490234375,PubChem,random,homosapiens_cyp17a1,0.8461538461538461,0.8397920886452998,4728063,0.5569231610802831,0.8398990446849002,0.8461538461538461,,0.8613138686131386,0.8463896003908737,4438665,0.6102226646165728,0.8566504460665045,0.8613138686131386,,0.8498168498168498,0.8681318681318682,0.8186813186813187,0.8626373626373627,,,,,,,,,,None,sqrt,,4.0,3.0,,,,,,,22.0,,,,90,0.08999999999999998
knn,True,1128.82421875,PubChem,random,homosapiens_cyp17a1,0.9876543209876543,0.9929078014184397,38710228,0.9467242532964757,0.9859154929577465,1.0,0.9090909090909091,0.9836065573770492,0.9907407407407407,35557576,0.9223689749736185,0.981651376146789,1.0,0.8666666666666667,0.9650205761316872,0.9814814814814815,0.9444444444444444,0.9691358024691358,,auto,,,,,,10.0,,,,,,,,,-1.0,3.0,,1.0,,,,distance,90,0.08999999999999998
knn,False,1951.845703125,PubChem,random,homosapiens_cyp17a1,0.9487179487179487,0.9473487974491475,48091774,0.8593406085002657,0.9472722362616554,0.9487179487179487,,0.9416058394160584,0.9386034024237245,34115806,0.8472347564759545,0.9431435927786294,0.9416058394160584,,0.8754578754578755,0.9010989010989011,0.8626373626373627,0.8626373626373627,,ball_tree,,,,,,30.0,,,,,,,,,-1.0,7.0,,1.0,,,,distance,90,0.08999999999999998
rf,True,2951.2578125,PubChem,stratified,homosapiens_cyp17a1,0.9835390946502057,0.9906542056074766,34575328,0.9224084505681158,0.986046511627907,0.9953051643192489,0.9,0.9918032786885246,0.9950738916256158,26538121,0.9711044661725919,0.9901960784313726,1.0,0.9523809523809523,0.9629629629629631,0.9506172839506173,0.9814814814814815,0.9567901234567902,,,,,,,,,,None,None,,1.0,3.0,500.0,,,,True,,22.0,,True,,90,0.15999999999999998
rf,False,5526.869140625,PubChem,stratified,homosapiens_cyp17a1,0.9578754578754579,0.9574419559689707,41971579,0.8811203410113724,0.957248044726195,0.9578754578754579,,0.9124087591240876,0.9099823313595023,27031958,0.7979423614266408,0.9114541429923256,0.9124087591240876,,0.8553113553113554,0.8351648351648352,0.8736263736263736,0.8571428571428571,,,,,,,,,,None,None,,1.0,4.0,500.0,,,,True,,22.0,,True,,80,0.08999999999999998
hgb,True,822.626953125,PubChem,stratified,homosapiens_cyp17a1,0.9732510288065843,0.9848661233993015,14858682,0.8720303617114756,0.976905311778291,0.9929577464788732,0.8333333333333334,0.9754098360655737,0.9853658536585366,11696659,0.9123692138699018,0.9711538461538461,1.0,0.8571428571428571,0.9650205761316872,0.9629629629629629,0.9691358024691358,0.9629629629629629,,,,,True,,0.0,,0.01,20,,10000.0,32.0,,,100.0,,,,,22.0,,True,,80,0.08999999999999998
hgb,False,1621.19140625,PubChem,stratified,homosapiens_cyp17a1,0.9523809523809523,0.9514423119738812,24341858,0.864629920554308,0.9512196492506646,0.9523809523809523,,0.8832116788321168,0.8798425083600014,14409570,0.7270558588985923,0.88550164591384,0.8832116788321168,,0.858974358974359,0.8681318681318682,0.8406593406593407,0.8681318681318682,,,,,True,,0.1,,0.01,None,,1000.0,16.0,,,100.0,,,,,22.0,,True,,90,0.08999999999999998
svm,True,633.1767578125,PubChem,stratified,homosapiens_cyp17a1,0.9794238683127572,0.9883449883449883,10482695,0.9022663171382679,0.9814814814814815,0.9953051643192489,0.8666666666666667,0.9672131147540983,0.9803921568627451,5776246,0.8820279146643897,0.970873786407767,0.9900990099009901,0.8571428571428571,0.9732510288065844,0.9753086419753086,0.9814814814814815,0.9629629629629629,200.0,,0.0,3.0,,0.001,,,,,,,,,,,,,,,22.0,True,,,80,0.08999999999999998
svm,False,788.853515625,PubChem,stratified,homosapiens_cyp17a1,0.9432234432234432,0.9422997446486554,24254338,0.8383993730084297,0.9419863493310069,0.9432234432234432,,0.8686131386861314,0.864239116428235,9192569,0.6911265188894843,0.8656934306569343,0.8686131386861314,,0.8589743589743589,0.8461538461538461,0.8571428571428571,0.8736263736263736,300.0,,0.0,4.0,,0.001,,,,,,,,,,,,,,,22.0,True,,,80,0.08999999999999998
dt,True,206.6318359375,PubChem,stratified,homosapiens_cyp17a1,0.9588477366255144,0.9766355140186916,5031816,0.8048702998140245,0.9720930232558139,0.9812206572769953,0.8,0.9344262295081968,0.9611650485436893,4498470,0.7570303696460824,0.9428571428571428,0.9801980198019802,0.7142857142857143,0.95679012345679,0.9506172839506173,0.9567901234567902,0.9629629629629629,,,,,,,,,,None,log2,,2.0,4.0,,,,,,,22.0,,,,90,0.08999999999999998
dt,False,212.7177734375,PubChem,stratified,homosapiens_cyp17a1,0.9230769230769231,0.9167995890242544,4890579,0.7782809254367389,0.9206991433165586,0.9230769230769231,,0.8394160583941606,0.8191091147295526,4437589,0.611403761966816,0.8144437071444369,0.8394160583941606,,0.8424908424908425,0.8241758241758241,0.8516483516483516,0.8516483516483516,,,,,,,,,,10,log2,,1.0,3.0,,,,,,,22.0,,,,100,0.08999999999999998
knn,True,1876.8779296875,PubChem,stratified,homosapiens_cyp17a1,0.98559670781893,0.991812865497076,42435264,0.932386066526732,0.9883449883449883,0.9953051643192489,0.9166666666666666,0.9918032786885246,0.9950738916256158,20818851,0.9711044661725919,0.9901960784313726,1.0,0.9523809523809523,0.9629629629629631,0.9567901234567902,0.9753086419753086,0.9567901234567902,,ball_tree,,,,,,20.0,,,,,,,,,-1.0,3.0,,1.0,,,,distance,90,0.08999999999999998
knn,False,1111.2607421875,PubChem,stratified,homosapiens_cyp17a1,0.9139194139194139,0.9130659234465462,93265470,0.754016775082691,0.9136050626783906,0.9139194139194139,,0.8248175182481752,0.8154825126362493,65844632,0.582764399367816,0.8124109580480037,0.8248175182481752,,0.858974358974359,0.8846153846153846,0.8296703296703297,0.8626373626373627,,auto,,,,,,50.0,,,,,,,,,-1.0,3.0,,2.0,,,,uniform,80,0.08999999999999998
rf,True,1211.7275390625,PubChem,strict,homosapiens_cyp17a1,0.9777327935222672,0.9871645274212368,12064959,0.9061073499676869,0.976905311778291,0.9976415094339622,0.8571428571428571,1.0,1.0,9771312,1.0,1.0,1.0,1.0,0.951186790505676,0.9298245614035088,0.9649122807017544,0.9588235294117647,,,,,,,,,,None,sqrt,,1.0,4.0,100.0,,,,True,,22.0,,True,,90,0.08999999999999998
rf,False,1463.96484375,PubChem,strict,homosapiens_cyp17a1,0.9455252918287937,0.9424696063524042,11683627,0.8248212331258961,0.9444545729618732,0.9455252918287937,,0.9053254437869822,0.9024094539506516,10858647,0.8096734117420036,0.9093025511688816,0.9053254437869822,,0.8579569158417719,0.8351063829787234,0.851063829787234,0.8877005347593583,,,,,,,,,,10,None,,2.0,2.0,100.0,,,,True,,22.0,,True,,90,0.08999999999999998
hgb,True,739.6748046875,PubChem,strict,homosapiens_cyp17a1,0.9595141700404858,0.9766899766899767,21953231,0.8262444531524066,0.9654377880184332,0.9882075471698113,0.7857142857142857,1.0,1.0,10463994,1.0,1.0,1.0,1.0,0.9492489393418185,0.9415204678362573,0.9415204678362573,0.9647058823529412,,,,,True,,0.01,,0.01,None,,10000.0,32.0,,,100.0,,,,,22.0,,True,,80,0.08999999999999998
hgb,False,6106.1025390625,PubChem,strict,homosapiens_cyp17a1,0.9552529182879378,0.9533492151415258,56622479,0.8575653896673117,0.9546998243752288,0.9552529182879378,,0.9289940828402367,0.9269113167390444,34489513,0.8587990711725632,0.9319167509212759,0.9289940828402367,,0.8597489285849736,0.8351063829787234,0.8457446808510638,0.8983957219251337,,,,,True,,0.0,,0.01,10,,1000.0,16.0,,,100.0,,,,,22.0,,True,,90,0.08999999999999998
svm,True,643.2353515625,PubChem,strict,homosapiens_cyp17a1,0.9696356275303644,0.9824561403508771,13612470,0.8713419316625324,0.974477958236659,0.9905660377358491,0.8428571428571429,0.9912280701754386,0.9951690821256038,6477696,0.9488675620705191,0.9903846153846154,1.0,0.9090909090909091,0.9570576768719183,0.9415204678362573,0.9590643274853801,0.9705882352941176,100.0,,0.5,2.0,,0.001,,,,,,,,,,,,,,,22.0,True,,,80,0.08999999999999998
svm,False,781.7666015625,PubChem,strict,homosapiens_cyp17a1,0.9124513618677043,0.905868295952097,21430035,0.7121060764194804,0.9055035239541191,0.9124513618677043,,0.8994082840236687,0.8999583263774245,9839708,0.8005220000911416,0.9037267725526834,0.8994082840236687,,0.8562028292941936,0.8191489361702128,0.851063829787234,0.8983957219251337,200.0,,0.1,4.0,,0.001,,,,,,,,,,,,,,,22.0,True,,,80,0.08999999999999998
dt,True,205.046875,PubChem,strict,homosapiens_cyp17a1,0.9635627530364372,0.9790697674418605,4935940,0.8435498562676917,0.9655963302752294,0.9929245283018868,0.7857142857142857,0.9649122807017544,0.9805825242718447,4401584,0.7987643424536628,0.9805825242718447,0.9805825242718447,0.8181818181818182,0.9511753239307419,0.9473684210526315,0.9532163742690059,0.9529411764705882,,,,,,,,,,10,sqrt,,2.0,4.0,,,,,,,22.0,,,,80,0.08999999999999998
dt,False,214.029296875,PubChem,strict,homosapiens_cyp17a1,0.9377431906614786,0.9349532840486472,5394507,0.8007092624238422,0.935186546717743,0.9377431906614786,,0.9171597633136095,0.9136346253618975,4518332,0.8351260734217993,0.9215144917078191,0.9171597633136095,,0.8472712102249024,0.8351063829787234,0.8457446808510638,0.8609625668449198,,,,,,,,,,30,None,,1.0,3.0,,,,,,,22.0,,,,90,0.08999999999999998
knn,True,1165.58203125,PubChem,strict,homosapiens_cyp17a1,0.9817813765182186,0.9894982497082847,36199022,0.9237509065654022,0.9792147806004619,1.0,0.8714285714285714,1.0,1.0,35497171,1.0,1.0,1.0,1.0,0.9531361082444674,0.9473684210526315,0.9532163742690059,0.9588235294117647,,auto,,,,,,30.0,,,,,,,,,-1.0,7.0,,1.0,,,,distance,90,0.08999999999999998
knn,False,1184.8310546875,PubChem,strict,homosapiens_cyp17a1,0.9688715953307393,0.9676760966637448,36118371,0.902218481929515,0.9680703494151404,0.9688715953307393,,0.9467455621301775,0.9459798757663888,35889821,0.8942382990359664,0.9476183998730418,0.9467455621301775,,0.8526377669056018,0.8138297872340425,0.8563829787234043,0.8877005347593583,,auto,,,,,,10.0,,,,,,,,,-1.0,5.0,,1.0,,,,distance,90,0.08999999999999998
rf,True,2600.3916015625,SubstructureCount,random,homosapiens_cyp17a1,0.9814814814814815,0.9893491124260355,31158068,0.9194448610896973,0.9835294117647059,0.9952380952380953,0.8939393939393939,0.9836065573770492,0.9907407407407407,23088467,0.9223689749736185,0.981651376146789,1.0,0.8666666666666667,0.9547325102880658,0.9567901234567902,0.9320987654320988,0.9753086419753086,,,,,,,,,,None,None,,1.0,4.0,500.0,,,,True,,22.0,,True,,80,0.08999999999999998
rf,False,1539.708984375,SubstructureCount,random,homosapiens_cyp17a1,0.9029304029304029,0.8903794703154008,11026377,0.7220950964783815,0.899602633975686,0.9029304029304029,,0.8832116788321168,0.8659000639149153,7107679,0.6811169018180802,0.8939714571960171,0.8832116788321168,,0.8516483516483516,0.8736263736263736,0.8681318681318682,0.8131868131868132,,,,,,,,,,10,log2,,2.0,2.0,100.0,,,,True,,22.0,,True,,100,0.15999999999999998
hgb,True,1961.6240234375,SubstructureCount,random,homosapiens_cyp17a1,0.9835390946502057,0.990521327014218,30752897,0.9286334004394453,0.9858490566037735,0.9952380952380953,0.9090909090909091,0.9754098360655737,0.9861751152073732,8221023,0.8821461433242329,0.9727272727272728,1.0,0.8,0.9423868312757202,0.9444444444444444,0.9320987654320988,0.9506172839506173,,,,,True,,0.0,,0.01,20,,1000.0,8.0,,,100.0,,,,,22.0,,True,,80,0.08999999999999998
hgb,False,3167.1884765625,SubstructureCount,random,homosapiens_cyp17a1,0.945054945054945,0.942938806776761,31952077,0.8494512626036103,0.9432538717890977,0.945054945054945,,0.9343065693430657,0.9325028544011088,13946562,0.8279455434820099,0.9333912640481984,0.9343065693430657,,0.8443223443223444,0.8626373626373627,0.8296703296703297,0.8406593406593407,,,,,True,,0.0,,0.01,20,,1000.0,8.0,,,100.0,,,,,22.0,,True,,80,0.08999999999999998
svm,True,532.5615234375,SubstructureCount,random,homosapiens_cyp17a1,0.9732510288065843,0.9846153846153847,5433388,0.8831863246981367,0.9788235294117648,0.9904761904761905,0.8636363636363636,0.9754098360655737,0.986046511627907,3306560,0.8832934702929618,0.9814814814814815,0.9906542056074766,0.8666666666666667,0.9588477366255144,0.9629629629629629,0.9506172839506173,0.9629629629629629,10.0,,0.1,2.0,,0.01,,,,,,,,,,,,,,,22.0,True,,,80,0.08999999999999998
svm,False,553.20703125,SubstructureCount,random,homosapiens_cyp17a1,0.8809523809523809,0.8728737795742405,8596222,0.66241822200481,0.8698441486063515,0.8809523809523809,,0.8905109489051095,0.8812975736065538,3905770,0.7020916851939252,0.89527468305801,0.8905109489051095,,0.8498168498168498,0.8791208791208791,0.8736263736263736,0.7967032967032966,200.0,,0.0,4.0,,0.001,,,,,,,,,,,,,,,22.0,True,,,80,0.08999999999999998
dt,True,189.802734375,SubstructureCount,random,homosapiens_cyp17a1,0.9403292181069959,0.9664739884393063,2690439,0.7224892067749159,0.9393258426966292,0.9952380952380953,0.5909090909090909,0.9508196721311475,0.9724770642201835,2372291,0.7536281450685697,0.954954954954955,0.9906542056074766,0.6666666666666666,0.9547325102880659,0.9567901234567902,0.9567901234567902,0.9506172839506173,,,,,,,,,,10,sqrt,,2.0,3.0,,,,,,,22.0,,,,90,0.08999999999999998
dt,False,191.3994140625,SubstructureCount,random,homosapiens_cyp17a1,0.8663003663003663,0.8588770480274499,2437440,0.6168940376084836,0.856169916361965,0.8663003663003663,,0.8613138686131386,0.8478655164786552,2274864,0.6117813330132582,0.8586032643420008,0.8613138686131386,,0.8461538461538461,0.8516483516483516,0.8681318681318682,0.8186813186813187,,,,,,,,,,10,None,,4.0,2.0,,,,,,,22.0,,,,80,0.15999999999999998
knn,True,555.4609375,SubstructureCount,random,homosapiens_cyp17a1,0.98559670781893,0.991715976331361,21372151,0.9375741292854776,0.9858823529411764,0.9976190476190476,0.9090909090909091,0.9836065573770492,0.9907407407407407,19650608,0.9223689749736185,0.981651376146789,1.0,0.8666666666666667,0.95679012345679,0.9753086419753086,0.9259259259259259,0.9691358024691358,,kd_tree,,,,,,30.0,,,,,,,,,-1.0,3.0,,1.0,,,,distance,80,0.08999999999999998
knn,False,567.51953125,SubstructureCount,random,homosapiens_cyp17a1,0.9468864468864469,0.9447299119772988,30343889,0.8536597001580913,0.9457751032997433,0.9468864468864469,,0.9343065693430657,0.9314714843736067,19245884,0.8267798026662819,0.9338449871296588,0.9343065693430657,,0.8608058608058609,0.8571428571428571,0.8901098901098901,0.8351648351648352,,ball_tree,,,,,,40.0,,,,,,,,,-1.0,5.0,,1.0,,,,distance,90,0.08999999999999998
rf,True,1238.109375,SubstructureCount,stratified,homosapiens_cyp17a1,0.9876543209876543,0.993006993006993,8999522,0.9420721840708386,0.9861111111111112,1.0,0.9,0.9918032786885246,0.9950738916256158,6623668,0.9711044661725919,0.9901960784313726,1.0,0.9523809523809523,0.9547325102880659,0.9259259259259259,0.9876543209876543,0.9506172839506173,,,,,,,,,,None,log2,,1.0,3.0,100.0,,,,True,,22.0,,True,,100,0.08999999999999998
rf,False,2100.58203125,SubstructureCount,stratified,homosapiens_cyp17a1,0.9597069597069597,0.9584932235921664,10151477,0.8853303082100614,0.9587932417504634,0.9597069597069597,,0.9343065693430657,0.9328080721339631,7413666,0.8494665514064429,0.9332868183769858,0.9343065693430657,,0.847985347985348,0.8186813186813187,0.8626373626373627,0.8626373626373627,,,,,,,,,,None,sqrt,,1.0,3.0,100.0,,,,True,,22.0,,True,,80,0.08999999999999998
hgb,True,1203.9599609375,SubstructureCount,stratified,homosapiens_cyp17a1,0.977366255144033,0.9871944121071012,12204049,0.8920969694667681,0.9792147806004619,0.9953051643192489,0.85,0.9590163934426229,0.9753694581280788,8788276,0.8538027385755066,0.9705882352941176,0.9801980198019802,0.8571428571428571,0.9382716049382717,0.9320987654320988,0.9753086419753086,0.9074074074074074,,,,,True,,0.0,,0.01,10,,99999999.0,16.0,,,100.0,,,,,22.0,,True,,90,0.15999999999999998
hgb,False,3103.302734375,SubstructureCount,stratified,homosapiens_cyp17a1,0.9542124542124543,0.9527191358258215,24243132,0.8698321619124659,0.9529786750988333,0.9542124542124543,,0.9051094890510949,0.9019057207579735,13782942,0.7797949972691044,0.9077715757835981,0.9051094890510949,,0.8388278388278388,0.8131868131868132,0.8406593406593407,0.8626373626373627,,,,,True,,0.01,,0.01,None,,1000.0,8.0,,,100.0,,,,,22.0,,True,,100,0.08999999999999998
svm,True,528.6083984375,SubstructureCount,stratified,homosapiens_cyp17a1,0.9814814814814815,0.9894242068155111,5066392,0.9150856360906258,0.9905882352941177,0.9882629107981221,0.9333333333333333,0.9672131147540983,0.9803921568627451,2950034,0.8820279146643897,0.970873786407767,0.9900990099009901,0.8571428571428571,0.9588477366255144,0.9382716049382716,0.9876543209876543,0.9506172839506173,100.0,,0.0,3.0,,0.01,,,,,,,,,,,,,,,22.0,False,,,90,0.08999999999999998
svm,False,565.8828125,SubstructureCount,stratified,homosapiens_cyp17a1,0.9194139194139194,0.912935231477907,10289743,0.7645653299801959,0.9153108406035807,0.9194139194139194,,0.8905109489051095,0.8818971673433466,4286338,0.7425558395765095,0.8881147238811472,0.8905109489051095,,0.8534798534798534,0.8241758241758241,0.8736263736263736,0.8626373626373627,10.0,,0.0,4.0,,0.01,,,,,,,,,,,,,,,22.0,False,,,80,0.08999999999999998
dt,True,190.7314453125,SubstructureCount,stratified,homosapiens_cyp17a1,0.9814814814814815,0.989522700814901,2343651,0.9121635772220607,0.9815242494226328,0.9976525821596244,0.8666666666666667,0.9590163934426229,0.975609756097561,2304120,0.8511431170095453,0.9615384615384616,0.9900990099009901,0.8095238095238095,0.9423868312757202,0.9444444444444444,0.9506172839506173,0.9320987654320988,,,,,,,,,,None,log2,,1.0,4.0,,,,,,,22.0,,,,100,0.08999999999999998
dt,False,204.8076171875,SubstructureCount,stratified,homosapiens_cyp17a1,0.9157509157509157,0.9108531456703344,2503135,0.7533766422041636,0.911857536676616,0.9157509157509157,,0.8686131386861314,0.8576345617470773,2388554,0.6899868337805937,0.868681356163449,0.8686131386861314,,0.8351648351648352,0.8131868131868132,0.8571428571428571,0.8351648351648352,,,,,,,,,,20,log2,,1.0,4.0,,,,,,,22.0,,,,90,0.15999999999999998
knn,True,544.1982421875,SubstructureCount,stratified,homosapiens_cyp17a1,0.9794238683127572,0.9882629107981221,16721699,0.9049295774647887,0.9882629107981221,0.9882629107981221,0.9166666666666666,0.9836065573770492,0.9900990099009901,4554339,0.9424799622819425,0.9900990099009901,0.9900990099009901,0.9523809523809523,0.9629629629629631,0.9567901234567902,0.9814814814814815,0.9506172839506173,,auto,,,,,,40.0,,,,,,,,,-1.0,3.0,,1.0,,,,distance,90,0.08999999999999998
knn,False,580.26953125,SubstructureCount,stratified,homosapiens_cyp17a1,0.891941391941392,0.8833534347770111,62803338,0.6808616569145004,0.883217753622533,0.891941391941392,,0.8540145985401459,0.8324947617808576,35962485,0.6506390772541252,0.8407621575504787,0.8540145985401459,,0.847985347985348,0.8186813186813187,0.8791208791208791,0.8461538461538461,,ball_tree,,,,,,10.0,,,,,,,,,-1.0,5.0,,1.0,,,,uniform,90,0.08999999999999998
rf,True,6357.1494140625,SubstructureCount,strict,homosapiens_cyp17a1,0.9757085020242915,0.986013986013986,64158939,0.897322339065735,0.9746543778801844,0.9976415094339622,0.8428571428571429,0.9824561403508771,0.9902912621359223,47450006,0.8993821712268314,0.9902912621359223,0.9902912621359223,0.9090909090909091,0.9531475748194014,0.935672514619883,0.9590643274853801,0.9647058823529412,,,,,,,,,,30,sqrt,,1.0,4.0,1000.0,,,,True,,22.0,,True,,90,0.15999999999999998
rf,False,1374.033203125,SubstructureCount,strict,homosapiens_cyp17a1,0.9202334630350194,0.912233597203974,9366988,0.7357353381291789,0.9220400183909723,0.9202334630350194,,0.8520710059171598,0.8418714419490657,7211788,0.695807984842335,0.8526323436179204,0.8520710059171598,,0.857947434292866,0.8297872340425532,0.8617021276595744,0.8823529411764706,,,,,,,,,,10,None,,2.0,4.0,100.0,,,,True,,22.0,,True,,80,0.08999999999999998
hgb,True,975.9814453125,SubstructureCount,strict,homosapiens_cyp17a1,0.9574898785425101,0.9754385964912281,13905302,0.8191375031888959,0.9675174013921114,0.9834905660377359,0.8,0.9824561403508771,0.9901960784313726,7816965,0.9108916919062707,1.0,0.9805825242718447,1.0,0.9453503038642358,0.9415204678362573,0.9298245614035088,0.9647058823529412,,,,,True,,0.1,,0.01,10,,99999999.0,16.0,,,100.0,,,,,22.0,,True,,80,0.08999999999999998
hgb,False,2864.17578125,SubstructureCount,strict,homosapiens_cyp17a1,0.9416342412451362,0.938552180245272,26080099,0.8117232863840103,0.9406891176415128,0.9416342412451362,,0.8875739644970414,0.8759525430766767,19683129,0.7769748279579481,0.8983309528667619,0.8875739644970414,,0.8561838661963819,0.8351063829787234,0.8457446808510638,0.8877005347593583,,,,,True,,0.1,,0.01,None,,10000.0,16.0,,,100.0,,,,,22.0,,True,,90,0.08999999999999998
svm,True,529.3701171875,SubstructureCount,strict,homosapiens_cyp17a1,0.9655870445344129,0.9800235017626322,5212454,0.8562237354777201,0.9765807962529274,0.9834905660377359,0.8571428571428571,0.9824561403508771,0.9901960784313726,2979848,0.9108916919062707,1.0,0.9805825242718447,1.0,0.9629285632381608,0.9590643274853801,0.9473684210526315,0.9823529411764705,100.0,,0.5,2.0,,0.005,,,,,,,,,,,,,,,22.0,False,,,90,0.08999999999999998
svm,False,565.71875,SubstructureCount,strict,homosapiens_cyp17a1,0.9319066147859922,0.9282978246734319,9694330,0.7785575067349095,0.9300350150635752,0.9319066147859922,,0.8402366863905325,0.8328961337976846,4701154,0.6724560894003447,0.8510751698444007,0.8402366863905325,,0.8436871847384989,0.851063829787234,0.8404255319148937,0.839572192513369,100.0,,0.1,3.0,,0.005,,,,,,,,,,,,,,,22.0,False,,,90,0.08999999999999998
dt,True,188.4638671875,SubstructureCount,strict,homosapiens_cyp17a1,0.9412955465587044,0.9661610268378062,2382950,0.7473153405882491,0.9561200923787528,0.9764150943396226,0.7285714285714285,0.9736842105263158,0.9856459330143541,2248720,0.8406482836943261,0.9716981132075472,1.0,0.7272727272727273,0.9434009861254443,0.9298245614035088,0.935672514619883,0.9647058823529412,,,,,,,,,,20,sqrt,,4.0,2.0,,,,,,,22.0,,,,90,0.15999999999999998
dt,False,202.998046875,SubstructureCount,strict,homosapiens_cyp17a1,0.9260700389105059,0.9193468631946329,2527800,0.7572389667232136,0.9251814025590155,0.9260700389105059,,0.8047337278106509,0.7684527102828382,2323021,0.5984292931192604,0.7966611361534057,0.8047337278106509,,0.8383490727045171,0.8351063829787234,0.851063829787234,0.8288770053475936,,,,,,,,,,30,log2,,1.0,4.0,,,,,,,22.0,,,,90,0.08999999999999998
knn,True,550.4951171875,SubstructureCount,strict,homosapiens_cyp17a1,0.979757085020243,0.9882629107981221,20092518,0.9152776321455676,0.9836448598130841,0.9929245283018868,0.9,0.9912280701754386,0.9951690821256038,5255255,0.9488675620705191,0.9903846153846154,1.0,0.9090909090909091,0.9531590413943355,0.935672514619883,0.9532163742690059,0.9705882352941176,,brute,,,,,,30.0,,,,,,,,,-1.0,3.0,,1.0,,,,distance,90,0.08999999999999998
knn,False,534.1728515625,SubstructureCount,strict,homosapiens_cyp17a1,0.8715953307392996,0.85068646627922,60825977,0.5420347589993622,0.8633299246647322,0.8715953307392996,,0.727810650887574,0.6685628322558627,28426426,0.38889526667709134,0.7360555898508011,0.727810650887574,,0.8401600485455304,0.8457446808510638,0.824468085106383,0.8502673796791443,,ball_tree,,,,,,30.0,,,,,,,,,-1.0,5.0,,1.0,,,,uniform,90,0.15999999999999998
rf,True,1130.26171875,Substructure,random,homosapiens_cyp17a1,0.9650205761316872,0.9799764428739693,8887071,0.8448527540211566,0.9696969696969697,0.9904761904761905,0.803030303030303,0.9590163934426229,0.9765258215962441,6759612,0.8158205064882806,0.9811320754716981,0.9719626168224299,0.8666666666666667,0.9609053497942387,0.9691358024691358,0.9629629629629629,0.9506172839506173,,,,,,,,,,None,None,,1.0,3.0,100.0,,,,True,,22.0,,True,,90,0.08999999999999998
rf,False,1629.0146484375,Substructure,random,homosapiens_cyp17a1,0.8846153846153846,0.8699440702029279,10111050,0.6657839161843802,0.878094232923171,0.8846153846153846,,0.8686131386861314,0.8389553318092784,7132357,0.6366464368990545,0.8813878836206016,0.8686131386861314,,0.8571428571428571,0.8736263736263736,0.8791208791208791,0.8186813186813187,,,,,,,,,,None,log2,,1.0,8.0,100.0,,,,True,,22.0,,True,,90,0.08999999999999998
hgb,True,1442.8291015625,Substructure,random,homosapiens_cyp17a1,0.9588477366255144,0.9763593380614657,11261238,0.8189164791014515,0.9694835680751174,0.9833333333333333,0.803030303030303,0.9754098360655737,0.9859154929577465,10383179,0.8897656044017801,0.9905660377358491,0.9813084112149533,0.9333333333333333,0.9526748971193415,0.9629629629629629,0.9444444444444444,0.9506172839506173,,,,,True,,0.1,,0.01,20,,1000.0,8.0,,,100.0,,,,,22.0,,True,,90,0.08999999999999998
hgb,False,1912.0751953125,Substructure,random,homosapiens_cyp17a1,0.8663003663003663,0.8541164563881344,14856763,0.6083985686052086,0.8558223026973028,0.8663003663003663,,0.8686131386861314,0.8548941720248038,10193794,0.6337780481067414,0.8617473501691977,0.8686131386861314,,0.8534798534798534,0.8681318681318682,0.8791208791208791,0.8131868131868132,,,,,True,,0.01,,0.01,20,,1000.0,8.0,,,100.0,,,,,22.0,,True,,80,0.08999999999999998
svm,True,533.1748046875,Substructure,random,homosapiens_cyp17a1,0.9526748971193416,0.972972972972973,6123767,0.7873913594925357,0.9605568445475638,0.9857142857142858,0.7424242424242424,0.9590163934426229,0.9767441860465116,3307748,0.8049782062117544,0.9722222222222222,0.9813084112149533,0.8,0.9526748971193415,0.9629629629629629,0.9444444444444444,0.9506172839506173,200.0,,0.1,4.0,,1.0,,,,,,,,,,,,,,,22.0,True,,,80,0.08999999999999998
svm,False,547.0810546875,Substructure,random,homosapiens_cyp17a1,0.8772893772893773,0.8637521453276265,8841512,0.6401324129039954,0.8704859043528994,0.8772893772893773,,0.8540145985401459,0.83573824084773,3877087,0.5858243519995823,0.8453094598090268,0.8540145985401459,,0.8498168498168498,0.8736263736263736,0.8626373626373627,0.8131868131868132,10.0,,0.0,3.0,,1.0,,,,,,,,,,,,,,,22.0,True,,,80,0.08999999999999998
dt,True,192.5224609375,Substructure,random,homosapiens_cyp17a1,0.9629629629629629,0.9789719626168224,2331614,0.8344983674751665,0.9610091743119266,0.9976190476190476,0.7424242424242424,0.9590163934426229,0.9769585253456221,2235880,0.798328519114298,0.9636363636363636,0.9906542056074766,0.7333333333333333,0.9506172839506174,0.9691358024691358,0.9567901234567902,0.9259259259259259,,,,,,,,,,None,sqrt,,1.0,2.0,,,,,,,22.0,,,,80,0.08999999999999998
dt,False,199.6796875,Substructure,random,homosapiens_cyp17a1,0.8772893772893773,0.8609083410365643,2095320,0.6425959583114534,0.8675803692650533,0.8772893772893773,,0.8613138686131386,0.8367419973783105,2137776,0.6101467723270658,0.8554848329000326,0.8613138686131386,,0.8534798534798534,0.8681318681318682,0.8846153846153846,0.8076923076923077,,,,,,,,,,10,sqrt,,1.0,3.0,,,,,,,22.0,,,,100,0.08999999999999998
knn,True,502.0361328125,Substructure,random,homosapiens_cyp17a1,0.9526748971193416,0.9730363423212193,54805083,0.7862202371105558,0.9584295612009238,0.9880952380952381,0.7272727272727273,0.9344262295081968,0.9629629629629629,38976608,0.6796751972307398,0.9541284403669725,0.9719626168224299,0.6666666666666666,0.9629629629629629,0.9629629629629629,0.9691358024691358,0.9567901234567902,,brute,,,,,,50.0,,,,,,,,,-1.0,3.0,,2.0,,,,uniform,90,0.08999999999999998
knn,False,511.42578125,Substructure,random,homosapiens_cyp17a1,0.8461538461538461,0.8205511047912549,60716092,0.5389432203035083,0.8166519372345215,0.8461538461538461,,0.8613138686131386,0.8311998573567236,26637742,0.6125789529434336,0.8731153775378766,0.8613138686131386,,0.8534798534798534,0.8681318681318682,0.8791208791208791,0.8131868131868132,,auto,,,,,,20.0,,,,,,,,,-1.0,7.0,,1.0,,,,uniform,90,0.08999999999999998
rf,True,6458.7490234375,Substructure,stratified,homosapiens_cyp17a1,0.9753086419753086,0.9858156028368794,62830524,0.8919494929271796,0.9928571428571429,0.9788732394366197,0.95,0.9508196721311475,0.9702970297029703,46323725,0.8274398868458275,0.9702970297029703,0.9702970297029703,0.8571428571428571,0.9465020576131687,0.9444444444444444,0.9753086419753086,0.9197530864197531,,,,,,,,,,10,None,,1.0,2.0,1000.0,,,,True,,22.0,,True,,100,0.08999999999999998
rf,False,11551.142578125,Substructure,stratified,homosapiens_cyp17a1,0.8937728937728938,0.8759685460553654,77044835,0.677278580864315,0.8913657770800628,0.8937728937728938,,0.8394160583941606,0.808662740811265,52610810,0.6108496383297228,0.8415316095509093,0.8394160583941606,,0.8351648351648352,0.8076923076923077,0.8791208791208791,0.8186813186813187,,,,,,,,,,20,log2,,1.0,8.0,1000.0,,,,True,,22.0,,True,,80,0.08999999999999998
hgb,True,1617.5166015625,Substructure,stratified,homosapiens_cyp17a1,0.9691358024691358,0.9822485207100592,17771742,0.8659409196102913,0.9904534606205251,0.9741784037558685,0.9333333333333333,0.9262295081967213,0.9556650246305419,13247601,0.7365010109784212,0.9509803921568627,0.9603960396039604,0.7619047619047619,0.9444444444444445,0.9506172839506173,0.9567901234567902,0.9259259259259259,,,,,True,,0.1,,0.01,50,,99999999.0,16.0,,,100.0,,,,,22.0,,True,,90,0.08999999999999998
hgb,False,3649.029296875,Substructure,stratified,homosapiens_cyp17a1,0.891941391941392,0.8784602653677842,81936060,0.680102873561606,0.8863017135671719,0.891941391941392,,0.8759124087591241,0.860507913139492,36661256,0.7064063285320277,0.8763234036956665,0.8759124087591241,,0.8260073260073261,0.8186813186813187,0.8571428571428571,0.8021978021978022,,,,,True,,0.01,,0.01,50,,10000.0,32.0,,,100.0,,,,,22.0,,True,,80,0.08999999999999998
svm,True,534.0888671875,Substructure,stratified,homosapiens_cyp17a1,0.9732510288065843,0.9846153846153847,6589964,0.88408401699478,0.9928400954653938,0.9765258215962441,0.95,0.9508196721311475,0.9702970297029703,3188572,0.8274398868458275,0.9702970297029703,0.9702970297029703,0.8571428571428571,0.9362139917695473,0.9259259259259259,0.9506172839506173,0.9320987654320988,100.0,,0.1,4.0,,1.0,,,,,,,,,,,,,,,22.0,False,,,80,0.08999999999999998
svm,False,524.5263671875,Substructure,stratified,homosapiens_cyp17a1,0.8553113553113553,0.8228343962963858,7324784,0.5398908228431804,0.8459506950072987,0.8553113553113553,,0.8248175182481752,0.7892116360211486,3576903,0.5682351481063813,0.8239587805925289,0.8248175182481752,,0.8260073260073261,0.8021978021978022,0.8626373626373627,0.8131868131868132,100.0,,0.1,3.0,,1.0,,,,,,,,,,,,,,,22.0,True,,,90,0.15999999999999998
dt,True,193.9296875,Substructure,stratified,homosapiens_cyp17a1,0.9629629629629629,0.9789719626168224,2505930,0.8244599916063731,0.9744186046511628,0.9835680751173709,0.8166666666666667,0.9508196721311475,0.9705882352941176,3124894,0.8221462198457722,0.9611650485436893,0.9801980198019802,0.8095238095238095,0.9403292181069958,0.9444444444444444,0.9320987654320988,0.9444444444444444,,,,,,,,,,20,sqrt,,1.0,3.0,,,,,,,22.0,,,,80,0.08999999999999998
dt,False,193.2080078125,Substructure,stratified,homosapiens_cyp17a1,0.836996336996337,0.803128881122004,2332749,0.4711492333252085,0.8179870618411459,0.836996336996337,,0.8175182481751825,0.7804934994716016,2244101,0.5456027606887112,0.8091921316342943,0.8175182481751825,,0.8260073260073261,0.8021978021978022,0.8626373626373627,0.8131868131868132,,,,,,,,,,None,None,,1.0,2.0,,,,,,,22.0,,,,80,0.15999999999999998
knn,True,502.0361328125,Substructure,stratified,homosapiens_cyp17a1,0.9650205761316872,0.9800235017626322,39741352,0.8395665973505946,0.9811764705882353,0.9788732394366197,0.8666666666666667,0.9590163934426229,0.9753694581280788,34127475,0.8538027385755066,0.9705882352941176,0.9801980198019802,0.8571428571428571,0.9444444444444443,0.9320987654320988,0.9629629629629629,0.9382716049382716,,auto,,,,,,10.0,,,,,,,,,-1.0,3.0,,2.0,,,,distance,90,0.08999999999999998
knn,False,598.451171875,Substructure,stratified,homosapiens_cyp17a1,0.8772893772893773,0.8612578668701901,39196852,0.6199608127914283,0.867909414402816,0.8772893772893773,,0.8248175182481752,0.7964691902902733,35182480,0.5661702079975719,0.8168631854763242,0.8248175182481752,,0.8351648351648352,0.8241758241758241,0.8681318681318682,0.8131868131868132,,kd_tree,,,,,,30.0,,,,,,,,,-1.0,3.0,,1.0,,,,uniform,90,0.08999999999999998
rf,True,4420.359375,Substructure,strict,homosapiens_cyp17a1,0.9574898785425101,0.9754959159859977,32529401,0.8178895669791103,0.9653579676674365,0.9858490566037735,0.7857142857142857,0.9824561403508771,0.9901960784313726,23939128,0.9108916919062707,1.0,0.9805825242718447,1.0,0.9414287352367848,0.9532163742690059,0.9181286549707602,0.9529411764705882,,,,,,,,,,30,log2,,1.0,3.0,500.0,,,,True,,22.0,,True,,80,0.08999999999999998
rf,False,1945.4287109375,Substructure,strict,homosapiens_cyp17a1,0.9066147859922179,0.8993500799596295,9404316,0.6888636683474874,0.9027071461443559,0.9066147859922179,,0.7455621301775148,0.6955824308943631,7304720,0.4439008610920314,0.7728307195762817,0.7455621301775148,,0.8543539272575568,0.8617021276595744,0.8457446808510638,0.8556149732620321,,,,,,,,,,None,None,,1.0,2.0,100.0,,,,True,,22.0,,True,,90,0.08999999999999998
hgb,True,771.5234375,Substructure,strict,homosapiens_cyp17a1,0.9271255060728745,0.958041958041958,11088674,0.6840886813257496,0.9470046082949308,0.9693396226415094,0.6714285714285714,0.9649122807017544,0.9803921568627451,13362062,0.8174248576332601,0.9900990099009901,0.970873786407767,0.9090909090909091,0.9355693154454764,0.935672514619883,0.9239766081871345,0.9470588235294117,,,,,True,,0.1,,0.01,20,,99999999.0,16.0,,,100.0,,,,,22.0,,True,,80,0.08999999999999998
hgb,False,1856.1181640625,Substructure,strict,homosapiens_cyp17a1,0.8891050583657587,0.8751467117699138,17542695,0.619170296960387,0.8793991459618795,0.8891050583657587,,0.727810650887574,0.6700161432295039,15054745,0.388133994830943,0.7324999673445929,0.727810650887574,,0.8366423939014678,0.824468085106383,0.8191489361702128,0.8663101604278075,,,,,True,,0.0,,0.01,None,,10000.0,16.0,,,100.0,,,,,22.0,,True,,90,0.08999999999999998
svm,True,536.9833984375,Substructure,strict,homosapiens_cyp17a1,0.9615384615384616,0.9778812572759022,6827565,0.8347951017845141,0.9655172413793104,0.9905660377358491,0.7857142857142857,0.956140350877193,0.976303317535545,3358757,0.7212503172976912,0.9537037037037037,1.0,0.5454545454545454,0.9414287352367848,0.9473684210526315,0.9239766081871345,0.9529411764705882,100.0,,0.5,2.0,,1.0,,,,,,,,,,,,,,,22.0,True,,,80,0.08999999999999998
svm,False,543.7138671875,Substructure,strict,homosapiens_cyp17a1,0.8910505836575876,0.8744895443960283,8446072,0.6228051368321821,0.8936292429721063,0.8910505836575876,,0.727810650887574,0.66688973201154,4288021,0.3901771954817219,0.7579390318525865,0.727810650887574,,0.8419520612887322,0.824468085106383,0.8404255319148937,0.8609625668449198,10.0,,0.0,4.0,,1.0,,,,,,,,,,,,,,,22.0,False,,,80,0.08999999999999998
dt,True,191.8984375,Substructure,strict,homosapiens_cyp17a1,0.9615384615384616,0.9779326364692218,2365543,0.8343491601457858,0.9633867276887872,0.9929245283018868,0.7714285714285715,0.9912280701754386,0.9951690821256038,2187520,0.9488675620705191,0.9903846153846154,1.0,0.9090909090909091,0.9335970645568169,0.9415204678362573,0.9239766081871345,0.9352941176470588,,,,,,,,,,10,sqrt,,1.0,3.0,,,,,,,22.0,,,,100,0.08999999999999998
dt,False,196.740234375,Substructure,strict,homosapiens_cyp17a1,0.8910505836575876,0.8765982426201477,2507790,0.6250071832528732,0.8863625503447334,0.8910505836575876,,0.727810650887574,0.6719454356565338,2298763,0.38946550081664094,0.7620857661611609,0.727810650887574,,0.8508457541624,0.8457446808510638,0.8297872340425532,0.8770053475935828,,,,,,,,,,10,None,,1.0,4.0,,,,,,,22.0,,,,80,0.08999999999999998
knn,True,596.8349609375,Substructure,strict,homosapiens_cyp17a1,0.9635627530364372,0.9788235294117648,30663493,0.8485143115984373,0.9765258215962441,0.9811320754716981,0.8571428571428571,0.9824561403508771,0.9902912621359223,20258504,0.8993821712268314,0.9902912621359223,0.9902912621359223,0.9090909090909091,0.9375186331842679,0.9532163742690059,0.9122807017543859,0.9470588235294117,,kd_tree,,,,,,30.0,,,,,,,,,-1.0,5.0,,1.0,,,,distance,90,0.08999999999999998
knn,False,509.67578125,Substructure,strict,homosapiens_cyp17a1,0.9163424124513618,0.9076362708452324,39989858,0.7239320051186615,0.9152224322178529,0.9163424124513618,,0.7633136094674556,0.7229466972679535,20480193,0.4893400287017897,0.7820627131642776,0.7633136094674556,,0.8454981605795123,0.8297872340425532,0.8457446808510638,0.8609625668449198,,auto,,,,,,30.0,,,,,,,,,-1.0,5.0,,1.0,,,,distance,90,0.08999999999999998
rf,True,3209.48828125,AtomPairs2DCount,random,sars-cov-2_pp1ab,0.9684873949579832,0.9706457925636007,21252002,0.9366331470146871,0.970013037809648,0.9712793733681462,0.9652567975830816,0.9636871508379888,0.9665809768637532,12076934,0.9272071452221794,0.9791666666666666,0.9543147208121827,0.9751552795031055,0.8851540616246498,0.9054621848739496,0.8739495798319328,0.8760504201680672,,,,,,,,,,None,log2,,1.0,4.0,100.0,,,,True,,22.0,,True,,80,0.08999999999999998
rf,False,30447.9052734375,AtomPairs2DCount,random,sars-cov-2_pp1ab,0.928125,0.9278485733738148,141288658,0.8903778309980086,0.9280278719941967,0.928125,,0.918918918918919,0.9181588086235993,54120574,0.8764869885380167,0.9192875666999496,0.918918918918919,,0.7317708333333334,0.7234375,0.7296875,0.7421875,,,,,,,,,,30,sqrt,,1.0,4.0,500.0,,,,True,,22.0,,True,,80,0.08999999999999998
hgb,True,2012.533203125,AtomPairs2DCount,random,sars-cov-2_pp1ab,0.9586834733893558,0.9615635179153095,24920133,0.9169089379863747,0.9596879063719116,0.9634464751958225,0.9531722054380665,0.9553072625698324,0.9591836734693877,14309723,0.9098616283979486,0.9641025641025641,0.9543147208121827,0.9565217391304348,0.873249299719888,0.9033613445378151,0.8508403361344538,0.865546218487395,,,,,True,,0.0,,0.01,20,,99999999.0,8.0,,,100.0,,,,,22.0,,True,,80,0.15999999999999998
hgb,False,3951.4130859375,AtomPairs2DCount,random,sars-cov-2_pp1ab,0.89375,0.8931049216692414,75048105,0.837827813321026,0.89316027569048,0.89375,,0.8835758835758836,0.8816136664237111,24007804,0.8228636053379581,0.8843179970114956,0.8835758835758836,,0.7156250000000001,0.7046875,0.725,0.7171875,,,,,True,,0.1,,0.01,10,,10000.0,8.0,,,100.0,,,,,22.0,,True,,80,0.08999999999999998
svm,True,1254.15234375,AtomPairs2DCount,random,sars-cov-2_pp1ab,0.9453781512605042,0.9498069498069498,140331078,0.8903546548239963,0.9365482233502538,0.9634464751958225,0.9244712990936556,0.946927374301676,0.9521410579345088,37468735,0.8927159609855686,0.945,0.9593908629441624,0.9316770186335404,0.8858543417366946,0.9180672268907563,0.8613445378151261,0.8781512605042017,10.0,,0.1,2.0,,0.001,,,,,,,,,,,,,,,22.0,True,,,90,0.08999999999999998
svm,False,2012.0966796875,AtomPairs2DCount,random,sars-cov-2_pp1ab,0.8526041666666667,0.8503024191149192,289966712,0.7754236771113606,0.8519230178607217,0.8526041666666667,,0.8295218295218295,0.8265304616579942,75704895,0.7399379312787208,0.8277184925370512,0.8295218295218295,,0.7104166666666666,0.703125,0.7046875,0.7234375,1.0,,0.0,2.0,,0.005,,,,,,,,,,,,,,,22.0,False,,,80,0.15999999999999998
dt,True,220.806640625,AtomPairs2DCount,random,sars-cov-2_pp1ab,0.930672268907563,0.9362524146812621,5499118,0.860682304680182,0.9237611181702668,0.9490861618798956,0.9093655589123867,0.9245810055865922,0.9323308270676691,4336807,0.8475269520962962,0.9207920792079208,0.9441624365482234,0.9006211180124224,0.8396358543417367,0.8445378151260504,0.8214285714285714,0.8529411764705882,,,,,,,,,,30,sqrt,,1.0,8.0,,,,,,,22.0,,,,90,0.08999999999999998
dt,False,220.3359375,AtomPairs2DCount,random,sars-cov-2_pp1ab,0.8109375,0.8119438432912202,5882293,0.7133165794190276,0.8151947683139381,0.8109375,,0.8004158004158004,0.7989904916285284,4514822,0.695212172644163,0.7986363221036559,0.8004158004158004,,0.6682291666666668,0.6578125,0.675,0.671875,,,,,,,,,,10,None,,1.0,8.0,,,,,,,22.0,,,,90,0.15999999999999998
knn,True,1810.2060546875,AtomPairs2DCount,random,sars-cov-2_pp1ab,0.969187675070028,0.9715025906735751,68117297,0.9381046625436149,0.9640102827763496,0.97911227154047,0.9577039274924471,0.9664804469273743,0.9695431472081218,25884246,0.9322760664627802,0.9695431472081218,0.9695431472081218,0.9627329192546584,0.876750700280112,0.8949579831932774,0.8697478991596639,0.865546218487395,,auto,,,,,,20.0,,,,,,,,,-1.0,3.0,,1.0,,,,distance,80,0.15999999999999998
knn,False,2283.001953125,AtomPairs2DCount,random,sars-cov-2_pp1ab,0.9291666666666667,0.9288853006575049,91583071,0.892433950488421,0.9301639972203148,0.9291666666666667,,0.9230769230769231,0.9224556298622281,29597591,0.8831140654686809,0.9244270409318953,0.9230769230769231,,0.7078125000000001,0.70625,0.6984375,0.71875,,auto,,,,,,50.0,,,,,,,,,-1.0,7.0,,1.0,,,,distance,80,0.15999999999999998
rf,True,2830.693359375,AtomPairs2DCount,stratified,sars-cov-2_pp1ab,0.961484593837535,0.9644012944983819,20917324,0.9224495419233413,0.9650259067357513,0.963777490297542,0.9587786259541985,0.9608938547486033,0.9633507853403142,12248999,0.9214951191528363,0.9583333333333334,0.968421052631579,0.9523809523809523,0.8830532212885154,0.8970588235294118,0.8634453781512605,0.8886554621848739,,,,,,,,,,30,sqrt,,2.0,4.0,100.0,,,,True,,22.0,,True,,80,0.08999999999999998
rf,False,21172.6298828125,AtomPairs2DCount,stratified,sars-cov-2_pp1ab,0.8901041666666667,0.8889117667511539,125887710,0.8321782359619587,0.889752101460476,0.8901041666666667,,0.9002079002079002,0.8990425449630295,53389308,0.848539714870804,0.9000587208487417,0.9002079002079002,,0.7244791666666668,0.7359375,0.70625,0.73125,,,,,,,,,,None,sqrt,,1.0,8.0,500.0,,,,True,,22.0,,True,,100,0.08999999999999998
hgb,True,1909.4375,AtomPairs2DCount,stratified,sars-cov-2_pp1ab,0.9593837535014006,0.9623376623376624,48342508,0.9182989914385816,0.9661016949152542,0.9586028460543338,0.9603053435114504,0.9608938547486033,0.9631578947368421,15201629,0.9214912280701755,0.9631578947368421,0.9631578947368421,0.9583333333333334,0.873249299719888,0.8907563025210085,0.8445378151260504,0.884453781512605,,,,,True,,0.01,,0.01,50,,10000.0,8.0,,,100.0,,,,,22.0,,True,,90,0.15999999999999998
hgb,False,3775.0869140625,AtomPairs2DCount,stratified,sars-cov-2_pp1ab,0.8885416666666667,0.8872291340753301,48000844,0.8299364206494031,0.8882303253630894,0.8885416666666667,,0.8814968814968815,0.8802027664888381,23107784,0.819979168480203,0.8813103043872275,0.8814968814968815,,0.7156249999999998,0.728125,0.703125,0.715625,,,,,True,,0.01,,0.01,20,,99999999.0,8.0,,,100.0,,,,,22.0,,True,,80,0.15999999999999998
svm,True,1409.01953125,AtomPairs2DCount,stratified,sars-cov-2_pp1ab,0.9726890756302521,0.9747899159663865,129077567,0.9449971472985231,0.9741602067183462,0.9754204398447607,0.9694656488549618,0.9664804469273743,0.9685863874345549,35401514,0.9327191002584676,0.9635416666666666,0.9736842105263158,0.9583333333333334,0.8669467787114846,0.8676470588235294,0.8550420168067226,0.8781512605042017,10.0,,0.0,3.0,,0.005,,,,,,,,,,,,,,,22.0,False,,,80,0.15999999999999998
svm,False,1918.1279296875,AtomPairs2DCount,stratified,sars-cov-2_pp1ab,0.8375,0.8359102116252546,351735697,0.7515877626016313,0.8362471916868446,0.8375,,0.8627858627858628,0.8618165425095909,91674327,0.7915836664893553,0.8624170292381599,0.8627858627858628,,0.7166666666666668,0.73125,0.7046875,0.7140625,10.0,,0.5,3.0,,0.001,,,,,,,,,,,,,,,22.0,True,,,90,0.15999999999999998
dt,True,218.9697265625,AtomPairs2DCount,stratified,sars-cov-2_pp1ab,0.9565826330532213,0.9602053915275995,5443898,0.9125768722901383,0.9528662420382166,0.9676584734799483,0.9435114503816794,0.946927374301676,0.9514066496163683,4812703,0.8947639098779676,0.9253731343283582,0.9789473684210527,0.9107142857142857,0.8410364145658263,0.8487394957983193,0.8172268907563025,0.8571428571428571,,,,,,,,,,20,None,,1.0,3.0,,,,,,,22.0,,,,90,0.08999999999999998
dt,False,229.3916015625,AtomPairs2DCount,stratified,sars-cov-2_pp1ab,0.7807291666666667,0.7777195087270121,6088459,0.6640199464455392,0.7768164044658771,0.7807291666666667,,0.7920997920997921,0.7890597512915108,4611982,0.6834042634192332,0.7891398861548115,0.7920997920997921,,0.671875,0.6703125,0.6640625,0.68125,,,,,,,,,,10,sqrt,,1.0,4.0,,,,,,,22.0,,,,90,0.08999999999999998
knn,True,2200.8466796875,AtomPairs2DCount,stratified,sars-cov-2_pp1ab,0.9194677871148459,0.9266113592852585,129308031,0.8377996624194528,0.9143576826196473,0.9391979301423027,0.8961832061068702,0.9217877094972067,0.9278350515463918,50866005,0.84340223143634,0.9090909090909091,0.9473684210526315,0.8928571428571429,0.8774509803921569,0.8718487394957983,0.8697478991596639,0.8907563025210085,,brute,,,,,,20.0,,,,,,,,,-1.0,3.0,,1.0,,,,uniform,90,0.08999999999999998
knn,False,2407.5517578125,AtomPairs2DCount,stratified,sars-cov-2_pp1ab,0.9213541666666667,0.9207028924203515,226225472,0.880103161353494,0.9214768091524922,0.9213541666666667,,0.8898128898128899,0.8894547019630106,71256683,0.8329390436330244,0.8903280115044314,0.8898128898128899,,0.696875,0.703125,0.6953125,0.6921875,,ball_tree,,,,,,20.0,,,,,,,,,-1.0,5.0,,1.0,,,,distance,80,0.15999999999999998
rf,True,3366.94140625,AtomPairs2DCount,strict,sars-cov-2_pp1ab,0.9774236387782205,0.9783989834815756,21091863,0.954786186847828,0.9746835443037974,0.9821428571428571,0.9722991689750693,0.9928571428571429,0.994413407821229,10832595,0.9845124177222192,0.994413407821229,0.994413407821229,0.9900990099009901,0.8783893865577035,0.8752475247524752,0.8988095238095238,0.8611111111111112,,,,,,,,,,None,sqrt,,1.0,3.0,100.0,,,,True,,22.0,,True,,100,0.08999999999999998
rf,False,21771.470703125,AtomPairs2DCount,strict,sars-cov-2_pp1ab,0.8928392588883325,0.890244796124527,119310124,0.8376992131594313,0.8951033181101601,0.8928392588883325,,0.9331683168316832,0.9330079911127466,44662578,0.8986381476555566,0.9332731156180134,0.9331683168316832,,0.7209472630525262,0.7102102102102102,0.7308270676691729,0.7218045112781954,,,,,,,,,,20,sqrt,,1.0,8.0,500.0,,,,True,,22.0,,True,,90,0.08999999999999998
hgb,True,2445.775390625,AtomPairs2DCount,strict,sars-cov-2_pp1ab,0.9634794156706508,0.965255843335439,44880869,0.9269595378603769,0.9561952440550688,0.9744897959183674,0.9515235457063712,0.9892857142857143,0.9915966386554622,23389785,0.9768477968566109,0.9943820224719101,0.9888268156424581,0.9900990099009901,0.8750877468699251,0.8673267326732673,0.9007936507936508,0.8571428571428571,,,,,True,,0.01,,0.01,20,,1000.0,8.0,,,100.0,,,,,22.0,,True,,90,0.15999999999999998
hgb,False,3728.6328125,AtomPairs2DCount,strict,sars-cov-2_pp1ab,0.8778167250876314,0.8755728877470575,45523067,0.8139356259882232,0.8780113848537165,0.8778167250876314,,0.9108910891089109,0.9106417999381424,23038383,0.8648965918398098,0.9113252949598297,0.9108910891089109,,0.7119232013968856,0.7132132132132132,0.7157894736842105,0.706766917293233,,,,,True,,0.1,,0.01,10,,10000.0,16.0,,,100.0,,,,,22.0,,True,,80,0.15999999999999998
svm,True,1442.08984375,AtomPairs2DCount,strict,sars-cov-2_pp1ab,0.9721115537848606,0.9734177215189873,136644304,0.9442121423260694,0.9660804020100503,0.9808673469387755,0.9626038781163435,0.9892857142857143,0.9916434540389972,27775992,0.97674781672881,0.9888888888888889,0.994413407821229,0.9801980198019802,0.8711155639373461,0.8732673267326733,0.8988095238095238,0.8412698412698413,10.0,,0.0,4.0,,0.005,,,,,,,,,,,,,,,22.0,False,,,80,0.15999999999999998
svm,False,1839.9326171875,AtomPairs2DCount,strict,sars-cov-2_pp1ab,0.8437656484727091,0.8395891995732223,282276644,0.7619259623198477,0.8425058748655523,0.8437656484727091,,0.8638613861386139,0.862627853233908,60641748,0.7940382437767235,0.8635672683707544,0.8638613861386139,,0.7104239577923788,0.7042042042042042,0.6992481203007519,0.7278195488721805,10.0,,0.5,4.0,,0.001,,,,,,,,,,,,,,,22.0,False,,,80,0.15999999999999998
dt,True,218.9609375,AtomPairs2DCount,strict,sars-cov-2_pp1ab,0.9488711819389111,0.9519050593379138,5711666,0.8982523841811088,0.9326805385556916,0.9719387755102041,0.9238227146814404,0.9785714285714285,0.9833333333333333,4070023,0.9534512757766292,0.9779005524861878,0.9888268156424581,0.9603960396039604,0.8334577505369585,0.8118811881188119,0.8630952380952381,0.8253968253968254,,,,,,,,,,None,None,,2.0,2.0,,,,,,,22.0,,,,100,0.08999999999999998
dt,False,226.2890625,AtomPairs2DCount,strict,sars-cov-2_pp1ab,0.8097145718577867,0.8074952554035512,6163926,0.7088107485906121,0.8078301163888623,0.8097145718577867,,0.8267326732673267,0.8260493813019623,4522526,0.7368861629785427,0.8265852040436559,0.8267326732673267,,0.661329750803435,0.6471471471471472,0.6842105263157895,0.6526315789473685,,,,,,,,,,10,None,,1.0,3.0,,,,,,,22.0,,,,90,0.08999999999999998
knn,True,2385.1416015625,AtomPairs2DCount,strict,sars-cov-2_pp1ab,0.9721115537848606,0.9735516372795969,100515280,0.9444021912125812,0.9614427860696517,0.985969387755102,0.9570637119113573,0.9964285714285714,0.9972144846796658,42651761,0.9922693484361917,0.9944444444444445,1.0,0.9900990099009901,0.8638561475195138,0.8495049504950495,0.8948412698412699,0.8472222222222222,,kd_tree,,,,,,20.0,,,,,,,,,-1.0,3.0,,1.0,,,,distance,80,0.08999999999999998
knn,False,2480.5830078125,AtomPairs2DCount,strict,sars-cov-2_pp1ab,0.9203805708562844,0.9192464800814419,195821046,0.8806329842153714,0.9257043398528194,0.9203805708562844,,0.9554455445544554,0.9553956209871405,65585813,0.9332974008934446,0.9576723167708476,0.9554455445544554,,0.6893818630660736,0.6831831831831832,0.6947368421052632,0.6902255639097744,,ball_tree,,,,,,20.0,,,,,,,,,-1.0,7.0,,1.0,,,,distance,80,0.15999999999999998
rf,True,20453.416015625,AtomPairs2D,random,sars-cov-2_pp1ab,0.9607843137254902,0.9634464751958225,97307805,0.9211504026882695,0.9634464751958225,0.9634464751958225,0.9577039274924471,0.9301675977653632,0.9357326478149101,46243251,0.8596480900004276,0.9479166666666666,0.9238578680203046,0.937888198757764,0.8704481792717087,0.8928571428571429,0.8592436974789915,0.8592436974789915,,,,,,,,,,None,sqrt,,1.0,3.0,500.0,,,,True,,22.0,,True,,90,0.08999999999999998
rf,False,51810.3740234375,AtomPairs2D,random,sars-cov-2_pp1ab,0.8270833333333333,0.8245385187827339,268148333,0.7357154287819782,0.8242906179415432,0.8270833333333333,,0.8004158004158004,0.7968972334643976,105573777,0.6946523715646357,0.7975294840592438,0.8004158004158004,,0.6984375000000002,0.6875,0.7015625,0.70625,,,,,,,,,,30,sqrt,,1.0,8.0,1000.0,,,,True,,22.0,,True,,90,0.08999999999999998
hgb,True,3798.47265625,AtomPairs2D,random,sars-cov-2_pp1ab,0.9425770308123249,0.9468223086900129,44161639,0.8845110057952633,0.9407216494845361,0.9530026109660574,0.9305135951661632,0.9217877094972067,0.9278350515463918,31470578,0.8429939113723055,0.9424083769633508,0.9137055837563451,0.9316770186335404,0.8662464985994398,0.8760504201680672,0.8571428571428571,0.865546218487395,,,,,True,,0.0,,0.01,20,,10000.0,16.0,,,100.0,,,,,22.0,,True,,90,0.08999999999999998
hgb,False,3911.9814453125,AtomPairs2D,random,sars-cov-2_pp1ab,0.8125,0.8106368198037466,47035036,0.7133907176035003,0.8103216403162056,0.8125,,0.7900207900207901,0.7846342520234015,25156331,0.6789682810495445,0.7856882563450771,0.7900207900207901,,0.6901041666666666,0.6921875,0.6875,0.690625,,,,,True,,0.1,,0.01,50,,1000.0,8.0,,,100.0,,,,,22.0,,True,,90,0.08999999999999998
svm,True,908.48828125,AtomPairs2D,random,sars-cov-2_pp1ab,0.9173669467787114,0.9227748691099477,63520064,0.8339339726979124,0.9251968503937008,0.9203655352480418,0.9138972809667674,0.9022346368715084,0.910025706940874,19857508,0.8033488773156345,0.921875,0.8984771573604061,0.906832298136646,0.8522408963585435,0.8613445378151261,0.8529411764705882,0.842436974789916,100.0,,0.1,4.0,,0.01,,,,,,,,,,,,,,,22.0,True,,,90,0.08999999999999998
svm,False,1295.66015625,AtomPairs2D,random,sars-cov-2_pp1ab,0.775,0.7732913448709507,219511518,0.6561033312193234,0.7733068955963212,0.775,,0.760914760914761,0.757356837022811,50069149,0.6349645677878293,0.7590805829216425,0.760914760914761,,0.6729166666666666,0.659375,0.675,0.684375,300.0,,0.1,3.0,,0.005,,,,,,,,,,,,,,,22.0,True,,,80,0.08999999999999998
dt,True,227.5126953125,AtomPairs2D,random,sars-cov-2_pp1ab,0.9341736694677871,0.9404309252217997,5218580,0.8688597593930086,0.9137931034482759,0.9686684073107049,0.8942598187311178,0.9357541899441341,0.9423558897243107,4229346,0.8701749067764839,0.9306930693069307,0.9543147208121827,0.9130434782608695,0.8375350140056023,0.8571428571428571,0.8571428571428571,0.7983193277310925,,,,,,,,,,30,None,,1.0,3.0,,,,,,,22.0,,,,90,0.08999999999999998
dt,False,264.7841796875,AtomPairs2D,random,sars-cov-2_pp1ab,0.7963541666666667,0.7896305137472556,5349568,0.6898500999172014,0.7936136176094842,0.7963541666666667,,0.7962577962577962,0.7927334685526776,4320296,0.6891123505263952,0.7955471431805108,0.7962577962577962,,0.6567708333333334,0.6578125,0.6453125,0.6671875,,,,,,,,,,None,None,,2.0,4.0,,,,,,,22.0,,,,90,0.08999999999999998
knn,True,2725.8662109375,AtomPairs2D,random,sars-cov-2_pp1ab,0.9558823529411765,0.9593810444874274,142752820,0.9114485291068855,0.9477707006369427,0.9712793733681462,0.9380664652567976,0.9581005586592178,0.9622166246851386,50941944,0.915332358553528,0.955,0.9695431472081218,0.9440993788819876,0.8557422969187676,0.8487394957983193,0.8634453781512605,0.8550420168067226,,ball_tree,,,,,,10.0,,,,,,,,,-1.0,3.0,,2.0,,,,distance,100,0.08999999999999998
knn,False,1664.669921875,AtomPairs2D,random,sars-cov-2_pp1ab,0.7328125,0.7261902558107567,187505079,0.5913180755153007,0.7287116904597737,0.7328125,,0.7027027027027027,0.6909339469290778,79652474,0.5456407458471767,0.6957030960643242,0.7027027027027027,,0.6697916666666668,0.6625,0.671875,0.675,,auto,,,,,,50.0,,,,,,,,,-1.0,7.0,,1.0,,,,uniform,90,0.08999999999999998
rf,True,37175.93359375,AtomPairs2D,stratified,sars-cov-2_pp1ab,0.9558823529411765,0.9592233009708738,181932273,0.911169330699575,0.9598445595854922,0.9586028460543338,0.9526717557251908,0.9441340782122905,0.9470899470899471,81900894,0.8879776318186061,0.9521276595744681,0.9421052631578948,0.9464285714285714,0.8662464985994398,0.8907563025210085,0.8466386554621849,0.8613445378151261,,,,,,,,,,None,sqrt,,1.0,4.0,1000.0,,,,True,,22.0,,True,,100,0.08999999999999998
rf,False,25782.94140625,AtomPairs2D,stratified,sars-cov-2_pp1ab,0.8208333333333333,0.8151047310422311,138124448,0.7267985503754102,0.8190933153154766,0.8208333333333333,,0.8295218295218295,0.8257835464993193,54225018,0.740907010104832,0.8272428070536259,0.8295218295218295,,0.7010416666666667,0.7234375,0.684375,0.6953125,,,,,,,,,,20,sqrt,,1.0,8.0,500.0,,,,True,,22.0,,True,,90,0.08999999999999998
hgb,True,2351.2275390625,AtomPairs2D,stratified,sars-cov-2_pp1ab,0.9313725490196079,0.9363636363636364,28999205,0.8619288149651789,0.940026075619296,0.9327296248382924,0.9297709923664123,0.9329608938547486,0.9365079365079365,18442399,0.8655605954889354,0.9414893617021277,0.9315789473684211,0.9345238095238095,0.8634453781512605,0.8739495798319328,0.8487394957983193,0.8676470588235294,,,,,True,,0.01,,0.01,10,,99999999.0,8.0,,,100.0,,,,,22.0,,True,,90,0.08999999999999998
hgb,False,4205.4345703125,AtomPairs2D,stratified,sars-cov-2_pp1ab,0.8010416666666667,0.7977183953816323,50951271,0.6953287710964405,0.7970902579431444,0.8010416666666667,,0.8232848232848233,0.820312049257649,27865687,0.7310941225469131,0.8200363601140134,0.8232848232848233,,0.6932291666666667,0.70625,0.684375,0.6890625,,,,,True,,0.0,,0.01,None,,1000.0,8.0,,,100.0,,,,,22.0,,True,,90,0.08999999999999998
svm,True,871.74609375,AtomPairs2D,stratified,sars-cov-2_pp1ab,0.9229691876750701,0.9289405684754521,66989955,0.8448463774175933,0.927741935483871,0.9301423027166882,0.9145038167938931,0.9134078212290503,0.9186351706036745,20980609,0.8261122181230298,0.9162303664921466,0.9210526315789473,0.9047619047619048,0.8480392156862745,0.8697478991596639,0.8466386554621849,0.8277310924369747,200.0,,0.5,4.0,,0.01,,,,,,,,,,,,,,,22.0,True,,,80,0.08999999999999998
svm,False,1380.7724609375,AtomPairs2D,stratified,sars-cov-2_pp1ab,0.765625,0.7605141860391801,194676859,0.6406475423525473,0.7600898814414039,0.765625,,0.7692307692307693,0.7646441807250134,51420911,0.6483705322135922,0.7646711474900294,0.7692307692307693,,0.6765625000000001,0.690625,0.6671875,0.671875,200.0,,0.5,4.0,,0.005,,,,,,,,,,,,,,,22.0,True,,,90,0.08999999999999998
dt,True,251.6845703125,AtomPairs2D,stratified,sars-cov-2_pp1ab,0.9166666666666666,0.9261328367473619,4692816,0.8344736558541359,0.8902147971360382,0.9650711513583441,0.8595419847328244,0.9162011173184358,0.9246231155778895,4165645,0.8350353161266391,0.8846153846153846,0.968421052631579,0.8571428571428571,0.8312324929971989,0.8445378151260504,0.8109243697478992,0.8382352941176471,,,,,,,,,,None,log2,,1.0,3.0,,,,,,,22.0,,,,100,0.15999999999999998
dt,False,226.12890625,AtomPairs2D,stratified,sars-cov-2_pp1ab,0.7484375,0.7463307321493989,5334079,0.6150306949247971,0.7460550657848463,0.7484375,,0.760914760914761,0.7612672345688377,4532899,0.6390885585300544,0.7657313985572025,0.760914760914761,,0.6609375000000001,0.68125,0.6375,0.6640625,,,,,,,,,,10,None,,2.0,3.0,,,,,,,22.0,,,,90,0.08999999999999998
knn,True,1364.4443359375,AtomPairs2D,stratified,sars-cov-2_pp1ab,0.9404761904761905,0.946236559139785,73909327,0.8807252604644006,0.9257425742574258,0.9676584734799483,0.9083969465648855,0.9385474860335196,0.9432989690721649,32312099,0.8771760568115312,0.9242424242424242,0.9631578947368421,0.9107142857142857,0.8536414565826331,0.8613445378151261,0.8529411764705882,0.8466386554621849,,ball_tree,,,,,,10.0,,,,,,,,,-1.0,7.0,,1.0,,,,distance,80,0.15999999999999998
knn,False,1559.685546875,AtomPairs2D,stratified,sars-cov-2_pp1ab,0.8458333333333333,0.8418706096678437,111835304,0.7652123634148601,0.8452615961011996,0.8458333333333333,,0.8607068607068608,0.8582827691945899,55688765,0.7887133432115032,0.8604304107888948,0.8607068607068608,,0.6749999999999999,0.703125,0.653125,0.66875,,brute,,,,,,40.0,,,,,,,,,-1.0,7.0,,1.0,,,,distance,80,0.08999999999999998
rf,True,45371.62109375,AtomPairs2D,strict,sars-cov-2_pp1ab,0.953519256308101,0.9555273189326556,181456746,0.9068789866977689,0.9518987341772152,0.9591836734693877,0.9473684210526315,0.9821428571428571,0.9859943977591037,73220228,0.9613930910638744,0.9887640449438202,0.9832402234636871,0.9801980198019802,0.8697993608884698,0.8633663366336634,0.8968253968253969,0.8492063492063492,,,,,,,,,,None,sqrt,,1.0,3.0,1000.0,,,,True,,22.0,,True,,80,0.08999999999999998
rf,False,16646.6298828125,AtomPairs2D,strict,sars-cov-2_pp1ab,0.8267401101652478,0.8225238277941642,98536813,0.7351345012000208,0.8241414196554961,0.8267401101652478,,0.8193069306930693,0.815149461334774,42178030,0.72656794255881,0.817963691499526,0.8193069306930693,,0.6843746001640737,0.6726726726726727,0.6781954887218045,0.7022556390977444,,,,,,,,,,10,None,,2.0,3.0,500.0,,,,True,,22.0,,True,,90,0.08999999999999998
hgb,True,3310.880859375,AtomPairs2D,strict,sars-cov-2_pp1ab,0.9362549800796812,0.9392405063291139,35430581,0.8723208322778293,0.9321608040201005,0.9464285714285714,0.925207756232687,0.9571428571428572,0.9662921348314607,17982448,0.9075816234562418,0.9717514124293786,0.9608938547486033,0.9504950495049505,0.8579024569123579,0.8514851485148515,0.8670634920634921,0.8551587301587301,,,,,True,,0.0,,0.01,50,,1000.0,16.0,,,100.0,,,,,22.0,,True,,80,0.08999999999999998
hgb,False,3325.32421875,AtomPairs2D,strict,sars-cov-2_pp1ab,0.7911867801702553,0.7867341754833986,37509117,0.679890330327425,0.7862718276570269,0.7911867801702553,,0.7896039603960396,0.7856554144725999,19189040,0.6807087901991485,0.787641243305607,0.7896039603960396,,0.6768655873919033,0.6531531531531531,0.6842105263157895,0.6932330827067669,,,,,True,,0.01,,0.01,10,,10000.0,8.0,,,100.0,,,,,22.0,,True,,90,0.08999999999999998
svm,True,998.2890625,AtomPairs2D,strict,sars-cov-2_pp1ab,0.8579017264276229,0.8638676844783715,83226094,0.7152687165784536,0.8616751269035533,0.8660714285714286,0.8490304709141274,0.9178571428571428,0.9337175792507204,19467275,0.8288955717085554,0.9642857142857143,0.9050279329608939,0.9405940594059405,0.845995075698046,0.8554455445544554,0.8511904761904762,0.8313492063492064,10.0,,0.0,3.0,,0.01,,,,,,,,,,,,,,,22.0,False,,,90,0.08999999999999998
svm,False,1393.0927734375,AtomPairs2D,strict,sars-cov-2_pp1ab,0.7876815222834251,0.7828018413505502,197554615,0.6746726491493374,0.7836994290087137,0.7876815222834251,,0.7797029702970297,0.7756507824508379,43817457,0.665585949288721,0.7775626764838315,0.7797029702970297,,0.667348551559078,0.6396396396396397,0.6827067669172933,0.6796992481203008,100.0,,0.0,2.0,,0.01,,,,,,,,,,,,,,,22.0,False,,,90,0.08999999999999998
dt,True,265.5986328125,AtomPairs2D,strict,sars-cov-2_pp1ab,0.954183266932271,0.9566854990583804,4678989,0.90858909781358,0.9419035846724351,0.9719387755102041,0.9349030470914127,0.975,0.9803921568627451,4107745,0.9459383852711379,0.9831460674157303,0.9776536312849162,0.9702970297029703,0.8294829482948295,0.8217821782178217,0.8392857142857143,0.8273809523809523,,,,,,,,,,None,log2,,1.0,2.0,,,,,,,22.0,,,,100,0.15999999999999998
dt,False,238.49609375,AtomPairs2D,strict,sars-cov-2_pp1ab,0.7546319479218828,0.7463194463293582,5307150,0.6239015477102212,0.7490069800338965,0.7546319479218828,,0.7772277227722773,0.7730265363843852,4256938,0.6630016348606658,0.7801084378758216,0.7772277227722773,,0.6437896543159701,0.6396396396396397,0.643609022556391,0.6481203007518797,,,,,,,,,,20,None,,4.0,4.0,,,,,,,22.0,,,,90,0.08999999999999998
knn,True,954.4130859375,AtomPairs2D,strict,sars-cov-2_pp1ab,0.949535192563081,0.9526774595267746,67288271,0.899843443689916,0.9306569343065694,0.9757653061224489,0.9210526315789473,0.9785714285714285,0.9833333333333333,41502504,0.9534512757766292,0.9779005524861878,0.9888268156424581,0.9603960396039604,0.8499829744879249,0.8257425742574257,0.875,0.8492063492063492,,brute,,,,,,20.0,,,,,,,,,-1.0,5.0,,1.0,,,,distance,90,0.15999999999999998
knn,False,2816.9541015625,AtomPairs2D,strict,sars-cov-2_pp1ab,0.8507761642463696,0.8450530372029055,144618958,0.7739532036280855,0.8529805764281445,0.8507761642463696,,0.8836633663366337,0.8794661836218086,52071709,0.8264865952192644,0.8861371127904688,0.8836633663366337,,0.6618227249806198,0.6636636636636637,0.649624060150376,0.6721804511278195,,kd_tree,,,,,,50.0,,,,,,,,,-1.0,7.0,,1.0,,,,distance,80,0.08999999999999998
rf,True,4631.12890625,EState,random,sars-cov-2_pp1ab,0.9138655462184874,0.9211032713277743,18065422,0.8269327649911553,0.905422446406053,0.9373368146214099,0.8867069486404834,0.8994413407821229,0.9090909090909091,8955597,0.7966481945930707,0.9045226130653267,0.9137055837563451,0.8819875776397516,0.8522408963585435,0.8760504201680672,0.842436974789916,0.8382352941176471,,,,,,,,,,None,sqrt,,1.0,3.0,100.0,,,,True,,22.0,,True,,100,0.08999999999999998
rf,False,3397.10546875,EState,random,sars-cov-2_pp1ab,0.740625,0.7369368412693754,19727063,0.6027563704735686,0.7360098697501328,0.740625,,0.725,0.7192691254313892,9256241,0.5815418037862158,0.7253183989319144,0.725,,0.6526041666666667,0.6296875,0.6765625,0.6515625,,,,,,,,,,10,None,,2.0,8.0,100.0,,,,True,,22.0,,True,,100,0.08999999999999998
hgb,True,2815.7255859375,EState,random,sars-cov-2_pp1ab,0.8886554621848739,0.8966861598440545,25074741,0.7760003938674235,0.8926261319534282,0.9007832898172323,0.8746223564954683,0.8631284916201117,0.8765743073047859,13556595,0.7230929792258735,0.87,0.883248730964467,0.8385093167701864,0.846638655462185,0.8613445378151261,0.8487394957983193,0.8298319327731093,,,,,True,,0.0,,0.01,10,,1000.0,16.0,,,100.0,,,,,22.0,,True,,100,0.08999999999999998
hgb,False,4127.044921875,EState,random,sars-cov-2_pp1ab,0.7395833333333334,0.7328630270981977,40226567,0.6009779441860185,0.7330864217305721,0.7395833333333334,,0.73125,0.7224052642321332,19177839,0.5898996608166168,0.728041655935257,0.73125,,0.6526041666666667,0.6140625,0.6796875,0.6640625,,,,,True,,0.1,,0.01,10,,1000.0,8.0,,,100.0,,,,,22.0,,True,,100,0.08999999999999998
svm,True,653.0712890625,EState,random,sars-cov-2_pp1ab,0.9180672268907563,0.9257142857142857,58360886,0.8360784874817244,0.9011124845488258,0.9516971279373369,0.879154078549849,0.8994413407821229,0.9104477611940298,16034535,0.7967214491568979,0.8926829268292683,0.9289340101522843,0.8633540372670807,0.8494397759103642,0.8697478991596639,0.8403361344537815,0.8382352941176471,1.0,,0.0,2.0,,1.0,,,,,,,,,,,,,,,22.0,True,,,100,0.08999999999999998
svm,False,760.85546875,EState,random,sars-cov-2_pp1ab,0.7885416666666667,0.787493121028227,137485565,0.6770535533052647,0.7873207600384188,0.7885416666666667,,0.76875,0.7666327025165383,36494188,0.6484890838402365,0.7713284056114939,0.76875,,0.6479166666666667,0.6125,0.653125,0.678125,1.0,,0.0,2.0,,1.0,,,,,,,,,,,,,,,22.0,True,,,100,0.08999999999999998
dt,True,209.1513671875,EState,random,sars-cov-2_pp1ab,0.8837535014005602,0.8938618925831202,1684493,0.7662811101510136,0.8759398496240601,0.912532637075718,0.850453172205438,0.8687150837988827,0.8833746898263027,1358524,0.7343438025082557,0.8640776699029126,0.9035532994923858,0.8260869565217391,0.8256302521008404,0.8550420168067226,0.7983193277310925,0.8235294117647058,,,,,,,,,,None,None,,1.0,8.0,,,,,,,22.0,,,,100,0.08999999999999998
dt,False,239.5029296875,EState,random,sars-cov-2_pp1ab,0.734375,0.7295546323299601,1893221,0.5929066795992773,0.7286726426132055,0.734375,,0.7,0.6902118316337954,1602203,0.5426895947761993,0.6971710275019098,0.7,,0.6265625,0.590625,0.6484375,0.640625,,,,,,,,,,20,None,,2.0,3.0,,,,,,,22.0,,,,90,0.08999999999999998
knn,True,634.060546875,EState,random,sars-cov-2_pp1ab,0.8886554621848739,0.8970873786407767,21233921,0.7759549685727675,0.889602053915276,0.9046997389033943,0.8700906344410876,0.8938547486033519,0.9035532994923858,7049476,0.7855408771321374,0.9035532994923858,0.9035532994923858,0.8819875776397516,0.8438375350140057,0.865546218487395,0.8340336134453782,0.8319327731092437,,auto,,,,,,10.0,,,,,,,,,-1.0,9.0,,1.0,,,,distance,90,0.08999999999999998
knn,False,796.283203125,EState,random,sars-cov-2_pp1ab,0.7838541666666666,0.7798096968380381,160991625,0.6692236322959277,0.779735222161236,0.7838541666666666,,0.7729166666666667,0.7631438715510671,48417359,0.6543051616968695,0.7683464044803422,0.7729166666666667,,0.6401041666666666,0.590625,0.646875,0.6828125,,kd_tree,,,,,,20.0,,,,,,,,,-1.0,7.0,,1.0,,,,distance,100,0.08999999999999998
rf,True,38031.9794921875,EState,stratified,sars-cov-2_pp1ab,0.9117647058823529,0.9190231362467867,163987237,0.8221908003956091,0.913154533844189,0.92496765847348,0.8961832061068702,0.9301675977653632,0.9370277078085643,80401851,0.8629564904182007,0.8985507246376812,0.9789473684210527,0.875,0.834733893557423,0.8361344537815126,0.8130252100840336,0.8550420168067226,,,,,,,,,,None,sqrt,,1.0,4.0,1000.0,,,,True,,22.0,,True,,100,0.08999999999999998
rf,False,13991.701171875,EState,stratified,sars-cov-2_pp1ab,0.7244791666666667,0.7151504929199649,90930863,0.5774879537771738,0.7168563391905113,0.7244791666666667,,0.725,0.7151123427024563,44860597,0.5812896859592311,0.7189456158263778,0.725,,0.65625,0.6453125,0.6578125,0.665625,,,,,,,,,,10,sqrt,,2.0,2.0,500.0,,,,True,,22.0,,True,,100,0.08999999999999998
hgb,True,2405.62890625,EState,stratified,sars-cov-2_pp1ab,0.8452380952380952,0.8619612742036228,24156232,0.6884385817134322,0.8333333333333334,0.8926261319534282,0.7893129770992366,0.8435754189944135,0.8653846153846154,12861555,0.696732121641543,0.7964601769911505,0.9473684210526315,0.7261904761904762,0.8172268907563026,0.8088235294117647,0.7983193277310925,0.8445378151260504,,,,,True,,0.1,,0.01,20,,1000.0,16.0,,,100.0,,,,,22.0,,True,,90,0.08999999999999998
hgb,False,6264.25390625,EState,stratified,sars-cov-2_pp1ab,0.721875,0.7169059940644545,72656524,0.5732379440874753,0.7162488938361827,0.721875,,0.69375,0.6825416666666667,31533681,0.5326607966798876,0.6856807150669949,0.69375,,0.6531250000000001,0.64375,0.65625,0.659375,,,,,True,,0.1,,0.01,50,,99999999.0,16.0,,,100.0,,,,,22.0,,True,,90,0.08999999999999998
svm,True,653.9501953125,EState,stratified,sars-cov-2_pp1ab,0.9103641456582633,0.9188846641318125,59569440,0.8196614202716065,0.9006211180124224,0.9379042690815006,0.8778625954198473,0.9273743016759777,0.9343434343434344,16136537,0.856884248425944,0.8980582524271845,0.9736842105263158,0.875,0.8312324929971989,0.8235294117647058,0.819327731092437,0.8508403361344538,1.0,,0.0,2.0,,1.0,,,,,,,,,,,,,,,22.0,True,,,100,0.08999999999999998
svm,False,758.5703125,EState,stratified,sars-cov-2_pp1ab,0.7828125,0.7782404952083254,137086493,0.6672919610703918,0.7783739114962137,0.7828125,,0.775,0.7679499007936508,35461584,0.657440761410374,0.7683557951482479,0.775,,0.6447916666666667,0.6265625,0.65625,0.6515625,1.0,,0.0,2.0,,1.0,,,,,,,,,,,,,,,22.0,True,,,100,0.08999999999999998
dt,True,210.2451171875,EState,stratified,sars-cov-2_pp1ab,0.8872549019607843,0.8986784140969163,1673544,0.7732534677446511,0.875,0.9236739974126779,0.8442748091603054,0.8910614525139665,0.9017632241813602,1357907,0.7836194530351202,0.8647342995169082,0.9421052631578948,0.8333333333333334,0.8144257703081234,0.8067226890756303,0.7836134453781513,0.8529411764705882,,,,,,,,,,None,None,,1.0,8.0,,,,,,,22.0,,,,100,0.08999999999999998
dt,False,215.439453125,EState,stratified,sars-cov-2_pp1ab,0.7,0.6931276842914154,1846460,0.5393381150209355,0.6916418649863484,0.7,,0.68125,0.6671546526780041,1504839,0.5139154333171596,0.6726903111919792,0.68125,,0.6322916666666667,0.628125,0.621875,0.646875,,,,,,,,,,None,None,,4.0,8.0,,,,,,,22.0,,,,90,0.08999999999999998
knn,True,711.7060546875,EState,stratified,sars-cov-2_pp1ab,0.9159663865546218,0.9247176913425345,89181688,0.8317546413976965,0.8976857490864799,0.9534282018111255,0.8717557251908397,0.9273743016759777,0.935,39317868,0.858679505062907,0.8904761904761904,0.9842105263157894,0.8630952380952381,0.8326330532212886,0.8382352941176471,0.7962184873949579,0.8634453781512605,,kd_tree,,,,,,20.0,,,,,,,,,-1.0,9.0,,2.0,,,,distance,100,0.08999999999999998
knn,False,840.2919921875,EState,stratified,sars-cov-2_pp1ab,0.7885416666666667,0.7827970748401596,122960526,0.6763131893582673,0.7835523284062116,0.7885416666666667,,0.7833333333333333,0.7753042537780909,48781053,0.6705881104458256,0.7764843065184477,0.7833333333333333,,0.6453125000000001,0.6375,0.6484375,0.65,,kd_tree,,,,,,10.0,,,,,,,,,-1.0,7.0,,2.0,,,,distance,100,0.08999999999999998
rf,True,30006.3505859375,EState,strict,sars-cov-2_pp1ab,0.896414342629482,0.9013906447534766,151063072,0.7924553828720354,0.893483709273183,0.9094387755102041,0.8822714681440443,0.9214285714285714,0.9375,65770367,0.8326899044532091,0.953757225433526,0.9217877094972067,0.9207920792079208,0.8334367960605585,0.8435643564356435,0.8273809523809523,0.8293650793650794,,,,,,,,,,None,sqrt,,1.0,8.0,1000.0,,,,True,,22.0,,True,,100,0.08999999999999998
rf,False,16082.275390625,EState,strict,sars-cov-2_pp1ab,0.7364729458917836,0.7229643982375548,91086496,0.5965720684996748,0.7303473384949741,0.7364729458917836,,0.7153465346534653,0.6987228929406435,37480877,0.5729670801134803,0.7192807533884955,0.7153465346534653,,0.6616541353383458,0.6345864661654136,0.6616541353383458,0.6887218045112782,,,,,,,,,,None,sqrt,,2.0,8.0,500.0,,,,True,,22.0,,True,,100,0.08999999999999998
hgb,True,2328.6279296875,EState,strict,sars-cov-2_pp1ab,0.8791500664010624,0.8853904282115869,23083647,0.757893187878704,0.8743781094527363,0.8966836734693877,0.8601108033240997,0.9,0.9204545454545454,12168084,0.7867725198447475,0.9364161849710982,0.9050279329608939,0.8910891089108911,0.8347647860024097,0.8356435643564356,0.8511904761904762,0.8174603174603174,,,,,True,,0.1,,0.01,10,,1000.0,8.0,,,100.0,,,,,22.0,,True,,100,0.08999999999999998
hgb,False,3645.1064453125,EState,strict,sars-cov-2_pp1ab,0.7229458917835672,0.7109391621235605,36758323,0.5749610624104324,0.7150800214958041,0.7229458917835672,,0.7202970297029703,0.7038305979113462,17103656,0.5800458439854581,0.7223983895174386,0.7202970297029703,,0.6486215538847118,0.631578947368421,0.637593984962406,0.6766917293233082,,,,,True,,0.01,,0.01,10,,1000.0,16.0,,,100.0,,,,,22.0,,True,,100,0.08999999999999998
svm,True,641.3447265625,EState,strict,sars-cov-2_pp1ab,0.8904382470119522,0.896291640477687,60330953,0.780594032025087,0.8835192069392813,0.9094387755102041,0.8698060941828255,0.9357142857142857,0.9491525423728814,12370567,0.8622109004489973,0.96,0.9385474860335196,0.9306930693069307,0.8261786892975013,0.8178217821782178,0.8313492063492064,0.8293650793650794,1.0,,0.0,4.0,,1.0,,,,,,,,,,,,,,,22.0,False,,,90,0.08999999999999998
svm,False,739.23046875,EState,strict,sars-cov-2_pp1ab,0.7680360721442886,0.7595092212868897,138531560,0.6450602996972423,0.7651203807121995,0.7680360721442886,,0.7301980198019802,0.7185232134312627,29065018,0.5969672128132013,0.7324092171623231,0.7301980198019802,,0.6511278195488722,0.6135338345864662,0.6601503759398496,0.6796992481203008,1.0,,0.0,2.0,,1.0,,,,,,,,,,,,,,,22.0,True,,,90,0.08999999999999998
dt,True,238.3720703125,EState,strict,sars-cov-2_pp1ab,0.8851261620185923,0.8932757557063541,2027532,0.7711225127954174,0.8649940262843488,0.923469387755102,0.8434903047091413,0.9071428571428571,0.9257142857142857,1535865,0.8035685970622857,0.9473684210526315,0.9050279329608939,0.9108910891089109,0.8017169574100267,0.803960396039604,0.8015873015873016,0.7996031746031746,,,,,,,,,,30,sqrt,,1.0,2.0,,,,,,,22.0,,,,90,0.08999999999999998
dt,False,219.220703125,EState,strict,sars-cov-2_pp1ab,0.7069138276553106,0.6941398005312703,1955331,0.549607073563853,0.6971793877557766,0.7069138276553106,,0.693069306930693,0.6746043140259891,1418739,0.5379278751835562,0.6905374104534573,0.693069306930693,,0.6365914786967418,0.6075187969924812,0.6406015037593985,0.6616541353383458,,,,,,,,,,None,None,,4.0,2.0,,,,,,,22.0,,,,100,0.08999999999999998
knn,True,694.4765625,EState,strict,sars-cov-2_pp1ab,0.9077025232403718,0.9121920404295641,99338859,0.81510218546812,0.9036295369211514,0.9209183673469388,0.8933518005540166,0.9464285714285714,0.9577464788732394,38158315,0.8848257592766677,0.9659090909090909,0.9497206703910615,0.9405940594059405,0.8321245219760071,0.8277227722772277,0.8432539682539683,0.8253968253968254,,ball_tree,,,,,,40.0,,,,,,,,,-1.0,3.0,,1.0,,,,distance,100,0.08999999999999998
knn,False,777.3349609375,EState,strict,sars-cov-2_pp1ab,0.7880761523046093,0.7784499760084087,150246960,0.6793131623888224,0.7911624805603233,0.7880761523046093,,0.7623762376237624,0.7475254878429021,44138045,0.6476545415735955,0.7728035321674402,0.7623762376237624,,0.6456140350877194,0.6210526315789474,0.6511278195488722,0.6646616541353384,,ball_tree,,,,,,50.0,,,,,,,,,-1.0,9.0,,2.0,,,,distance,100,0.08999999999999998
rf,True,2860.3662109375,CDKextended,random,sars-cov-2_pp1ab,0.9628851540616247,0.9653368214519293,28233897,0.925405689647736,0.9672346002621232,0.9634464751958225,0.9622356495468278,0.9553072625698324,0.9593908629441624,14673519,0.9097014219503736,0.9593908629441624,0.9593908629441624,0.9503105590062112,0.8886554621848739,0.8970588235294118,0.8781512605042017,0.8907563025210085,,,,,,,,,,30,sqrt,,2.0,2.0,100.0,,,,True,,22.0,,True,,80,0.08999999999999998
rf,False,64077.78515625,CDKextended,random,sars-cov-2_pp1ab,0.9203125,0.9200994351188372,346085718,0.8785152493343764,0.9204142333267382,0.9203125,,0.9085239085239085,0.9079344997532742,125122716,0.8603412155103923,0.9080427261679208,0.9085239085239085,,0.7260416666666667,0.7296875,0.71875,0.7296875,,,,,,,,,,30,sqrt,,1.0,4.0,1000.0,,,,True,,22.0,,True,,80,0.15999999999999998
hgb,True,1537.3662109375,CDKextended,random,sars-cov-2_pp1ab,0.9586834733893558,0.9613621480026195,35910942,0.9169915911512051,0.9645203679369251,0.95822454308094,0.959214501510574,0.952513966480447,0.9565217391304348,20592581,0.9043500189728495,0.9639175257731959,0.949238578680203,0.9565217391304348,0.8914565826330532,0.9033613445378151,0.8697478991596639,0.9012605042016807,,,,,True,,0.0,,0.01,None,,1000.0,64.0,,,100.0,,,,,22.0,,True,,90,0.08999999999999998
hgb,False,4454.001953125,CDKextended,random,sars-cov-2_pp1ab,0.8994791666666667,0.8991478010668718,78703551,0.8466252435126975,0.899090324871269,0.8994791666666667,,0.8752598752598753,0.8743719378629609,30227330,0.8094927422066454,0.8746673407033493,0.8752598752598753,,0.7203125,0.71875,0.71875,0.7234375,,,,,True,,0.1,,0.01,50,,10000.0,32.0,,,100.0,,,,,22.0,,True,,90,0.08999999999999998
svm,True,4992.10546875,CDKextended,random,sars-cov-2_pp1ab,0.9733893557422969,0.9753246753246754,589009083,0.946511134993029,0.9702842377260982,0.9804177545691906,0.9652567975830816,0.9636871508379888,0.9667519181585678,151485977,0.9268895140154755,0.9742268041237113,0.9593908629441624,0.968944099378882,0.8893557422969187,0.8991596638655462,0.8634453781512605,0.9054621848739496,100.0,,0.1,3.0,,0.005,,,,,,,,,,,,,,,22.0,False,,,80,0.08999999999999998
svm,False,11823.1357421875,CDKextended,random,sars-cov-2_pp1ab,0.859375,0.8585595316821586,1802807318,0.7857508139992477,0.859716860703571,0.859375,,0.83991683991684,0.8385148415211706,454800611,0.7562758011077768,0.8404890142003357,0.83991683991684,,0.7239583333333334,0.7203125,0.7234375,0.728125,1.0,,0.0,4.0,,0.01,,,,,,,,,,,,,,,22.0,False,,,90,0.08999999999999998
dt,True,220.775390625,CDKextended,random,sars-cov-2_pp1ab,0.9425770308123249,0.9471649484536082,10672813,0.8846566673927236,0.9351145038167938,0.9595300261096605,0.9229607250755287,0.9441340782122905,0.9494949494949495,6575885,0.8870551537924428,0.9447236180904522,0.9543147208121827,0.9316770186335404,0.8396358543417367,0.842436974789916,0.8445378151260504,0.8319327731092437,,,,,,,,,,30,None,,1.0,8.0,,,,,,,22.0,,,,80,0.08999999999999998
dt,False,253.30078125,CDKextended,random,sars-cov-2_pp1ab,0.8640625,0.8638743635385353,13787119,0.7926423275355009,0.8638157965544895,0.8640625,,0.8461538461538461,0.8450705124221438,7103422,0.7649820147794877,0.8447820436236134,0.8461538461538461,,0.6447916666666667,0.6328125,0.6484375,0.653125,,,,,,,,,,20,None,,1.0,8.0,,,,,,,22.0,,,,80,0.08999999999999998
knn,True,7362.185546875,CDKextended,random,sars-cov-2_pp1ab,0.9684873949579832,0.9709114414996768,118468111,0.9367507021178181,0.9615877080665813,0.9804177545691906,0.9546827794561934,0.9692737430167597,0.9721518987341772,106712621,0.9378994294136841,0.9696969696969697,0.9746192893401016,0.9627329192546584,0.8781512605042017,0.8991596638655462,0.8550420168067226,0.8802521008403361,,auto,,,,,,10.0,,,,,,,,,-1.0,5.0,,2.0,,,,distance,80,0.15999999999999998
knn,False,9835.3876953125,CDKextended,random,sars-cov-2_pp1ab,0.9244791666666666,0.9242858396213549,274741627,0.885003432073264,0.9248260024626129,0.9244791666666666,,0.9168399168399168,0.9166184352697982,87920662,0.8733453977544652,0.9175753324267303,0.9168399168399168,,0.7036458333333333,0.7078125,0.684375,0.71875,,auto,,,,,,10.0,,,,,,,,,-1.0,3.0,,1.0,,,,distance,80,0.15999999999999998
rf,True,2354.8818359375,CDKextended,stratified,sars-cov-2_pp1ab,0.9572829131652661,0.9607211848036059,27432366,0.9139528302876331,0.9564102564102565,0.9650711513583441,0.9480916030534351,0.952513966480447,0.9558441558441558,14558540,0.9048603631318538,0.9435897435897436,0.968421052631579,0.9345238095238095,0.8865546218487395,0.8970588235294118,0.8718487394957983,0.8907563025210085,,,,,,,,,,20,sqrt,,2.0,8.0,100.0,,,,True,,22.0,,True,,80,0.08999999999999998
rf,False,4787.4638671875,CDKextended,stratified,sars-cov-2_pp1ab,0.8875,0.8853013286034211,44483436,0.828706960756903,0.8875624948539347,0.8875,,0.8877338877338877,0.8871295106958452,19026297,0.8294872345214828,0.8875131411452435,0.8877338877338877,,0.7255208333333334,0.7375,0.7015625,0.7375,,,,,,,,,,30,sqrt,,1.0,8.0,100.0,,,,True,,22.0,,True,,80,0.08999999999999998
hgb,True,2340.55859375,CDKextended,stratified,sars-cov-2_pp1ab,0.9593837535014006,0.9624352331606217,33089049,0.91823172791323,0.9636835278858625,0.9611901681759379,0.9572519083969465,0.9720670391061452,0.9740932642487047,19109723,0.9443430283431661,0.9591836734693877,0.9894736842105263,0.9523809523809523,0.8781512605042017,0.8802521008403361,0.8718487394957983,0.8823529411764706,,,,,True,,0.0,,0.01,10,,10000.0,32.0,,,100.0,,,,,22.0,,True,,80,0.15999999999999998
hgb,False,4552.8095703125,CDKextended,stratified,sars-cov-2_pp1ab,0.8869791666666667,0.8854083808520226,78981174,0.8273929478248299,0.885943301844267,0.8869791666666667,,0.8814968814968815,0.8813789124710228,42343846,0.8199334469254688,0.8813981273572393,0.8814968814968815,,0.7270833333333333,0.7359375,0.709375,0.7359375,,,,,True,,0.01,,0.01,50,,1000.0,64.0,,,100.0,,,,,22.0,,True,,80,0.15999999999999998
svm,True,4736.22265625,CDKextended,stratified,sars-cov-2_pp1ab,0.9740896358543417,0.9761136216914138,561916865,0.9478132367146797,0.9742268041237113,0.9780077619663649,0.9694656488549618,0.9720670391061452,0.9739583333333334,133345959,0.9440830944130445,0.9639175257731959,0.9842105263157894,0.9583333333333334,0.8977591036414565,0.9054621848739496,0.8865546218487395,0.9012605042016807,200.0,,0.5,3.0,,0.01,,,,,,,,,,,,,,,22.0,False,,,80,0.15999999999999998
svm,False,9441.9404296875,CDKextended,stratified,sars-cov-2_pp1ab,0.9098958333333333,0.9090136806125658,1715118296,0.8623991863118056,0.9093105460721106,0.9098958333333333,,0.9022869022869023,0.9014611143495893,428811049,0.851545729636714,0.9017454572724278,0.9022869022869023,,0.7208333333333333,0.728125,0.7078125,0.7265625,10.0,,0.1,4.0,,0.005,,,,,,,,,,,,,,,22.0,True,,,80,0.08999999999999998
dt,True,241.1142578125,CDKextended,stratified,sars-cov-2_pp1ab,0.9509803921568627,0.9555273189326556,12474619,0.9016713934263031,0.9388264669163545,0.9728331177231565,0.9251908396946565,0.946927374301676,0.9516539440203562,7041198,0.8953768594617458,0.9211822660098522,0.9842105263157894,0.9047619047619048,0.8319327731092437,0.842436974789916,0.8151260504201681,0.8382352941176471,,,,,,,,,,30,sqrt,,1.0,3.0,,,,,,,22.0,,,,90,0.08999999999999998
dt,False,238.88671875,CDKextended,stratified,sars-cov-2_pp1ab,0.753125,0.7485025230184885,12345869,0.6218429557034456,0.7492404868072505,0.753125,,0.7546777546777547,0.7521517764778192,6778655,0.6270497705375255,0.7526369579775803,0.7546777546777547,,0.6541666666666667,0.6796875,0.6328125,0.65,,,,,,,,,,10,sqrt,,4.0,2.0,,,,,,,22.0,,,,100,0.15999999999999998
knn,True,16370.3046875,CDKextended,stratified,sars-cov-2_pp1ab,0.9670868347338936,0.9698137443802184,262346682,0.93374867328186,0.9630102040816326,0.9767141009055628,0.9557251908396946,0.9720670391061452,0.9739583333333334,86519001,0.9440830944130445,0.9639175257731959,0.9842105263157894,0.9583333333333334,0.8802521008403361,0.8823529411764706,0.884453781512605,0.8739495798319328,,ball_tree,,,,,,50.0,,,,,,,,,-1.0,5.0,,1.0,,,,distance,90,0.15999999999999998
knn,False,10990.3798828125,CDKextended,stratified,sars-cov-2_pp1ab,0.759375,0.7502542308828322,219834728,0.6339654783568233,0.7576754252048777,0.759375,,0.760914760914761,0.7561648691592194,201715320,0.6392799619982649,0.7650419455751564,0.760914760914761,,0.7104166666666667,0.73125,0.696875,0.703125,,auto,,,,,,50.0,,,,,,,,,-1.0,5.0,,2.0,,,,uniform,90,0.15999999999999998
rf,True,2476.5234375,CDKextended,strict,sars-cov-2_pp1ab,0.9654714475431607,0.9672544080604534,25511164,0.9310801195458757,0.9552238805970149,0.9795918367346939,0.9501385041551247,0.9857142857142858,0.9888888888888889,12466451,0.9690078492407314,0.9834254143646409,0.994413407821229,0.9702970297029703,0.883004609984808,0.897029702970297,0.8888888888888888,0.8630952380952381,,,,,,,,,,None,sqrt,,2.0,8.0,100.0,,,,True,,22.0,,True,,100,0.15999999999999998
rf,False,67154.56640625,CDKextended,strict,sars-cov-2_pp1ab,0.9223835753630446,0.9215380364271988,265321100,0.8818457611476015,0.923073846188727,0.9223835753630446,,0.9356435643564357,0.9357817555154531,99554765,0.9024508229140797,0.935995599559956,0.9356435643564357,,0.7264602948813476,0.7117117117117117,0.7458646616541353,0.7218045112781954,,,,,,,,,,None,sqrt,,1.0,4.0,1000.0,,,,True,,22.0,,True,,80,0.15999999999999998
hgb,True,3171.287109375,CDKextended,strict,sars-cov-2_pp1ab,0.9674634794156707,0.9689677010766308,41325581,0.934877407027641,0.9622641509433962,0.9757653061224489,0.9584487534626038,0.9892857142857143,0.9916434540389972,22490877,0.97674781672881,0.9888888888888889,0.994413407821229,0.9801980198019802,0.8764000209544763,0.8831683168316832,0.875,0.871031746031746,,,,,True,,0.01,,0.01,50,,99999999.0,32.0,,,100.0,,,,,22.0,,True,,80,0.15999999999999998
hgb,False,4349.703125,CDKextended,strict,sars-cov-2_pp1ab,0.8983475212819229,0.8972545658171774,53639370,0.8447243929603085,0.8977977881810973,0.8983475212819229,,0.8960396039603961,0.8966527529787337,30485395,0.843016276099901,0.8979013105863161,0.8960396039603961,,0.7289658079131763,0.7132132132132132,0.7518796992481203,0.7218045112781954,,,,,True,,0.01,,0.01,None,,10000.0,16.0,,,100.0,,,,,22.0,,True,,90,0.15999999999999998
svm,True,4270.04296875,CDKextended,strict,sars-cov-2_pp1ab,0.9741035856573705,0.9754871150219987,397251005,0.9484989960244437,0.9615861214374225,0.9897959183673469,0.9570637119113573,0.9892857142857143,0.9916897506925207,77573434,0.9768843957295839,0.9835164835164835,1.0,0.9702970297029703,0.8935840012572686,0.900990099009901,0.8849206349206349,0.8948412698412699,10.0,,0.5,2.0,,0.005,,,,,,,,,,,,,,,22.0,False,,,80,0.15999999999999998
svm,False,8448.6943359375,CDKextended,strict,sars-cov-2_pp1ab,0.9173760640961443,0.9164913406760955,1199076613,0.8739483692218635,0.9173868143530768,0.9173760640961443,,0.9504950495049505,0.9503438173414008,243314201,0.9249460395006424,0.9504979055549045,0.9504950495049505,,0.7199455094191937,0.7087087087087087,0.7323308270676692,0.718796992481203,10.0,,0.1,3.0,,0.01,,,,,,,,,,,,,,,22.0,False,,,80,0.15999999999999998
dt,True,221.119140625,CDKextended,strict,sars-cov-2_pp1ab,0.9435590969455512,0.947172156619018,11402463,0.8879998195478471,0.9236363636363636,0.9719387755102041,0.9127423822714681,0.9785714285714285,0.9833333333333333,14927487,0.9534512757766292,0.9779005524861878,0.9888268156424581,0.9603960396039604,0.8235436638901986,0.801980198019802,0.8353174603174603,0.8333333333333334,,,,,,,,,,30,None,,2.0,8.0,,,,,,,22.0,,,,90,0.08999999999999998
dt,False,284.22265625,CDKextended,strict,sars-cov-2_pp1ab,0.8322483725588382,0.828653019003316,12498625,0.7439443960060552,0.8316918793404187,0.8322483725588382,,0.8391089108910891,0.8379059071768667,6625390,0.7559466756022151,0.8397321982455785,0.8391089108910891,,0.653817727501938,0.6336336336336337,0.6466165413533834,0.681203007518797,,,,,,,,,,30,sqrt,,2.0,2.0,,,,,,,22.0,,,,90,0.15999999999999998
knn,True,16574.9921875,CDKextended,strict,sars-cov-2_pp1ab,0.9760956175298805,0.9772727272727273,262798392,0.9522841759327908,0.9675,0.9872448979591837,0.96398891966759,0.9928571428571429,0.994413407821229,73138908,0.9845124177222192,0.994413407821229,0.994413407821229,0.9900990099009901,0.8737623762376238,0.8712871287128713,0.8908730158730159,0.8591269841269841,,ball_tree,,,,,,10.0,,,,,,,,,-1.0,3.0,,1.0,,,,distance,80,0.15999999999999998
knn,False,31729.0771484375,CDKextended,strict,sars-cov-2_pp1ab,0.8042063094641962,0.8001664658322135,666284379,0.701326877270919,0.8038074232581978,0.8042063094641962,,0.7945544554455446,0.7937966244849337,156464077,0.6882646401841102,0.7959484001497495,0.7945544554455446,,0.7014134435187067,0.6801801801801802,0.6902255639097744,0.7338345864661654,,ball_tree,,,,,,30.0,,,,,,,,,-1.0,3.0,,1.0,,,,uniform,100,0.08999999999999998
rf,True,3297.068359375,CDK,random,sars-cov-2_pp1ab,0.9572829131652661,0.9602087410306588,30907877,0.9141023578725427,0.9595827900912647,0.9608355091383812,0.9531722054380665,0.9636871508379888,0.9670886075949368,15935518,0.9266055176837783,0.9646464646464646,0.9695431472081218,0.9565217391304348,0.8830532212885154,0.8886554621848739,0.8781512605042017,0.8823529411764706,,,,,,,,,,None,log2,,2.0,3.0,100.0,,,,True,,22.0,,True,,90,0.08999999999999998
rf,False,55679.4541015625,CDK,random,sars-cov-2_pp1ab,0.8838541666666667,0.8826853374613614,339270602,0.823027066084879,0.8837026713742245,0.8838541666666667,,0.8544698544698545,0.8516089057914051,128857357,0.7781076985318606,0.8532215295722889,0.8544698544698545,,0.7265625,0.7078125,0.7296875,0.7421875,,,,,,,,,,20,log2,,2.0,2.0,1000.0,,,,True,,22.0,,True,,80,0.15999999999999998
hgb,True,2112.8876953125,CDK,random,sars-cov-2_pp1ab,0.9572829131652661,0.9598948060486522,32506049,0.9143164608429327,0.9668874172185431,0.9530026109660574,0.9622356495468278,0.9553072625698324,0.9591836734693877,22662433,0.9098616283979486,0.9641025641025641,0.9543147208121827,0.9565217391304348,0.884453781512605,0.8802521008403361,0.8781512605042017,0.8949579831932774,,,,,True,,0.0,,0.01,10,,10000.0,32.0,,,100.0,,,,,22.0,,True,,80,0.08999999999999998
hgb,False,4164.5791015625,CDK,random,sars-cov-2_pp1ab,0.8859375,0.885254315334198,79437730,0.825936034007323,0.8853721912137996,0.8859375,,0.8773388773388774,0.876405883870127,42352467,0.8129957623563945,0.8770071903303328,0.8773388773388774,,0.7145833333333332,0.7109375,0.7203125,0.7125,,,,,True,,0.0,,0.01,50,,99999999.0,64.0,,,100.0,,,,,22.0,,True,,90,0.08999999999999998
svm,True,4486.5478515625,CDK,random,sars-cov-2_pp1ab,0.9740896358543417,0.9759896171317326,425523666,0.9479310753771654,0.9703225806451613,0.9817232375979112,0.9652567975830816,0.9664804469273743,0.9692307692307692,111298083,0.9326660615465718,0.9792746113989638,0.9593908629441624,0.9751552795031055,0.8879551820728291,0.8865546218487395,0.8802521008403361,0.8970588235294118,300.0,,0.0,3.0,,0.005,,,,,,,,,,,,,,,22.0,False,,,90,0.15999999999999998
svm,False,9429.7607421875,CDK,random,sars-cov-2_pp1ab,0.8479166666666667,0.8466690800669053,1576624058,0.7681935979373794,0.8475900497895686,0.8479166666666667,,0.8191268191268192,0.8160826201317023,400273246,0.7240220955339328,0.8174303761669194,0.8191268191268192,,0.7213541666666666,0.7140625,0.7203125,0.7296875,1.0,,0.0,3.0,,0.01,,,,,,,,,,,,,,,22.0,False,,,90,0.15999999999999998
dt,True,226.0126953125,CDK,random,sars-cov-2_pp1ab,0.8571428571428571,0.8712121212121212,10022796,0.7131570337404455,0.843520782396088,0.9007832898172323,0.8066465256797583,0.8687150837988827,0.8839506172839506,6370973,0.7345162713024999,0.8605769230769231,0.9086294416243654,0.8198757763975155,0.8354341736694678,0.842436974789916,0.819327731092437,0.8445378151260504,,,,,,,,,,30,log2,,4.0,3.0,,,,,,,22.0,,,,90,0.15999999999999998
dt,False,281.49609375,CDK,random,sars-cov-2_pp1ab,0.796875,0.7919506251901475,12567527,0.6898120591915764,0.7936240773632265,0.796875,,0.7817047817047817,0.7746142475424509,6642737,0.6675956823292184,0.7806611197915545,0.7817047817047817,,0.64375,0.628125,0.64375,0.659375,,,,,,,,,,20,log2,,2.0,2.0,,,,,,,22.0,,,,100,0.15999999999999998
knn,True,17608.0546875,CDK,random,sars-cov-2_pp1ab,0.9656862745098039,0.968407479045777,270602921,0.931206509634712,0.956687898089172,0.9804177545691906,0.9486404833836858,0.9748603351955307,0.9772151898734177,124978226,0.9491933411435899,0.9747474747474747,0.9796954314720813,0.968944099378882,0.8802521008403361,0.8928571428571429,0.8697478991596639,0.8781512605042017,,ball_tree,,,,,,10.0,,,,,,,,,-1.0,7.0,,2.0,,,,distance,90,0.15999999999999998
knn,False,20033.0615234375,CDK,random,sars-cov-2_pp1ab,0.9286458333333333,0.9284058325128275,392680351,0.8914762507085415,0.9293077025962764,0.9286458333333333,,0.8981288981288982,0.8971851030625257,125158140,0.8449047846486297,0.8990199990199991,0.8981288981288982,,0.7041666666666666,0.6921875,0.7078125,0.7125,,ball_tree,,,,,,20.0,,,,,,,,,-1.0,7.0,,2.0,,,,distance,80,0.15999999999999998
rf,True,3005.1669921875,CDK,stratified,sars-cov-2_pp1ab,0.9677871148459384,0.9701686121919585,27458713,0.9351763778914388,0.9726918075422627,0.9676584734799483,0.9679389312977099,0.9720670391061452,0.9739583333333334,14547514,0.9440830944130445,0.9639175257731959,0.9842105263157894,0.9583333333333334,0.884453781512605,0.907563025210084,0.8697478991596639,0.8760504201680672,,,,,,,,,,30,sqrt,,1.0,4.0,100.0,,,,True,,22.0,,True,,90,0.15999999999999998
rf,False,4786.107421875,CDK,stratified,sars-cov-2_pp1ab,0.8890625,0.8869705337340961,40631430,0.8308550381351092,0.888254514699433,0.8890625,,0.8835758835758836,0.8825855289688669,18239727,0.823142498703271,0.8828400916313004,0.8835758835758836,,0.7192708333333333,0.734375,0.7046875,0.71875,,,,,,,,,,None,sqrt,,1.0,8.0,100.0,,,,True,,22.0,,True,,100,0.15999999999999998
hgb,True,2082.7109375,CDK,stratified,sars-cov-2_pp1ab,0.957983193277311,0.9611901681759379,71335520,0.9153886414583806,0.9611901681759379,0.9611901681759379,0.9541984732824428,0.9692737430167597,0.9712793733681462,17328866,0.9383837746343571,0.9637305699481865,0.9789473684210527,0.9583333333333334,0.8753501400560224,0.8802521008403361,0.8550420168067226,0.8907563025210085,,,,,True,,0.0,,0.01,50,,10000.0,8.0,,,100.0,,,,,22.0,,True,,90,0.08999999999999998
hgb,False,3409.6318359375,CDK,stratified,sars-cov-2_pp1ab,0.8786458333333333,0.8769008181766866,50396172,0.8146108188408697,0.8773379924547128,0.8786458333333333,,0.8752598752598753,0.8748298520207284,25837721,0.8102851089894343,0.8747562339667603,0.8752598752598753,,0.7088541666666668,0.7328125,0.6875,0.70625,,,,,True,,0.01,,0.01,50,,99999999.0,32.0,,,100.0,,,,,22.0,,True,,80,0.08999999999999998
svm,True,4850.2275390625,CDK,stratified,sars-cov-2_pp1ab,0.976890756302521,0.9786683904330963,545964281,0.953459277644935,0.9780361757105943,0.9793014230271668,0.9740458015267176,0.9720670391061452,0.9739583333333334,139900265,0.9440830944130445,0.9639175257731959,0.9842105263157894,0.9583333333333334,0.8893557422969187,0.8991596638655462,0.8760504201680672,0.8928571428571429,300.0,,0.5,3.0,,0.01,,,,,,,,,,,,,,,22.0,True,,,80,0.15999999999999998
svm,False,10860.7958984375,CDK,stratified,sars-cov-2_pp1ab,0.9130208333333333,0.9122929118113432,1376653645,0.8671942596285936,0.9125910154012781,0.9130208333333333,,0.9064449064449065,0.9061705053333692,350059615,0.8578317188511441,0.906310798278275,0.9064449064449065,,0.7182291666666667,0.7203125,0.7140625,0.7203125,10.0,,0.0,3.0,,0.005,,,,,,,,,,,,,,,22.0,True,,,90,0.08999999999999998
dt,True,230.56640625,CDK,stratified,sars-cov-2_pp1ab,0.9243697478991597,0.9319041614123581,9964111,0.8483497495715319,0.9089790897908979,0.9560155239327296,0.8870229007633588,0.9217877094972067,0.9292929292929293,6538510,0.8455603443677495,0.8932038834951457,0.968421052631579,0.8690476190476191,0.8312324929971989,0.8130252100840336,0.8382352941176471,0.842436974789916,,,,,,,,,,None,sqrt,,2.0,3.0,,,,,,,22.0,,,,80,0.15999999999999998
dt,False,241.1982421875,CDK,stratified,sars-cov-2_pp1ab,0.8239583333333333,0.8214062752207717,11770132,0.7305376231824399,0.8214877301578162,0.8239583333333333,,0.8232848232848233,0.8222263781518085,6826709,0.7311125714532577,0.8214767108884756,0.8232848232848233,,0.653125,0.665625,0.6328125,0.6609375,,,,,,,,,,None,None,,4.0,8.0,,,,,,,22.0,,,,80,0.15999999999999998
knn,True,9246.240234375,CDK,stratified,sars-cov-2_pp1ab,0.9719887955182073,0.974293059125964,184464133,0.9436206697375916,0.9680715197956578,0.9805950840879689,0.9618320610687023,0.9720670391061452,0.9739583333333334,70284017,0.9440830944130445,0.9639175257731959,0.9842105263157894,0.9583333333333334,0.8851540616246498,0.884453781512605,0.8886554621848739,0.8823529411764706,,auto,,,,,,20.0,,,,,,,,,-1.0,3.0,,1.0,,,,distance,80,0.08999999999999998
knn,False,22194.955078125,CDK,stratified,sars-cov-2_pp1ab,0.7640625,0.75608210287056,548381336,0.6404968984572805,0.7618208011116087,0.7640625,,0.7837837837837838,0.7808496318841146,168818008,0.6723552869822893,0.7850893782515692,0.7837837837837838,,0.7041666666666667,0.70625,0.7046875,0.7015625,,kd_tree,,,,,,40.0,,,,,,,,,-1.0,5.0,,1.0,,,,uniform,90,0.15999999999999998
rf,True,4380.08203125,CDK,strict,sars-cov-2_pp1ab,0.9774236387782205,0.978562421185372,31808016,0.9550003499967442,0.9675810473815462,0.9897959183673469,0.96398891966759,0.9964285714285714,0.9972144846796658,13879731,0.9922693484361917,0.9944444444444445,1.0,0.9900990099009901,0.8856553512494107,0.8891089108910891,0.9007936507936508,0.8670634920634921,,,,,,,,,,20,log2,,1.0,3.0,100.0,,,,True,,22.0,,True,,100,0.08999999999999998
rf,False,73284.654296875,CDK,strict,sars-cov-2_pp1ab,0.928392588883325,0.9276593961177452,297752409,0.8907101662391139,0.9281841717325605,0.928392588883325,,0.948019801980198,0.9481894374653682,101235457,0.921269014998718,0.9485323771578907,0.948019801980198,,0.7219535324798483,0.7027027027027027,0.7383458646616541,0.724812030075188,,,,,,,,,,20,sqrt,,1.0,3.0,1000.0,,,,True,,22.0,,True,,100,0.08999999999999998
hgb,True,1858.29296875,CDK,strict,sars-cov-2_pp1ab,0.9634794156706508,0.9652996845425867,39859136,0.927004163885692,0.9550561797752809,0.9757653061224489,0.9501385041551247,0.9821428571428571,0.9860724233983287,20186750,0.9612262850214282,0.9833333333333333,0.9888268156424581,0.9702970297029703,0.8724435538791974,0.8653465346534653,0.876984126984127,0.875,,,,,True,,0.1,,0.01,10,,1000.0,64.0,,,100.0,,,,,22.0,,True,,80,0.08999999999999998
hgb,False,3891.513671875,CDK,strict,sars-cov-2_pp1ab,0.8958437656484727,0.8945634735259677,79996474,0.8408147915816844,0.8948139807039509,0.8958437656484727,,0.9084158415841584,0.9088721884638236,25652594,0.8613919501944454,0.9097079469157339,0.9084158415841584,,0.7119186856028961,0.7222222222222222,0.7172932330827068,0.6962406015037594,,,,,True,,0.01,,0.01,10,,10000.0,16.0,,,100.0,,,,,22.0,,True,,80,0.08999999999999998
svm,True,4339.5703125,CDK,strict,sars-cov-2_pp1ab,0.9741035856573705,0.9754562617998741,467710916,0.9484305120159658,0.9627329192546584,0.9885204081632653,0.9584487534626038,0.9892857142857143,0.9916897506925207,91266527,0.9768843957295839,0.9835164835164835,1.0,0.9702970297029703,0.892918696631568,0.906930693069307,0.8928571428571429,0.878968253968254,10.0,,0.5,4.0,,0.005,,,,,,,,,,,,,,,22.0,False,,,80,0.15999999999999998
svm,False,8428.1083984375,CDK,strict,sars-cov-2_pp1ab,0.9163745618427641,0.9158016215653418,1305169666,0.8721762400728753,0.9158607911227782,0.9163745618427641,,0.9504950495049505,0.950344299008689,269171521,0.9249099756126722,0.9504098726352841,0.9504950495049505,,0.7199485199485199,0.7027027027027027,0.7398496240601504,0.7172932330827068,10.0,,0.5,4.0,,0.01,,,,,,,,,,,,,,,22.0,True,,,80,0.15999999999999998
dt,True,219.314453125,CDK,strict,sars-cov-2_pp1ab,0.949535192563081,0.9528535980148883,11482008,0.900205674852519,0.927536231884058,0.9795918367346939,0.9168975069252078,0.9857142857142858,0.9888888888888889,6478169,0.9690078492407314,0.9834254143646409,0.994413407821229,0.9702970297029703,0.8288110953952538,0.8376237623762376,0.8273809523809523,0.8214285714285714,,,,,,,,,,10,None,,1.0,4.0,,,,,,,22.0,,,,80,0.08999999999999998
dt,False,282.1591796875,CDK,strict,sars-cov-2_pp1ab,0.8247371056584877,0.8202538429600478,13540694,0.7320961867010429,0.8224613146439935,0.8247371056584877,,0.8663366336633663,0.8649373902302512,6789540,0.7978100303093836,0.8675633386811271,0.8663366336633663,,0.6457984300089563,0.6321321321321322,0.6330827067669172,0.6721804511278195,,,,,,,,,,None,sqrt,,2.0,2.0,,,,,,,22.0,,,,80,0.08999999999999998
knn,True,7972.021484375,CDK,strict,sars-cov-2_pp1ab,0.9243027888446215,0.9290161892901619,192648067,0.8491224231720249,0.9075425790754258,0.951530612244898,0.8947368421052632,0.9607142857142857,0.9693593314763231,102209574,0.9146616898992829,0.9666666666666667,0.9720670391061452,0.9405940594059405,0.8757491225313007,0.8673267326732673,0.8888888888888888,0.871031746031746,,auto,,,,,,10.0,,,,,,,,,-1.0,3.0,,2.0,,,,uniform,80,0.15999999999999998
knn,False,20551.353515625,CDK,strict,sars-cov-2_pp1ab,0.9318978467701552,0.9311656065678612,443842274,0.8965260769791731,0.9331217146938989,0.9318978467701552,,0.9504950495049505,0.9503305832949903,125965787,0.9251282871798876,0.9510333256747154,0.9504950495049505,,0.7039159460212092,0.6876876876876877,0.7142857142857143,0.7097744360902256,,kd_tree,,,,,,40.0,,,,,,,,,-1.0,9.0,,1.0,,,,distance,80,0.15999999999999998
rf,True,21209.9453125,CDKgraphonly,random,sars-cov-2_pp1ab,0.9656862745098039,0.9682024659312135,113418662,0.9310177643110156,0.9625806451612903,0.9738903394255874,0.9561933534743202,0.9748603351955307,0.9770992366412213,44154021,0.9492509596910877,0.9795918367346939,0.9746192893401016,0.9751552795031055,0.8879551820728291,0.8907563025210085,0.8823529411764706,0.8907563025210085,,,,,,,,,,None,log2,,1.0,2.0,500.0,,,,True,,22.0,,True,,100,0.15999999999999998
rf,False,83971.0830078125,CDKgraphonly,random,sars-cov-2_pp1ab,0.890625,0.8900343566123343,391997452,0.8331977029993476,0.8903676133743775,0.890625,,0.8856548856548857,0.8850065917600688,136752036,0.8253406006095709,0.8848980240284587,0.8856548856548857,,0.7270833333333334,0.7296875,0.7296875,0.721875,,,,,,,,,,None,log2,,1.0,4.0,1000.0,,,,True,,22.0,,True,,80,0.08999999999999998
hgb,True,3466.3388671875,CDKgraphonly,random,sars-cov-2_pp1ab,0.9523809523809523,0.9555555555555556,39059766,0.9042772770865923,0.9568062827225131,0.9543080939947781,0.9501510574018127,0.952513966480447,0.9565217391304348,27267663,0.9043500189728495,0.9639175257731959,0.949238578680203,0.9565217391304348,0.8872549019607843,0.8970588235294118,0.8823529411764706,0.8823529411764706,,,,,True,,0.01,,0.01,None,,10000.0,32.0,,,100.0,,,,,22.0,,True,,90,0.15999999999999998
hgb,False,4608.4951171875,CDKgraphonly,random,sars-cov-2_pp1ab,0.865625,0.8647260191207572,100497138,0.7948134565161739,0.8643542559432944,0.865625,,0.8544698544698545,0.853343208721307,31478159,0.7778751809335487,0.853716057153689,0.8544698544698545,,0.7130208333333333,0.715625,0.71875,0.7046875,,,,,True,,0.1,,0.01,20,,10000.0,32.0,,,100.0,,,,,22.0,,True,,80,0.08999999999999998
svm,True,2979.734375,CDKgraphonly,random,sars-cov-2_pp1ab,0.9642857142857143,0.9669902912621359,314920366,0.928250622665728,0.9589216944801027,0.9751958224543081,0.9516616314199395,0.9608938547486033,0.9641025641025641,80464537,0.9214014466539004,0.9740932642487047,0.9543147208121827,0.968944099378882,0.8872549019607843,0.8907563025210085,0.8802521008403361,0.8907563025210085,10.0,,0.0,3.0,,0.01,,,,,,,,,,,,,,,22.0,True,,,90,0.08999999999999998
svm,False,4837.4521484375,CDKgraphonly,random,sars-cov-2_pp1ab,0.8411458333333334,0.840770622235901,707294282,0.7579639416654411,0.8418850896236236,0.8411458333333334,,0.83991683991684,0.8394726407153074,181991359,0.7564590895383697,0.8412458235840838,0.83991683991684,,0.7208333333333333,0.721875,0.715625,0.725,10.0,,0.0,3.0,,0.005,,,,,,,,,,,,,,,22.0,False,,,80,0.08999999999999998
dt,True,251.5439453125,CDKgraphonly,random,sars-cov-2_pp1ab,0.9544817927170869,0.9579288025889967,8574786,0.9085085934314553,0.9499358151476252,0.9660574412532638,0.9410876132930514,0.9776536312849162,0.9794871794871794,5896289,0.9551952913319146,0.9896373056994818,0.9695431472081218,0.9875776397515528,0.8452380952380952,0.8487394957983193,0.8214285714285714,0.865546218487395,,,,,,,,,,30,sqrt,,1.0,2.0,,,,,,,22.0,,,,90,0.08999999999999998
dt,False,246.77734375,CDKgraphonly,random,sars-cov-2_pp1ab,0.7588541666666667,0.7576564176228956,7606847,0.6339365914956036,0.762685856643614,0.7588541666666667,,0.7546777546777547,0.7544004897999573,5647236,0.6278369193477564,0.7608503432073839,0.7546777546777547,,0.6593749999999999,0.6734375,0.665625,0.6390625,,,,,,,,,,10,sqrt,,2.0,2.0,,,,,,,22.0,,,,100,0.15999999999999998
knn,True,6482.9765625,CDKgraphonly,random,sars-cov-2_pp1ab,0.9656862745098039,0.968407479045777,154845662,0.931206509634712,0.956687898089172,0.9804177545691906,0.9486404833836858,0.9664804469273743,0.9693877551020408,63252370,0.9324121121783817,0.9743589743589743,0.9644670050761421,0.968944099378882,0.8837535014005602,0.8823529411764706,0.8823529411764706,0.8865546218487395,,ball_tree,,,,,,20.0,,,,,,,,,-1.0,3.0,,1.0,,,,distance,90,0.15999999999999998
knn,False,3818.4716796875,CDKgraphonly,random,sars-cov-2_pp1ab,0.9078125,0.9072513996461501,180914819,0.8596688904557024,0.9080600649571752,0.9078125,,0.893970893970894,0.8929071487692178,75906865,0.8384913230949163,0.8942167101676304,0.893970893970894,,0.7098958333333334,0.709375,0.7046875,0.715625,,auto,,,,,,30.0,,,,,,,,,-1.0,7.0,,1.0,,,,distance,80,0.15999999999999998
rf,True,43406.033203125,CDKgraphonly,stratified,sars-cov-2_pp1ab,0.9712885154061625,0.9733939000648929,203061316,0.9422393008597434,0.9765625,0.9702457956015524,0.9725190839694656,0.9608938547486033,0.9637305699481865,88342008,0.921852687460592,0.9489795918367347,0.9789473684210527,0.9404761904761905,0.8809523809523809,0.8802521008403361,0.8760504201680672,0.8865546218487395,,,,,,,,,,20,log2,,1.0,2.0,1000.0,,,,True,,22.0,,True,,80,0.15999999999999998
rf,False,24487.1767578125,CDKgraphonly,stratified,sars-cov-2_pp1ab,0.8682291666666667,0.8654093114582253,165449669,0.7989850052065315,0.8669534631273534,0.8682291666666667,,0.8814968814968815,0.8808553135578896,62358692,0.8197768830257689,0.8807176002643884,0.8814968814968815,,0.7171875,0.725,0.6984375,0.728125,,,,,,,,,,None,sqrt,,1.0,8.0,500.0,,,,True,,22.0,,True,,80,0.08999999999999998
hgb,True,2289.5458984375,CDKgraphonly,stratified,sars-cov-2_pp1ab,0.9593837535014006,0.9623376623376624,33275781,0.9182989914385816,0.9661016949152542,0.9586028460543338,0.9603053435114504,0.9608938547486033,0.9637305699481865,20835252,0.921852687460592,0.9489795918367347,0.9789473684210527,0.9404761904761905,0.8711484593837535,0.8865546218487395,0.865546218487395,0.8613445378151261,,,,,True,,0.0,,0.01,50,,10000.0,8.0,,,100.0,,,,,22.0,,True,,80,0.08999999999999998
hgb,False,4650.3994140625,CDKgraphonly,stratified,sars-cov-2_pp1ab,0.8645833333333334,0.8627321602018425,59541129,0.792961052417388,0.8627208388984781,0.8645833333333334,,0.8711018711018711,0.8705383286315783,30580276,0.8039090883156049,0.8703277596290414,0.8711018711018711,,0.7109375,0.709375,0.7015625,0.721875,,,,,True,,0.0,,0.01,10,,1000.0,8.0,,,100.0,,,,,22.0,,True,,80,0.08999999999999998
svm,True,2732.7421875,CDKgraphonly,stratified,sars-cov-2_pp1ab,0.9670868347338936,0.96957928802589,371218772,0.9337297531471076,0.9702072538860104,0.9689521345407504,0.9648854961832061,0.9581005586592178,0.9612403100775194,95518760,0.9163897844187199,0.9441624365482234,0.9789473684210527,0.9345238095238095,0.876750700280112,0.8802521008403361,0.8739495798319328,0.8760504201680672,10.0,,0.0,3.0,,0.01,,,,,,,,,,,,,,,22.0,True,,,80,0.08999999999999998
svm,False,4969.2607421875,CDKgraphonly,stratified,sars-cov-2_pp1ab,0.875,0.8736323601432162,747285968,0.8089235945238874,0.8735811060748698,0.875,,0.8752598752598753,0.8751782665502058,189235390,0.8104517508433312,0.8752328231480092,0.8752598752598753,,0.7124999999999999,0.709375,0.7078125,0.7203125,10.0,,0.5,2.0,,0.01,,,,,,,,,,,,,,,22.0,False,,,80,0.08999999999999998
dt,True,252.26953125,CDKgraphonly,stratified,sars-cov-2_pp1ab,0.9565826330532213,0.9601029601029601,6808765,0.9125448618911237,0.9551856594110115,0.9650711513583441,0.9465648854961832,0.946927374301676,0.9509043927648578,5571892,0.8938870378090825,0.934010152284264,0.968421052631579,0.9226190476190477,0.8354341736694678,0.8151260504201681,0.8298319327731093,0.8613445378151261,,,,,,,,,,None,sqrt,,1.0,2.0,,,,,,,22.0,,,,90,0.15999999999999998
dt,False,229.84765625,CDKgraphonly,stratified,sars-cov-2_pp1ab,0.7041666666666667,0.695991284371247,9710561,0.5468294964434305,0.6976703710214742,0.7041666666666667,,0.6943866943866944,0.6855771370418451,6209208,0.5334797163890801,0.6905345197565312,0.6943866943866944,,0.6572916666666667,0.6546875,0.665625,0.6515625,,,,,,,,,,10,sqrt,,4.0,2.0,,,,,,,22.0,,,,80,0.08999999999999998
knn,True,6306.3515625,CDKgraphonly,stratified,sars-cov-2_pp1ab,0.9663865546218487,0.9691912708600771,145724877,0.9323500074801228,0.9617834394904459,0.9767141009055628,0.9541984732824428,0.9636871508379888,0.9665809768637532,57414516,0.9280623068539806,0.9447236180904522,0.9894736842105263,0.9345238095238095,0.8725490196078431,0.8802521008403361,0.8676470588235294,0.8697478991596639,,ball_tree,,,,,,40.0,,,,,,,,,-1.0,5.0,,1.0,,,,distance,90,0.15999999999999998
knn,False,13150.431640625,CDKgraphonly,stratified,sars-cov-2_pp1ab,0.90625,0.9051140679218759,343732621,0.8570364410150108,0.9061862525598341,0.90625,,0.9022869022869023,0.9016909526379806,105621327,0.8518222355482882,0.9029045116001638,0.9022869022869023,,0.6963541666666666,0.7078125,0.684375,0.696875,,kd_tree,,,,,,30.0,,,,,,,,,-1.0,9.0,,1.0,,,,distance,80,0.08999999999999998
rf,True,13721.2080078125,CDKgraphonly,strict,sars-cov-2_pp1ab,0.952855245683931,0.9552614996849401,90101255,0.905741991573014,0.9439601494396015,0.9668367346938775,0.9376731301939059,0.9857142857142858,0.9887640449438202,38524612,0.9692731582180911,0.9943502824858758,0.9832402234636871,0.9900990099009901,0.8856527319398607,0.8930693069306931,0.8948412698412699,0.8690476190476191,,,,,,,,,,None,sqrt,,2.0,4.0,500.0,,,,True,,22.0,,True,,80,0.08999999999999998
rf,False,38724.9453125,CDKgraphonly,strict,sars-cov-2_pp1ab,0.8938407611417125,0.8931978705269612,248121974,0.8377772128830379,0.8936213351652402,0.8938407611417125,,0.9207920792079208,0.9197409790190308,85037603,0.8802160842036845,0.9204619528694951,0.9207920792079208,,0.7154342312237049,0.7087087087087087,0.7338345864661654,0.7037593984962406,,,,,,,,,,None,None,,1.0,8.0,1000.0,,,,True,,22.0,,True,,100,0.08999999999999998
hgb,True,2100.5244140625,CDKgraphonly,strict,sars-cov-2_pp1ab,0.951527224435591,0.9536507936507936,83789479,0.9028917952235973,0.9494310998735778,0.9579081632653061,0.9445983379501385,0.9571428571428572,0.9662921348314607,21960103,0.9075816234562418,0.9717514124293786,0.9608938547486033,0.9504950495049505,0.8856540415946356,0.8910891089108911,0.8888888888888888,0.876984126984127,,,,,True,,0.0,,0.01,50,,10000.0,64.0,,,100.0,,,,,22.0,,True,,90,0.15999999999999998
hgb,False,3887.9189453125,CDKgraphonly,strict,sars-cov-2_pp1ab,0.8552829243865798,0.8533129593077281,49949207,0.7786384011351497,0.8533853785535074,0.8552829243865798,,0.8688118811881188,0.867771990847087,24952474,0.8007975893639793,0.867493295187507,0.8688118811881188,,0.7084129242023979,0.7162162162162162,0.7218045112781954,0.687218045112782,,,,,True,,0.01,,0.01,50,,1000.0,32.0,,,100.0,,,,,22.0,,True,,90,0.08999999999999998
svm,True,2914.6953125,CDKgraphonly,strict,sars-cov-2_pp1ab,0.9588313413014609,0.9610062893081761,329094577,0.9178174936986679,0.9478908188585607,0.9744897959183674,0.9418282548476454,0.9785714285714285,0.9831460674157303,66456134,0.9538502745276287,0.9887005649717514,0.9776536312849162,0.9801980198019802,0.8902849808790402,0.8891089108910891,0.9087301587301587,0.873015873015873,10.0,,0.1,4.0,,0.005,,,,,,,,,,,,,,,22.0,False,,,90,0.08999999999999998
svm,False,5029.0107421875,CDKgraphonly,strict,sars-cov-2_pp1ab,0.8407611417125689,0.8376999179151569,748438329,0.7565617223788351,0.83876565927498,0.8407611417125689,,0.8391089108910891,0.837669234483847,156506500,0.7560934969358796,0.8371718200567724,0.8391089108910891,,0.7114234535287167,0.7102102102102102,0.7097744360902256,0.7142857142857143,10.0,,0.0,4.0,,0.005,,,,,,,,,,,,,,,22.0,False,,,80,0.08999999999999998
dt,True,228.830078125,CDKgraphonly,strict,sars-cov-2_pp1ab,0.9329349269588313,0.9372280919825979,7033334,0.8666355623091986,0.9139393939393939,0.9617346938775511,0.9016620498614959,0.975,0.9807162534435262,5388661,0.9459272869406502,0.967391304347826,0.994413407821229,0.9405940594059405,0.834102100686259,0.8376237623762376,0.8452380952380952,0.8194444444444444,,,,,,,,,,20,None,,2.0,4.0,,,,,,,22.0,,,,80,0.15999999999999998
dt,False,232.76171875,CDKgraphonly,strict,sars-cov-2_pp1ab,0.7731597396094141,0.7661923539796991,9907384,0.6539595120954146,0.7718046316043223,0.7731597396094141,,0.801980198019802,0.7910008241410992,6117885,0.7050719943881019,0.804724108078297,0.801980198019802,,0.6568275041959252,0.6291291291291291,0.6721804511278195,0.6691729323308271,,,,,,,,,,10,None,,4.0,8.0,,,,,,,22.0,,,,90,0.08999999999999998
knn,True,6774.1708984375,CDKgraphonly,strict,sars-cov-2_pp1ab,0.9714475431606906,0.9728363866077069,177954741,0.9429391596306993,0.9637046307884856,0.9821428571428571,0.9598337950138505,0.9928571428571429,0.9944444444444445,51738340,0.9845644227048335,0.988950276243094,1.0,0.9801980198019802,0.8697901933050448,0.8772277227722772,0.878968253968254,0.8531746031746031,,kd_tree,,,,,,10.0,,,,,,,,,-1.0,5.0,,1.0,,,,distance,80,0.15999999999999998
knn,False,9474.2646484375,CDKgraphonly,strict,sars-cov-2_pp1ab,0.9188783174762143,0.9179095332377621,299038991,0.8763971938187768,0.9190965442937427,0.9188783174762143,,0.9331683168316832,0.9329494681027026,73689011,0.898600561518505,0.9328568895108151,0.9331683168316832,,0.686877855298908,0.6786786786786787,0.7037593984962406,0.6781954887218045,,ball_tree,,,,,,50.0,,,,,,,,,-1.0,5.0,,1.0,,,,distance,100,0.15999999999999998
rf,True,11755.5166015625,KlekotaRothCount,random,sars-cov-2_pp1ab,0.9572829131652661,0.9606705351386202,100607691,0.9142710977537178,0.9490445859872612,0.9725848563968669,0.9395770392749244,0.946927374301676,0.9518987341772152,57752809,0.892723782494061,0.9494949494949495,0.9543147208121827,0.937888198757764,0.8872549019607843,0.8865546218487395,0.8928571428571429,0.8823529411764706,,,,,,,,,,None,sqrt,,1.0,8.0,500.0,,,,True,,22.0,,True,,80,0.15999999999999998
rf,False,46491.61328125,KlekotaRothCount,random,sars-cov-2_pp1ab,0.925,0.9248744025631463,191372253,0.8856479683264692,0.9250305213788531,0.925,,0.8916666666666667,0.8918790375366401,80018785,0.8347516789069049,0.8921303356928357,0.8916666666666667,,0.7052083333333333,0.6890625,0.70625,0.7203125,,,,,,,,,,30,sqrt,,1.0,2.0,500.0,,,,True,,22.0,,True,,90,0.08999999999999998
hgb,True,2744.9755859375,KlekotaRothCount,random,sars-cov-2_pp1ab,0.9607843137254902,0.963302752293578,51946634,0.9212317219404079,0.9671052631578947,0.9595300261096605,0.9622356495468278,0.9385474860335196,0.9432989690721649,36510668,0.8767601986513811,0.9581151832460733,0.9289340101522843,0.9503105590062112,0.8921568627450981,0.8970588235294118,0.8928571428571429,0.8865546218487395,,,,,True,,0.1,,0.01,20,,1000.0,8.0,,,100.0,,,,,22.0,,True,,90,0.15999999999999998
hgb,False,6245.587890625,KlekotaRothCount,random,sars-cov-2_pp1ab,0.8713541666666667,0.8707968526718494,86813099,0.8036328113857254,0.8708399148515132,0.8713541666666667,,0.8625,0.860789146385701,57173990,0.7896779967298304,0.8606057641199151,0.8625,,0.6921874999999998,0.671875,0.696875,0.7078125,,,,,True,,0.0,,0.01,20,,1000.0,32.0,,,100.0,,,,,22.0,,True,,100,0.08999999999999998
svm,True,1862.54296875,KlekotaRothCount,random,sars-cov-2_pp1ab,0.9509803921568627,0.9547218628719275,225838856,0.9014719681761202,0.9461538461538461,0.9634464751958225,0.9365558912386707,0.9385474860335196,0.9441624365482234,73220281,0.8758394551817638,0.9441624365482234,0.9441624365482234,0.9316770186335404,0.8634453781512605,0.8487394957983193,0.8739495798319328,0.8676470588235294,10.0,,0.0,3.0,,0.01,,,,,,,,,,,,,,,22.0,False,,,80,0.08999999999999998
svm,False,3040.6474609375,KlekotaRothCount,random,sars-cov-2_pp1ab,0.8572916666666667,0.8558823136327238,573686473,0.7820536161605884,0.8558584409263825,0.8572916666666667,,0.8541666666666666,0.8540000277975286,161187865,0.7773844183252926,0.8545130670611439,0.8541666666666666,,0.6807291666666666,0.6609375,0.6875,0.69375,10.0,,0.5,3.0,,0.01,,,,,,,,,,,,,,,22.0,True,,,80,0.08999999999999998
dt,True,304.2568359375,KlekotaRothCount,random,sars-cov-2_pp1ab,0.957983193277311,0.9609375,20513909,0.915498153658994,0.9584415584415584,0.9634464751958225,0.9516616314199395,0.952513966480447,0.9565217391304348,19067438,0.9043500189728495,0.9639175257731959,0.949238578680203,0.9565217391304348,0.8564425770308124,0.8466386554621849,0.8697478991596639,0.8529411764705882,,,,,,,,,,20,None,,1.0,2.0,,,,,,,22.0,,,,80,0.15999999999999998
dt,False,344.34375,KlekotaRothCount,random,sars-cov-2_pp1ab,0.7875,0.7811337654592555,21663288,0.6753488828912502,0.783193873411816,0.7875,,0.7541666666666667,0.7489708999753814,19339296,0.6235855663627213,0.7493149266123652,0.7541666666666667,,0.6625,0.6578125,0.6625,0.6671875,,,,,,,,,,None,sqrt,,2.0,3.0,,,,,,,22.0,,,,90,0.08999999999999998
knn,True,3010.560546875,KlekotaRothCount,random,sars-cov-2_pp1ab,0.9635854341736695,0.966321243523316,131346217,0.9268249419394513,0.9588688946015425,0.9738903394255874,0.9516616314199395,0.9720670391061452,0.9744897959183674,72524588,0.9436873540685983,0.9794871794871794,0.9695431472081218,0.9751552795031055,0.8760504201680672,0.8760504201680672,0.8739495798319328,0.8781512605042017,,ball_tree,,,,,,40.0,,,,,,,,,-1.0,3.0,,1.0,,,,distance,80,0.08999999999999998
knn,False,3035.84375,KlekotaRothCount,random,sars-cov-2_pp1ab,0.9088541666666666,0.9081175468481184,169371628,0.8610688240605814,0.9087772136261173,0.9088541666666666,,0.8791666666666667,0.8775162882839765,65675690,0.8156886885637524,0.8786045556955742,0.8791666666666667,,0.678125,0.653125,0.6765625,0.7046875,,auto,,,,,,20.0,,,,,,,,,-1.0,9.0,,1.0,,,,distance,80,0.15999999999999998
rf,True,2690.7353515625,KlekotaRothCount,stratified,sars-cov-2_pp1ab,0.9642857142857143,0.9672867222578576,37885314,0.9281276801743119,0.9592875318066157,0.9754204398447607,0.9511450381679389,0.9636871508379888,0.9665809768637532,28986432,0.9280623068539806,0.9447236180904522,0.9894736842105263,0.9345238095238095,0.8809523809523809,0.8823529411764706,0.8697478991596639,0.8907563025210085,,,,,,,,,,None,None,,1.0,3.0,100.0,,,,True,,22.0,,True,,80,0.08999999999999998
rf,False,39671.689453125,KlekotaRothCount,stratified,sars-cov-2_pp1ab,0.9,0.8998279392169962,177791357,0.8473251926946328,0.8999143066946406,0.9,,0.8895833333333333,0.8897138545318001,74242954,0.8324966466116374,0.8904088769782135,0.8895833333333333,,0.7208333333333333,0.7296875,0.7203125,0.7125,,,,,,,,,,30,sqrt,,1.0,3.0,500.0,,,,True,,22.0,,True,,90,0.15999999999999998
hgb,True,2906.5693359375,KlekotaRothCount,stratified,sars-cov-2_pp1ab,0.9558823529411765,0.958904109589041,48362544,0.9114451623476955,0.9671052631578947,0.9508408796895214,0.9618320610687023,0.9608938547486033,0.9635416666666666,43462013,0.92161538532577,0.9536082474226805,0.9736842105263158,0.9464285714285714,0.8781512605042017,0.884453781512605,0.8592436974789915,0.8907563025210085,,,,,True,,0.1,,0.01,20,,1000.0,8.0,,,100.0,,,,,22.0,,True,,80,0.08999999999999998
hgb,False,5565.9169921875,KlekotaRothCount,stratified,sars-cov-2_pp1ab,0.8645833333333334,0.8643299984546231,89722751,0.7932918153127215,0.8645735922302044,0.8645833333333334,,0.85625,0.8559807514463026,55712102,0.7814477616601887,0.8558461741649626,0.85625,,0.7078125000000001,0.703125,0.703125,0.7171875,,,,,True,,0.01,,0.01,10,,99999999.0,8.0,,,100.0,,,,,22.0,,True,,90,0.15999999999999998
svm,True,1314.607421875,KlekotaRothCount,stratified,sars-cov-2_pp1ab,0.9327731092436975,0.9376623376623376,154507824,0.8647473237888491,0.9413298565840938,0.9340232858990944,0.9312977099236641,0.9217877094972067,0.9270833333333334,52781531,0.8429784035203094,0.9175257731958762,0.9368421052631579,0.9047619047619048,0.8599439775910364,0.8529411764705882,0.8529411764705882,0.8739495798319328,200.0,,0.5,3.0,,0.001,,,,,,,,,,,,,,,22.0,True,,,80,0.15999999999999998
svm,False,3357.3544921875,KlekotaRothCount,stratified,sars-cov-2_pp1ab,0.8578125,0.857308441818959,659902496,0.7829338945600988,0.8577763196677082,0.8578125,,0.8270833333333333,0.8266779555411236,173924355,0.7375370677436468,0.8281285769753446,0.8270833333333333,,0.6979166666666666,0.70625,0.6921875,0.6953125,10.0,,0.0,2.0,,0.01,,,,,,,,,,,,,,,22.0,True,,,90,0.08999999999999998
dt,True,293.1611328125,KlekotaRothCount,stratified,sars-cov-2_pp1ab,0.9257703081232493,0.9326556543837357,20833749,0.8506983825668039,0.916354556803995,0.9495472186287193,0.8977099236641222,0.9245810055865922,0.9295039164490861,19266368,0.8485538685392705,0.9222797927461139,0.9368421052631579,0.9107142857142857,0.8592436974789917,0.865546218487395,0.8487394957983193,0.8634453781512605,,,,,,,,,,20,None,,2.0,8.0,,,,,,,22.0,,,,80,0.08999999999999998
dt,False,315.201171875,KlekotaRothCount,stratified,sars-cov-2_pp1ab,0.7942708333333334,0.7901860599912064,22487468,0.684951531182916,0.7901408454573708,0.7942708333333334,,0.8104166666666667,0.8098543629285498,19774627,0.7115115051658298,0.8096223555211558,0.8104166666666667,,0.6796875,0.678125,0.6625,0.6984375,,,,,,,,,,20,None,,4.0,4.0,,,,,,,22.0,,,,90,0.15999999999999998
knn,True,2892.5498046875,KlekotaRothCount,stratified,sars-cov-2_pp1ab,0.9649859943977591,0.9676584734799483,146876973,0.9294905345486505,0.9676584734799483,0.9676584734799483,0.9618320610687023,0.9692737430167597,0.9715762273901809,56584681,0.9388925310283571,0.9543147208121827,0.9894736842105263,0.9464285714285714,0.8676470588235294,0.8676470588235294,0.8571428571428571,0.8781512605042017,,auto,,,,,,40.0,,,,,,,,,-1.0,3.0,,1.0,,,,distance,80,0.08999999999999998
knn,False,3151.0419921875,KlekotaRothCount,stratified,sars-cov-2_pp1ab,0.9020833333333333,0.9010164775149085,201047544,0.8504949015794975,0.9014171210524012,0.9020833333333333,,0.8854166666666666,0.8848734133681637,77615116,0.8262403047030795,0.8861604968090079,0.8854166666666666,,0.6927083333333334,0.696875,0.6828125,0.6984375,,ball_tree,,,,,,30.0,,,,,,,,,-1.0,3.0,,1.0,,,,distance,80,0.15999999999999998
rf,True,38001.669921875,KlekotaRothCount,strict,sars-cov-2_pp1ab,0.9648074369189907,0.9664344521849272,179540454,0.929552525217601,0.959748427672956,0.9732142857142857,0.9556786703601108,0.9892857142857143,0.9916434540389972,89103039,0.97674781672881,0.9888888888888889,0.994413407821229,0.9801980198019802,0.8817041227932316,0.8633663366336634,0.8928571428571429,0.8888888888888888,,,,,,,,,,None,sqrt,,1.0,2.0,1000.0,,,,True,,22.0,,True,,80,0.15999999999999998
rf,False,32579.8154296875,KlekotaRothCount,strict,sars-cov-2_pp1ab,0.8902805611222445,0.8878476200215109,153077341,0.8330080115363289,0.8907728073283131,0.8902805611222445,,0.9207920792079208,0.920536591188047,65937473,0.8803112717281099,0.9216730172264823,0.9207920792079208,,0.7102756892230576,0.6857142857142857,0.7233082706766917,0.7218045112781954,,,,,,,,,,20,sqrt,,1.0,4.0,500.0,,,,True,,22.0,,True,,100,0.08999999999999998
hgb,True,3744.216796875,KlekotaRothCount,strict,sars-cov-2_pp1ab,0.9608233731739708,0.9625871908687381,55262574,0.921541133497093,0.957124842370744,0.9681122448979592,0.9529085872576177,0.9857142857142858,0.9888268156424581,36423581,0.9690248354444383,0.9888268156424581,0.9888268156424581,0.9801980198019802,0.881030960238881,0.8811881188118812,0.8928571428571429,0.8690476190476191,,,,,True,,0.01,,0.01,50,,99999999.0,32.0,,,100.0,,,,,22.0,,True,,90,0.08999999999999998
hgb,False,3448.08203125,KlekotaRothCount,strict,sars-cov-2_pp1ab,0.843687374749499,0.8392876866466873,101606272,0.7616194041453087,0.8432024379249506,0.843687374749499,,0.8465346534653465,0.8409147979395064,51454055,0.771122235447731,0.8502856925755764,0.8465346534653465,,0.7017543859649122,0.6796992481203008,0.7022556390977444,0.7233082706766917,,,,,True,,0.1,,0.01,50,,99999999.0,8.0,,,100.0,,,,,22.0,,True,,90,0.08999999999999998
svm,True,1770.197265625,KlekotaRothCount,strict,sars-cov-2_pp1ab,0.9575033200531209,0.9595448798988622,231593212,0.9149559498833288,0.9511278195488722,0.9681122448979592,0.945983379501385,0.9714285714285714,0.9774011299435028,59119664,0.9390225619589302,0.9885714285714285,0.9664804469273743,0.9801980198019802,0.8645004976688145,0.8752475247524752,0.871031746031746,0.8472222222222222,10.0,,0.0,2.0,,0.01,,,,,,,,,,,,,,,22.0,False,,,90,0.15999999999999998
svm,False,3507.4716796875,KlekotaRothCount,strict,sars-cov-2_pp1ab,0.8622244488977956,0.858635350560317,648936550,0.789973695003816,0.8616145432622623,0.8622244488977956,,0.8811881188118812,0.8791554148749274,147121822,0.8218795151095698,0.8839697479798256,0.8811881188118812,,0.6786967418546365,0.6616541353383458,0.6571428571428571,0.7172932330827068,10.0,,0.1,4.0,,0.01,,,,,,,,,,,,,,,22.0,False,,,90,0.08999999999999998
dt,True,313.3359375,KlekotaRothCount,strict,sars-cov-2_pp1ab,0.9422310756972112,0.9452485840151038,21039489,0.8844787324023153,0.9329192546583851,0.9579081632653061,0.925207756232687,0.9678571428571429,0.9746478873239437,18740721,0.931002053871126,0.9829545454545454,0.9664804469273743,0.9702970297029703,0.8387448268636387,0.8178217821782178,0.8511904761904762,0.8472222222222222,,,,,,,,,,20,sqrt,,1.0,4.0,,,,,,,22.0,,,,90,0.15999999999999998
dt,False,349.599609375,KlekotaRothCount,strict,sars-cov-2_pp1ab,0.8807615230460922,0.8779177604308457,21264788,0.8186207159640823,0.8815665570280474,0.8807615230460922,,0.9034653465346535,0.9011345606927591,18872417,0.8560728106631142,0.9075524419560381,0.9034653465346535,,0.6586466165413533,0.6481203007518797,0.6706766917293233,0.6571428571428571,,,,,,,,,,20,None,,1.0,3.0,,,,,,,22.0,,,,90,0.15999999999999998
knn,True,3257.0087890625,KlekotaRothCount,strict,sars-cov-2_pp1ab,0.954183266932271,0.9569557080474111,112711430,0.9090243043817869,0.9365079365079365,0.9783163265306123,0.9279778393351801,0.9821428571428571,0.9861495844875346,56501251,0.9612916679445945,0.978021978021978,0.994413407821229,0.9603960396039604,0.8612158834931112,0.8415841584158416,0.878968253968254,0.8630952380952381,,kd_tree,,,,,,40.0,,,,,,,,,-1.0,5.0,,1.0,,,,distance,80,0.08999999999999998
knn,False,4856.7421875,KlekotaRothCount,strict,sars-cov-2_pp1ab,0.906312625250501,0.9044379617011472,203872482,0.8575432702541919,0.9071336425514571,0.906312625250501,,0.9331683168316832,0.9327477521243682,67121587,0.8988745338003329,0.9335135325164281,0.9331683168316832,,0.6877192982456141,0.675187969924812,0.6781954887218045,0.7097744360902256,,kd_tree,,,,,,20.0,,,,,,,,,-1.0,7.0,,1.0,,,,distance,90,0.08999999999999998
rf,True,12203.3466796875,KlekotaRoth,random,sars-cov-2_pp1ab,0.9418767507002801,0.945358788676761,101748864,0.8834368349813126,0.953519256308101,0.9373368146214099,0.947129909365559,0.9245810055865922,0.9309462915601023,54299728,0.8480012813662845,0.9381443298969072,0.9238578680203046,0.9254658385093167,0.8837535014005602,0.8865546218487395,0.884453781512605,0.8802521008403361,,,,,,,,,,30,sqrt,,2.0,2.0,500.0,,,,True,,22.0,,True,,90,0.08999999999999998
rf,False,8495.671875,KlekotaRoth,random,sars-cov-2_pp1ab,0.8895833333333333,0.8890775228443004,52066052,0.8314520741299778,0.889030280429416,0.8895833333333333,,0.8479166666666667,0.8473011191772535,31223706,0.767565166266407,0.8471830173812217,0.8479166666666667,,0.7052083333333333,0.6828125,0.7140625,0.71875,,,,,,,,,,None,sqrt,,1.0,4.0,100.0,,,,True,,22.0,,True,,100,0.08999999999999998
hgb,True,3158.880859375,KlekotaRoth,random,sars-cov-2_pp1ab,0.9481792717086834,0.9516339869281045,47277735,0.8958308047572062,0.9528795811518325,0.9503916449086162,0.945619335347432,0.9217877094972067,0.9278350515463918,39565528,0.8429939113723055,0.9424083769633508,0.9137055837563451,0.9316770186335404,0.8830532212885154,0.884453781512605,0.8718487394957983,0.8928571428571429,,,,,True,,0.01,,0.01,10,,99999999.0,16.0,,,100.0,,,,,22.0,,True,,90,0.15999999999999998
hgb,False,5604.4775390625,KlekotaRoth,random,sars-cov-2_pp1ab,0.8536458333333333,0.853142424632951,83211783,0.7765568579702951,0.8528436469143016,0.8536458333333333,,0.8354166666666667,0.8346146247658262,54069598,0.7482933352552129,0.8340432467820029,0.8354166666666667,,0.6958333333333334,0.675,0.6890625,0.7234375,,,,,True,,0.01,,0.01,20,,1000.0,8.0,,,100.0,,,,,22.0,,True,,80,0.08999999999999998
svm,True,968.220703125,KlekotaRoth,random,sars-cov-2_pp1ab,0.9299719887955182,0.9349804941482445,78466335,0.859141159581922,0.9313471502590673,0.9386422976501305,0.9199395770392749,0.9106145251396648,0.9187817258883249,36210306,0.8194028439007472,0.9187817258883249,0.9187817258883249,0.9006211180124224,0.8823529411764706,0.8760504201680672,0.8802521008403361,0.8907563025210085,200.0,,0.0,4.0,,0.005,,,,,,,,,,,,,,,22.0,False,,,90,0.15999999999999998
svm,False,2310.8681640625,KlekotaRoth,random,sars-cov-2_pp1ab,0.7796875,0.7768159942527413,433588351,0.6629910217638948,0.7758492305054503,0.7796875,,0.75625,0.7533894996254873,121775303,0.6276264780196531,0.7550540123456789,0.75625,,0.6848958333333334,0.6640625,0.7046875,0.6859375,10.0,,0.0,2.0,,0.01,,,,,,,,,,,,,,,22.0,False,,,90,0.08999999999999998
dt,True,283.8583984375,KlekotaRoth,random,sars-cov-2_pp1ab,0.8949579831932774,0.9045801526717557,19033089,0.7891888555199051,0.8821339950372209,0.9281984334203656,0.8564954682779456,0.9022346368715084,0.9122807017543859,18861505,0.8022310427359209,0.900990099009901,0.9238578680203046,0.8757763975155279,0.853641456582633,0.8592436974789915,0.8487394957983193,0.8529411764705882,,,,,,,,,,10,None,,4.0,4.0,,,,,,,22.0,,,,90,0.15999999999999998
dt,False,357.3076171875,KlekotaRoth,random,sars-cov-2_pp1ab,0.8875,0.8865213498897695,21724357,0.8282823188444584,0.8866274680779198,0.8875,,0.85,0.8489002765248482,19282806,0.7704954530185021,0.8483157117657912,0.85,,0.6588541666666666,0.6375,0.6796875,0.659375,,,,,,,,,,20,None,,1.0,3.0,,,,,,,22.0,,,,100,0.08999999999999998
knn,True,2153.2255859375,KlekotaRoth,random,sars-cov-2_pp1ab,0.9537815126050421,0.9568062827225131,129356628,0.9071225955925439,0.9593175853018373,0.9543080939947781,0.9531722054380665,0.9497206703910615,0.9538461538461539,67985653,0.8988722168685577,0.9637305699481865,0.9441624365482234,0.9565217391304348,0.8795518207282913,0.8823529411764706,0.8760504201680672,0.8802521008403361,,ball_tree,,,,,,50.0,,,,,,,,,-1.0,9.0,,1.0,,,,distance,80,0.08999999999999998
knn,False,2813.134765625,KlekotaRoth,random,sars-cov-2_pp1ab,0.8739583333333333,0.8717052143643669,240809569,0.809438321652414,0.8769900001756158,0.8739583333333333,,0.8625,0.8608867769660391,97228261,0.791665641087996,0.8661676356589147,0.8625,,0.6885416666666666,0.6515625,0.6984375,0.715625,,kd_tree,,,,,,50.0,,,,,,,,,-1.0,9.0,,1.0,,,,distance,80,0.08999999999999998
rf,True,22893.6064453125,KlekotaRoth,stratified,sars-cov-2_pp1ab,0.9656862745098039,0.9680781758957655,168644466,0.931100925676534,0.9750656167979003,0.9611901681759379,0.9709923664122138,0.9581005586592178,0.9604221635883905,91189964,0.9159268279939687,0.9629629629629629,0.9578947368421052,0.9583333333333334,0.8872549019607843,0.9138655462184874,0.8571428571428571,0.8907563025210085,,,,,,,,,,20,None,,1.0,2.0,1000.0,,,,True,,22.0,,True,,90,0.08999999999999998
rf,False,18283.673828125,KlekotaRoth,stratified,sars-cov-2_pp1ab,0.8583333333333333,0.8576680535289284,142267989,0.7834673283321447,0.8573594080754888,0.8583333333333333,,0.8645833333333334,0.865124601702573,60959979,0.7947421353065006,0.8660961174242424,0.8645833333333334,,0.7239583333333334,0.71875,0.7203125,0.7328125,,,,,,,,,,None,None,,2.0,8.0,500.0,,,,True,,22.0,,True,,100,0.08999999999999998
hgb,True,2554.3388671875,KlekotaRoth,stratified,sars-cov-2_pp1ab,0.946078431372549,0.9494418910045962,45626810,0.8921725621197715,0.964,0.9353169469598965,0.9587786259541985,0.9385474860335196,0.9421052631578948,49903307,0.8766290726817043,0.9421052631578948,0.9421052631578948,0.9345238095238095,0.876750700280112,0.8928571428571429,0.8466386554621849,0.8907563025210085,,,,,True,,0.1,,0.01,10,,1000.0,8.0,,,100.0,,,,,22.0,,True,,100,0.08999999999999998
hgb,False,6757.115234375,KlekotaRoth,stratified,sars-cov-2_pp1ab,0.8505208333333333,0.8493633047605814,229422452,0.7714091373656811,0.8489492467790721,0.8505208333333333,,0.8416666666666667,0.842211359251872,54420019,0.7598873003420366,0.8429767240784579,0.8416666666666667,,0.7182291666666667,0.70625,0.7234375,0.725,,,,,True,,0.1,,0.01,20,,99999999.0,16.0,,,100.0,,,,,22.0,,True,,80,0.08999999999999998
svm,True,1115.119140625,KlekotaRoth,stratified,sars-cov-2_pp1ab,0.9642857142857143,0.966818477553676,129964090,0.9282302980618337,0.9725130890052356,0.9611901681759379,0.9679389312977099,0.9413407821229051,0.9451697127937336,46515073,0.882240083324928,0.9378238341968912,0.9526315789473684,0.9285714285714286,0.8830532212885154,0.907563025210084,0.8676470588235294,0.8739495798319328,200.0,,0.0,3.0,,0.01,,,,,,,,,,,,,,,22.0,False,,,80,0.08999999999999998
svm,False,2187.4775390625,KlekotaRoth,stratified,sars-cov-2_pp1ab,0.8328125,0.8313083769726253,422148781,0.7442450309476399,0.8305492657426228,0.8328125,,0.8270833333333333,0.8271816306299065,118579161,0.7372905423208483,0.8273122744819499,0.8270833333333333,,0.7119791666666666,0.7015625,0.7140625,0.7203125,100.0,,0.1,3.0,,0.005,,,,,,,,,,,,,,,22.0,False,,,90,0.08999999999999998
dt,True,327.1435546875,KlekotaRoth,stratified,sars-cov-2_pp1ab,0.9544817927170869,0.9583066067992303,19761811,0.9083517434674809,0.950381679389313,0.9663648124191462,0.9404580152671755,0.9357541899441341,0.9402597402597402,18897954,0.8711423688912179,0.9282051282051282,0.9526315789473684,0.9166666666666666,0.8522408963585434,0.8466386554621849,0.8550420168067226,0.8550420168067226,,,,,,,,,,None,log2,,1.0,2.0,,,,,,,22.0,,,,90,0.15999999999999998
dt,False,330.7275390625,KlekotaRoth,stratified,sars-cov-2_pp1ab,0.7786458333333334,0.7730355991785384,20242580,0.6609757457899726,0.7733191518974915,0.7786458333333334,,0.79375,0.7897815802683058,18893856,0.6857991086553453,0.7897908678151052,0.79375,,0.6723958333333333,0.65625,0.6640625,0.696875,,,,,,,,,,None,None,,2.0,4.0,,,,,,,22.0,,,,80,0.15999999999999998
knn,True,2453.8544921875,KlekotaRoth,stratified,sars-cov-2_pp1ab,0.9537815126050421,0.9578005115089514,118321721,0.9070253581808122,0.9469026548672567,0.9689521345407504,0.9358778625954198,0.9636871508379888,0.9664082687338501,68164518,0.9276411577235385,0.949238578680203,0.9842105263157894,0.9404761904761905,0.873249299719888,0.8991596638655462,0.8382352941176471,0.8823529411764706,,kd_tree,,,,,,40.0,,,,,,,,,-1.0,3.0,,1.0,,,,distance,90,0.08999999999999998
knn,False,2789.7568359375,KlekotaRoth,stratified,sars-cov-2_pp1ab,0.8802083333333334,0.8794682186510916,199318500,0.816981169052476,0.8795796995612181,0.8802083333333334,,0.8541666666666666,0.8538062436094069,76613124,0.7782933990232666,0.8539790089422865,0.8541666666666666,,0.6947916666666667,0.6796875,0.684375,0.7203125,,ball_tree,,,,,,30.0,,,,,,,,,-1.0,9.0,,1.0,,,,distance,80,0.08999999999999998
rf,True,11668.0205078125,KlekotaRoth,strict,sars-cov-2_pp1ab,0.9355909694555112,0.9376205787781351,88056234,0.8711851389855465,0.9455252918287937,0.9298469387755102,0.9418282548476454,0.9607142857142857,0.9688385269121813,48610112,0.9163998416956116,0.9827586206896551,0.9553072625698324,0.9702970297029703,0.871114254282571,0.8752475247524752,0.8670634920634921,0.871031746031746,,,,,,,,,,30,None,,2.0,2.0,500.0,,,,True,,22.0,,True,,80,0.15999999999999998
rf,False,8679.1171875,KlekotaRoth,strict,sars-cov-2_pp1ab,0.8857715430861723,0.88468683494869,47669099,0.8253278985195616,0.8847385028097653,0.8857715430861723,,0.905940594059406,0.9052512249814609,28375297,0.8574200360945321,0.9054458598614993,0.905940594059406,,0.7027568922305765,0.6857142857142857,0.7052631578947368,0.7172932330827068,,,,,,,,,,None,sqrt,,1.0,4.0,100.0,,,,True,,22.0,,True,,100,0.08999999999999998
hgb,True,3919.4638671875,KlekotaRoth,strict,sars-cov-2_pp1ab,0.953519256308101,0.9553571428571429,51621075,0.906880688563514,0.9553571428571429,0.9553571428571429,0.9515235457063712,0.9785714285714285,0.9832402234636871,35940651,0.9535372531666575,0.9832402234636871,0.9832402234636871,0.9702970297029703,0.8777319398606527,0.8693069306930693,0.876984126984127,0.8869047619047619,,,,,True,,0.1,,0.01,10,,99999999.0,8.0,,,100.0,,,,,22.0,,True,,80,0.08999999999999998
hgb,False,5175.86328125,KlekotaRoth,strict,sars-cov-2_pp1ab,0.8416833667334669,0.8405418665173355,76439499,0.7577866406863992,0.8403913190782667,0.8416833667334669,,0.8613861386138614,0.8593993569241095,43986427,0.7899544231435487,0.8600133625921217,0.8613861386138614,,0.6932330827067669,0.6676691729323309,0.7052631578947368,0.706766917293233,,,,,True,,0.0,,0.01,10,,1000.0,16.0,,,100.0,,,,,22.0,,True,,90,0.08999999999999998
svm,True,989.4443359375,KlekotaRoth,strict,sars-cov-2_pp1ab,0.9349269588313412,0.9378172588832487,87565789,0.8696251118005155,0.9330808080808081,0.9426020408163265,0.9265927977839336,0.9607142857142857,0.9688385269121813,31530800,0.9163998416956116,0.9827586206896551,0.9553072625698324,0.9702970297029703,0.875074650322175,0.8871287128712871,0.8690476190476191,0.8690476190476191,300.0,,0.0,4.0,,0.005,,,,,,,,,,,,,,,22.0,True,,,90,0.15999999999999998
svm,False,2224.0869140625,KlekotaRoth,strict,sars-cov-2_pp1ab,0.8461923847695391,0.845185405950215,415619354,0.7647419043335585,0.845116547228124,0.8461923847695391,,0.8564356435643564,0.8536026701987091,98901090,0.7828239935412322,0.8552936835845385,0.8564356435643564,,0.6842105263157895,0.649624060150376,0.6706766917293233,0.7323308270676692,200.0,,0.1,2.0,,0.005,,,,,,,,,,,,,,,22.0,False,,,90,0.08999999999999998
dt,True,302.1279296875,KlekotaRoth,strict,sars-cov-2_pp1ab,0.951527224435591,0.9538266919671095,19641582,0.9029558990015014,0.946047678795483,0.9617346938775511,0.9404432132963989,0.9821428571428571,0.9859943977591037,18421570,0.9613930910638744,0.9887640449438202,0.9832402234636871,0.9801980198019802,0.8394009639059145,0.8257425742574257,0.8591269841269841,0.8333333333333334,,,,,,,,,,20,None,,1.0,3.0,,,,,,,22.0,,,,100,0.15999999999999998
dt,False,356.2919921875,KlekotaRoth,strict,sars-cov-2_pp1ab,0.8421843687374749,0.8406000069865235,20828385,0.7585880291994577,0.8402266104718642,0.8421843687374749,,0.8762376237623762,0.8746456014691095,19003813,0.8125052187296578,0.8749781819009697,0.8762376237623762,,0.6661654135338346,0.6360902255639098,0.6691729323308271,0.6932330827067669,,,,,,,,,,30,None,,1.0,4.0,,,,,,,22.0,,,,80,0.08999999999999998
knn,True,2413.9111328125,KlekotaRoth,strict,sars-cov-2_pp1ab,0.9601593625498008,0.9618805590851334,121255513,0.9201865422950075,0.9582278481012658,0.9655612244897959,0.9542936288088643,0.9892857142857143,0.9915966386554622,59067663,0.9768477968566109,0.9943820224719101,0.9888268156424581,0.9900990099009901,0.8625255382681125,0.8613861386138614,0.871031746031746,0.8551587301587301,,brute,,,,,,30.0,,,,,,,,,-1.0,5.0,,1.0,,,,distance,90,0.08999999999999998
knn,False,3709.197265625,KlekotaRoth,strict,sars-cov-2_pp1ab,0.8947895791583166,0.8923529275609868,211657392,0.8401833817542531,0.8960631436882851,0.8947895791583166,,0.905940594059406,0.9041054812041066,78172472,0.8603458203798269,0.9115540582481749,0.905940594059406,,0.6802005012531329,0.6541353383458647,0.6827067669172933,0.7037593984962406,,kd_tree,,,,,,20.0,,,,,,,,,-1.0,5.0,,1.0,,,,distance,100,0.08999999999999998
rf,True,3662.908203125,MACCS,random,sars-cov-2_pp1ab,0.9649859943977591,0.9673629242819843,20470262,0.9295985738288122,0.9673629242819843,0.9673629242819843,0.9622356495468278,0.9636871508379888,0.9667519181585678,10902162,0.9268895140154755,0.9742268041237113,0.9593908629441624,0.968944099378882,0.8907563025210083,0.9012605042016807,0.8676470588235294,0.9033613445378151,,,,,,,,,,None,sqrt,,1.0,4.0,100.0,,,,True,,22.0,,True,,100,0.08999999999999998
rf,False,29429.16015625,MACCS,random,sars-cov-2_pp1ab,0.8583333333333333,0.8561836218946614,221321512,0.7837039286112136,0.856552563426177,0.8583333333333333,,0.8229166666666666,0.820971068492495,90041191,0.729037692905772,0.8204970395849224,0.8229166666666666,,0.7145833333333335,0.6890625,0.7140625,0.740625,,,,,,,,,,10,None,,1.0,8.0,1000.0,,,,True,,22.0,,True,,80,0.08999999999999998
hgb,True,2603.775390625,MACCS,random,sars-cov-2_pp1ab,0.9502801120448179,0.9533201840894149,30138236,0.900250356836515,0.9602649006622517,0.9464751958224543,0.9546827794561934,0.9413407821229051,0.9462915601023018,16884097,0.8818105239302235,0.9536082474226805,0.9390862944162437,0.9440993788819876,0.8879551820728291,0.9054621848739496,0.8739495798319328,0.884453781512605,,,,,True,,0.01,,0.01,50,,10000.0,8.0,,,100.0,,,,,22.0,,True,,80,0.08999999999999998
hgb,False,6084.4248046875,MACCS,random,sars-cov-2_pp1ab,0.8421875,0.8399031904443269,95488202,0.7588704149526503,0.8398909026806992,0.8421875,,0.825,0.8237741842381371,80571149,0.732564000435153,0.8240138389128774,0.825,,0.7041666666666667,0.68125,0.70625,0.725,,,,,True,,0.01,,0.01,None,,99999999.0,64.0,,,100.0,,,,,22.0,,True,,90,0.08999999999999998
svm,True,905.4052734375,MACCS,random,sars-cov-2_pp1ab,0.9593837535014006,0.9622886866059818,74022779,0.9183168798574117,0.9585492227979274,0.9660574412532638,0.9516616314199395,0.946927374301676,0.9516539440203562,20117587,0.892845461820717,0.9540816326530612,0.949238578680203,0.9440993788819876,0.8781512605042017,0.8676470588235294,0.8676470588235294,0.8991596638655462,100.0,,0.1,4.0,,0.01,,,,,,,,,,,,,,,22.0,True,,,90,0.08999999999999998
svm,False,1390.134765625,MACCS,random,sars-cov-2_pp1ab,0.859375,0.8576420440480935,193375772,0.7855706006907444,0.858189924537644,0.859375,,0.8416666666666667,0.8408830418997063,50331229,0.7583299796949967,0.8420266927566684,0.8416666666666667,,0.7020833333333334,0.696875,0.7046875,0.7046875,100.0,,0.0,2.0,,0.01,,,,,,,,,,,,,,,22.0,True,,,80,0.08999999999999998
dt,True,232.9140625,MACCS,random,sars-cov-2_pp1ab,0.9523809523809523,0.9561290322580646,2903172,0.9043685842042489,0.9451530612244898,0.9673629242819843,0.9350453172205438,0.9553072625698324,0.958974358974359,2131352,0.9101368317612291,0.9689119170984456,0.949238578680203,0.9627329192546584,0.8452380952380952,0.8592436974789915,0.8319327731092437,0.8445378151260504,,,,,,,,,,None,sqrt,,1.0,2.0,,,,,,,22.0,,,,80,0.08999999999999998
dt,False,229.318359375,MACCS,random,sars-cov-2_pp1ab,0.79375,0.7885064756310194,3409758,0.684703999734754,0.7894851842994945,0.79375,,0.7729166666666667,0.7665740486508211,2562070,0.6521504657301954,0.7669102159031067,0.7729166666666667,,0.6630208333333333,0.63125,0.6828125,0.675,,,,,,,,,,None,None,,4.0,4.0,,,,,,,22.0,,,,90,0.08999999999999998
knn,True,1361.572265625,MACCS,random,sars-cov-2_pp1ab,0.9621848739495799,0.9650259067357513,57492014,0.9240050117884103,0.9575835475578406,0.9725848563968669,0.9501510574018127,0.9553072625698324,0.9593908629441624,18368058,0.9097014219503736,0.9593908629441624,0.9593908629441624,0.9503105590062112,0.8774509803921569,0.8991596638655462,0.865546218487395,0.8676470588235294,,brute,,,,,,20.0,,,,,,,,,-1.0,5.0,,1.0,,,,distance,80,0.08999999999999998
knn,False,1849.4697265625,MACCS,random,sars-cov-2_pp1ab,0.903125,0.901813135643841,87412563,0.8526793341715648,0.9035881463112029,0.903125,,0.8645833333333334,0.8622793059691496,27800954,0.7930087398439475,0.862878864654476,0.8645833333333334,,0.6869791666666667,0.671875,0.6828125,0.70625,,auto,,,,,,30.0,,,,,,,,,-1.0,9.0,,1.0,,,,distance,90,0.08999999999999998
rf,True,22147.8798828125,MACCS,stratified,sars-cov-2_pp1ab,0.9698879551820728,0.9722042663219134,95975827,0.939355727067582,0.9715762273901809,0.9728331177231565,0.966412213740458,0.9720670391061452,0.9738219895287958,46957790,0.9439430813640989,0.96875,0.9789473684210527,0.9642857142857143,0.8781512605042017,0.8970588235294118,0.8445378151260504,0.8928571428571429,,,,,,,,,,None,log2,,1.0,2.0,500.0,,,,True,,22.0,,True,,80,0.08999999999999998
rf,False,59031.4267578125,MACCS,stratified,sars-cov-2_pp1ab,0.8807291666666667,0.8795918616716406,299850544,0.8176812491655457,0.87950230448053,0.8807291666666667,,0.8979166666666667,0.8976663249303282,103363990,0.8447398190598514,0.8975255927297493,0.8979166666666667,,0.7145833333333332,0.715625,0.7265625,0.7015625,,,,,,,,,,30,None,,1.0,4.0,1000.0,,,,True,,22.0,,True,,80,0.08999999999999998
hgb,True,2053.5751953125,MACCS,stratified,sars-cov-2_pp1ab,0.9467787114845938,0.9507772020725389,25206081,0.8928541338537342,0.9520103761348897,0.9495472186287193,0.9435114503816794,0.9497206703910615,0.953125,13160111,0.8991476762384956,0.9432989690721649,0.9631578947368421,0.9345238095238095,0.8697478991596639,0.8970588235294118,0.8403361344537815,0.8718487394957983,,,,,True,,0.0,,0.01,None,,1000.0,16.0,,,100.0,,,,,22.0,,True,,80,0.08999999999999998
hgb,False,7914.9580078125,MACCS,stratified,sars-cov-2_pp1ab,0.8604166666666667,0.8585840539931701,91057884,0.7866141031216188,0.858671867763564,0.8604166666666667,,0.8791666666666667,0.8787228271995413,49593044,0.8161864603112725,0.8785889896618673,0.8791666666666667,,0.709375,0.7078125,0.6984375,0.721875,,,,,True,,0.1,,0.01,10,,10000.0,32.0,,,100.0,,,,,22.0,,True,,90,0.08999999999999998
svm,True,862.8623046875,MACCS,stratified,sars-cov-2_pp1ab,0.9565826330532213,0.959792477302205,61843883,0.9126235025042653,0.9622886866059818,0.9573091849935317,0.9557251908396946,0.9664804469273743,0.96875,17931290,0.9328492398694073,0.9587628865979382,0.9789473684210527,0.9523809523809523,0.8690476190476191,0.8949579831932774,0.8487394957983193,0.8634453781512605,200.0,,0.0,4.0,,0.01,,,,,,,,,,,,,,,22.0,True,,,80,0.08999999999999998
svm,False,1242.056640625,MACCS,stratified,sars-cov-2_pp1ab,0.8244791666666667,0.8204516896615843,189171683,0.7317993686976836,0.8215300458412292,0.8244791666666667,,0.81875,0.8149574517326369,48001043,0.7240663688941668,0.8146413823344355,0.81875,,0.6932291666666667,0.6875,0.696875,0.6953125,200.0,,0.5,2.0,,0.005,,,,,,,,,,,,,,,22.0,True,,,90,0.15999999999999998
dt,True,207.7109375,MACCS,stratified,sars-cov-2_pp1ab,0.9201680672268907,0.926923076923077,2737090,0.8391398121371269,0.9186785260482846,0.9353169469598965,0.9022900763358779,0.946927374301676,0.9511568123393316,2115041,0.8942676734518928,0.9296482412060302,0.9736842105263158,0.9166666666666666,0.834733893557423,0.8382352941176471,0.819327731092437,0.8466386554621849,,,,,,,,,,10,None,,1.0,4.0,,,,,,,22.0,,,,80,0.15999999999999998
dt,False,270.0615234375,MACCS,stratified,sars-cov-2_pp1ab,0.8635416666666667,0.8613493958609151,3581452,0.7916211588929062,0.8627174949799197,0.8635416666666667,,0.8645833333333334,0.8636205204436362,2601331,0.7940574578873993,0.864121787784723,0.8645833333333334,,0.6578124999999999,0.6390625,0.6609375,0.6734375,,,,,,,,,,None,None,,1.0,4.0,,,,,,,22.0,,,,90,0.08999999999999998
knn,True,1416.07421875,MACCS,stratified,sars-cov-2_pp1ab,0.9635854341736695,0.966321243523316,131021778,0.926690925933062,0.9675745784695201,0.9650711513583441,0.9618320610687023,0.9636871508379888,0.9658792650918635,50410137,0.927088453585564,0.9633507853403142,0.968421052631579,0.9583333333333334,0.8669467787114846,0.8739495798319328,0.8529411764705882,0.8739495798319328,,ball_tree,,,,,,30.0,,,,,,,,,-1.0,3.0,,1.0,,,,distance,80,0.08999999999999998
knn,False,1384.2666015625,MACCS,stratified,sars-cov-2_pp1ab,0.8807291666666667,0.8785029837395173,50605844,0.8180355754157758,0.8795367949153674,0.8807291666666667,,0.8833333333333333,0.8827467335438132,22766266,0.8225096101571504,0.8825089454444066,0.8833333333333333,,0.6885416666666666,0.678125,0.7171875,0.6703125,,brute,,,,,,10.0,,,,,,,,,-1.0,3.0,,1.0,,,,distance,80,0.15999999999999998
rf,True,21817.978515625,MACCS,strict,sars-cov-2_pp1ab,0.9694555112881806,0.9709595959595959,92650579,0.938966728167055,0.96125,0.9808673469387755,0.9570637119113573,0.9857142857142858,0.988950276243094,40479685,0.9692284438888585,0.9781420765027322,1.0,0.9603960396039604,0.8843430771648594,0.8732673267326733,0.8908730158730159,0.8888888888888888,,,,,,,,,,20,log2,,1.0,3.0,500.0,,,,True,,22.0,,True,,80,0.08999999999999998
rf,False,49715.318359375,MACCS,strict,sars-cov-2_pp1ab,0.9033066132264529,0.9019009340437154,149580384,0.8525342897296375,0.9031565114878968,0.9033066132264529,,0.900990099009901,0.8994826155164265,50353181,0.8506056262902895,0.9016215684068406,0.900990099009901,,0.7102756892230576,0.6721804511278195,0.7218045112781954,0.7368421052631579,,,,,,,,,,None,log2,,1.0,3.0,500.0,,,,True,,22.0,,True,,90,0.08999999999999998
hgb,True,3199.982421875,MACCS,strict,sars-cov-2_pp1ab,0.9608233731739708,0.9627760252365931,88587160,0.9216767367209129,0.9525593008739076,0.9732142857142857,0.9473684210526315,0.975,0.9806094182825484,19040306,0.9456989401596052,0.9725274725274725,0.9888268156424581,0.9504950495049505,0.8803708942322803,0.8792079207920792,0.8908730158730159,0.871031746031746,,,,,True,,0.0,,0.01,20,,99999999.0,8.0,,,100.0,,,,,22.0,,True,,90,0.08999999999999998
hgb,False,6174.03125,MACCS,strict,sars-cov-2_pp1ab,0.8416833667334669,0.837986859016318,91891667,0.7585344972554824,0.8407578936156419,0.8416833667334669,,0.844059405940594,0.839762823726206,47959039,0.7651681559818625,0.8445992734675797,0.844059405940594,,0.7007518796992481,0.6676691729323309,0.7022556390977444,0.7323308270676692,,,,,True,,0.1,,0.01,20,,10000.0,64.0,,,100.0,,,,,22.0,,True,,90,0.08999999999999998
svm,True,929.2802734375,MACCS,strict,sars-cov-2_pp1ab,0.9654714475431607,0.9673366834170855,75389320,0.9312105810119128,0.9529702970297029,0.9821428571428571,0.9473684210526315,0.975,0.9807162534435262,15950977,0.9459272869406502,0.967391304347826,0.994413407821229,0.9405940594059405,0.8757412646026507,0.8792079207920792,0.871031746031746,0.876984126984127,100.0,,0.1,2.0,,0.01,,,,,,,,,,,,,,,22.0,True,,,90,0.08999999999999998
svm,False,1507.533203125,MACCS,strict,sars-cov-2_pp1ab,0.8271543086172345,0.8211773863638926,246413009,0.7364392684733735,0.8252456736332365,0.8271543086172345,,0.7821782178217822,0.7628496124989621,50002545,0.6799957184816561,0.7900918966305565,0.7821782178217822,,0.6957393483709273,0.6917293233082706,0.6902255639097744,0.7052631578947368,100.0,,0.0,3.0,,0.005,,,,,,,,,,,,,,,22.0,True,,,90,0.08999999999999998
dt,True,237.2900390625,MACCS,strict,sars-cov-2_pp1ab,0.9614873837981408,0.9632446134347274,2900746,0.9228834723682129,0.9571788413098237,0.9693877551020408,0.9529085872576177,0.9892857142857143,0.9916897506925207,2133652,0.9768843957295839,0.9835164835164835,1.0,0.9702970297029703,0.8360914662894862,0.8297029702970297,0.8373015873015873,0.8412698412698413,,,,,,,,,,30,sqrt,,1.0,2.0,,,,,,,22.0,,,,80,0.08999999999999998
dt,False,258.5302734375,MACCS,strict,sars-cov-2_pp1ab,0.8261523046092184,0.8201424754773398,3430155,0.7353931226863325,0.8266640591107552,0.8261523046092184,,0.8316831683168316,0.8273147054949771,2163790,0.7477768279860866,0.8362937536190957,0.8316831683168316,,0.6541353383458647,0.6661654135338346,0.6406015037593985,0.6556390977443609,,,,,,,,,,20,None,,2.0,3.0,,,,,,,22.0,,,,90,0.08999999999999998
knn,True,1513.375,MACCS,strict,sars-cov-2_pp1ab,0.9774236387782205,0.978562421185372,121614049,0.9550003499967442,0.9675810473815462,0.9897959183673469,0.96398891966759,0.9857142857142858,0.9888888888888889,38506758,0.9690078492407314,0.9834254143646409,0.994413407821229,0.9702970297029703,0.8645018073235895,0.8732673267326733,0.873015873015873,0.8472222222222222,,kd_tree,,,,,,30.0,,,,,,,,,-1.0,5.0,,1.0,,,,distance,80,0.08999999999999998
knn,False,1733.6806640625,MACCS,strict,sars-cov-2_pp1ab,0.8972945891783567,0.8950384040255569,22262207,0.8444923624411382,0.899757720999809,0.8972945891783567,,0.8985148514851485,0.8969308419908287,7661537,0.8467250973906836,0.8986174634539746,0.8985148514851485,,0.6897243107769424,0.681203007518797,0.6827067669172933,0.7052631578947368,,auto,,,,,,30.0,,,,,,,,,-1.0,5.0,,2.0,,,,distance,80,0.08999999999999998
rf,True,10581.587890625,PubChem,random,sars-cov-2_pp1ab,0.9537815126050421,0.9575835475578406,81873142,0.9073616319718028,0.9430379746835443,0.9725848563968669,0.93202416918429,0.9608938547486033,0.9646464646464646,39934938,0.9209577634922074,0.9597989949748744,0.9695431472081218,0.9503105590062112,0.8879551820728291,0.8991596638655462,0.8634453781512605,0.9012605042016807,,,,,,,,,,None,None,,2.0,3.0,500.0,,,,True,,22.0,,True,,80,0.15999999999999998
rf,False,16088.275390625,PubChem,random,sars-cov-2_pp1ab,0.8666666666666667,0.864852376307915,120268498,0.7964568568695845,0.8651420713630038,0.8666666666666667,,0.8375,0.8351095904335241,48021487,0.7514255296361063,0.8355285631891898,0.8375,,0.7171875,0.6984375,0.7296875,0.7234375,,,,,,,,,,10,None,,1.0,4.0,500.0,,,,True,,22.0,,True,,90,0.08999999999999998
hgb,True,3346.318359375,PubChem,random,sars-cov-2_pp1ab,0.9572829131652661,0.9603638726445743,39610828,0.9140930270678939,0.9560155239327296,0.9647519582245431,0.9486404833836858,0.9553072625698324,0.9593908629441624,21192426,0.9097014219503736,0.9593908629441624,0.9593908629441624,0.9503105590062112,0.8872549019607843,0.8886554621848739,0.8697478991596639,0.9033613445378151,,,,,True,,0.0,,0.01,50,,1000.0,16.0,,,100.0,,,,,22.0,,True,,80,0.08999999999999998
hgb,False,4104.9296875,PubChem,random,sars-cov-2_pp1ab,0.8557291666666667,0.8550807240680248,96597101,0.7798495797569065,0.8553249467736723,0.8557291666666667,,0.8208333333333333,0.8196230458119186,233751453,0.7257993529298125,0.819218697968698,0.8208333333333333,,0.7156250000000001,0.703125,0.725,0.71875,,,,,True,,0.0,,0.01,10,,99999999.0,16.0,,,100.0,,,,,22.0,,True,,90,0.08999999999999998
svm,True,1533.1708984375,PubChem,random,sars-cov-2_pp1ab,0.9432773109243697,0.9479768786127167,177733496,0.8862085985836321,0.9329962073324906,0.9634464751958225,0.9199395770392749,0.9441340782122905,0.9494949494949495,46268500,0.8870551537924428,0.9447236180904522,0.9543147208121827,0.9316770186335404,0.8774509803921569,0.8823529411764706,0.8613445378151261,0.8886554621848739,10.0,,0.0,4.0,,0.01,,,,,,,,,,,,,,,22.0,False,,,80,0.08999999999999998
svm,False,2725.158203125,PubChem,random,sars-cov-2_pp1ab,0.8302083333333333,0.8274183218023108,494554184,0.7408727361363026,0.8283990861971939,0.8302083333333333,,0.79375,0.790465083137299,139031122,0.685666722027209,0.7935847101186154,0.79375,,0.7067708333333332,0.6875,0.7140625,0.71875,10.0,,0.0,2.0,,0.01,,,,,,,,,,,,,,,22.0,False,,,80,0.08999999999999998
dt,True,225.48828125,PubChem,random,sars-cov-2_pp1ab,0.9327731092436975,0.9393939393939394,6591613,0.8664552206482018,0.9095354523227384,0.9712793733681462,0.8882175226586103,0.9245810055865922,0.9319899244332494,5132522,0.8474831658496499,0.925,0.9390862944162437,0.906832298136646,0.8550420168067228,0.842436974789916,0.8613445378151261,0.8613445378151261,,,,,,,,,,30,None,,2.0,4.0,,,,,,,22.0,,,,90,0.08999999999999998
dt,False,231.3232421875,PubChem,random,sars-cov-2_pp1ab,0.7984375,0.7986589298262732,7224780,0.6933302116033478,0.8007316369230658,0.7984375,,0.7354166666666667,0.7360703840160411,5083188,0.5976954986553525,0.7398592559404354,0.7354166666666667,,0.6645833333333334,0.634375,0.6921875,0.6671875,,,,,,,,,,10,None,,1.0,8.0,,,,,,,22.0,,,,90,0.08999999999999998
knn,True,2973.6494140625,PubChem,random,sars-cov-2_pp1ab,0.9628851540616247,0.9659163987138264,147790718,0.9256859047671764,0.9518377693282636,0.9804177545691906,0.9425981873111783,0.9720670391061452,0.9747474747474747,52401286,0.9435595032920504,0.9698492462311558,0.9796954314720813,0.9627329192546584,0.8781512605042017,0.8949579831932774,0.865546218487395,0.8739495798319328,,ball_tree,,,,,,50.0,,,,,,,,,-1.0,9.0,,1.0,,,,distance,80,0.08999999999999998
knn,False,4294.8779296875,PubChem,random,sars-cov-2_pp1ab,0.7630208333333334,0.7582506125366008,321685234,0.6375804900294935,0.7597213892672473,0.7630208333333334,,0.7208333333333333,0.7142236828980821,101275066,0.5726904766606074,0.7159752418791157,0.7208333333333333,,0.6875,0.6578125,0.7046875,0.7,,kd_tree,,,,,,50.0,,,,,,,,,-1.0,7.0,,1.0,,,,uniform,90,0.08999999999999998
rf,True,12034.5185546875,PubChem,stratified,sars-cov-2_pp1ab,0.957983193277311,0.9615384615384616,82473942,0.9154293868218282,0.9529860228716646,0.9702457956015524,0.9435114503816794,0.9608938547486033,0.9641025641025641,38660789,0.9226817337536317,0.94,0.9894736842105263,0.9285714285714286,0.8774509803921569,0.8991596638655462,0.8382352941176471,0.8949579831932774,,,,,,,,,,30,None,,1.0,4.0,500.0,,,,True,,22.0,,True,,80,0.15999999999999998
rf,False,5493.251953125,PubChem,stratified,sars-cov-2_pp1ab,0.8822916666666667,0.8811529716083872,35074108,0.8201475685975409,0.8812565503777,0.8822916666666667,,0.9,0.899450920054706,15918165,0.8478880936830336,0.8995079185520363,0.9,,0.7161458333333334,0.6875,0.7234375,0.7375,,,,,,,,,,30,None,,2.0,2.0,100.0,,,,True,,22.0,,True,,80,0.08999999999999998
hgb,True,2267.1455078125,PubChem,stratified,sars-cov-2_pp1ab,0.9544817927170869,0.957983193277311,38578641,0.9083279157974053,0.9573643410852714,0.9586028460543338,0.9496183206106871,0.9581005586592178,0.9608355091383812,16898388,0.9159262981105853,0.9533678756476683,0.968421052631579,0.9464285714285714,0.8753501400560224,0.8991596638655462,0.8382352941176471,0.8886554621848739,,,,,True,,0.1,,0.01,50,,1000.0,8.0,,,100.0,,,,,22.0,,True,,80,0.08999999999999998
hgb,False,7750.390625,PubChem,stratified,sars-cov-2_pp1ab,0.8677083333333333,0.8664050842181407,83725407,0.7978090623076416,0.8664002666311592,0.8677083333333333,,0.9,0.8993855159678285,49120513,0.8480482731369908,0.8995893434628612,0.9,,0.7156250000000001,0.6953125,0.73125,0.7203125,,,,,True,,0.1,,0.01,20,,10000.0,32.0,,,100.0,,,,,22.0,,True,,80,0.08999999999999998
svm,True,1627.8505859375,PubChem,stratified,sars-cov-2_pp1ab,0.9446778711484594,0.949326491340603,214345384,0.8885758067606501,0.9414758269720102,0.9573091849935317,0.9297709923664123,0.9608938547486033,0.9635416666666666,66404530,0.92161538532577,0.9536082474226805,0.9736842105263158,0.9464285714285714,0.8676470588235294,0.884453781512605,0.8613445378151261,0.8571428571428571,10.0,,0.0,2.0,,0.01,,,,,,,,,,,,,,,22.0,True,,,80,0.08999999999999998
svm,False,3154.158203125,PubChem,stratified,sars-cov-2_pp1ab,0.8395833333333333,0.8369946228641559,558954431,0.7547260028824812,0.8369856729657482,0.8395833333333333,,0.8416666666666667,0.8385371925029285,142682013,0.7592902166977609,0.8391417206040992,0.8416666666666667,,0.7104166666666667,0.69375,0.725,0.7125,10.0,,0.0,2.0,,0.01,,,,,,,,,,,,,,,22.0,False,,,90,0.08999999999999998
dt,True,232.970703125,PubChem,stratified,sars-cov-2_pp1ab,0.9502801120448179,0.9549778059606848,6104228,0.9003805797745538,0.9365671641791045,0.9741267787839586,0.9221374045801527,0.9553072625698324,0.9591836734693877,4813044,0.9119875878514733,0.9306930693069307,0.9894736842105263,0.9166666666666666,0.8494397759103641,0.8718487394957983,0.8172268907563025,0.8592436974789915,,,,,,,,,,20,None,,1.0,3.0,,,,,,,22.0,,,,90,0.15999999999999998
dt,False,271.3671875,PubChem,stratified,sars-cov-2_pp1ab,0.8307291666666666,0.8237422222855778,6391943,0.7431204246972035,0.830218215172475,0.8307291666666666,,0.8104166666666667,0.8063358858648125,4960663,0.7121924549548326,0.8114672085042152,0.8104166666666667,,0.6729166666666666,0.659375,0.678125,0.68125,,,,,,,,,,None,None,,2.0,4.0,,,,,,,22.0,,,,80,0.15999999999999998
knn,True,2941.201171875,PubChem,stratified,sars-cov-2_pp1ab,0.9642857142857143,0.9672447013487476,135534487,0.9280999949902551,0.9604591836734694,0.9741267787839586,0.9526717557251908,0.9692737430167597,0.9715762273901809,39425073,0.9388925310283571,0.9543147208121827,0.9894736842105263,0.9464285714285714,0.8725490196078431,0.8865546218487395,0.8487394957983193,0.8823529411764706,,brute,,,,,,10.0,,,,,,,,,-1.0,5.0,,1.0,,,,distance,80,0.08999999999999998
knn,False,3832.2392578125,PubChem,stratified,sars-cov-2_pp1ab,0.9010416666666666,0.8994858471040289,38558987,0.8492321059773482,0.9005925840658215,0.9010416666666666,,0.91875,0.9184099221138662,19321006,0.8765490887193734,0.9188004078301308,0.91875,,0.6989583333333332,0.7015625,0.70625,0.6890625,,auto,,,,,,40.0,,,,,,,,,-1.0,7.0,,2.0,,,,distance,80,0.08999999999999998
rf,True,10662.578125,PubChem,strict,sars-cov-2_pp1ab,0.9701195219123506,0.9718221665623044,70916399,0.9407448892322366,0.9544895448954489,0.9897959183673469,0.9487534626038782,0.9892857142857143,0.9916897506925207,33846713,0.9768843957295839,0.9835164835164835,1.0,0.9702970297029703,0.8777293205511026,0.8732673267326733,0.8869047619047619,0.873015873015873,,,,,,,,,,10,None,,1.0,3.0,500.0,,,,True,,22.0,,True,,80,0.15999999999999998
rf,False,91282.8125,PubChem,strict,sars-cov-2_pp1ab,0.9083166332665331,0.9073482080746315,291712827,0.8603228803135717,0.9089429502945042,0.9083166332665331,,0.9232673267326733,0.9232663032189506,101062504,0.8835958182797665,0.9232816686576634,0.9232673267326733,,0.712280701754386,0.6917293233082706,0.724812030075188,0.7203007518796992,,,,,,,,,,30,sqrt,,1.0,3.0,1000.0,,,,True,,22.0,,True,,100,0.08999999999999998
hgb,True,2562.4384765625,PubChem,strict,sars-cov-2_pp1ab,0.9614873837981408,0.9634760705289672,33783163,0.9230868765458523,0.9514925373134329,0.9757653061224489,0.945983379501385,0.9821428571428571,0.9860724233983287,16067806,0.9612262850214282,0.9833333333333333,0.9888268156424581,0.9702970297029703,0.881028340929331,0.8851485148514852,0.8888888888888888,0.8690476190476191,,,,,True,,0.01,,0.01,20,,1000.0,8.0,,,100.0,,,,,22.0,,True,,90,0.08999999999999998
hgb,False,5567.216796875,PubChem,strict,sars-cov-2_pp1ab,0.8587174348697395,0.8554952519814895,68063037,0.7841064975972222,0.8562958352683382,0.8587174348697395,,0.8589108910891089,0.8594106716282198,29104073,0.7859954577376214,0.8603835760608667,0.8589108910891089,,0.693734335839599,0.6932330827067669,0.6887218045112782,0.6992481203007519,,,,,True,,0.01,,0.01,20,,1000.0,8.0,,,100.0,,,,,22.0,,True,,90,0.15999999999999998
svm,True,1765.3271484375,PubChem,strict,sars-cov-2_pp1ab,0.954183266932271,0.9566854990583804,178712087,0.90858909781358,0.9419035846724351,0.9719387755102041,0.9349030470914127,0.9642857142857143,0.9722222222222222,36655968,0.922338128848425,0.9668508287292817,0.9776536312849162,0.9405940594059405,0.8737689245114989,0.8613861386138614,0.8908730158730159,0.8690476190476191,10.0,,0.5,4.0,,0.01,,,,,,,,,,,,,,,22.0,True,,,90,0.08999999999999998
svm,False,3229.833984375,PubChem,strict,sars-cov-2_pp1ab,0.8416833667334669,0.8391327109595506,565948959,0.7579892824023907,0.8397709136827872,0.8416833667334669,,0.8193069306930693,0.815144220172881,118966804,0.7267917151647307,0.8166374653650401,0.8193069306930693,,0.7012531328320802,0.6857142857142857,0.6962406015037594,0.7218045112781954,10.0,,0.0,2.0,,0.01,,,,,,,,,,,,,,,22.0,True,,,90,0.08999999999999998
dt,True,232.837890625,PubChem,strict,sars-cov-2_pp1ab,0.9402390438247012,0.9435382685069009,5956296,0.880632851068431,0.928395061728395,0.9591836734693877,0.9196675900277008,0.9785714285714285,0.9833333333333333,4680076,0.9534512757766292,0.9779005524861878,0.9888268156424581,0.9603960396039604,0.8453389386557704,0.8475247524752475,0.8373015873015873,0.8511904761904762,,,,,,,,,,30,None,,1.0,4.0,,,,,,,22.0,,,,80,0.15999999999999998
dt,False,245.6669921875,PubChem,strict,sars-cov-2_pp1ab,0.7785571142284569,0.7720652614383583,7181608,0.6607853476333669,0.7735889440569619,0.7785571142284569,,0.7747524752475248,0.7732599053089798,5345964,0.6575290651927638,0.7727376586650303,0.7747524752475248,,0.6526315789473685,0.631578947368421,0.6676691729323309,0.6586466165413534,,,,,,,,,,20,None,,4.0,4.0,,,,,,,22.0,,,,80,0.08999999999999998
knn,True,3018.974609375,PubChem,strict,sars-cov-2_pp1ab,0.9734395750332006,0.9748743718592965,126443538,0.9472030751580915,0.9603960396039604,0.9897959183673469,0.9556786703601108,0.9892857142857143,0.9916897506925207,36771007,0.9768843957295839,0.9835164835164835,1.0,0.9702970297029703,0.8605453402483105,0.8554455445544554,0.871031746031746,0.8551587301587301,,auto,,,,,,40.0,,,,,,,,,-1.0,9.0,,1.0,,,,distance,80,0.08999999999999998
knn,False,3886.6845703125,PubChem,strict,sars-cov-2_pp1ab,0.9138276553106213,0.9130435212255672,152263617,0.8686231826854394,0.9141963421997956,0.9138276553106213,,0.9257425742574258,0.9256246548916767,53082935,0.8873078303406124,0.9256949684306314,0.9257425742574258,,0.6922305764411028,0.6781954887218045,0.6977443609022557,0.7007518796992481,,auto,,,,,,40.0,,,,,,,,,-1.0,5.0,,1.0,,,,distance,80,0.08999999999999998
rf,True,4079.134765625,SubstructureCount,random,sars-cov-2_pp1ab,0.9663865546218487,0.9686684073107049,18141091,0.9324146308756597,0.9686684073107049,0.9686684073107049,0.9637462235649547,0.9748603351955307,0.9769820971867008,9996709,0.9494290090581016,0.9845360824742269,0.9695431472081218,0.9813664596273292,0.876750700280112,0.9117647058823529,0.8487394957983193,0.8697478991596639,,,,,,,,,,20,log2,,1.0,2.0,100.0,,,,True,,22.0,,True,,100,0.08999999999999998
rf,False,47355.0751953125,SubstructureCount,random,sars-cov-2_pp1ab,0.8703125,0.8680360402705929,242915540,0.8023362312691792,0.8695351852606809,0.8703125,,0.85,0.8466808508229148,110276668,0.7713440211206017,0.8483041157185894,0.85,,0.7041666666666667,0.6828125,0.7046875,0.725,,,,,,,,,,20,log2,,1.0,8.0,1000.0,,,,True,,22.0,,True,,90,0.08999999999999998
hgb,True,2385.8515625,SubstructureCount,random,sars-cov-2_pp1ab,0.9453781512605042,0.94921875,24985395,0.8901428376311488,0.9467532467532468,0.9516971279373369,0.9380664652567976,0.952513966480447,0.9569620253164557,13367129,0.9040176942239668,0.9545454545454546,0.9593908629441624,0.9440993788819876,0.8718487394957983,0.8949579831932774,0.842436974789916,0.8781512605042017,,,,,True,,0.0,,0.01,20,,99999999.0,8.0,,,100.0,,,,,22.0,,True,,90,0.08999999999999998
hgb,False,6157.408203125,SubstructureCount,random,sars-cov-2_pp1ab,0.8708333333333333,0.8694513254275321,67037665,0.8027294695392941,0.8695567593249045,0.8708333333333333,,0.8625,0.8601273039675102,86789530,0.7899222406092747,0.8609113117194073,0.8625,,0.69375,0.68125,0.7,0.7,,,,,True,,0.1,,0.01,10,,10000.0,8.0,,,100.0,,,,,22.0,,True,,90,0.08999999999999998
svm,True,658.70703125,SubstructureCount,random,sars-cov-2_pp1ab,0.9523809523809523,0.9558441558441558,40137864,0.9042329112814391,0.9509043927648578,0.9608355091383812,0.9425981873111783,0.9636871508379888,0.9670886075949368,11941320,0.9266055176837783,0.9646464646464646,0.9695431472081218,0.9565217391304348,0.8802521008403361,0.907563025210084,0.8739495798319328,0.8592436974789915,100.0,,0.1,2.0,,0.005,,,,,,,,,,,,,,,22.0,False,,,90,0.08999999999999998
svm,False,965.1943359375,SubstructureCount,random,sars-cov-2_pp1ab,0.846875,0.8442592671525795,159454759,0.7661460757771298,0.844605417198808,0.846875,,0.8208333333333333,0.8179581638995355,41748725,0.7266756048830136,0.8200346380002749,0.8208333333333333,,0.6979166666666666,0.678125,0.715625,0.7,10.0,,0.0,2.0,,0.01,,,,,,,,,,,,,,,22.0,True,,,90,0.08999999999999998
dt,True,234.8916015625,SubstructureCount,random,sars-cov-2_pp1ab,0.9537815126050421,0.9568627450980393,2992243,0.9070927678630544,0.9581151832460733,0.9556135770234987,0.9516616314199395,0.9636871508379888,0.9670886075949368,2485219,0.9266055176837783,0.9646464646464646,0.9695431472081218,0.9565217391304348,0.8452380952380952,0.8382352941176471,0.8382352941176471,0.8592436974789915,,,,,,,,,,None,log2,,1.0,2.0,,,,,,,22.0,,,,80,0.08999999999999998
dt,False,207.7421875,SubstructureCount,random,sars-cov-2_pp1ab,0.7557291666666667,0.7505839374628391,3302118,0.6267443682380442,0.7526600661809916,0.7557291666666667,,0.7333333333333333,0.7277482960982041,2525002,0.5906544548469292,0.7251093497125957,0.7333333333333333,,0.6494791666666667,0.6171875,0.65625,0.675,,,,,,,,,,10,None,,4.0,2.0,,,,,,,22.0,,,,80,0.08999999999999998
knn,True,1063.0166015625,SubstructureCount,random,sars-cov-2_pp1ab,0.9663865546218487,0.9689521345407504,50730956,0.9324991770092749,0.9602564102564103,0.9778067885117493,0.9531722054380665,0.9692737430167597,0.9720101781170484,29287517,0.9379698601170136,0.9744897959183674,0.9695431472081218,0.968944099378882,0.876750700280112,0.8928571428571429,0.8634453781512605,0.8739495798319328,,kd_tree,,,,,,10.0,,,,,,,,,-1.0,7.0,,1.0,,,,distance,90,0.08999999999999998
knn,False,996.611328125,SubstructureCount,random,sars-cov-2_pp1ab,0.9145833333333333,0.9135560755139817,37956335,0.8700955144230901,0.9148842583235729,0.9145833333333333,,0.8854166666666666,0.8835456222268515,18155649,0.825295202975886,0.8858941404090658,0.8854166666666666,,0.6776041666666668,0.6703125,0.6796875,0.6828125,,brute,,,,,,40.0,,,,,,,,,-1.0,9.0,,1.0,,,,distance,80,0.08999999999999998
rf,True,15989.9580078125,SubstructureCount,stratified,sars-cov-2_pp1ab,0.9698879551820728,0.9722042663219134,79062660,0.939355727067582,0.9715762273901809,0.9728331177231565,0.966412213740458,0.9581005586592178,0.9612403100775194,44393427,0.9163897844187199,0.9441624365482234,0.9789473684210527,0.9345238095238095,0.8676470588235294,0.8907563025210085,0.8487394957983193,0.8634453781512605,,,,,,,,,,20,sqrt,,1.0,3.0,500.0,,,,True,,22.0,,True,,100,0.08999999999999998
rf,False,5583.8212890625,SubstructureCount,stratified,sars-cov-2_pp1ab,0.8541666666666666,0.8513366477979363,26192193,0.7772497541384654,0.8524024364262925,0.8541666666666666,,0.8583333333333333,0.8568385897488103,12263659,0.7844219240271632,0.8571633573030908,0.8583333333333333,,0.7171875,0.7,0.7171875,0.734375,,,,,,,,,,20,log2,,2.0,4.0,100.0,,,,True,,22.0,,True,,90,0.08999999999999998
hgb,True,2838.1328125,SubstructureCount,stratified,sars-cov-2_pp1ab,0.9474789915966386,0.9512670565302144,34548108,0.8943655080392552,0.9556135770234987,0.9469598965071151,0.9480916030534351,0.9553072625698324,0.9585492227979274,16048233,0.910607517019305,0.9438775510204082,0.9736842105263158,0.9345238095238095,0.8634453781512605,0.8865546218487395,0.8550420168067226,0.8487394957983193,,,,,True,,0.0,,0.01,50,,10000.0,16.0,,,100.0,,,,,22.0,,True,,90,0.08999999999999998
hgb,False,6282.9658203125,SubstructureCount,stratified,sars-cov-2_pp1ab,0.8630208333333333,0.8612605314737265,65330238,0.7905879895413183,0.8614111706992933,0.8630208333333333,,0.8583333333333333,0.8572184711704623,35375546,0.7843582779186806,0.8570938328912466,0.8583333333333333,,0.7109375,0.7046875,0.709375,0.71875,,,,,True,,0.0,,0.01,50,,99999999.0,8.0,,,100.0,,,,,22.0,,True,,80,0.08999999999999998
svm,True,707.203125,SubstructureCount,stratified,sars-cov-2_pp1ab,0.9453781512605042,0.95,53039865,0.8899995285935944,0.9415501905972046,0.9586028460543338,0.9297709923664123,0.9497206703910615,0.953125,15045090,0.8991476762384956,0.9432989690721649,0.9631578947368421,0.9345238095238095,0.8676470588235294,0.8865546218487395,0.842436974789916,0.8739495798319328,10.0,,0.1,2.0,,0.01,,,,,,,,,,,,,,,22.0,False,,,90,0.08999999999999998
svm,False,919.0146484375,SubstructureCount,stratified,sars-cov-2_pp1ab,0.8317708333333333,0.8289648360771505,140547806,0.74259133060923,0.8286527332906256,0.8317708333333333,,0.8416666666666667,0.8401030927835051,36693849,0.758955957284657,0.8402171052631578,0.8416666666666667,,0.7046875,0.6921875,0.7,0.721875,10.0,,0.0,4.0,,0.01,,,,,,,,,,,,,,,22.0,True,,,80,0.08999999999999998
dt,True,224.3447265625,SubstructureCount,stratified,sars-cov-2_pp1ab,0.9257703081232493,0.9323979591836735,2890962,0.8505472697358741,0.919496855345912,0.9456662354463131,0.9022900763358779,0.9301675977653632,0.9360613810741688,2328852,0.8609243282451435,0.9104477611940298,0.9631578947368421,0.8928571428571429,0.8361344537815126,0.8613445378151261,0.792016806722689,0.8550420168067226,,,,,,,,,,None,sqrt,,1.0,4.0,,,,,,,22.0,,,,100,0.15999999999999998
dt,False,267.0458984375,SubstructureCount,stratified,sars-cov-2_pp1ab,0.8677083333333333,0.865702367899469,3420957,0.7979824015806126,0.8668183963601738,0.8677083333333333,,0.8625,0.8612120267904354,2529230,0.7909317925106174,0.86251482097463,0.8625,,0.6692708333333334,0.659375,0.675,0.6734375,,,,,,,,,,None,None,,1.0,4.0,,,,,,,22.0,,,,80,0.08999999999999998
knn,True,961.3046875,SubstructureCount,stratified,sars-cov-2_pp1ab,0.9635854341736695,0.9667093469910372,72115694,0.9267699977603527,0.9569074778200254,0.9767141009055628,0.9480916030534351,0.9636871508379888,0.9664082687338501,30005014,0.9276411577235385,0.949238578680203,0.9842105263157894,0.9404761904761905,0.8676470588235294,0.8802521008403361,0.8571428571428571,0.865546218487395,,kd_tree,,,,,,40.0,,,,,,,,,-1.0,9.0,,1.0,,,,distance,90,0.08999999999999998
knn,False,1086.619140625,SubstructureCount,stratified,sars-cov-2_pp1ab,0.9078125,0.9063326845320602,41123659,0.85961828922659,0.9077822044863818,0.9078125,,0.9083333333333333,0.9074788916713712,17606538,0.8613812484492182,0.9106275842537526,0.9083333333333333,,0.7036458333333333,0.6859375,0.7140625,0.7109375,,brute,,,,,,30.0,,,,,,,,,-1.0,9.0,,1.0,,,,distance,90,0.08999999999999998
rf,True,18265.2841796875,SubstructureCount,strict,sars-cov-2_pp1ab,0.9721115537848606,0.9733163913595934,75834597,0.9441401423700371,0.9696202531645569,0.9770408163265306,0.9667590027700831,0.9928571428571429,0.9944444444444445,32319821,0.9845644227048335,0.988950276243094,1.0,0.9801980198019802,0.8777371784797526,0.8613861386138614,0.8849206349206349,0.8869047619047619,,,,,,,,,,30,log2,,1.0,3.0,500.0,,,,True,,22.0,,True,,90,0.08999999999999998
rf,False,6060.3681640625,SubstructureCount,strict,sars-cov-2_pp1ab,0.8657314629258517,0.8608735667156305,24463592,0.7964945592502355,0.8672483441307451,0.8657314629258517,,0.8638613861386139,0.860103129846859,11016667,0.7963690320065919,0.8682652504239952,0.8638613861386139,,0.7022556390977442,0.681203007518797,0.718796992481203,0.706766917293233,,,,,,,,,,30,log2,,2.0,2.0,100.0,,,,True,,22.0,,True,,90,0.08999999999999998
hgb,True,3724.8076171875,SubstructureCount,strict,sars-cov-2_pp1ab,0.9621513944223108,0.9636711281070746,36177466,0.924170939910859,0.9630573248407643,0.9642857142857143,0.9598337950138505,0.9821428571428571,0.9860724233983287,17269847,0.9612262850214282,0.9833333333333333,0.9888268156424581,0.9702970297029703,0.8691406045366441,0.8594059405940594,0.8670634920634921,0.8809523809523809,,,,,True,,0.1,,0.01,20,,99999999.0,16.0,,,100.0,,,,,22.0,,True,,90,0.08999999999999998
hgb,False,6409.1513671875,SubstructureCount,strict,sars-cov-2_pp1ab,0.8682364729458918,0.8649218095005498,221086040,0.7996477181198763,0.869454314083226,0.8682364729458918,,0.8836633663366337,0.8830290594200229,33506078,0.823526580431376,0.8838762027881562,0.8836633663366337,,0.6927318295739348,0.6721804511278195,0.7112781954887218,0.6947368421052632,,,,,True,,0.0,,0.01,20,,99999999.0,16.0,,,100.0,,,,,22.0,,True,,90,0.08999999999999998
svm,True,719.71875,SubstructureCount,strict,sars-cov-2_pp1ab,0.951527224435591,0.9537682077264091,57386319,0.902928116167401,0.9471698113207547,0.9604591836734694,0.9418282548476454,0.9642857142857143,0.9720670391061452,12154952,0.9225620886110958,0.9720670391061452,0.9720670391061452,0.9504950495049505,0.8731154067787731,0.8495049504950495,0.9087301587301587,0.8611111111111112,10.0,,0.5,2.0,,0.01,,,,,,,,,,,,,,,22.0,False,,,90,0.08999999999999998
svm,False,975.1279296875,SubstructureCount,strict,sars-cov-2_pp1ab,0.8461923847695391,0.840588228271284,170133193,0.7659724840668216,0.8454140014259425,0.8461923847695391,,0.8267326732673267,0.8219425435070685,35921894,0.7397655284654335,0.8282129255427547,0.8267326732673267,,0.7007518796992481,0.6827067669172933,0.7037593984962406,0.7157894736842105,10.0,,0.1,4.0,,0.01,,,,,,,,,,,,,,,22.0,False,,,90,0.08999999999999998
dt,True,198.3330078125,SubstructureCount,strict,sars-cov-2_pp1ab,0.8877822045152722,0.8947040498442368,2952196,0.7756708741658198,0.8745432399512789,0.9158163265306123,0.8573407202216067,0.9071428571428571,0.9269662921348315,2399188,0.7996214376230055,0.9322033898305084,0.9217877094972067,0.8811881188118812,0.8420399182775421,0.8356435643564356,0.8253968253968254,0.8650793650793651,,,,,,,,,,10,None,,2.0,8.0,,,,,,,22.0,,,,80,0.08999999999999998
dt,False,230.4384765625,SubstructureCount,strict,sars-cov-2_pp1ab,0.7249498997995992,0.7136457455134955,3438968,0.5778755283903723,0.7183197338452341,0.7249498997995992,,0.7524752475247525,0.7468433183792123,2466962,0.6246865295825915,0.7523620751419643,0.7524752475247525,,0.6556390977443609,0.6631578947368421,0.6601503759398496,0.643609022556391,,,,,,,,,,30,log2,,4.0,4.0,,,,,,,22.0,,,,90,0.08999999999999998
knn,True,1107.927734375,SubstructureCount,strict,sars-cov-2_pp1ab,0.9727755644090306,0.9741650913673598,102566908,0.94570463110464,0.962640099626401,0.985969387755102,0.9584487534626038,0.9892857142857143,0.9916434540389972,33554080,0.97674781672881,0.9888888888888889,0.994413407821229,0.9801980198019802,0.8684739902561684,0.8673267326732673,0.8809523809523809,0.8571428571428571,,ball_tree,,,,,,10.0,,,,,,,,,-1.0,9.0,,1.0,,,,distance,100,0.08999999999999998
knn,False,1222.1533203125,SubstructureCount,strict,sars-cov-2_pp1ab,0.9158316633266533,0.913913324697941,153283694,0.8727829063901312,0.9185963568950438,0.9158316633266533,,0.9405940594059405,0.9402008300319173,54321958,0.9105553558225744,0.9418538465722517,0.9405940594059405,,0.6837092731829575,0.6526315789473685,0.6947368421052632,0.7037593984962406,,ball_tree,,,,,,10.0,,,,,,,,,-1.0,7.0,,1.0,,,,distance,90,0.08999999999999998
rf,True,38327.486328125,Substructure,random,sars-cov-2_pp1ab,0.8935574229691877,0.9026888604353394,171328523,0.7860251279600653,0.885678391959799,0.9203655352480418,0.8625377643504532,0.8938547486033519,0.9030612244897959,78233526,0.7858339676055667,0.9076923076923077,0.8984771573604061,0.8881987577639752,0.8319327731092437,0.8466386554621849,0.8319327731092437,0.8172268907563025,,,,,,,,,,None,sqrt,,1.0,3.0,1000.0,,,,True,,22.0,,True,,100,0.08999999999999998
rf,False,46790.6572265625,Substructure,random,sars-cov-2_pp1ab,0.7557291666666667,0.7514466047863974,225696050,0.6258678269044209,0.7519249123433808,0.7557291666666667,,0.75625,0.7499919404734767,92326600,0.6284188059572939,0.753622271825397,0.75625,,0.6552083333333334,0.6328125,0.6703125,0.6625,,,,,,,,,,None,sqrt,,1.0,8.0,1000.0,,,,True,,22.0,,True,,100,0.08999999999999998
hgb,True,4561.2470703125,Substructure,random,sars-cov-2_pp1ab,0.8718487394957983,0.8842504743833017,36705805,0.7428175159270058,0.8576687116564418,0.912532637075718,0.824773413897281,0.8687150837988827,0.8833746898263027,19707659,0.7343438025082557,0.8640776699029126,0.9035532994923858,0.8260869565217391,0.8228291316526611,0.8361344537815126,0.8361344537815126,0.7962184873949579,,,,,True,,0.01,,0.01,10,,10000.0,8.0,,,100.0,,,,,22.0,,True,,90,0.08999999999999998
hgb,False,5451.1904296875,Substructure,random,sars-cov-2_pp1ab,0.7354166666666667,0.7292274759109982,56022281,0.5945265621751378,0.7310551104411218,0.7354166666666667,,0.7333333333333333,0.7227079598845217,26018609,0.5936230701069075,0.7292725605900082,0.7333333333333333,,0.6520833333333333,0.634375,0.653125,0.66875,,,,,True,,0.01,,0.01,10,,1000.0,16.0,,,100.0,,,,,22.0,,True,,100,0.08999999999999998
svm,True,633.59375,Substructure,random,sars-cov-2_pp1ab,0.8942577030812325,0.9046114971572963,52197810,0.7883265750004832,0.8763769889840881,0.9347258485639687,0.8474320241691843,0.8798882681564246,0.8916876574307305,14693146,0.7570175755778126,0.885,0.8984771573604061,0.8571428571428571,0.8291316526610645,0.8445378151260504,0.8235294117647058,0.819327731092437,1.0,,0.0,2.0,,1.0,,,,,,,,,,,,,,,22.0,True,,,100,0.08999999999999998
svm,False,726.4130859375,Substructure,random,sars-cov-2_pp1ab,0.7442708333333333,0.7401881813464948,122657834,0.6097844841477276,0.7448709420474731,0.7442708333333333,,0.7479166666666667,0.7417812896560699,32004392,0.6191684540771832,0.7518019860496687,0.7479166666666667,,0.65,0.634375,0.6671875,0.6484375,1.0,,0.0,3.0,,1.0,,,,,,,,,,,,,,,22.0,True,,,90,0.08999999999999998
dt,True,219.3857421875,Substructure,random,sars-cov-2_pp1ab,0.8725490196078431,0.8869565217391304,2846437,0.7462601553804724,0.8459715639810427,0.9321148825065274,0.8036253776435045,0.8687150837988827,0.8833746898263027,2366402,0.7343438025082557,0.8640776699029126,0.9035532994923858,0.8260869565217391,0.8200280112044819,0.8256302521008403,0.8235294117647058,0.8109243697478992,,,,,,,,,,30,None,,1.0,4.0,,,,,,,22.0,,,,90,0.08999999999999998
dt,False,265.1591796875,Substructure,random,sars-cov-2_pp1ab,0.746875,0.7399755889663666,3046963,0.6128239526409862,0.7443360057626456,0.746875,,0.7458333333333333,0.7339984911962055,2511226,0.6150326271609721,0.7439213412278932,0.7458333333333333,,0.6375000000000001,0.6125,0.653125,0.646875,,,,,,,,,,20,log2,,1.0,2.0,,,,,,,22.0,,,,90,0.08999999999999998
knn,True,683.7021484375,Substructure,random,sars-cov-2_pp1ab,0.8942577030812325,0.9062693978895097,90723949,0.7906384948322902,0.863905325443787,0.9530026109660574,0.8262839879154078,0.8938547486033519,0.9054726368159204,40461170,0.7853709664955039,0.8878048780487805,0.9238578680203046,0.8571428571428571,0.82703081232493,0.8298319327731093,0.8256302521008403,0.8256302521008403,,ball_tree,,,,,,20.0,,,,,,,,,-1.0,7.0,,1.0,,,,distance,100,0.08999999999999998
knn,False,711.10546875,Substructure,random,sars-cov-2_pp1ab,0.7604166666666666,0.7517799521087518,17587682,0.6343793292640895,0.7585911316797318,0.7604166666666666,,0.75625,0.7466730369160314,7124719,0.6283449753073092,0.7528326128269022,0.75625,,0.6463541666666667,0.6359375,0.653125,0.65,,auto,,,,,,40.0,,,,,,,,,-1.0,7.0,,2.0,,,,distance,90,0.08999999999999998
rf,True,4568.5302734375,Substructure,stratified,sars-cov-2_pp1ab,0.896358543417367,0.9066834804539723,18831042,0.7915867972734669,0.8843788437884379,0.9301423027166882,0.8564885496183207,0.9050279329608939,0.9128205128205128,9270280,0.8099599003234516,0.89,0.9368421052631579,0.8690476190476191,0.842436974789916,0.8382352941176471,0.8235294117647058,0.865546218487395,,,,,,,,,,None,sqrt,,1.0,2.0,100.0,,,,True,,22.0,,True,,100,0.08999999999999998
rf,False,46178.9541015625,Substructure,stratified,sars-cov-2_pp1ab,0.7635416666666667,0.7571613207852049,218319418,0.6381225428087722,0.7605855995637896,0.7635416666666667,,0.7604166666666666,0.7524747860948263,91290946,0.6357689727937188,0.7573215886677426,0.7604166666666666,,0.6484375,0.6203125,0.6515625,0.6734375,,,,,,,,,,None,sqrt,,1.0,8.0,1000.0,,,,True,,22.0,,True,,100,0.08999999999999998
hgb,True,2602.3076171875,Substructure,stratified,sars-cov-2_pp1ab,0.8564425770308123,0.8736906962415281,28611966,0.712584035636818,0.8341176470588235,0.9172056921086675,0.7847328244274809,0.8659217877094972,0.8787878787878788,14057993,0.732321303785805,0.8446601941747572,0.9157894736842105,0.8095238095238095,0.8256302521008404,0.8340336134453782,0.8046218487394958,0.8382352941176471,,,,,True,,0.01,,0.01,None,,99999999.0,16.0,,,100.0,,,,,22.0,,True,,90,0.08999999999999998
hgb,False,9201.94140625,Substructure,stratified,sars-cov-2_pp1ab,0.7458333333333333,0.7400345248805036,112911707,0.61010982908829,0.7401353738066728,0.7458333333333333,,0.7458333333333333,0.7393941511996668,52355986,0.6124275446018432,0.7404919064739697,0.7458333333333333,,0.6354166666666666,0.61875,0.6328125,0.6546875,,,,,True,,0.1,,0.01,None,,1000.0,32.0,,,100.0,,,,,22.0,,True,,100,0.08999999999999998
svm,True,613.90625,Substructure,stratified,sars-cov-2_pp1ab,0.8809523809523809,0.8919949174078781,46526934,0.7600796965943608,0.8764044943820225,0.908150064683053,0.8488549618320611,0.8770949720670391,0.8871794871794871,12941698,0.7535989836083614,0.865,0.9105263157894737,0.8392857142857143,0.8340336134453782,0.8340336134453782,0.8067226890756303,0.8613445378151261,1.0,,0.0,2.0,,1.0,,,,,,,,,,,,,,,22.0,False,,,90,0.08999999999999998
svm,False,722.5693359375,Substructure,stratified,sars-cov-2_pp1ab,0.7510416666666667,0.7449291268662764,120078410,0.6182863886436587,0.7464080675803229,0.7510416666666667,,0.7479166666666667,0.7379114145658263,31566883,0.6164221271686344,0.7403319964349376,0.7479166666666667,,0.6401041666666666,0.6265625,0.6484375,0.6453125,1.0,,0.5,4.0,,1.0,,,,,,,,,,,,,,,22.0,False,,,90,0.08999999999999998
dt,True,217.822265625,Substructure,stratified,sars-cov-2_pp1ab,0.8648459383753502,0.8818126148193509,2819163,0.7306800169038409,0.8372093023255814,0.9314359637774903,0.7862595419847328,0.8798882681564246,0.8933002481389578,2195364,0.7634186930340687,0.8450704225352113,0.9473684210526315,0.8035714285714286,0.8277310924369748,0.8487394957983193,0.7962184873949579,0.8382352941176471,,,,,,,,,,None,None,,1.0,2.0,,,,,,,22.0,,,,80,0.08999999999999998
dt,False,275.1357421875,Substructure,stratified,sars-cov-2_pp1ab,0.7666666666666667,0.7575674277107891,2977283,0.6453301991089091,0.768689880854785,0.7666666666666667,,0.7520833333333333,0.7390971295572016,2416187,0.6253043308533128,0.7494827279202279,0.7520833333333333,,0.634375,0.634375,0.6234375,0.6453125,,,,,,,,,,None,sqrt,,1.0,3.0,,,,,,,22.0,,,,100,0.08999999999999998
knn,True,648.9052734375,Substructure,stratified,sars-cov-2_pp1ab,0.8739495798319328,0.8856416772554002,80194836,0.7459205269111665,0.8701622971285893,0.9016817593790427,0.8412213740458016,0.888268156424581,0.8969072164948454,40310271,0.7758545806859575,0.8787878787878788,0.9157894736842105,0.8571428571428571,0.8361344537815126,0.8340336134453782,0.8109243697478992,0.8634453781512605,,ball_tree,,,,,,30.0,,,,,,,,,-1.0,5.0,,2.0,,,,distance,90,0.08999999999999998
knn,False,756.10546875,Substructure,stratified,sars-cov-2_pp1ab,0.7838541666666666,0.7786581743605002,17808486,0.6693750124959841,0.7815706172581955,0.7838541666666666,,0.7791666666666667,0.77211742594199,7579532,0.664079443127652,0.7730345117845118,0.7791666666666667,,0.6395833333333334,0.6296875,0.634375,0.6546875,,auto,,,,,,10.0,,,,,,,,,-1.0,9.0,,2.0,,,,distance,100,0.08999999999999998
rf,True,12542.2021484375,Substructure,strict,sars-cov-2_pp1ab,0.8751660026560425,0.8840937114673243,68002300,0.7511183632694107,0.8556085918854416,0.9145408163265306,0.832409972299169,0.9428571428571428,0.9558011049723757,31948477,0.875448349104934,0.9453551912568307,0.9664804469273743,0.900990099009901,0.8156071559536905,0.801980198019802,0.8194444444444444,0.8253968253968254,,,,,,,,,,10,log2,,1.0,3.0,500.0,,,,True,,22.0,,True,,90,0.08999999999999998
rf,False,65441.39453125,Substructure,strict,sars-cov-2_pp1ab,0.7895791583166333,0.7835723949368026,218229039,0.6779904518831062,0.7867368646773336,0.7895791583166333,,0.7673267326732673,0.7606912562183273,87696341,0.6480290661331105,0.7670178358599808,0.7673267326732673,,0.6521303258145363,0.6255639097744361,0.6661654135338346,0.6646616541353384,,,,,,,,,,None,sqrt,,1.0,4.0,1000.0,,,,True,,22.0,,True,,100,0.08999999999999998
hgb,True,3404.78125,Substructure,strict,sars-cov-2_pp1ab,0.8632138114209827,0.875,32699391,0.7289334583678564,0.8344907407407407,0.9196428571428571,0.8019390581717452,0.9285714285714286,0.945054945054945,17136318,0.8440289106769304,0.9297297297297298,0.9608938547486033,0.8712871287128713,0.8123055162659124,0.7940594059405941,0.8214285714285714,0.8214285714285714,,,,,True,,0.0,,0.01,10,,1000.0,32.0,,,100.0,,,,,22.0,,True,,100,0.08999999999999998
hgb,False,6844.5654296875,Substructure,strict,sars-cov-2_pp1ab,0.7359719438877755,0.7259913066507067,62641330,0.5951802145063634,0.7311239210281546,0.7359719438877755,,0.7252475247524752,0.7154108894191831,32205448,0.5836442721034314,0.7212460262186692,0.7252475247524752,,0.643609022556391,0.6210526315789474,0.6466165413533834,0.6631578947368421,,,,,True,,0.0,,0.01,None,,1000.0,32.0,,,100.0,,,,,22.0,,True,,100,0.08999999999999998
svm,True,654.07421875,Substructure,strict,sars-cov-2_pp1ab,0.9043824701195219,0.9106699751861043,61703217,0.8093719249803165,0.8864734299516909,0.9362244897959183,0.8698060941828255,0.9321428571428572,0.9476584022038568,13283213,0.8519165296015415,0.9347826086956522,0.9608938547486033,0.8811881188118812,0.8136282675886637,0.7940594059405941,0.8273809523809523,0.8194444444444444,1.0,,0.0,2.0,,1.0,,,,,,,,,,,,,,,22.0,True,,,100,0.08999999999999998
svm,False,760.4521484375,Substructure,strict,sars-cov-2_pp1ab,0.7820641282565131,0.7749804441525029,138779212,0.6666071382490815,0.7789230563443178,0.7820641282565131,,0.7673267326732673,0.7576881325874246,29942998,0.6512307378531479,0.7715648161156669,0.7673267326732673,,0.6486215538847118,0.6165413533834586,0.6721804511278195,0.6571428571428571,1.0,,0.0,2.0,,1.0,,,,,,,,,,,,,,,22.0,True,,,100,0.08999999999999998
dt,True,222.2060546875,Substructure,strict,sars-cov-2_pp1ab,0.8771580345285525,0.8883524441762221,2808853,0.7580779433705888,0.843069873997709,0.9387755102040817,0.8102493074792244,0.9392857142857143,0.953168044077135,2468220,0.8675849891580597,0.9402173913043478,0.9664804469273743,0.8910891089108911,0.801062130022526,0.7940594059405941,0.7996031746031746,0.8095238095238095,,,,,,,,,,20,None,,1.0,2.0,,,,,,,22.0,,,,80,0.08999999999999998
dt,False,241.087890625,Substructure,strict,sars-cov-2_pp1ab,0.748496993987976,0.7390941306555263,2845072,0.615014968664305,0.7446854955670326,0.748496993987976,,0.75,0.7423484610564351,2291228,0.6222990292760423,0.7518402302909541,0.75,,0.6390977443609023,0.6030075187969924,0.643609022556391,0.6706766917293233,,,,,,,,,,10,None,,1.0,2.0,,,,,,,22.0,,,,100,0.08999999999999998
knn,True,650.6689453125,Substructure,strict,sars-cov-2_pp1ab,0.8877822045152722,0.8929702343255225,16210014,0.7751309527264408,0.8867924528301887,0.8992346938775511,0.8753462603878116,0.9392857142857143,0.9526462395543176,5897865,0.8680970947771376,0.95,0.9553072625698324,0.9108910891089109,0.8089842317565091,0.8158415841584158,0.8075396825396826,0.8035714285714286,,brute,,,,,,30.0,,,,,,,,,-1.0,5.0,,2.0,,,,distance,90,0.08999999999999998
knn,False,813.1650390625,Substructure,strict,sars-cov-2_pp1ab,0.7860721442885772,0.7775891834833327,142443418,0.6748204083633841,0.7867191610479155,0.7860721442885772,,0.7772277227722773,0.7668302391323553,43366962,0.6687049671216562,0.7871313550141706,0.7772277227722773,,0.6431077694235589,0.6150375939849624,0.6586466165413534,0.6556390977443609,,kd_tree,,,,,,20.0,,,,,,,,,-1.0,9.0,,1.0,,,,distance,100,0.08999999999999998
