algorithm,drop_intermediate,file_size_kb,fingerprint,strategy,target,train_inference_time_ns,train_mae,train_pearson,train_r2,train_rmse,test_inference_time_ns,test_mae,test_pearson,test_r2,test_rmse,cv_best_mean_score,cv_split_0,cv_split_1,cv_split_2,estimator__C,estimator__algorithm,estimator__coef0,estimator__degree,estimator__early_stopping,estimator__gamma,estimator__l2_regularization,estimator__leaf_size,estimator__learning_rate,estimator__max_depth,estimator__max_features,estimator__max_iter,estimator__min_samples_leaf,estimator__min_samples_split,estimator__n_estimators,estimator__n_iter_no_change,estimator__n_jobs,estimator__n_neighbors,estimator__oob_score,estimator__p,estimator__random_state,estimator__shrinking,estimator__warm_start,estimator__weights,selectpercentile__percentile,variancethreshold__threshold
rf,False,1861.39453125,AtomPairs2DCount,random,hcv_ns3,13576014,0.3748812503877142,0.9085640187016025,0.811650611752565,0.5190381731839921,9363841,0.3632599679862674,0.921260702704296,0.8297305220943785,0.49800002321104475,0.5910400726146219,0.6617052151103595,0.5345575742200215,0.5768574285134845,,,,,,,,,,30,log2,,2.0,3.0,100.0,,,,True,,22.0,,True,,90,0.08999999999999998
hgb,False,1246.2919921875,AtomPairs2DCount,random,hcv_ns3,44548237,0.3783076617545685,0.8988678925489674,0.8033963798121726,0.5302894022747233,14577872,0.3669767723495819,0.9180803411263572,0.8369302438463944,0.4873575200316812,0.5581107879410879,0.6415511631926668,0.48900607691783216,0.5437751237127646,,,,,True,,0.1,,0.01,10,,1000.0,32.0,,,100.0,,,,,22.0,,True,,90,0.08999999999999998
svm,False,850.4765625,AtomPairs2DCount,random,hcv_ns3,12469228,0.25011746790780626,0.9364051582728041,0.876278556602581,0.4206681985487326,6164459,0.18220062688518215,0.9734978757540178,0.9462584213754034,0.27977968091058364,0.591470877550455,0.6522741034824198,0.5345407232284851,0.5875978059404602,10.0,,0.0,2.0,,0.001,,,,,,,,,,,,,,,,False,,,50,0.15999999999999998
dt,False,202.6787109375,AtomPairs2DCount,random,hcv_ns3,4496492,0.5087007000619171,0.8286094621046176,0.685708810935685,0.6704760910735652,4034535,0.4982494177257111,0.8504545429496412,0.7197428181277644,0.63890948587686,0.5008507132022412,0.5538904487514222,0.4670966565098925,0.481565034345409,,,,,,,,,,10,sqrt,,4.0,2.0,,,,,,,22.0,,,,100,0.08999999999999998
knn,False,911.52734375,AtomPairs2DCount,random,hcv_ns3,33084598,0.1545694955912172,0.9497020382010013,0.9014425050779625,0.375458569211531,22413435,0.07554624472641677,0.982571089635469,0.9651561983416306,0.22528056532262306,0.541588184513175,0.6531643549695463,0.4758605882133683,0.4957396103566105,,kd_tree,,,,,,40.0,,,,,,,,,-1.0,9.0,,1.0,,,,distance,80,0.08999999999999998
rf,False,16141.541015625,AtomPairs2DCount,stratified,hcv_ns3,43814970,0.2542932267602947,0.9487875315447352,0.8916048705245074,0.3775033356051731,30081596,0.3217836949244708,0.94996556548174,0.8884756216030035,0.4645949805643358,0.6504711589541787,0.6479294531051344,0.7208843860469287,0.582599637710473,,,,,,,,,,20,log2,,1.0,2.0,500.0,,,,True,,22.0,,True,,100,0.15999999999999998
hgb,False,1280.642578125,AtomPairs2DCount,stratified,hcv_ns3,22022181,0.3024406893369859,0.9306382464299753,0.8617084943236726,0.42639652996113375,10140842,0.40343194724140663,0.9150654663872784,0.8260070079240813,0.5803038956392396,0.6312731856375341,0.6173517947186695,0.7155843269348894,0.5608834352590433,,,,,True,,0.01,,0.01,None,,1000.0,16.0,,,100.0,,,,,22.0,,True,,100,0.15999999999999998
svm,False,875.85546875,AtomPairs2DCount,stratified,hcv_ns3,14131943,0.3365569508804673,0.9014723933508797,0.8054079411003707,0.5057995815950427,6432994,0.5184215132323462,0.8313939721427014,0.6810891053389176,0.7856412640435343,0.6227144595782875,0.6257850537040184,0.7120763804189247,0.5302819446119194,1.0,,0.0,2.0,,0.001,,,,,,,,,,,,,,,,False,,,50,0.08999999999999998
dt,False,207.107421875,AtomPairs2DCount,stratified,hcv_ns3,4235056,0.4146016887288806,0.8576550984401318,0.7309173818641592,0.5947832525454557,3986621,0.5303407247373856,0.8324087207312444,0.6900672095282887,0.774503475574333,0.590010417697661,0.5962363189976061,0.6344087447098429,0.5393861893855341,,,,,,,,,,None,log2,,2.0,8.0,,,,,,,22.0,,,,100,0.15999999999999998
knn,False,965.6240234375,AtomPairs2DCount,stratified,hcv_ns3,28006746,0.1370481253190165,0.9525057088003365,0.9071928024913228,0.3493065572856688,11595318,0.14464928067141938,0.9565086650160508,0.9109198653977205,0.41522169795901354,0.6123683432858779,0.6075887584178876,0.7130299988652333,0.5164862725745125,,auto,,,,,,10.0,,,,,,,,,-1.0,5.0,,1.0,,,,distance,100,0.08999999999999998
rf,False,1642.4853515625,AtomPairs2DCount,strict,hcv_ns3,11396358,0.34212162080503694,0.921261528705044,0.836560115046965,0.48631404981957127,8332983,0.3683895656606349,0.9051537647408652,0.8152329447707471,0.5035136315450126,0.6267482642615002,0.6881800200238155,0.5579959840330123,0.6340687887276725,,,,,,,,,,20,sqrt,,1.0,8.0,100.0,,,,True,,22.0,,True,,100,0.08999999999999998
hgb,False,1053.8017578125,AtomPairs2DCount,strict,hcv_ns3,17741684,0.37672408657263023,0.9058182341013761,0.8141935225527102,0.5185232300486805,11823258,0.36954320962744536,0.8916413742907948,0.7916556753601381,0.534674905520921,0.5897611015641715,0.6857381668875003,0.518205552941361,0.5653395848636533,,,,,True,,0.1,,0.01,None,,99999999.0,32.0,,,100.0,,,,,22.0,,True,,80,0.15999999999999998
svm,False,862.3359375,AtomPairs2DCount,strict,hcv_ns3,13506366,0.22289972910218134,0.9421967151171708,0.8871071986772087,0.40417636864349,5087956,0.20173296949866557,0.9610220364932791,0.9178661988846545,0.3357066352413737,0.6129496028745699,0.6744493681806025,0.5251197058585022,0.6392797345846049,10.0,,0.1,2.0,,0.001,,,,,,,,,,,,,,,,False,,,50,0.15999999999999998
dt,False,202.8740234375,AtomPairs2DCount,strict,hcv_ns3,4526475,0.48130611232719994,0.8429840470331609,0.7104452740820129,0.6472962954918813,4026041,0.5549786261111217,0.7625196815595923,0.5665483539853137,0.7712040334543775,0.5211614198182412,0.5773722880185794,0.4382302448608607,0.5478817265752836,,,,,,,,,,10,log2,,4.0,3.0,,,,,,,22.0,,,,90,0.15999999999999998
knn,False,896.0068359375,AtomPairs2DCount,strict,hcv_ns3,27093514,0.11402396911976682,0.9541438420404101,0.9102854437052489,0.3603041376781531,10834176,0.12539019031561058,0.9757698600322009,0.9476040510949544,0.26813148843397144,0.5873754652723434,0.6268157761854376,0.5111797881958471,0.6241308314357455,,auto,,,,,,40.0,,,,,,,,,-1.0,9.0,,1.0,,,,distance,80,0.08999999999999998
rf,False,1519.185546875,AtomPairs2D,random,hcv_ns3,11363566,0.4300473109517843,0.8590725218394398,0.7350798732884902,0.6155660646195185,9029499,0.4391283830910407,0.8638551603812419,0.7365334880386292,0.6194748393783764,0.5176141473251956,0.6420532670329,0.40238906432632704,0.5084001106163599,,,,,,,,,,10,None,,2.0,3.0,100.0,,,,True,,22.0,,True,,90,0.08999999999999998
hgb,False,848.43359375,AtomPairs2D,random,hcv_ns3,16379773,0.5483907741684577,0.787202457193064,0.6168971168519598,0.7402440118184092,11421435,0.5218767067041905,0.7928362665706613,0.616240004316416,0.7476370429633326,0.4482133247338358,0.5399459568360796,0.3755104122378694,0.4291836051275585,,,,,True,,0.1,,0.01,20,,1000.0,32.0,,,100.0,,,,,22.0,,True,,80,0.08999999999999998
svm,False,931.4921875,AtomPairs2D,random,hcv_ns3,14231408,0.44899578703050363,0.8197016856833754,0.6702007849019761,0.6868185265827016,6548097,0.46828193278497243,0.7612648830881066,0.5743416547669362,0.7873929772452107,0.47396553568956784,0.5986678011820985,0.407436670850695,0.4157921350359103,10.0,,0.0,2.0,,0.01,,,,,,,,,,,,,,,,True,,,100,0.08999999999999998
dt,False,205.423828125,AtomPairs2D,random,hcv_ns3,4406802,0.4799713233608908,0.8209768618972507,0.6735268267341044,0.6833464505243818,4034660,0.47370745152178617,0.8253828765047238,0.6741324007587068,0.6889402389587491,0.4649861634664904,0.6037267582455066,0.3164054355749687,0.474826296578996,,,,,,,,,,None,sqrt,,2.0,2.0,,,,,,,22.0,,,,100,0.08999999999999998
knn,False,962.3115234375,AtomPairs2D,random,hcv_ns3,32470505,0.34763283456891253,0.8689251962193367,0.7550017146715136,0.5919686602510663,26499875,0.29897291703717355,0.9003945912853202,0.8051173857363917,0.5327795040647851,0.465665217149664,0.6560399162937617,0.37428770377078213,0.36666803138444826,,ball_tree,,,,,,50.0,,,,,,,,,-1.0,9.0,,2.0,,,,distance,80,0.08999999999999998
rf,False,6588.20703125,AtomPairs2D,stratified,hcv_ns3,37817496,0.42406102695113623,0.8593022244087931,0.7340800151551261,0.5912775610178291,27139847,0.49984710188455306,0.8689480104822649,0.7362910286749363,0.7144174602467114,0.5831637087624765,0.5789190776396456,0.6276896065727444,0.5428824420750393,,,,,,,,,,10,sqrt,,1.0,4.0,500.0,,,,True,,22.0,,True,,100,0.08999999999999998
hgb,False,1948.47265625,AtomPairs2D,stratified,hcv_ns3,68164970,0.4492755654876775,0.8474759567469198,0.717773604648271,0.6091366402893559,17182650,0.524339786745155,0.8762839185413785,0.749801349161421,0.6958763702987733,0.5289923752731379,0.5256023737575004,0.5902559464677885,0.4711188055941249,,,,,True,,0.1,,0.01,None,,1000.0,16.0,,,100.0,,,,,22.0,,True,,100,0.15999999999999998
svm,False,899.1875,AtomPairs2D,stratified,hcv_ns3,13958822,0.45201681040860126,0.8015454993881572,0.6390195453198437,0.6889024875985744,6507251,0.6079462787325824,0.7667329724301137,0.5765356753483304,0.9053114683832496,0.5273277304972193,0.5755482310562436,0.5461131452220064,0.46032181521340776,10.0,,0.0,2.0,,0.01,,,,,,,,,,,,,,,,False,,,90,0.08999999999999998
dt,False,197.955078125,AtomPairs2D,stratified,hcv_ns3,4411331,0.569131839218968,0.7303198785595567,0.5292563877437138,0.786698146500049,4046568,0.6691632387249793,0.7352250814595511,0.5315557556959926,0.9521789174702485,0.5046333263997903,0.4566120253682078,0.513103406523413,0.5441845473077502,,,,,,,,,,10,sqrt,,2.0,8.0,,,,,,,22.0,,,,90,0.08999999999999998
knn,False,713.009765625,AtomPairs2D,stratified,hcv_ns3,31777301,0.30500920399330345,0.8890701725606912,0.789601149804124,0.5259416811282631,23126073,0.2811481026693336,0.9208485142053532,0.847238248301392,0.5437470610794907,0.5397821325141613,0.6139528831652734,0.5217490819622451,0.48364443241496546,,ball_tree,,,,,,40.0,,,,,,,,,-1.0,9.0,,2.0,,,,distance,100,0.15999999999999998
rf,False,1195.361328125,AtomPairs2D,strict,hcv_ns3,10740013,0.47313203426849776,0.8518097058485367,0.718838522053913,0.6378458019502337,8433572,0.5751232397131191,0.6672669334484399,0.43387278340902824,0.8813653671316395,0.5519022384055793,0.6059674131162415,0.3915430261574382,0.6581962759430583,,,,,,,,,,30,None,,4.0,8.0,100.0,,,,True,,22.0,,True,,90,0.08999999999999998
hgb,False,1263.984375,AtomPairs2D,strict,hcv_ns3,11778538,0.4477263304624372,0.8613002240120118,0.7353480505992978,0.6188356738399866,8611163,0.47221166750654253,0.7610206038567038,0.5745070883907617,0.7640910782630888,0.5291962444249056,0.5941913737755832,0.37553480472343337,0.6178625547757004,,,,,True,,0.01,,0.01,10,,99999999.0,8.0,,,100.0,,,,,22.0,,True,,90,0.08999999999999998
svm,False,704.439453125,AtomPairs2D,strict,hcv_ns3,10792281,0.44629013110045535,0.828542142124444,0.6765564994183498,0.684127435222857,4897654,0.5134502122391054,0.717318218993493,0.5119587349640575,0.8183276699319088,0.5107470599389606,0.5289693955129859,0.4436363078812958,0.5596354764225999,1.0,,0.0,3.0,,1.0,,,,,,,,,,,,,,,,False,,,50,0.15999999999999998
dt,False,200.4560546875,AtomPairs2D,strict,hcv_ns3,4451553,0.5085640036322195,0.82208951099291,0.6750520324641422,0.6857166664655641,4087497,0.5885731903992599,0.7509901212724435,0.5300606978186633,0.8030079554261799,0.49611505211085555,0.5572753481070736,0.4215826661037111,0.509487142121782,,,,,,,,,,30,sqrt,,2.0,8.0,,,,,,,22.0,,,,80,0.08999999999999998
knn,False,1060.201171875,AtomPairs2D,strict,hcv_ns3,31379031,0.5325813833220173,0.8081995165784461,0.6496644437037913,0.7119998485393183,22388016,0.6091885098817382,0.6368777561394062,0.38851733667167165,0.9159906450806773,0.49487066778191063,0.5836846498905343,0.4068023667696048,0.4941249866855928,,kd_tree,,,,,,10.0,,,,,,,,,-1.0,7.0,,2.0,,,,uniform,80,0.08999999999999998
rf,False,1128.2275390625,EState,random,hcv_ns3,8663614,0.5360471011276083,0.8200925790400654,0.6590558331880538,0.6983269856470834,6705042,0.5841644211460747,0.7641216493998522,0.5613634467909574,0.7993065482956833,0.4869500124351968,0.5718184807469757,0.4250233626835124,0.46400819387510217,,,,,,,,,,30,log2,,2.0,8.0,100.0,,,,True,,22.0,,True,,90,0.08999999999999998
hgb,False,993.412109375,EState,random,hcv_ns3,11265723,0.5485190710800593,0.8005522759397045,0.6371039133736716,0.7204574475328781,7071932,0.629659373713212,0.6983690993251311,0.48678698361811246,0.8645891719214368,0.4557254354495697,0.5490199775266003,0.3866333016498864,0.43152302717222246,,,,,True,,0.0,,0.01,None,,1000.0,16.0,,,100.0,,,,,22.0,,True,,80,0.08999999999999998
svm,False,686.240234375,EState,random,hcv_ns3,6988577,0.531883953363241,0.7999100582905503,0.6348023210130205,0.7227385116275673,2780719,0.5991894227252537,0.701292056721841,0.4826649635000112,0.8680543281121026,0.4767725785448082,0.5605117747637289,0.38847711250577754,0.48132884836491807,100.0,,0.0,3.0,,0.01,,,,,,,,,,,,,,,,True,,,90,0.08999999999999998
dt,False,186.9306640625,EState,random,hcv_ns3,1455137,0.5347573022975618,0.8143386208315342,0.6619078519550685,0.6954000779214876,1425668,0.5647697143918661,0.7622848594892941,0.5775909536251318,0.7843819045860515,0.44397778929049636,0.563668502608279,0.3002056902362069,0.468059175027003,,,,,,,,,,10,log2,,2.0,2.0,,,,,,,22.0,,,,90,0.08999999999999998
knn,False,564.56640625,EState,random,hcv_ns3,28497619,0.5413300054218586,0.7970927905525681,0.6343814475060623,0.7231548531340619,21999002,0.6255614829199244,0.6966693549409286,0.48219525948417674,0.8684483050031353,0.4636810105718638,0.6346286394518026,0.3637526259193048,0.392661766344484,,kd_tree,,,,,,40.0,,,,,,,,,-1.0,9.0,,1.0,,,,uniform,100,0.08999999999999998
rf,False,11898.51171875,EState,stratified,hcv_ns3,74722292,0.4575006601533611,0.8427737450703835,0.7076219890451839,0.6199951080515506,49682408,0.5290675353497707,0.879566804578627,0.7517587669555567,0.6931489467489734,0.5598235850986527,0.5909516087728013,0.5939868527109493,0.49453229381220765,,,,,,,,,,10,sqrt,,1.0,4.0,1000.0,,,,True,,22.0,,True,,100,0.08999999999999998
hgb,False,1164.76171875,EState,stratified,hcv_ns3,8808260,0.5217505409992411,0.7925708559149803,0.627809953258734,0.6995170212690004,5295680,0.5964540948005949,0.8338962996169819,0.6820842971474297,0.7844144720349084,0.503403207598902,0.5516458035788921,0.5147324322272148,0.443831386990599,,,,,True,,0.01,,0.01,20,,1000.0,8.0,,,100.0,,,,,22.0,,True,,90,0.08999999999999998
svm,False,682.90234375,EState,stratified,hcv_ns3,6814578,0.45016553693093453,0.8136255553023749,0.6569914009454774,0.6715346293008417,2746271,0.5118764991217558,0.8550468970971606,0.6877346758656468,0.7774124435996586,0.529574497334243,0.6002868494505844,0.5628481595757236,0.42558848297642093,1.0,,0.1,4.0,,1.0,,,,,,,,,,,,,,,,False,,,80,0.08999999999999998
dt,False,188.625,EState,stratified,hcv_ns3,1360111,0.5007029382682927,0.8005905402899809,0.6388377528728186,0.6890759339773496,1278968,0.604249803945713,0.8392384113327649,0.6948909437252758,0.7684527286984939,0.5009755945890061,0.6212179413216123,0.4802018215505145,0.40150702089489176,,,,,,,,,,None,sqrt,,2.0,2.0,,,,,,,22.0,,,,100,0.08999999999999998
knn,False,478.7353515625,EState,stratified,hcv_ns3,25351266,0.5693606045714816,0.7582160512689193,0.572893499078805,0.749348772208627,21094130,0.652416826255839,0.7772926339055479,0.5992539129285676,0.880692409045922,0.5253343460222307,0.5866107930993625,0.6155783580958685,0.3738138868714612,,auto,,,,,,30.0,,,,,,,,,-1.0,9.0,,1.0,,,,uniform,80,0.08999999999999998
rf,False,4626.9912109375,EState,strict,hcv_ns3,35224075,0.5036309988064761,0.8360533364290743,0.6928344927293251,0.66669011444771,22833331,0.5507125468076894,0.7156771331594574,0.5117363708308498,0.8185140742521803,0.535098134064526,0.624093354646289,0.41392909830255975,0.5672719492447291,,,,,,,,,,20,sqrt,,1.0,8.0,500.0,,,,True,,22.0,,True,,90,0.08999999999999998
hgb,False,1507.646484375,EState,strict,hcv_ns3,16454962,0.5098018092091912,0.8234494838447584,0.6759950422691615,0.6847209572636762,10243006,0.5629016719370579,0.7200983134568962,0.5114045095623114,0.8187921893551661,0.5038049194343407,0.59622472870319,0.38430196265821215,0.5308880669416199,,,,,True,,0.0,,0.01,None,,10000.0,16.0,,,100.0,,,,,22.0,,True,,100,0.08999999999999998
svm,False,686.42578125,EState,strict,hcv_ns3,8191311,0.4459527212277893,0.8400156444833,0.6934375488802041,0.6660353386102138,2303797,0.4939779908245957,0.7294416336271009,0.5301809899144414,0.8029051743949863,0.5095173532676753,0.5912703114808806,0.3776956510551842,0.5595860972669612,1.0,,0.0,2.0,,1.0,,,,,,,,,,,,,,,,True,,,80,0.08999999999999998
dt,False,187.6416015625,EState,strict,hcv_ns3,1670894,0.5195095415561268,0.8117107769793012,0.6588121841497223,0.7026427178049779,1415387,0.5878189082268608,0.6813945924810647,0.4595302983246329,0.8611615691232756,0.5037244508219335,0.6052364084513365,0.32704168461025807,0.5788952594042059,,,,,,,,,,10,sqrt,,1.0,8.0,,,,,,,22.0,,,,80,0.08999999999999998
knn,False,490.087890625,EState,strict,hcv_ns3,35415443,0.5557115839109633,0.7911035562175621,0.624137168685893,0.737483797292703,19605895,0.6359387238540617,0.628880440858614,0.3913317445035993,0.9138802463836893,0.5009890231646855,0.6036340057806094,0.34664809155207466,0.5526849721613725,,auto,,,,,,10.0,,,,,,,,,-1.0,9.0,,1.0,,,,uniform,90,0.08999999999999998
rf,False,3115.2744140625,CDKextended,random,hcv_ns3,14682696,0.3078221006308335,0.9318284964786092,0.8618025586237513,0.4445976818074381,10887219,0.2630863169197307,0.9659058032255234,0.9126068465024227,0.3567793140537942,0.5910156067754199,0.6230010346487507,0.5169778706761383,0.6330679150013708,,,,,,,,,,10,sqrt,,1.0,2.0,100.0,,,,True,,22.0,,True,,90,0.15999999999999998
hgb,False,1045.478515625,CDKextended,random,hcv_ns3,16278907,0.3571742873427955,0.903747853861083,0.8107739129047725,0.5202447390486254,10578371,0.3472565837235682,0.9082229113492982,0.8213871802954555,0.510055311071735,0.5804688761385839,0.6018099894479183,0.510925469783255,0.6286711691845783,,,,,True,,0.0,,0.01,50,,99999999.0,16.0,,,100.0,,,,,22.0,,True,,90,0.15999999999999998
svm,False,2106.81640625,CDKextended,random,hcv_ns3,53403365,0.24972098904357426,0.9357193178915642,0.8753722140079944,0.42220622533823465,17355435,0.14623904885875558,0.9853364159901109,0.9690303032312075,0.21238773692881904,0.5826137171190604,0.6233672043561693,0.4959199599673313,0.6285539870336807,10.0,,0.1,2.0,,0.01,,,,,,,,,,,,,,,,False,,,80,0.15999999999999998
dt,False,212.814453125,CDKextended,random,hcv_ns3,5836020,0.46360072020916543,0.8324539860007336,0.6907647064487913,0.6650613661032603,5140127,0.46441453463646853,0.8529023334062616,0.7267863399603804,0.6308297484491012,0.45148375587065664,0.5800598367595173,0.3507769968804132,0.4236144339720396,,,,,,,,,,30,log2,,2.0,8.0,,,,,,,22.0,,,,80,0.15999999999999998
knn,False,4916.30078125,CDKextended,random,hcv_ns3,64128860,0.1728247574998631,0.9482826048013844,0.8986472156923822,0.38074572396274153,33427679,0.08173968492785474,0.9816761496825256,0.9634380228921842,0.23076811203728492,0.546927631368682,0.6121850713318966,0.45776280021941984,0.5708350225547298,,kd_tree,,,,,,50.0,,,,,,,,,-1.0,7.0,,1.0,,,,distance,80,0.08999999999999998
rf,False,2469.748046875,CDKextended,stratified,hcv_ns3,16346551,0.29831651738748405,0.929699872734588,0.8574081790587494,0.4329753946296258,10788083,0.3665119396949727,0.938663931105187,0.8632159121493579,0.5145260849515279,0.6619562059376479,0.6686818076106977,0.7324172986300552,0.5847695115721909,,,,,,,,,,10,sqrt,,1.0,3.0,100.0,,,,True,,22.0,,True,,100,0.15999999999999998
hgb,False,1032.0556640625,CDKextended,stratified,hcv_ns3,21923228,0.3534684483148991,0.9035181848493573,0.8120147016381036,0.49713902034961077,14707982,0.46648794879932615,0.8794895280620089,0.7649824478480212,0.6744344673244111,0.6161473844777994,0.5703314718971,0.7438751173641167,0.5342355641721814,,,,,True,,0.01,,0.01,None,,10000.0,32.0,,,100.0,,,,,22.0,,True,,90,0.15999999999999998
svm,False,2145.68359375,CDKextended,stratified,hcv_ns3,46996521,0.3144481222620646,0.9050795144518914,0.8071175457123448,0.5035728079209261,15393238,0.4521486323946067,0.8816767241450152,0.7551663263699238,0.6883751470905625,0.6361297832954139,0.6913311156989365,0.6833010017515979,0.5337572324357077,1.0,,0.0,4.0,,0.01,,,,,,,,,,,,,,,,False,,,80,0.15999999999999998
dt,False,213.908203125,CDKextended,stratified,hcv_ns3,5881999,0.3718209924583248,0.8864039137531787,0.7806077269384039,0.5370646565784142,5100342,0.4504717843312399,0.8928231998414937,0.7932311487408952,0.632604337333266,0.4826744854650675,0.48235649311870643,0.5320796331698494,0.43358733010664674,,,,,,,,,,10,sqrt,,1.0,8.0,,,,,,,22.0,,,,100,0.15999999999999998
knn,False,4095.47265625,CDKextended,stratified,hcv_ns3,42238678,0.41920328630664777,0.8647255942356309,0.7420514332866682,0.5823478396452549,31043667,0.5132802474724268,0.876500575485382,0.7659375656141715,0.673062612021239,0.5910964428623076,0.6129440106115414,0.6445305038903464,0.5158148140850348,,ball_tree,,,,,,20.0,,,,,,,,,-1.0,3.0,,2.0,,,,uniform,80,0.15999999999999998
rf,False,2547.09765625,CDKextended,strict,hcv_ns3,14064357,0.3375247236444004,0.9144703621900699,0.8226896003031728,0.506529679191287,9565103,0.36266304502629043,0.900637389047125,0.8062189135495733,0.5156495668601231,0.6216147212164078,0.6858204673635735,0.5114509341418646,0.6675727621437855,,,,,,,,,,10,log2,,1.0,3.0,100.0,,,,True,,22.0,,True,,100,0.15999999999999998
hgb,False,1036.224609375,CDKextended,strict,hcv_ns3,78801236,0.3615959224467707,0.9045238446806508,0.8122044926461462,0.5212911980126705,14685140,0.3880146315442544,0.885507723816219,0.7803526980100314,0.5489867978319812,0.570190662395287,0.6602099843940359,0.4738575634876542,0.576504439304171,,,,,True,,0.01,,0.01,20,,1000.0,32.0,,,100.0,,,,,22.0,,True,,90,0.15999999999999998
svm,False,2247.87109375,CDKextended,strict,hcv_ns3,58230683,0.32648943466138736,0.9054133009923554,0.8050680522154409,0.5311036717676582,12063358,0.4121846988023283,0.8095794785583217,0.6532161755334887,0.6898082433481916,0.6162110950282453,0.6662882342774866,0.5391633595212324,0.6431816912860169,1.0,,0.1,3.0,,0.01,,,,,,,,,,,,,,,,False,,,80,0.15999999999999998
dt,False,211.736328125,CDKextended,strict,hcv_ns3,6791129,0.4713184025141911,0.8293281726417339,0.687106397201243,0.6728776988173839,5205724,0.4929630668181409,0.7947598858297585,0.6275632508968618,0.7148669640829362,0.5170874043566909,0.559063957357354,0.4160773724888117,0.576120883223907,,,,,,,,,,10,sqrt,,4.0,8.0,,,,,,,22.0,,,,80,0.08999999999999998
knn,False,4756.8818359375,CDKextended,strict,hcv_ns3,63782293,0.45145197188767305,0.8633250009326492,0.7442966310458297,0.6082834741973288,34111457,0.6077673347942807,0.6911621981597291,0.4506086164277625,0.8682401918417217,0.5710194234256477,0.642088587202832,0.43966915461751577,0.6313005284565951,,kd_tree,,,,,,10.0,,,,,,,,,-1.0,5.0,,2.0,,,,uniform,80,0.15999999999999998
rf,False,2777.4619140625,CDK,random,hcv_ns3,14595850,0.30988513701711473,0.9320890351412603,0.8607701334910288,0.4462553091853334,10171681,0.26750826358992025,0.959135154838004,0.9058491587369477,0.37031650013657846,0.5861248432997359,0.6144909390433579,0.5229382934810445,0.6209452973748053,,,,,,,,,,20,sqrt,,1.0,3.0,100.0,,,,True,,22.0,,True,,80,0.15999999999999998
hgb,False,775.98046875,CDK,random,hcv_ns3,16144433,0.420807241782215,0.8776662233672125,0.7625999823426266,0.5827168361447574,38350572,0.41237982342860846,0.8858263545195624,0.7765817085677873,0.5704535983542561,0.5523385877578805,0.6046251808765513,0.4169207966422286,0.6354697857548616,,,,,True,,0.1,,0.01,20,,99999999.0,32.0,,,100.0,,,,,22.0,,True,,80,0.15999999999999998
svm,False,1821.40625,CDK,random,hcv_ns3,44173402,0.2614567720256129,0.9341869603113128,0.8715225336184199,0.4286774853586047,15074660,0.1734036495932555,0.976871259896725,0.9535381492254846,0.2601412445464876,0.5826180082749695,0.6329107374657432,0.4635682438115105,0.6513750435476546,10.0,,0.1,2.0,,0.01,,,,,,,,,,,,,,,,False,,,50,0.08999999999999998
dt,False,209.681640625,CDK,random,hcv_ns3,6201078,0.4555668587060146,0.8644071628065664,0.7468630643976579,0.6017206996987807,5240089,0.4492981438988063,0.8504354830726236,0.7123524560770798,0.6472786701528415,0.47539656118744994,0.5506583147256717,0.37316475251076464,0.5023666163259134,,,,,,,,,,20,sqrt,,4.0,3.0,,,,,,,22.0,,,,90,0.08999999999999998
knn,False,3957.77734375,CDK,random,hcv_ns3,43308310,0.17104342959966198,0.9502971790184346,0.9024101213302902,0.3736109374405417,31276686,0.07940641135146365,0.9817155588767332,0.9637022908541,0.22993260994048179,0.53444187445629,0.608413153231214,0.4532106589545529,0.5417018111831029,,kd_tree,,,,,,50.0,,,,,,,,,-1.0,7.0,,1.0,,,,distance,80,0.15999999999999998
rf,False,3003.7197265625,CDK,stratified,hcv_ns3,15823535,0.31133577993499306,0.9290263251142442,0.8543178252200243,0.43764212408787306,10519433,0.3646219644938636,0.9365783527768637,0.8615449710003488,0.517659245771637,0.6611748148550846,0.6467427427645351,0.7546073519690264,0.582174349831692,,,,,,,,,,10,log2,,1.0,2.0,100.0,,,,True,,22.0,,True,,80,0.08999999999999998
hgb,False,1640.36328125,CDK,stratified,hcv_ns3,21351236,0.2870565470344437,0.9291467142399987,0.8612114766148935,0.42716207427784203,209775250,0.3182670647778509,0.9379856767601662,0.8746209549775379,0.49260871009296237,0.6066372512267929,0.5644018457810821,0.7252697681887819,0.5302401397105148,,,,,True,,0.1,,0.01,50,,10000.0,16.0,,,100.0,,,,,22.0,,True,,80,0.08999999999999998
svm,False,2080.45703125,CDK,stratified,hcv_ns3,52754999,0.31539066412714534,0.9040061620626099,0.8060278743972346,0.5049932482334066,16709201,0.4490059016818593,0.8839902018195509,0.7589811399073356,0.6829912216614588,0.6366480725724313,0.6901571134284465,0.6882978698823724,0.5314892344064749,1.0,,0.5,2.0,,0.01,,,,,,,,,,,,,,,,True,,,80,0.15999999999999998
dt,False,209.259765625,CDK,stratified,hcv_ns3,6299268,0.48481584594879334,0.8240194298479612,0.6765523840151141,0.6521055348864487,5255482,0.5865305116352798,0.8260042365597298,0.68137096821776,0.7852940008059729,0.5210731421629574,0.5452062940411826,0.5993170243985271,0.41869610804916246,,,,,,,,,,30,sqrt,,4.0,3.0,,,,,,,22.0,,,,80,0.08999999999999998
knn,False,4004.3271484375,CDK,stratified,hcv_ns3,42760014,0.15950051488794637,0.947906943804519,0.8983968872996502,0.3654848805887231,20721067,0.15069129707759876,0.9708399528621853,0.9416286811685269,0.33611613478377833,0.582313674603392,0.5541730780983861,0.6727159011094912,0.5200520446022987,,kd_tree,,,,,,40.0,,,,,,,,,-1.0,9.0,,1.0,,,,distance,80,0.15999999999999998
rf,False,3143.1494140625,CDK,strict,hcv_ns3,14809614,0.32044283049615074,0.9209252228743557,0.8374672807504362,0.4849625397458854,9719976,0.3061795803331639,0.9301345410481772,0.8602717160794472,0.4378659020534067,0.6211634937147076,0.6767658174070601,0.4961717156684222,0.6905529480686405,,,,,,,,,,10,log2,,1.0,2.0,100.0,,,,True,,22.0,,True,,90,0.15999999999999998
hgb,False,1001.40234375,CDK,strict,hcv_ns3,15456772,0.3439359829933368,0.9089446434848395,0.8193358746790569,0.5112975999419369,9325429,0.35301122824226516,0.8888264337659579,0.7858245251711637,0.542105524655047,0.5984584105648477,0.6445315583554881,0.5030563776323118,0.6477872957067432,,,,,True,,0.01,,0.01,10,,99999999.0,16.0,,,100.0,,,,,22.0,,True,,90,0.15999999999999998
svm,False,2178.1328125,CDK,strict,hcv_ns3,64328050,0.32721128106680086,0.90470933483289,0.8051743104029652,0.5309588986637538,12179707,0.39191357683592426,0.8219729846596373,0.6721433281442833,0.6707195681623033,0.610541775430797,0.6543575598733259,0.5293136154880356,0.6479541509310297,1.0,,0.5,2.0,,0.01,,,,,,,,,,,,,,,,True,,,80,0.15999999999999998
dt,False,207.3837890625,CDK,strict,hcv_ns3,6118386,0.4856962147304164,0.8346890735088088,0.696033333510844,0.6632095527849606,5075911,0.5961322803576219,0.7369638681960116,0.5256021710717214,0.8068082128797234,0.49383546868159306,0.503644919467032,0.40578997627049274,0.5720715103072544,,,,,,,,,,None,sqrt,,4.0,8.0,,,,,,,22.0,,,,80,0.15999999999999998
knn,False,2828.970703125,CDK,strict,hcv_ns3,57650513,0.14766863870231772,0.9436079310909069,0.8902721122066396,0.39847061711495046,32251801,0.17586568896822272,0.9553724867795986,0.9021327898004349,0.36645239826029996,0.5697368855661172,0.6281765071377272,0.4164930432952171,0.6645411062654072,,auto,,,,,,50.0,,,,,,,,,-1.0,3.0,,1.0,,,,distance,80,0.08999999999999998
rf,False,2617.802734375,CDKgraphonly,random,hcv_ns3,14006785,0.3651748988390932,0.9115751863192229,0.8206031668594623,0.5065526349630345,10363356,0.35275307303728326,0.9347170033263078,0.8596123008820289,0.4521947219654694,0.5716439018443041,0.6531243454608118,0.46970653286877884,0.5921008272033219,,,,,,,,,,10,log2,,1.0,2.0,100.0,,,,True,,22.0,,True,,80,0.08999999999999998
hgb,False,1447.1728515625,CDKgraphonly,random,hcv_ns3,14183090,0.3558945486989873,0.8999095177952785,0.8059505143493071,0.52683357009454,10099387,0.33891095493509116,0.920539008488122,0.8440475669119271,0.47660329246753,0.5443857156916906,0.6326115815457619,0.4305853340250261,0.5699602315042837,,,,,True,,0.01,,0.01,50,,1000.0,8.0,,,100.0,,,,,22.0,,True,,90,0.08999999999999998
svm,False,1781.11328125,CDKgraphonly,random,hcv_ns3,43091219,0.4035768272914406,0.8669473323319096,0.7397711413852689,0.610091425270759,14580782,0.38333921287938927,0.8783973356646382,0.741199704604715,0.6139646189156128,0.5578649654395922,0.6202517521996279,0.4886379545394459,0.5647051895797026,1.0,,0.5,2.0,,0.01,,,,,,,,,,,,,,,,False,,,90,0.08999999999999998
dt,False,210.298828125,CDKgraphonly,random,hcv_ns3,5415226,0.43273897055263355,0.8694749545453019,0.7558178528832631,0.5909818548457636,4902762,0.45416664962961,0.8462828568560166,0.7160151809838458,0.6431444453389035,0.5037433200954716,0.6332974374542673,0.4280014351748813,0.4499310876572663,,,,,,,,,,20,sqrt,,2.0,8.0,,,,,,,22.0,,,,90,0.15999999999999998
knn,False,1627.822265625,CDKgraphonly,random,hcv_ns3,46141003,0.21179734428252228,0.9350367939476438,0.8738925267290663,0.4247052257085392,36231654,0.13768068764687402,0.9709029569272882,0.941154717751436,0.2927634025407361,0.529034763588541,0.6663816689397577,0.3649716528147121,0.5557509690111531,,auto,,,,,,30.0,,,,,,,,,-1.0,9.0,,1.0,,,,distance,80,0.08999999999999998
rf,False,5916.3232421875,CDKgraphonly,stratified,hcv_ns3,42278533,0.39410742824673367,0.8831130557536349,0.7738954180455564,0.5452185090428898,30335626,0.5067643712933649,0.8796825593231729,0.7554445522300067,0.6879839055453381,0.6444344860762973,0.6654458690339862,0.6929556290192798,0.5749019601756257,,,,,,,,,,30,sqrt,,2.0,3.0,500.0,,,,True,,22.0,,True,,80,0.15999999999999998
hgb,False,2253.9140625,CDKgraphonly,stratified,hcv_ns3,75181804,0.33789376751963673,0.9029622945223492,0.8146002447989764,0.49370836696294707,17908773,0.3864822002070815,0.9060377890530062,0.818272392278079,0.5930619517997056,0.6278456203754672,0.6374226670556449,0.6625590253455081,0.5835551687252485,,,,,True,,0.1,,0.01,10,,10000.0,16.0,,,100.0,,,,,22.0,,True,,90,0.15999999999999998
svm,False,1811.34375,CDKgraphonly,stratified,hcv_ns3,43264982,0.27707488682854975,0.9182495826086446,0.8429109501073774,0.4544528859061803,15375084,0.3384001157574213,0.9111814119259705,0.8287858054215923,0.5756513021081878,0.6425920674236852,0.6206364650376408,0.7035790416561865,0.6035606955772284,10.0,,0.5,2.0,,0.01,,,,,,,,,,,,,,,,True,,,90,0.08999999999999998
dt,False,215.3134765625,CDKgraphonly,stratified,hcv_ns3,6164421,0.4659957729191397,0.8347381310234745,0.6949634449919275,0.6332742845170564,5140550,0.555526853580891,0.8600483784481076,0.732569469095024,0.719440862432557,0.57567504127435,0.5571745101003089,0.5791844784281661,0.590666135294575,,,,,,,,,,None,log2,,2.0,3.0,,,,,,,22.0,,,,80,0.08999999999999998
knn,False,1169.3828125,CDKgraphonly,stratified,hcv_ns3,41990607,0.47945878161657357,0.8400162986383246,0.7048980607102152,0.6228764926539615,36832296,0.5877426293842273,0.8383452554904006,0.701851595899607,0.7596365492875602,0.5964361906705079,0.575814043687353,0.6501091271318333,0.5633854011923374,,brute,,,,,,30.0,,,,,,,,,-1.0,5.0,,1.0,,,,uniform,90,0.15999999999999998
rf,False,23590.521484375,CDKgraphonly,strict,hcv_ns3,89224055,0.3431980536134148,0.9098372061408816,0.820263804642725,0.5099828421022606,50865056,0.38043944308865957,0.8892414182948353,0.7889260947197652,0.538165975410313,0.6132682315858394,0.6711075159238422,0.4614204137786353,0.7072767650550409,,,,,,,,,,10,log2,,1.0,2.0,1000.0,,,,True,,22.0,,True,,100,0.15999999999999998
hgb,False,946.10546875,CDKgraphonly,strict,hcv_ns3,13350967,0.41049503585645675,0.8809636022360146,0.7698762615230983,0.5770567203074907,10122136,0.4754658010750178,0.8191286022117108,0.6700087420306228,0.6728994625910883,0.589902062905221,0.6497828321739731,0.45331742846045775,0.666605928081232,,,,,True,,0.0,,0.01,None,,99999999.0,16.0,,,100.0,,,,,22.0,,True,,90,0.15999999999999998
svm,False,2059.296875,CDKgraphonly,strict,hcv_ns3,56725868,0.3708381771082636,0.8868126171053389,0.7723296772627226,0.5739723932483252,11482693,0.47625721144368793,0.7860803620167914,0.6160892495360926,0.7257952153016108,0.6067110405312517,0.6564345966338242,0.5026441782316068,0.6610543467283241,1.0,,0.0,2.0,,0.01,,,,,,,,,,,,,,,,True,,,100,0.08999999999999998
dt,False,215.2734375,CDKgraphonly,strict,hcv_ns3,5572502,0.43391858762228397,0.8512856697318703,0.7245912363650289,0.6312867448666767,4988684,0.5054701670470283,0.8082168449622015,0.6501356577405564,0.6928652895334901,0.553369364631279,0.5276775073463571,0.4298172593858992,0.7026133271615804,,,,,,,,,,10,sqrt,,2.0,3.0,,,,,,,22.0,,,,90,0.15999999999999998
knn,False,1213.6640625,CDKgraphonly,strict,hcv_ns3,35710841,0.2048649833427231,0.923735465557373,0.8525801803570912,0.46186572075575233,24452196,0.2414001289388445,0.9268375859057614,0.8469579340668829,0.45825200505227826,0.552848007141972,0.6107750670107855,0.3718241018661277,0.6759448525490028,,brute,,,,,,50.0,,,,,,,,,-1.0,3.0,,1.0,,,,distance,90,0.15999999999999998
rf,False,2014.240234375,KlekotaRothCount,random,hcv_ns3,26708776,0.37004793237876,0.9087793737105389,0.8180318512603273,0.5101699580113932,23278347,0.3572342076645477,0.933198161076149,0.856170420346806,0.4577043778937526,0.6021165618722447,0.6617946680970845,0.5539412474497458,0.5906137700699037,,,,,,,,,,10,log2,,1.0,3.0,100.0,,,,True,,22.0,,True,,80,0.08999999999999998
hgb,False,793.240234375,KlekotaRothCount,random,hcv_ns3,29968917,0.44875070893152796,0.8586367876180194,0.7314612098184513,0.6197559524818106,25875965,0.3982059289079501,0.9009756358654164,0.7929080034811573,0.5492152887018678,0.5990139066119401,0.6580463953593099,0.5216397083921993,0.617355616084311,,,,,True,,0.01,,0.01,None,,99999999.0,32.0,,,100.0,,,,,22.0,,True,,80,0.08999999999999998
svm,False,1056.484375,KlekotaRothCount,random,hcv_ns3,34955149,0.3920473069347584,0.8700202856277863,0.7545281627090961,0.5925404858684709,22826354,0.3436885588767129,0.9166682613043425,0.820759176035478,0.5109512037723001,0.5958173488000957,0.6962602753727534,0.5036085282413361,0.5875832427861978,10.0,,0.5,3.0,,0.001,,,,,,,,,,,,,,,,False,,,50,0.15999999999999998
dt,False,282.880859375,KlekotaRothCount,random,hcv_ns3,19408499,0.43752060996846986,0.8442014479145193,0.7079886284530216,0.6462745809393897,18453568,0.35512112576943855,0.910388960001812,0.8282115702170424,0.5002163879441326,0.5288431080842693,0.6135767406576829,0.42853693788703295,0.544415645708092,,,,,,,,,,10,sqrt,,1.0,8.0,,,,,,,22.0,,,,90,0.15999999999999998
knn,False,1493.7421875,KlekotaRothCount,random,hcv_ns3,57459571,0.1498499213285647,0.9519206653842814,0.9060738727242887,0.3665307374777753,39972320,0.0977755065556956,0.9717462455901279,0.9437991252452135,0.28610964499555824,0.565649530348182,0.6700014488065927,0.47543316758523746,0.5515139746527156,,kd_tree,,,,,,30.0,,,,,,,,,-1.0,9.0,,1.0,,,,distance,90,0.08999999999999998
rf,False,1994.935546875,KlekotaRothCount,stratified,hcv_ns3,26215347,0.3523817875178819,0.9163791275842242,0.833386580151072,0.4680269899614284,22918033,0.4275281278308579,0.910474092360286,0.8149316959958632,0.5984882525892254,0.6655086815318293,0.6736037951918467,0.7056320189726908,0.6172902304309502,,,,,,,,,,10,log2,,1.0,3.0,100.0,,,,True,,22.0,,True,,100,0.15999999999999998
hgb,False,2432.236328125,KlekotaRothCount,stratified,hcv_ns3,40699152,0.30477886200410514,0.917855645624676,0.8423788123998887,0.45522196262626996,32763544,0.3583474447913179,0.9303184790146799,0.8593927924659517,0.521667041693932,0.6300130353632707,0.6581684045071026,0.6633240394047775,0.568546662177932,,,,,True,,0.1,,0.01,20,,99999999.0,16.0,,,100.0,,,,,22.0,,True,,80,0.08999999999999998
svm,False,1392.4130859375,KlekotaRothCount,stratified,hcv_ns3,44253399,0.3267116475972287,0.9023061029030013,0.8121844756388257,0.4969144805958454,24020873,0.4222263879388685,0.8733045677719687,0.7588792472974495,0.6831355763491309,0.614495623301745,0.584119392998466,0.6546183508437862,0.6047491260629827,10.0,,0.1,2.0,,0.001,,,,,,,,,,,,,,,,False,,,80,0.08999999999999998
dt,False,281.021484375,KlekotaRothCount,stratified,hcv_ns3,19205701,0.4686916419343384,0.8425526131787827,0.7078805805038999,0.6197208724751533,18680286,0.5958177254478983,0.8259801906225775,0.6814742448534454,0.7851667225492786,0.6009868743862647,0.5866234913371979,0.6294122000368441,0.5869249317847522,,,,,,,,,,30,log2,,4.0,8.0,,,,,,,22.0,,,,80,0.15999999999999998
knn,False,1305.2041015625,KlekotaRothCount,stratified,hcv_ns3,50000188,0.40715496784093236,0.874538774895243,0.7614412915735354,0.5600329071058137,28362346,0.46956218473458167,0.893422285073864,0.7979703055705768,0.625312645332549,0.634923486507004,0.6611278135683891,0.6342144889284618,0.6094281570241611,,brute,,,,,,50.0,,,,,,,,,-1.0,3.0,,1.0,,,,uniform,80,0.08999999999999998
rf,False,1753.1279296875,KlekotaRothCount,strict,hcv_ns3,26566702,0.3945599042475031,0.90074797437953,0.7998373610172749,0.538182165509117,23063875,0.4069461054868866,0.8588891843479086,0.7353694033816522,0.6025859370076243,0.634400072954182,0.6976562688527879,0.5746302037103448,0.6309137462994132,,,,,,,,,,30,log2,,2.0,3.0,100.0,,,,True,,22.0,,True,,90,0.08999999999999998
hgb,False,895.3095703125,KlekotaRothCount,strict,hcv_ns3,29740501,0.4163916339585097,0.8837895435873749,0.7712988755494812,0.5752702864901394,24670259,0.4453049010948514,0.8306879405967906,0.6871488740780146,0.6551908522492067,0.6168897675206032,0.6790943935643587,0.5554070666096422,0.6161678423878086,,,,,True,,0.01,,0.01,None,,10000.0,32.0,,,100.0,,,,,22.0,,True,,100,0.15999999999999998
svm,False,1164.4140625,KlekotaRothCount,strict,hcv_ns3,40029594,0.36020487869589035,0.8919332694576397,0.7906761138613648,0.5503604121251211,21146216,0.35670407702633217,0.8648452918860222,0.744527262736582,0.5920675305387654,0.5996734356169349,0.6328074093587897,0.5760499415599284,0.5901629559320865,10.0,,0.1,3.0,,0.001,,,,,,,,,,,,,,,,True,,,50,0.08999999999999998
dt,False,283.583984375,KlekotaRothCount,strict,hcv_ns3,21247317,0.4250905658190566,0.8668129593730919,0.7511975693647924,0.600019137222265,19964898,0.46904780195927265,0.8515387799197124,0.7071003281131418,0.6339549637372608,0.5625648088915635,0.6932962508728879,0.4421939991908831,0.5522041766109196,,,,,,,,,,10,sqrt,,2.0,4.0,,,,,,,22.0,,,,80,0.15999999999999998
knn,False,1454.7001953125,KlekotaRothCount,strict,hcv_ns3,48086108,0.10833943709468938,0.9573542253806047,0.9164623826996706,0.34767930010142567,37184175,0.13234670016586958,0.9753296114246768,0.9450644998060083,0.2745525651115799,0.6062397513259851,0.6588325110541661,0.5348644780452962,0.6250222648784929,,ball_tree,,,,,,20.0,,,,,,,,,-1.0,9.0,,1.0,,,,distance,100,0.15999999999999998
rf,False,1679.8515625,KlekotaRoth,random,hcv_ns3,26972392,0.42004593627947295,0.8855240574759919,0.7751289746008528,0.5671317258612302,23644239,0.41853490142765454,0.8894628227798042,0.7760006630470002,0.5711949080261948,0.5936744663994237,0.658801645591695,0.5255142919482918,0.5967074616582841,,,,,,,,,,None,sqrt,,2.0,2.0,100.0,,,,True,,22.0,,True,,100,0.08999999999999998
hgb,False,1199.3330078125,KlekotaRoth,random,hcv_ns3,29549744,0.4441222377677465,0.857023603989858,0.7336595926959726,0.6172139346608669,24899180,0.44140221460533424,0.8815916947349959,0.7765859726718167,0.570448154562975,0.598917117975447,0.6416596066699591,0.49390752575959673,0.6611842214967852,,,,,True,,0.0,,0.01,20,,99999999.0,16.0,,,100.0,,,,,22.0,,True,,90,0.15999999999999998
svm,False,1291.546875,KlekotaRoth,random,hcv_ns3,43507183,0.3813319468040064,0.8781237475179154,0.7683103464898544,0.5756659109251159,24471059,0.3617514352619378,0.8742940364058653,0.7563723097709398,0.5956954524761432,0.5767603661801127,0.668967645458133,0.4394610312585796,0.6218524218236254,10.0,,0.1,4.0,,0.005,,,,,,,,,,,,,,,,True,,,90,0.08999999999999998
dt,False,275.5947265625,KlekotaRoth,random,hcv_ns3,19875947,0.49843927169428026,0.835928498557786,0.698373332423876,0.6568286088172948,18659417,0.4967507147858992,0.8349432306017289,0.6949894041633253,0.6665280396871055,0.5719481475747947,0.6253186329264007,0.5401477861817092,0.5503780236162743,,,,,,,,,,None,sqrt,,4.0,3.0,,,,,,,22.0,,,,90,0.08999999999999998
knn,False,2077.162109375,KlekotaRoth,random,hcv_ns3,56743424,0.2198008789130838,0.9353025415412525,0.8745143062019037,0.4236569162949392,44642515,0.1480661876031175,0.9553392449091161,0.9125185971708221,0.35695940591594977,0.568776670574623,0.6529252962616068,0.46290397210025847,0.5905007433620038,,kd_tree,,,,,,10.0,,,,,,,,,-1.0,9.0,,2.0,,,,distance,90,0.08999999999999998
rf,False,2499.1767578125,KlekotaRoth,stratified,hcv_ns3,27933000,0.3515809304310691,0.9051085494383743,0.8170944683745858,0.4903761382328842,24541323,0.4048501787295804,0.9181595396814496,0.8271770291078947,0.5783494688205114,0.6475175764112986,0.6118837926470435,0.6981000991895934,0.6325688373972589,,,,,,,,,,10,log2,,1.0,2.0,100.0,,,,True,,22.0,,True,,90,0.15999999999999998
hgb,False,1445.3896484375,KlekotaRoth,stratified,hcv_ns3,32412290,0.39711947108240636,0.885922080363468,0.7839906055725121,0.5329079864389709,27080277,0.47920717177383687,0.8813429679431869,0.768805722047304,0.6689261105422214,0.5985765991377295,0.629050684421718,0.6334803096345798,0.5331988033568911,,,,,True,,0.1,,0.01,50,,1000.0,16.0,,,100.0,,,,,22.0,,True,,90,0.08999999999999998
svm,False,1363.1005859375,KlekotaRoth,stratified,hcv_ns3,43913149,0.4173206532359467,0.8622056469221605,0.7304621430247439,0.5952861724544156,24900283,0.5673410599648908,0.818577814806125,0.6509849023379962,0.821886249891922,0.6063618499150242,0.6305988963569593,0.6611671282603342,0.5273195251277789,1.0,,0.0,2.0,,0.01,,,,,,,,,,,,,,,,True,,,100,0.08999999999999998
dt,False,286.8935546875,KlekotaRoth,stratified,hcv_ns3,19006233,0.33510071132862945,0.8928413104260954,0.7938852219587675,0.5205596175529009,19189769,0.41169251775335597,0.8981361889665304,0.8009365548074635,0.6207051744251855,0.5723624715505281,0.45684496324613566,0.6693750638005644,0.5908673876048846,,,,,,,,,,10,sqrt,,1.0,2.0,,,,,,,22.0,,,,80,0.15999999999999998
knn,False,2256.892578125,KlekotaRoth,stratified,hcv_ns3,56070147,0.1606135146985863,0.9454809154987773,0.8936576891371931,0.3739116148577941,51963397,0.12083073500564157,0.975613688731933,0.9498569113437827,0.3115266095731597,0.6088052824384909,0.6082091251503021,0.6507990731896973,0.5674076489754731,,kd_tree,,,,,,10.0,,,,,,,,,-1.0,9.0,,1.0,,,,distance,100,0.08999999999999998
rf,False,3062.07421875,KlekotaRoth,strict,hcv_ns3,28276374,0.30762988571438865,0.9310056149651691,0.8585791675899619,0.4523707201862532,23519904,0.35356355403707806,0.906319754786151,0.8188790546990609,0.4985208216288959,0.6316828197893577,0.6968329622736089,0.5130859115645323,0.685129585529932,,,,,,,,,,None,sqrt,,1.0,3.0,100.0,,,,True,,22.0,,True,,100,0.08999999999999998
hgb,False,1646.10546875,KlekotaRoth,strict,hcv_ns3,31676606,0.41499813711130706,0.8788014411931504,0.7692679538000926,0.577818911100197,26004873,0.4344716708643221,0.8613271495942075,0.7377803100854632,0.5998347386897093,0.6027322836592918,0.6546581859197047,0.529692555158441,0.6238461098997297,,,,,True,,0.01,,0.01,20,,1000.0,16.0,,,100.0,,,,,22.0,,True,,80,0.15999999999999998
svm,False,1256.349609375,KlekotaRoth,strict,hcv_ns3,45139772,0.46014093001429657,0.8489696076315703,0.7079506512444415,0.6500786660378958,21987504,0.5135033307105675,0.6941679438891509,0.4811128945967541,0.8437919994655709,0.6089088470134257,0.6573736404301579,0.5191277918493236,0.6502251087607958,1.0,,0.5,2.0,,0.01,,,,,,,,,,,,,,,,False,,,80,0.08999999999999998
dt,False,283.1083984375,KlekotaRoth,strict,hcv_ns3,18494082,0.4248269010618152,0.874820605244255,0.7646764116916369,0.5835398558594849,17661194,0.5523919868601005,0.8228551460357678,0.5977602732909304,0.7429189641209615,0.5766129707498027,0.5803374937292766,0.5437004048584024,0.6058010136617291,,,,,,,,,,None,sqrt,,2.0,2.0,,,,,,,22.0,,,,100,0.08999999999999998
knn,False,1954.41015625,KlekotaRoth,strict,hcv_ns3,45085258,0.207046891850505,0.927394679144995,0.8599727440452534,0.4501363466729979,34562006,0.20961426735362448,0.9400266462213785,0.8766893932990737,0.41133833073288173,0.5971171352027461,0.6428715952834894,0.4963223622945815,0.6521574480301676,,kd_tree,,,,,,10.0,,,,,,,,,-1.0,7.0,,1.0,,,,distance,80,0.08999999999999998
rf,False,1598.1005859375,MACCS,random,hcv_ns3,8687182,0.4404763751359907,0.8753052546147846,0.7525531658610886,0.5949194168296316,6710145,0.4569227175985124,0.8843778775015725,0.754479338474717,0.5980052318958919,0.5414460541678281,0.6099872589277152,0.49583641009364454,0.5185144934821245,,,,,,,,,,20,sqrt,,2.0,3.0,100.0,,,,True,,22.0,,True,,90,0.08999999999999998
hgb,False,1189.8974609375,MACCS,random,hcv_ns3,11764839,0.4360390303948528,0.8684539353417504,0.7499983517224161,0.5979827122564105,7563739,0.4488220303726405,0.8747852673499614,0.7602160068851846,0.590977647527469,0.5268165259434566,0.5863669878594175,0.5017216545862735,0.49236093538467907,,,,,True,,0.1,,0.01,None,,1000.0,16.0,,,100.0,,,,,22.0,,True,,100,0.15999999999999998
svm,False,857.5224609375,MACCS,random,hcv_ns3,9975558,0.4239116047171145,0.8510448062994581,0.7233812523415565,0.6290106490790982,3889888,0.4389439768853008,0.8225958665819418,0.6657167572951292,0.6977795928784489,0.532235420542848,0.6195470254065079,0.4937063256013058,0.48345291062073015,10.0,,0.1,2.0,,0.01,,,,,,,,,,,,,,,,True,,,80,0.08999999999999998
dt,False,190.98828125,MACCS,random,hcv_ns3,1971081,0.46273389413019,0.8472242439663391,0.7169933251347465,0.6362320342416723,1934742,0.49464080218711076,0.8163889515328732,0.6649771825245945,0.6985510570087239,0.4676017440754113,0.5620115073472551,0.4835853978786604,0.35720832700031835,,,,,,,,,,20,None,,4.0,2.0,,,,,,,22.0,,,,80,0.08999999999999998
knn,False,1076.2314453125,MACCS,random,hcv_ns3,28925269,0.47456534457788413,0.846760157058495,0.716705067028225,0.636555970708564,19217068,0.5281724206131357,0.8006385542837667,0.635669041105154,0.7284655180386503,0.4922315717337214,0.601386158804736,0.4217712760667921,0.45353728032963614,,ball_tree,,,,,,20.0,,,,,,,,,-1.0,5.0,,1.0,,,,uniform,100,0.08999999999999998
rf,False,28554.2724609375,MACCS,stratified,hcv_ns3,81219739,0.3061980549005683,0.9248273599879794,0.8507823720256255,0.44292069749219215,54687981,0.33991792307596613,0.9390400988055634,0.8716541898884849,0.4984027794001725,0.6036881458002394,0.6103258258819162,0.6573462460268004,0.5433923654920019,,,,,,,,,,30,log2,,1.0,2.0,1000.0,,,,True,,22.0,,True,,90,0.08999999999999998
hgb,False,1172.646484375,MACCS,stratified,hcv_ns3,12219838,0.43426514025265883,0.8632461507025654,0.7443520955522683,0.5797450213271016,7861514,0.55457247433757,0.8266485848721398,0.6815965956101943,0.785015910616509,0.5704633872980289,0.5488591902603468,0.6766578488252095,0.48587312280853057,,,,,True,,0.1,,0.01,None,,10000.0,16.0,,,100.0,,,,,22.0,,True,,90,0.15999999999999998
svm,False,915.5693359375,MACCS,stratified,hcv_ns3,12457699,0.3480820103827221,0.8822535137401142,0.7768236568054782,0.5416764914648253,4401379,0.4442673209931487,0.880016142732357,0.7621936193871165,0.6784242438887084,0.5782367154092232,0.5399716082588595,0.6358693349383369,0.5588692030304732,10.0,,0.0,2.0,,0.01,,,,,,,,,,,,,,,,False,,,100,0.08999999999999998
dt,False,190.27734375,MACCS,stratified,hcv_ns3,1833799,0.45309540940864956,0.8434089387468763,0.7102651848138637,0.6171862630354489,1771182,0.5481677959952429,0.8144906069448578,0.6611743438642479,0.8097999614826457,0.5208082693579591,0.5377731747402243,0.6081721366671082,0.4164794966665448,,,,,,,,,,20,None,,4.0,2.0,,,,,,,22.0,,,,80,0.15999999999999998
knn,False,876.1220703125,MACCS,stratified,hcv_ns3,29422574,0.19798507418793515,0.934939349502046,0.8734675741796878,0.4078653637633209,22243115,0.23719478210897385,0.9351729942921899,0.8734510064412785,0.49490171131623817,0.5535759907897613,0.5779713398937831,0.6530496666862781,0.42970696578922274,,ball_tree,,,,,,10.0,,,,,,,,,-1.0,7.0,,1.0,,,,distance,100,0.15999999999999998
rf,False,2776.0859375,MACCS,strict,hcv_ns3,9514622,0.3495258248963489,0.9148447868402814,0.8266848406462216,0.5007904843547658,6293351,0.36159198443000046,0.9128931910781117,0.8256756211102817,0.4890778870793043,0.6001537694819392,0.6394551407642184,0.4792232922968682,0.681782875384731,,,,,,,,,,10,log2,,1.0,2.0,100.0,,,,True,,22.0,,True,,80,0.08999999999999998
hgb,False,1032.021484375,MACCS,strict,hcv_ns3,11319465,0.4524291485839654,0.8655305684584836,0.7420183976068868,0.6109872685382182,7028001,0.4762317341517479,0.8016486701818203,0.6425734314534435,0.7003133089898018,0.5541140220874284,0.5865460122391795,0.436576516068084,0.6392195379550216,,,,,True,,0.01,,0.01,50,,10000.0,16.0,,,100.0,,,,,22.0,,True,,80,0.15999999999999998
svm,False,933.4052734375,MACCS,strict,hcv_ns3,16479182,0.3513360319049956,0.8948899741397551,0.7983324226515468,0.5402015591051862,3541948,0.44267955103556467,0.7349220672359709,0.5321701849605414,0.8012036370997894,0.5879100105233644,0.6566250920725512,0.46552616016540904,0.641578779332133,10.0,,0.0,2.0,,0.01,,,,,,,,,,,,,,,,False,,,100,0.08999999999999998
dt,False,190.5517578125,MACCS,strict,hcv_ns3,2047150,0.5060431481968796,0.8221219018796629,0.6757395309627328,0.6849908905832822,1781515,0.5829489391007782,0.7408287103254135,0.5371514383605553,0.7969267838893469,0.5421187762184184,0.5889121162877724,0.39755944545205435,0.6398847669154284,,,,,,,,,,20,log2,,2.0,8.0,,,,,,,22.0,,,,80,0.08999999999999998
knn,False,967.4970703125,MACCS,strict,hcv_ns3,29026845,0.18374256264814684,0.9377360006730752,0.8789829941991889,0.4184667869765961,19379911,0.14656619287329575,0.9705687232439415,0.9361854616703419,0.29590941259154174,0.5653352102247364,0.6270093495084679,0.4137111281633262,0.6552851530024153,,ball_tree,,,,,,30.0,,,,,,,,,-1.0,7.0,,1.0,,,,distance,80,0.08999999999999998
rf,False,1501.1357421875,PubChem,random,hcv_ns3,12182090,0.43858353281360013,0.8774453284649906,0.7606306822008977,0.5851287449094187,9547970,0.41707631071448775,0.8956826457379514,0.7847836622634885,0.5598846736914167,0.5630352286693189,0.6468755566056583,0.483289793050371,0.5589403363519274,,,,,,,,,,None,sqrt,,1.0,8.0,100.0,,,,True,,22.0,,True,,90,0.15999999999999998
hgb,False,2076.71484375,PubChem,random,hcv_ns3,23551756,0.37760098930946556,0.8960913726912432,0.80181027370681,0.5324241688559435,15638248,0.3372640110359707,0.9193148701725353,0.8439830175626789,0.4767019162884182,0.547346927828598,0.6264050509575547,0.45166863310074945,0.5639670994274898,,,,,True,,0.01,,0.01,10,,1000.0,16.0,,,100.0,,,,,22.0,,True,,90,0.08999999999999998
svm,False,869.2626953125,PubChem,random,hcv_ns3,14160681,0.4727533774437354,0.8332763767393281,0.6921403322996431,0.663580462489288,6673175,0.4375378777366798,0.8259120004405367,0.6721952054739411,0.6909849868597798,0.5496658868059269,0.6684536472514888,0.44658616316062616,0.5339578500056656,10.0,,0.0,2.0,,0.005,,,,,,,,,,,,,,,,True,,,50,0.15999999999999998
dt,False,205.65625,PubChem,random,hcv_ns3,4605300,0.5204986065715755,0.8181158017368335,0.6692660701400429,0.6877911262072615,4232222,0.47854314739339116,0.8475985365781182,0.7165955491594593,0.6424869252130878,0.48205803361109906,0.500503177640042,0.4354827046051928,0.5101882185880623,,,,,,,,,,30,sqrt,,4.0,8.0,,,,,,,22.0,,,,80,0.15999999999999998
knn,False,2210.0634765625,PubChem,random,hcv_ns3,41835134,0.5399635332679951,0.8054220314189102,0.646695809791571,0.7108722918608794,36780231,0.5352593262659678,0.7859208208797792,0.6124070346400714,0.7513614411919165,0.5049325940242396,0.6315608466660438,0.45553021303052876,0.42770672237614626,,kd_tree,,,,,,20.0,,,,,,,,,-1.0,9.0,,1.0,,,,uniform,100,0.08999999999999998
rf,False,7734.8046875,PubChem,stratified,hcv_ns3,40402658,0.3605445335123665,0.9072707338875159,0.8173547631320186,0.49002708432116543,27922095,0.454230215058546,0.903977500554191,0.798644816573644,0.6242679155063541,0.6346405051766952,0.6399173203352215,0.7055165180306947,0.5584876771641695,,,,,,,,,,10,sqrt,,1.0,4.0,500.0,,,,True,,22.0,,True,,90,0.15999999999999998
hgb,False,1233.27734375,PubChem,stratified,hcv_ns3,29668108,0.3930525465245944,0.885867771192472,0.7838453066347171,0.5330871868574308,10648419,0.48706368098080155,0.8884334071025267,0.7803803047238745,0.6519664536617732,0.6317614432832946,0.6435956525707317,0.7038756352729534,0.5478130420061988,,,,,True,,0.01,,0.01,10,,99999999.0,16.0,,,100.0,,,,,22.0,,True,,90,0.15999999999999998
svm,False,1074.4228515625,PubChem,stratified,hcv_ns3,23804170,0.36250736689076335,0.8791697924224325,0.7682339738327705,0.5520021844748334,9043725,0.4939782420604893,0.8632926679681401,0.7312677643894522,0.7211896581417151,0.6163592589643657,0.6181048280568366,0.6923468480452606,0.5386261007909998,10.0,,0.0,2.0,,0.005,,,,,,,,,,,,,,,,False,,,100,0.15999999999999998
dt,False,205.5078125,PubChem,stratified,hcv_ns3,4719848,0.5400426544940767,0.7709759766693863,0.5927816259580921,0.7316941653572022,4401673,0.6598706024886571,0.76140343045743,0.5769088356744423,0.9049124964276878,0.5600344851273065,0.6362051654978866,0.5864736486793982,0.45742464120463455,,,,,,,,,,30,sqrt,,4.0,2.0,,,,,,,22.0,,,,90,0.15999999999999998
knn,False,1249.46484375,PubChem,stratified,hcv_ns3,32068688,0.4890978699899546,0.8196318092005683,0.6709714786735361,0.6577073300341637,23152654,0.6070953023858814,0.8283423330932156,0.6797562097803531,0.7872813551686793,0.5771563457080782,0.6199727645154927,0.6480163889525914,0.46347988365615034,,ball_tree,,,,,,50.0,,,,,,,,,-1.0,5.0,,2.0,,,,uniform,80,0.15999999999999998
rf,False,1360.9775390625,PubChem,strict,hcv_ns3,11047965,0.4377931552516244,0.8783908949583168,0.7591667216231089,0.5903316139311562,8262946,0.5265105832035194,0.7677403503760309,0.5878974858468662,0.7519718724350108,0.6111614470989345,0.6443450671904964,0.5265017748060102,0.6626374993002967,,,,,,,,,,None,sqrt,,2.0,8.0,100.0,,,,True,,22.0,,True,,100,0.15999999999999998
hgb,False,1134.0654296875,PubChem,strict,hcv_ns3,29645460,0.4368344685600959,0.8773024970253304,0.766303005109136,0.5815195993856088,13367116,0.5372364751767632,0.7596872888822143,0.5675944728861637,0.7702728356041629,0.6136138375588204,0.6519254545849933,0.5359353053704832,0.6529807527209845,,,,,True,,0.0,,0.01,None,,99999999.0,32.0,,,100.0,,,,,22.0,,True,,90,0.15999999999999998
svm,False,1354.115234375,PubChem,strict,hcv_ns3,32757703,0.32699715264844165,0.9112584381077484,0.826747743970409,0.5006995971954533,8159168,0.4388552884498865,0.7406041278329875,0.5307958723133257,0.8023795955160865,0.6033621085012479,0.671293604198937,0.48031488512847265,0.6584778361763342,10.0,,0.1,3.0,,0.005,,,,,,,,,,,,,,,,False,,,90,0.08999999999999998
dt,False,205.4609375,PubChem,strict,hcv_ns3,4799907,0.523461459228103,0.8160668457620693,0.665201905075634,0.6960321203215042,4404349,0.601015055519304,0.6631613916299419,0.40611318641952543,0.902715304080287,0.5400149488703654,0.5489087470576364,0.5193412432044031,0.5517948563490567,,,,,,,,,,20,sqrt,,4.0,3.0,,,,,,,22.0,,,,80,0.15999999999999998
knn,False,1406.7802734375,PubChem,strict,hcv_ns3,31855274,0.42483116630844575,0.87582304390563,0.766536249823834,0.581229329856296,24310616,0.5573062321676295,0.7583193039693371,0.5648249439152345,0.7727356717563855,0.5489820537939633,0.617747489227314,0.37035131633949236,0.6588473558150835,,ball_tree,,,,,,40.0,,,,,,,,,-1.0,3.0,,1.0,,,,uniform,90,0.15999999999999998
rf,False,1258.142578125,SubstructureCount,random,hcv_ns3,9348557,0.3976503081638218,0.8963631668018712,0.7923633055653413,0.5449657967059084,7075976,0.3935271334073169,0.8931563055696212,0.7863312678879024,0.5578679959485008,0.6069157811188967,0.6938108037342227,0.5669413133005382,0.5599952263219292,,,,,,,,,,None,None,,4.0,2.0,100.0,,,,True,,22.0,,True,,80,0.08999999999999998
hgb,False,1353.017578125,SubstructureCount,random,hcv_ns3,27675786,0.39455196631909706,0.8897440864102484,0.7879035571634481,0.5507872585276792,10940209,0.35350485432836576,0.9135864285675211,0.8294594109600613,0.49839633513941367,0.5849637022845674,0.6531731361624901,0.5881352104563276,0.5135827602348844,,,,,True,,0.1,,0.01,None,,1000.0,16.0,,,100.0,,,,,22.0,,True,,100,0.15999999999999998
svm,False,731.59375,SubstructureCount,random,hcv_ns3,8408706,0.30121952874642627,0.9125237278869666,0.8311600642244704,0.49142221127279717,3626474,0.26715855629497254,0.9456908126006498,0.8812013748762537,0.4159744613830098,0.5834512010059548,0.6938936603743053,0.5127675526663682,0.543692389977191,10.0,,0.0,2.0,,0.005,,,,,,,,,,,,,,,,False,,,100,0.15999999999999998
dt,False,191.576171875,SubstructureCount,random,hcv_ns3,2220156,0.4888231418896947,0.8478165223710287,0.7184767321406086,0.6345624074520215,2095331,0.47370255300528413,0.8419309122537597,0.7063813930128082,0.6539623529937482,0.5396003895526108,0.6408041686237084,0.49038176947006207,0.4876152305640621,,,,,,,,,,20,log2,,4.0,4.0,,,,,,,22.0,,,,90,0.08999999999999998
knn,False,521.1962890625,SubstructureCount,random,hcv_ns3,19472475,0.5154911795149986,0.8217104426345816,0.6726830518531319,0.6842289403367491,18978598,0.5328060764317588,0.8048877325528625,0.647549708292567,0.7164896117034666,0.544226640829277,0.6175437960870686,0.48979879626204115,0.5253373301387213,,kd_tree,,,,,,50.0,,,,,,,,,-1.0,7.0,,2.0,,,,uniform,80,0.15999999999999998
rf,False,9053.5341796875,SubstructureCount,stratified,hcv_ns3,38221669,0.3094977622297366,0.9298609848965329,0.8587806490440293,0.4308866262087299,26119347,0.3803436281857771,0.9282072565634067,0.8463304643280294,0.5453602715964881,0.650924770115569,0.6681371451210272,0.69980631454214,0.5848308506835401,,,,,,,,,,None,sqrt,,1.0,4.0,500.0,,,,True,,22.0,,True,,100,0.15999999999999998
hgb,False,2900.08203125,SubstructureCount,stratified,hcv_ns3,20734521,0.2809202688127464,0.9263289453443516,0.8578228489944949,0.43234537041420684,13472896,0.315602430359253,0.9431559053929681,0.8827961334961513,0.4762780614834863,0.6111493612909026,0.6157342002317602,0.6398110578776055,0.5779028257633421,,,,,True,,0.0,,0.01,10,,1000.0,8.0,,,100.0,,,,,22.0,,True,,80,0.15999999999999998
svm,False,725.578125,SubstructureCount,stratified,hcv_ns3,7774524,0.2847739480353304,0.9194965286545012,0.8450588866471289,0.451335241054599,3631719,0.38393943978083617,0.8825044387919294,0.7779577941770948,0.6555523435611923,0.6042893922289236,0.5543366456209656,0.6891129556451526,0.5694185754206527,10.0,,0.0,2.0,,0.005,,,,,,,,,,,,,,,,False,,,100,0.15999999999999998
dt,False,192.1298828125,SubstructureCount,stratified,hcv_ns3,2377931,0.3568744815282006,0.8923643063996145,0.7911938847394768,0.5239471905368451,2271449,0.4621223790203346,0.8794425039759023,0.7717473787561538,0.6646568647193528,0.5457370126863117,0.5631895436833758,0.547708242274111,0.5263132521014484,,,,,,,,,,10,None,,1.0,8.0,,,,,,,22.0,,,,90,0.08999999999999998
knn,False,568.3115234375,SubstructureCount,stratified,hcv_ns3,11817729,0.15101039509184425,0.9531411268568152,0.9084543661246761,0.34692430523872014,4863671,0.160034189256724,0.9652047913445083,0.9289316995383853,0.37087501138805046,0.5876760663058609,0.5487878733778137,0.6570728935723572,0.5571674319674118,,auto,,,,,,10.0,,,,,,,,,-1.0,9.0,,1.0,,,,distance,100,0.08999999999999998
rf,False,2559.880859375,SubstructureCount,strict,hcv_ns3,9733266,0.3219418915969341,0.9305071964515378,0.8563427010814282,0.45593364438923484,6721746,0.33214380136202953,0.9283051348073117,0.8543010971935496,0.4471230969292992,0.6600942114961018,0.6988130906580766,0.5811709833791379,0.700298560451091,,,,,,,,,,10,sqrt,,1.0,2.0,100.0,,,,True,,22.0,,True,,90,0.08999999999999998
hgb,False,972.9931640625,SubstructureCount,strict,hcv_ns3,10182542,0.4047380386090757,0.8906941482437625,0.7872998197218953,0.5547811822795196,6413527,0.4140476596939852,0.8528630281061268,0.7230371481406441,0.6164668464962482,0.6373530582949049,0.6974315371719296,0.5562770369659786,0.6583506007468061,,,,,True,,0.01,,0.01,50,,10000.0,16.0,,,100.0,,,,,22.0,,True,,80,0.15999999999999998
svm,False,768.4921875,SubstructureCount,strict,hcv_ns3,9894441,0.3725549613686447,0.8893922580860747,0.7797285431950243,0.564568840180446,3105736,0.3846591438542392,0.8449385128642991,0.7054746502739924,0.635711845953539,0.5947358883086472,0.6324922272942721,0.550657172105688,0.6010582655259816,1.0,,0.0,2.0,,0.01,,,,,,,,,,,,,,,,True,,,100,0.08999999999999998
dt,False,192.833984375,SubstructureCount,strict,hcv_ns3,2508155,0.4749336738876883,0.8466716118797297,0.7161554176973177,0.6408820344913484,2298135,0.5584487191708463,0.7452538348686996,0.5364249567003919,0.7975519621222857,0.5710832238803109,0.5391145308594856,0.6046596464453564,0.5694754943360907,,,,,,,,,,20,sqrt,,4.0,4.0,,,,,,,22.0,,,,90,0.08999999999999998
knn,False,591.0322265625,SubstructureCount,strict,hcv_ns3,30948974,0.14487780316391746,0.9462855084322774,0.8952832628059233,0.389265436435969,23509035,0.1531557612516748,0.9674416480463444,0.9264651372041421,0.31764762114060935,0.600405557336689,0.6328868524561106,0.5370629697425768,0.6312668498113793,,ball_tree,,,,,,40.0,,,,,,,,,-1.0,9.0,,1.0,,,,distance,100,0.08999999999999998
rf,False,1370.8193359375,Substructure,random,hcv_ns3,9155028,0.4902448104195583,0.8474613148926464,0.7129782581637286,0.6407293090759351,7161004,0.4898501578294579,0.8523742829183472,0.7058967800456832,0.6545018078668576,0.5517559935372077,0.6256990005370962,0.49252621701984667,0.5370427630546802,,,,,,,,,,10,log2,,1.0,8.0,100.0,,,,True,,22.0,,True,,90,0.08999999999999998
hgb,False,1018.2529296875,Substructure,random,hcv_ns3,11964924,0.5136944006420622,0.8172096222886084,0.66715892836122,0.6899786434850579,7932936,0.5201594458181629,0.8182950700478735,0.6641297667171333,0.699433966049383,0.5625437048786451,0.5843847025815609,0.5346657916537246,0.5685806204006496,,,,,True,,0.1,,0.01,10,,99999999.0,16.0,,,100.0,,,,,22.0,,True,,80,0.08999999999999998
svm,False,698.037109375,Substructure,random,hcv_ns3,9462596,0.5017334849842726,0.8142015694516603,0.6628729311041912,0.6944068639013492,4155296,0.4907918653337625,0.8073325593156059,0.6442723053981418,0.7198131887221612,0.5561938661206701,0.6153468449696223,0.5145293364810059,0.538705416911382,100.0,,0.5,3.0,,0.01,,,,,,,,,,,,,,,,False,,,80,0.08999999999999998
dt,False,194.5,Substructure,random,hcv_ns3,2345338,0.4815973850383117,0.8391150558217114,0.7040617422014896,0.6506055280232255,2266195,0.45998480952444,0.8631618639706392,0.7415035072159741,0.613604150188343,0.510933977206018,0.5419619101981403,0.4947014232864029,0.4961385981335107,,,,,,,,,,20,sqrt,,1.0,8.0,,,,,,,22.0,,,,80,0.08999999999999998
knn,False,575.21875,Substructure,random,hcv_ns3,19267221,0.522584639970865,0.8125350450136913,0.66019738817503,0.6971569303537922,18910715,0.5634433770748939,0.7718204032514275,0.59479175063143,0.7682456325171639,0.5384086260199543,0.6331931243006765,0.47314850358131666,0.5088842501778699,,ball_tree,,,,,,20.0,,,,,,,,,-1.0,9.0,,2.0,,,,uniform,80,0.08999999999999998
rf,False,1964.0966796875,Substructure,stratified,hcv_ns3,9955175,0.4212270778422388,0.8669841463402935,0.7505623414878305,0.5726600933378385,7052680,0.5161332330446016,0.8729031946066514,0.7512275770103095,0.6938901551907014,0.5984725323670884,0.6278080606300322,0.5984554677274534,0.5691540687437797,,,,,,,,,,None,log2,,1.0,4.0,100.0,,,,True,,22.0,,True,,100,0.08999999999999998
hgb,False,884.0556640625,Substructure,stratified,hcv_ns3,10572462,0.5041711285474055,0.8151292410788681,0.663159687724545,0.6654691694257815,6896030,0.6051056926148574,0.8152920340509989,0.6573702819417964,0.8143331644976677,0.5481260358716217,0.6391911082945136,0.5639085276788199,0.44127847164153156,,,,,True,,0.1,,0.01,50,,99999999.0,16.0,,,100.0,,,,,22.0,,True,,80,0.08999999999999998
svm,False,699.21875,Substructure,stratified,hcv_ns3,9097669,0.40289578108632096,0.8493519050384183,0.7198555750231779,0.6068856956616999,4079683,0.5163162073844053,0.833315710409838,0.6828206519215119,0.7835055169457554,0.5643828970034508,0.5858262147532145,0.5762112851041229,0.5311111911530148,1.0,,0.0,2.0,,1.0,,,,,,,,,,,,,,,,False,,,80,0.08999999999999998
dt,False,191.546875,Substructure,stratified,hcv_ns3,2351529,0.5298164538007236,0.7933965225666658,0.6258971597741093,0.7013122289617911,2216587,0.6349352536647362,0.8034100541693104,0.6443794248564794,0.8296273250508887,0.5669292866307943,0.6044756503678691,0.5756159475342093,0.5206962619903044,,,,,,,,,,10,log2,,2.0,3.0,,,,,,,22.0,,,,90,0.08999999999999998
knn,False,592.9609375,Substructure,stratified,hcv_ns3,30502702,0.3627362417710638,0.8758085526706045,0.7656235842451058,0.5551020911463118,23584397,0.41657615995266584,0.8946464281072678,0.7976174508209315,0.6258584766767035,0.5701742477857273,0.5683279994613052,0.5635361026015531,0.5786586412943239,,ball_tree,,,,,,20.0,,,,,,,,,-1.0,9.0,,1.0,,,,distance,90,0.08999999999999998
rf,False,2188.955078125,Substructure,strict,hcv_ns3,9744685,0.4238533506439043,0.8756334084484872,0.7631719843747132,0.5854021737783931,6772887,0.3913649111678165,0.8965848238569917,0.7982645458559458,0.5261263815899944,0.5781623719993291,0.6517810381309638,0.4622318341949221,0.6204742436721012,,,,,,,,,,10,log2,,1.0,2.0,100.0,,,,True,,22.0,,True,,100,0.08999999999999998
hgb,False,935.6298828125,Substructure,strict,hcv_ns3,25446406,0.5141799577913855,0.8249310281024939,0.6785834362350747,0.681980441368564,6990427,0.5454250515830225,0.7691725264288581,0.5881322675123529,0.7517576364676644,0.5764056067591867,0.636395279229983,0.4681425100096889,0.6246790310378882,,,,,True,,0.1,,0.01,None,,99999999.0,16.0,,,100.0,,,,,22.0,,True,,80,0.08999999999999998
svm,False,724.240234375,Substructure,strict,hcv_ns3,10886679,0.44225728576769135,0.8517809455584872,0.725205930936958,0.6305818557101646,3262262,0.4929149542254411,0.7590877351496894,0.5718798706606619,0.7664463988393083,0.5884638889855865,0.6373404591577435,0.4857520088297719,0.6422991989692444,100.0,,0.0,2.0,,0.01,,,,,,,,,,,,,,,,True,,,100,0.08999999999999998
dt,False,190.984375,Substructure,strict,hcv_ns3,2479088,0.5645439876382795,0.7824987172871067,0.6121142486747495,0.749186091111273,2324563,0.6707631490642599,0.6907011821192479,0.4523310005740788,0.8668781236426951,0.5450797546354832,0.5959209281315161,0.4747925031105431,0.5645258326643905,,,,,,,,,,10,sqrt,,2.0,2.0,,,,,,,22.0,,,,80,0.08999999999999998
knn,False,603.0546875,Substructure,strict,hcv_ns3,30777405,0.3625884035478865,0.8747921802920817,0.7641193773315235,0.5842300960993395,22625650,0.24578988371146562,0.9371290894372096,0.8735022403487551,0.41662025560071386,0.5557320442215415,0.6212558753404154,0.43999544856208317,0.6059448087621261,,kd_tree,,,,,,50.0,,,,,,,,,-1.0,9.0,,2.0,,,,distance,90,0.08999999999999998
rf,False,1572.046875,AtomPairs2DCount,random,hcv_ns34a,11989656,0.3750203304853488,0.9360177558690365,0.871347139835049,0.5343962383961981,9044438,0.4071545332684275,0.9349705005977271,0.8733228766617757,0.5983256629025061,0.7587403571563032,0.7351808947129672,0.8021423101318488,0.7388978666240937,,,,,,,,,,20,sqrt,,1.0,8.0,100.0,,,,True,,22.0,,True,,90,0.08999999999999998
hgb,False,1742.2431640625,AtomPairs2DCount,random,hcv_ns34a,16025424,0.3100230577661966,0.948835112971905,0.8989736576356941,0.47355560849750145,9715222,0.34666777159194123,0.9424325557510831,0.8877050828007462,0.5633373986466667,0.7146693939283318,0.6988319313257751,0.7245003171461493,0.7206759333130711,,,,,True,,0.0,,0.01,20,,1000.0,8.0,,,100.0,,,,,22.0,,True,,100,0.08999999999999998
svm,False,834.16796875,AtomPairs2DCount,random,hcv_ns34a,14198839,0.44441729751790976,0.8994654009067581,0.8071480558593969,0.6542830662381524,6976965,0.5102639868871796,0.8844226631291755,0.780623666060142,0.7873782639363089,0.7298187801942685,0.6967676860913949,0.7781373305136505,0.7145513239777599,1.0,,0.5,3.0,,0.001,,,,,,,,,,,,,,,,True,,,50,0.15999999999999998
dt,False,202.935546875,AtomPairs2DCount,random,hcv_ns34a,4583518,0.3992143911645134,0.9110368692007339,0.8254480226628869,0.6224666040581619,4194958,0.3840229814319489,0.940311476575729,0.8828592978894805,0.5753636830164938,0.6985643270718684,0.6973455925313969,0.7479135618650872,0.6504338268191212,,,,,,,,,,10,None,,1.0,8.0,,,,,,,22.0,,,,90,0.08999999999999998
knn,False,949.2822265625,AtomPairs2DCount,random,hcv_ns34a,30784345,0.4033219547836241,0.9201845060536812,0.8462100806151414,0.5842754038413331,23661697,0.41884930367518985,0.9336265629226019,0.8682580404908462,0.6101696385172408,0.7341395323892876,0.7369267671112966,0.7367526356802121,0.7287391943763541,,ball_tree,,,,,,20.0,,,,,,,,,-1.0,3.0,,1.0,,,,uniform,100,0.08999999999999998
rf,False,3729.814453125,AtomPairs2DCount,stratified,hcv_ns34a,13196962,0.3012833194319871,0.9531123408930807,0.9065457939461521,0.4666070141939157,9875855,0.31845137692299,0.9514625776258551,0.9039060423745151,0.4922113372770476,0.7553580444030241,0.7566778890207453,0.7158687170803757,0.7935275271079515,,,,,,,,,,None,log2,,1.0,2.0,100.0,,,,True,,22.0,,True,,80,0.08999999999999998
hgb,False,1446.6025390625,AtomPairs2DCount,stratified,hcv_ns34a,14362360,0.31171174919832056,0.9517318714007467,0.9046639640459594,0.4712814890292932,67071288,0.35724573167468415,0.9439384888950556,0.8896272810443745,0.5275145504312794,0.7295183888250728,0.7531401289164558,0.6809558090250709,0.7544592285336917,,,,,True,,0.0,,0.01,10,,1000.0,8.0,,,100.0,,,,,22.0,,True,,100,0.08999999999999998
svm,False,840.87109375,AtomPairs2DCount,stratified,hcv_ns34a,14867801,0.44004746781989984,0.902580674356713,0.8131912838473181,0.6597059555276569,6506742,0.48184225140747683,0.9099838884380287,0.8256972101083568,0.6629117881972717,0.7291273704985283,0.7064723524287776,0.7302607154151703,0.7506490436516366,1.0,,0.1,3.0,,0.001,,,,,,,,,,,,,,,,True,,,50,0.15999999999999998
dt,False,209.3193359375,AtomPairs2DCount,stratified,hcv_ns34a,4307208,0.36502085735124384,0.9304243313067609,0.8651432354168046,0.5605162462294332,3915054,0.31302138265921375,0.9542912947079946,0.9070959910880027,0.4839726280310415,0.7187249400739472,0.7105292021441565,0.7103697987224081,0.7352758193552773,,,,,,,,,,20,sqrt,,1.0,8.0,,,,,,,22.0,,,,100,0.15999999999999998
knn,False,846.21484375,AtomPairs2DCount,stratified,hcv_ns34a,33382462,0.1896098166322982,0.9584949854564268,0.918620295935002,0.4354215204144602,27030617,0.21182848657532213,0.9488676045144495,0.8979719721831371,0.5071814005220985,0.6900333463280285,0.7059715687493163,0.656833333737289,0.7072951364974798,,kd_tree,,,,,,20.0,,,,,,,,,-1.0,9.0,,1.0,,,,distance,80,0.15999999999999998
rf,False,2925.900390625,AtomPairs2DCount,strict,hcv_ns34a,13312475,0.32537933593031276,0.942430407822622,0.8870354511709501,0.49444344491151876,9476838,0.38399036856616625,0.9266874190370578,0.8532290447192982,0.6739863061506011,0.8114498753953138,0.8055277658195519,0.789396790844796,0.8394250695215935,,,,,,,,,,None,log2,,1.0,3.0,100.0,,,,True,,22.0,,True,,90,0.08999999999999998
hgb,False,723.09375,AtomPairs2DCount,strict,hcv_ns34a,21054478,0.45489537848002387,0.9102101205459974,0.8199316713639848,0.6242581260240891,9111891,0.48497762686522805,0.9247422588168697,0.8429535994079326,0.6971801377919407,0.7723949509581344,0.7214428928170279,0.7748851636140548,0.8208567964433204,,,,,True,,0.0,,0.01,50,,10000.0,16.0,,,100.0,,,,,22.0,,True,,80,0.15999999999999998
svm,False,835.29296875,AtomPairs2DCount,strict,hcv_ns34a,14296663,0.44814571258093616,0.893236938887828,0.7970585741843503,0.6627212420998859,6436981,0.5317578084020653,0.8813363563460265,0.7752047843038302,0.8341123361623435,0.7882854284660906,0.789701713195419,0.7769308374246412,0.7982237347782114,1.0,,0.5,2.0,,0.001,,,,,,,,,,,,,,,,True,,,50,0.15999999999999998
dt,False,204.4052734375,AtomPairs2DCount,strict,hcv_ns34a,4868217,0.44873879341351086,0.9016366963822691,0.8124464148857201,0.6371009059213975,4450250,0.4266230307580281,0.9252151268848486,0.8532941036037971,0.6738369112739633,0.753836482547174,0.7546239150636214,0.6850642907472673,0.8218212418306332,,,,,,,,,,10,log2,,2.0,8.0,,,,,,,22.0,,,,90,0.15999999999999998
knn,False,874.017578125,AtomPairs2DCount,strict,hcv_ns34a,32507987,0.3895076822196535,0.9230742269371073,0.8508222366206706,0.5681952297213344,26533798,0.5350780253307557,0.8723245102569023,0.7555911136201776,0.8697401288741982,0.7845017538883239,0.7798233617120915,0.7576765631849359,0.8160053367679442,,ball_tree,,,,,,10.0,,,,,,,,,-1.0,3.0,,1.0,,,,uniform,80,0.08999999999999998
rf,False,1670.951171875,AtomPairs2D,random,hcv_ns34a,12248555,0.5083889639230494,0.8726579551260012,0.7612186068853317,0.7280377695192949,11104600,0.5699822165858859,0.8768680469031792,0.7680805591228205,0.8095750438195899,0.6664277730290383,0.6997974271495342,0.6620520948951805,0.6374337970424004,,,,,,,,,,20,sqrt,,1.0,4.0,100.0,,,,True,,22.0,,True,,90,0.08999999999999998
hgb,False,1500.7841796875,AtomPairs2D,random,hcv_ns34a,16452956,0.5456626263464467,0.8653671692348452,0.7485966518921277,0.7470319870636417,10808503,0.636495667939475,0.8359094323093347,0.6969570385779056,0.9254237373188839,0.6524919395830675,0.6572435668219434,0.6623129075257153,0.6379193444015439,,,,,True,,0.1,,0.01,20,,99999999.0,8.0,,,100.0,,,,,22.0,,True,,80,0.08999999999999998
svm,False,829.3984375,AtomPairs2D,random,hcv_ns34a,13685350,0.5586040872332867,0.8398918109772814,0.7046841055087197,0.809649553507199,6384582,0.6863604678563301,0.8016397649879079,0.6341390276151014,1.0168258455140597,0.6169034485404804,0.6683378770038013,0.6003829895909303,0.5819894790267095,10.0,,0.0,4.0,,0.01,,,,,,,,,,,,,,,,False,,,80,0.08999999999999998
dt,False,201.9794921875,AtomPairs2D,random,hcv_ns34a,4378251,0.5219399207302305,0.861895078093988,0.7425532119204656,0.7559575495504409,4053539,0.6681726526363663,0.8224943813850948,0.6740661811532155,0.9597392292800101,0.6418518672673269,0.6698719293675376,0.6141953422644946,0.6414883301699484,,,,,,,,,,30,sqrt,,1.0,8.0,,,,,,,22.0,,,,90,0.08999999999999998
knn,False,932.650390625,AtomPairs2D,random,hcv_ns34a,31600343,0.47622156708904845,0.8695461959637797,0.752297370733545,0.7415133559883766,24030764,0.520343032099397,0.871877627423134,0.7555538461304064,0.8311513958475925,0.6258296770065276,0.6810684397961386,0.6132726227222908,0.5831479685011536,,kd_tree,,,,,,50.0,,,,,,,,,-1.0,9.0,,1.0,,,,distance,90,0.08999999999999998
rf,False,1652.5361328125,AtomPairs2D,stratified,hcv_ns34a,11308999,0.5254647876304251,0.8797740243409437,0.7735359702729571,0.7263592178415946,9357324,0.5181781178686565,0.8907581042500468,0.7932430282603251,0.7219941089486074,0.6764057339629895,0.6202414747243532,0.6791382552307932,0.7298374719338225,,,,,,,,,,30,log2,,1.0,4.0,100.0,,,,True,,22.0,,True,,80,0.08999999999999998
hgb,False,1112.5068359375,AtomPairs2D,stratified,hcv_ns34a,11446471,0.5751371572986075,0.8596142991603221,0.737812619781886,0.7815517302390355,8449661,0.5661969596600198,0.8512361363051978,0.7229424534763977,0.835773438205036,0.6415779987822547,0.6107236525408706,0.6058547338023532,0.7081556100035404,,,,,True,,0.01,,0.01,None,,10000.0,8.0,,,100.0,,,,,22.0,,True,,100,0.15999999999999998
svm,False,840.328125,AtomPairs2D,stratified,hcv_ns34a,15007684,0.5008821666224296,0.8673069197863736,0.7429276343103853,0.7738905328809905,6700914,0.4983219662489243,0.874706176916156,0.7552274073688932,0.7855701387874563,0.6634584250264357,0.5769512221596069,0.6674106601199808,0.7460133927997195,100.0,,0.5,3.0,,0.01,,,,,,,,,,,,,,,,False,,,80,0.08999999999999998
dt,False,205.7919921875,AtomPairs2D,stratified,hcv_ns34a,5894796,0.47365892960020645,0.888543503310922,0.786648684389389,0.705016854290165,4384506,0.4695299562358965,0.9022285826140437,0.8128950919416424,0.6868251071943786,0.6562266594700855,0.5966362930205028,0.6725893664677185,0.6994543189220352,,,,,,,,,,10,sqrt,,1.0,2.0,,,,,,,22.0,,,,80,0.08999999999999998
knn,False,579.6591796875,AtomPairs2D,stratified,hcv_ns34a,35548484,0.5452716219088394,0.8632407134112882,0.7418530645224661,0.775506288366511,24045868,0.497175962712618,0.8907545389683421,0.791032301016897,0.725843768945791,0.6429149259776229,0.5542630031502411,0.61885116220556,0.7556306125770678,,auto,,,,,,10.0,,,,,,,,,-1.0,9.0,,1.0,,,,distance,90,0.15999999999999998
rf,False,1818.3271484375,AtomPairs2D,strict,hcv_ns34a,11028420,0.5018961703637923,0.8765303122499949,0.7678009812010793,0.7088849034749547,9915200,0.5119809751860346,0.8897374862163916,0.7788694825385625,0.8272853875714846,0.7556212946555899,0.7453710012669451,0.7425055886048686,0.778987294094956,,,,,,,,,,10,log2,,1.0,2.0,100.0,,,,True,,22.0,,True,,100,0.08999999999999998
hgb,False,645.375,AtomPairs2D,strict,hcv_ns34a,36291559,0.6080689647288744,0.837475253265716,0.6980726717831596,0.8083449872574141,7547931,0.6809416632365621,0.8439726720784402,0.6989334182319005,0.9652999599476182,0.7348967125313761,0.7079099164503846,0.7261784871622634,0.7706017339814806,,,,,True,,0.01,,0.01,20,,1000.0,16.0,,,100.0,,,,,22.0,,True,,90,0.08999999999999998
svm,False,857.015625,AtomPairs2D,strict,hcv_ns34a,13019374,0.5428191050049637,0.8373580879822673,0.6992092668751964,0.8068220591359595,6061359,0.687241251741204,0.8104366778142834,0.6512868905196636,1.0388794355259758,0.7306017148196187,0.6921707774575144,0.7303511604990265,0.7692832065023152,10.0,,0.0,3.0,,0.01,,,,,,,,,,,,,,,,True,,,90,0.08999999999999998
dt,False,198.3291015625,AtomPairs2D,strict,hcv_ns34a,4219263,0.5228457719941166,0.8645062541742861,0.7467871206978578,0.7402670745856279,3891668,0.528584752171184,0.8824678305711281,0.7662785373864411,0.8505117346498975,0.7464133383073235,0.7130990922026784,0.7584314504370228,0.7677094722822693,,,,,,,,,,10,None,,2.0,8.0,,,,,,,22.0,,,,100,0.08999999999999998
knn,False,683.2373046875,AtomPairs2D,strict,hcv_ns34a,34442583,0.5104749860302361,0.8694869342600536,0.7542943500695901,0.7292108283977382,21925605,0.47047705583499533,0.8904080117383995,0.7851252740530157,0.8154994645116651,0.7391827588707208,0.6994183317664034,0.7502692018538691,0.7678607429918896,,brute,,,,,,20.0,,,,,,,,,-1.0,7.0,,1.0,,,,distance,90,0.08999999999999998
rf,False,1285.544921875,EState,random,hcv_ns34a,8135412,0.5828836009577126,0.8315463164480271,0.6907132708717552,0.8285797448100236,6169557,0.710180107910867,0.7996660614306267,0.6359520672632453,1.014303254514547,0.5544868874318385,0.5271314260344937,0.6016111014340426,0.534718134826979,,,,,,,,,,None,sqrt,,1.0,3.0,100.0,,,,True,,22.0,,True,,100,0.08999999999999998
hgb,False,1417.6962890625,EState,random,hcv_ns34a,24556587,0.6303214952026227,0.8239935426573357,0.6766920076332348,0.8471530719160542,9098366,0.8374902957745683,0.7255485625257418,0.5173586436938986,1.167886936788689,0.5290335645724457,0.5230728302450975,0.49291724328872166,0.5711106201835177,,,,,True,,0.1,,0.01,None,,99999999.0,8.0,,,100.0,,,,,22.0,,True,,90,0.08999999999999998
svm,False,669.44921875,EState,random,hcv_ns34a,7881583,0.5693789550662631,0.8228476817207869,0.6753383063362115,0.8489247483539114,2906133,0.7061867314916904,0.7822566400133274,0.6009831204267722,1.0619013388316834,0.5377464485981445,0.5439348979582923,0.5220186925951423,0.5472857552409989,1.0,,0.0,2.0,,1.0,,,,,,,,,,,,,,,,True,,,100,0.08999999999999998
dt,False,185.984375,EState,random,hcv_ns34a,1354891,0.5765719695380381,0.8286031685546031,0.6856093756127906,0.8353884428422167,1277224,0.6991770816111477,0.7889846247164418,0.6142122561582729,1.0441496507014698,0.5309854254172665,0.5625510637579034,0.5225186297361093,0.5078865827577866,,,,,,,,,,None,sqrt,,1.0,2.0,,,,,,,22.0,,,,100,0.15999999999999998
knn,False,511.1171875,EState,random,hcv_ns34a,18033744,0.6025274918984391,0.8190455578310053,0.6656336493638373,0.8615191832506502,17082896,0.653607076478064,0.820104854073442,0.671857930587566,0.9629849297307551,0.5305320233454008,0.5153488009137603,0.5613945433216634,0.5148527258007789,,ball_tree,,,,,,40.0,,,,,,,,,-1.0,9.0,,1.0,,,,distance,100,0.08999999999999998
rf,False,7201.939453125,EState,stratified,hcv_ns34a,66379587,0.6131430855388738,0.8231125493794822,0.6774947561202944,0.8668026435080386,48383311,0.6545953390663743,0.8065604822947106,0.6503900920446866,0.9388483312848463,0.5921278806344666,0.6118916982561446,0.5377448170057121,0.626747126641543,,,,,,,,,,30,log2,,1.0,2.0,1000.0,,,,True,,22.0,,True,,90,0.08999999999999998
hgb,False,1418.5498046875,EState,stratified,hcv_ns34a,13104958,0.6556818362941664,0.8079275197148933,0.6522612438924962,0.9000743488994426,9049715,0.6843555320392192,0.7972107791292612,0.6335956584412492,0.9611338617633663,0.5660026905072746,0.577614374765125,0.49628788039528793,0.6241058163614107,,,,,True,,0.1,,0.01,None,,1000.0,8.0,,,100.0,,,,,22.0,,True,,90,0.08999999999999998
svm,False,666.43359375,EState,stratified,hcv_ns34a,8492341,0.6046691270736891,0.7906675972102984,0.6171104885014835,0.944470878933427,3038104,0.6922417014252071,0.7448138625697927,0.5443775308218295,1.0717812110095501,0.5860509263834419,0.6176992747872933,0.5226724997135013,0.6177810046495311,200.0,,0.0,2.0,,1.0,,,,,,,,,,,,,,,,False,,,90,0.08999999999999998
dt,False,184.046875,EState,stratified,hcv_ns34a,1461009,0.674609373957079,0.7899844192402379,0.6237389217399636,0.9362600331107122,1450223,0.7558738311959108,0.7462718693759384,0.5546815801735635,1.0595925651905733,0.5886370297542355,0.624481768852504,0.5088347164718285,0.6325946039383742,,,,,,,,,,20,None,,1.0,4.0,,,,,,,22.0,,,,80,0.08999999999999998
knn,False,462.1572265625,EState,stratified,hcv_ns34a,20803943,0.6555468830786276,0.8124651477721586,0.652378061689038,0.8999231527324083,19580255,0.6688746559620662,0.7946318387168878,0.6246119116944778,0.9728453703133669,0.5778954990267818,0.5542185824696115,0.5565926583664729,0.6228752562442612,,brute,,,,,,20.0,,,,,,,,,-1.0,9.0,,1.0,,,,distance,90,0.08999999999999998
rf,False,6535.2421875,EState,strict,hcv_ns34a,62964505,0.6089067483142125,0.8163533681432601,0.6629064921772507,0.8541236194032678,45951828,0.7363799359968355,0.8078635478411832,0.62851518784498,1.0722635514965728,0.6585003918945079,0.7003964912862862,0.5823347401139194,0.6927699442833182,,,,,,,,,,20,log2,,1.0,2.0,1000.0,,,,True,,22.0,,True,,90,0.15999999999999998
hgb,False,691.6982421875,EState,strict,hcv_ns34a,7302066,0.7453700556419365,0.7240791277858191,0.5222134824514735,1.0168630879136882,4324965,0.8508951153971148,0.754959317929802,0.5664097930466733,1.158432530482124,0.6345191064290693,0.6093385473332795,0.6062450641652473,0.6879737077886809,,,,,True,,0.01,,0.01,10,,1000.0,8.0,,,100.0,,,,,22.0,,True,,90,0.15999999999999998
svm,False,663.15625,EState,strict,hcv_ns34a,8306741,0.5445031705338892,0.82473410168471,0.673346012631288,0.8407938366292961,2847368,0.6595587047863019,0.81351864069618,0.6435421546165285,1.0503525669329277,0.6828222735905842,0.7427511614388098,0.62500985259537,0.6807058067375729,200.0,,0.0,2.0,,1.0,,,,,,,,,,,,,,,,True,,,100,0.15999999999999998
dt,False,183.1806640625,EState,strict,hcv_ns34a,1632656,0.711032680858934,0.7347148558266219,0.5332599465672243,1.0050393672328501,1393827,0.7686255587589983,0.7789111281006175,0.6036761867318197,1.1075315232744354,0.646048523835601,0.6544463061195522,0.6114048376335486,0.6722944277537022,,,,,,,,,,30,sqrt,,2.0,4.0,,,,,,,22.0,,,,90,0.15999999999999998
knn,False,503.5546875,EState,strict,hcv_ns34a,19453908,0.5635225796618006,0.8216867405179606,0.6573330216412253,0.8611556692562122,18626206,0.6935701303824451,0.8120207683247059,0.6509951672843779,1.03931389282679,0.6403439581806459,0.7119153430831299,0.5515094752260643,0.6576070562327433,,ball_tree,,,,,,10.0,,,,,,,,,-1.0,9.0,,1.0,,,,distance,100,0.15999999999999998
rf,False,2313.44140625,CDKextended,random,hcv_ns34a,13891904,0.37725254283202314,0.9327862153683248,0.8675049784643817,0.5423172886979891,10150353,0.42240165038641503,0.9381722282453573,0.8758379335198204,0.5923562845374158,0.7577266673881079,0.7502588638594896,0.7823731362323895,0.7405480020724449,,,,,,,,,,30,log2,,1.0,4.0,100.0,,,,True,,22.0,,True,,80,0.15999999999999998
hgb,False,813.85546875,CDKextended,random,hcv_ns34a,16139509,0.4607567330166899,0.9081455316138793,0.8209851504777144,0.6303738639853,11093309,0.5013006085092832,0.8950942531410081,0.8002454092052264,0.7513407065518196,0.7636089445731656,0.7577362879279399,0.7800666921928695,0.7530238535986877,,,,,True,,0.0,,0.01,20,,10000.0,32.0,,,100.0,,,,,22.0,,True,,80,0.08999999999999998
svm,False,1604.86328125,CDKextended,random,hcv_ns34a,38111484,0.33137790434076103,0.9346124808866771,0.8731355967531674,0.5306688067284887,12898143,0.34050668990438593,0.9441047366353389,0.888997826387409,0.5600854310055957,0.7866044358556791,0.7894896624895154,0.7983749494232776,0.771948695654244,10.0,,0.0,3.0,,0.005,,,,,,,,,,,,,,,,False,,,80,0.15999999999999998
dt,False,219.212890625,CDKextended,random,hcv_ns34a,6109920,0.36318608505177175,0.9200875441747781,0.8452190561038927,0.5861549204600764,5347429,0.4257109658816472,0.9159803999077794,0.8360276725460102,0.6807283140835293,0.7057202305139606,0.7005345174958961,0.7725956671130876,0.6440305069328978,,,,,,,,,,20,sqrt,,1.0,8.0,,,,,,,22.0,,,,90,0.08999999999999998
knn,False,1547.119140625,CDKextended,random,hcv_ns34a,89583932,0.4336713356129499,0.9102149043222386,0.8237186638425942,0.6255425216188714,56550117,0.48320629542096666,0.9261669619939406,0.8511768219302742,0.6485206683677747,0.7321183719988502,0.7589276803113988,0.7383543444529725,0.6990730912321796,,brute,,,,,,20.0,,,,,,,,,-1.0,3.0,,2.0,,,,uniform,80,0.15999999999999998
rf,False,2373.4306640625,CDKextended,stratified,hcv_ns34a,14901361,0.37476121200620405,0.9410984893632514,0.8818357190673355,0.5246805257878883,10719331,0.36832160559473354,0.9488527360668809,0.8977809095515756,0.5076560646465357,0.744705260946492,0.7391166563859654,0.7019895312317582,0.7930095952217526,,,,,,,,,,20,log2,,1.0,4.0,100.0,,,,True,,22.0,,True,,90,0.08999999999999998
hgb,False,1135.3994140625,CDKextended,stratified,hcv_ns34a,326399945,0.4657883663505662,0.9132867817471129,0.8321772799623492,0.6252838542790939,21825461,0.47082834115474487,0.9167796848786739,0.839666420834415,0.6357931088538876,0.7220345088434771,0.6872867366275466,0.7103619652230342,0.7684548246798508,,,,,True,,0.0,,0.01,50,,99999999.0,64.0,,,100.0,,,,,22.0,,True,,90,0.08999999999999998
svm,False,1572.91796875,CDKextended,stratified,hcv_ns34a,35387567,0.3141393725499634,0.946157492912633,0.8948410120744874,0.49496562174176356,12246761,0.3161992498946794,0.9492038036658234,0.9006230117880041,0.5005488730787125,0.7542731962730927,0.7627940678228773,0.7079076016802309,0.7921179193161701,10.0,,0.5,3.0,,0.005,,,,,,,,,,,,,,,,True,,,80,0.15999999999999998
dt,False,217.876953125,CDKextended,stratified,hcv_ns34a,6444860,0.41316089139846585,0.9142616404665085,0.8356384310392938,0.6188023808484652,5313795,0.42899097595113944,0.8977568207545339,0.8033069927962202,0.7042032624994067,0.7144566235788613,0.7191019229857724,0.6694441532581143,0.7548237944926972,,,,,,,,,,20,log2,,1.0,8.0,,,,,,,22.0,,,,80,0.08999999999999998
knn,False,1562.634765625,CDKextended,stratified,hcv_ns34a,50508790,0.2577918746851288,0.9467299011812903,0.895009242880611,0.49456954625370037,35896516,0.2554763666285953,0.9634926549363869,0.9279602396423732,0.4261767001784134,0.7103565661130321,0.7157504188350636,0.6403848971726841,0.7749343823313488,,auto,,,,,,10.0,,,,,,,,,-1.0,9.0,,1.0,,,,distance,80,0.15999999999999998
rf,False,2765.5625,CDKextended,strict,hcv_ns34a,14548922,0.35368136861679744,0.9381647046638865,0.8784713658645175,0.5128434888159007,10291945,0.4199108823303675,0.9295602579789369,0.8599445463187081,0.6583866628377982,0.7980233634031996,0.8187492577026088,0.7647897571152255,0.8105310753917645,,,,,,,,,,20,log2,,1.0,3.0,100.0,,,,True,,22.0,,True,,90,0.08999999999999998
hgb,False,685.1220703125,CDKextended,strict,hcv_ns34a,17508563,0.5067798483684913,0.8865014173356875,0.7844240630312588,0.683039278524409,12500000,0.6424500477966699,0.8568979575897823,0.733416906390689,0.9083376463857571,0.780610605881248,0.8324383874257658,0.7149665444777493,0.7944268857402289,,,,,True,,0.1,,0.01,20,,10000.0,64.0,,,100.0,,,,,22.0,,True,,90,0.08999999999999998
svm,False,1770.06640625,CDKextended,strict,hcv_ns34a,46812004,0.3142106573879692,0.9348403431210632,0.8727674633708598,0.5247405551573834,15082767,0.35503141906138713,0.9336932989228688,0.8706991161470887,0.6326037457108057,0.7932648975440576,0.8358026689163622,0.7184643353809086,0.8255276883349021,10.0,,0.1,3.0,,0.005,,,,,,,,,,,,,,,,True,,,90,0.15999999999999998
dt,False,234.2705078125,CDKextended,strict,hcv_ns34a,5933784,0.2979027785190847,0.9322468274705461,0.8673134800608427,0.5358693769974503,5225685,0.34718355638420306,0.9248529945424863,0.852057910988625,0.6766699426009662,0.7365470213750692,0.7700098524366712,0.7299519235093117,0.7096792881792247,,,,,,,,,,20,log2,,1.0,3.0,,,,,,,22.0,,,,80,0.08999999999999998
knn,False,4270.8271484375,CDKextended,strict,hcv_ns34a,54999022,0.23595987655787276,0.9508416853552999,0.9034116092537401,0.4572018749402115,37799967,0.2522855970223875,0.9339128037226728,0.8667586640091897,0.6421707225974136,0.7530757514537028,0.7604920376949759,0.7013642719822404,0.7973709446838921,,kd_tree,,,,,,30.0,,,,,,,,,-1.0,9.0,,1.0,,,,distance,80,0.08999999999999998
rf,False,2352.0634765625,CDK,random,hcv_ns34a,13829823,0.38078832278605557,0.9341261317109951,0.8696920191201637,0.5378227603222102,10091016,0.41722157105699614,0.9421813979147701,0.8824234952610454,0.5764329621817229,0.7596396022496569,0.7499804331075349,0.7820772525594042,0.7468611210820315,,,,,,,,,,30,log2,,1.0,4.0,100.0,,,,True,,22.0,,True,,90,0.15999999999999998
hgb,False,1007.8662109375,CDK,random,hcv_ns34a,19109919,0.4393495377183878,0.9149760465029002,0.8351012610471146,0.6050096988464029,13438383,0.5035074730399831,0.9136065706526463,0.8312824524825513,0.69050791533593,0.7465885929690321,0.7450171345038128,0.7614330867317884,0.7333155576714954,,,,,True,,0.0,,0.01,20,,10000.0,32.0,,,100.0,,,,,22.0,,True,,90,0.15999999999999998
svm,False,1535.0625,CDK,random,hcv_ns34a,34843448,0.33537302361511934,0.9356369486075731,0.8750663089587682,0.5266152786446254,12357473,0.3523162239215708,0.9412651760501196,0.8844379948263106,0.5714734637225032,0.7683093061405954,0.747896371963953,0.783081034721876,0.7739505117359574,10.0,,0.1,3.0,,0.005,,,,,,,,,,,,,,,,True,,,80,0.15999999999999998
dt,False,205.955078125,CDK,random,hcv_ns34a,5754923,0.45823601540129255,0.9090533989652453,0.8263619049976183,0.6208349761084234,5067010,0.4975692238727421,0.9026267574556791,0.8135564829956392,0.7258755660553775,0.7033337972665169,0.7477629511464512,0.6660414134330993,0.6961970272200004,,,,,,,,,,30,log2,,2.0,8.0,,,,,,,22.0,,,,80,0.15999999999999998
knn,False,2715.6552734375,CDK,random,hcv_ns34a,43261639,0.41022442827327166,0.9193184654555123,0.8437123265535653,0.5890010007775929,38734925,0.45458982007122,0.9316095229692076,0.8665194315147549,0.6141826701372918,0.7482268827058339,0.7705740033968529,0.755169219021844,0.7189374256988046,,kd_tree,,,,,,20.0,,,,,,,,,-1.0,3.0,,2.0,,,,uniform,80,0.15999999999999998
rf,False,2740.0771484375,CDK,stratified,hcv_ns34a,14030491,0.35598611076599,0.9447829032449477,0.8902603118380771,0.5056310060964933,10775212,0.3504382359453679,0.9558061200979882,0.9115439035943004,0.4722450969849252,0.746209659503006,0.7331886838765793,0.7140007954245883,0.7914394992078507,,,,,,,,,,20,log2,,1.0,3.0,100.0,,,,True,,22.0,,True,,90,0.15999999999999998
hgb,False,1394.671875,CDK,stratified,hcv_ns34a,13561130,0.3832056677057377,0.9304665972000041,0.8648335807621809,0.5611593987797676,9617838,0.38570284016131406,0.941072441387954,0.8831941873708445,0.5426699834778171,0.7036669216137271,0.7218546376069164,0.6497051778333679,0.7394409494008972,,,,,True,,0.01,,0.01,50,,1000.0,8.0,,,100.0,,,,,22.0,,True,,90,0.15999999999999998
svm,False,1641.00390625,CDK,stratified,hcv_ns34a,38656953,0.3213305041529979,0.9411082283993447,0.885570735148985,0.5163217151773768,13194356,0.31074167457653096,0.9540921095681757,0.9098566637449559,0.47672769925254166,0.755033409183413,0.7593069720842479,0.7112091099123545,0.7945841455536368,10.0,,0.0,4.0,,0.005,,,,,,,,,,,,,,,,False,,,90,0.15999999999999998
dt,False,206.376953125,CDK,stratified,hcv_ns34a,5643140,0.4338039020070619,0.9079687867629859,0.8214080365216146,0.6450342759208078,5109829,0.4466772636971768,0.917458542572877,0.8413670591736104,0.6324122305878258,0.7010927040341864,0.70857464480877,0.636820821218743,0.7578826460750464,,,,,,,,,,30,None,,4.0,2.0,,,,,,,22.0,,,,90,0.15999999999999998
knn,False,1494.455078125,CDK,stratified,hcv_ns34a,35191646,0.2584266572876379,0.9470266292910272,0.8957826939712459,0.4927444691035131,21906996,0.2676680189246678,0.9616611495090565,0.9240890918531954,0.4374774441497941,0.7099187240650973,0.7219257806577857,0.6422137029862982,0.765616688551208,,brute,,,,,,10.0,,,,,,,,,-1.0,9.0,,1.0,,,,distance,80,0.15999999999999998
rf,False,1445.4052734375,CDK,strict,hcv_ns34a,13364472,0.38630062169664875,0.9258259207192255,0.8560931208953941,0.5580669648609973,10089719,0.4776544121907221,0.9037647621231664,0.8149777992542435,0.7567334533336072,0.7922203506513154,0.8039563045710765,0.7637184078196656,0.8089863395632039,,,,,,,,,,20,None,,2.0,8.0,100.0,,,,True,,22.0,,True,,90,0.08999999999999998
hgb,False,542.6767578125,CDK,strict,hcv_ns34a,10919143,0.5404702343972428,0.8750256471338029,0.7610193146789341,0.7191623429802901,8491092,0.7450536305920011,0.7887956192617079,0.6218782127054329,1.0817997165756819,0.7746188488809777,0.776842970539799,0.75002108680428,0.7969924892988539,,,,,True,,0.01,,0.01,20,,99999999.0,32.0,,,100.0,,,,,22.0,,True,,90,0.15999999999999998
svm,False,2451.3203125,CDK,strict,hcv_ns34a,65909885,0.3069392278889579,0.9369378203992627,0.8764949944790243,0.5169967550701369,19505745,0.3340911998733864,0.9353777959263009,0.8725746514003387,0.6279989642907896,0.7797165170082666,0.8215055018567485,0.7120389320163003,0.8056051171517511,10.0,,0.5,2.0,,0.005,,,,,,,,,,,,,,,,False,,,90,0.08999999999999998
dt,False,203.650390625,CDK,strict,hcv_ns34a,5800186,0.5267038771780084,0.8680814638450226,0.7527967754011587,0.7314297206178851,5068116,0.5861970899042869,0.8589709084641614,0.7360005762363737,0.9039252161660912,0.7386576484796287,0.753080824418345,0.7076783802685382,0.7552137407520029,,,,,,,,,,20,sqrt,,4.0,3.0,,,,,,,22.0,,,,80,0.15999999999999998
knn,False,3034.7724609375,CDK,strict,hcv_ns34a,42537502,0.49394725662813427,0.8878878790021316,0.7819241887195002,0.6869882133569616,22204643,0.5637018120888547,0.884655513091462,0.7738400543007455,0.8366404496761161,0.7513330639130998,0.7741448045814037,0.6862202674578725,0.7936341197000231,,kd_tree,,,,,,10.0,,,,,,,,,-1.0,5.0,,2.0,,,,uniform,80,0.15999999999999998
rf,False,2605.4716796875,CDKgraphonly,random,hcv_ns34a,14260259,0.3585398344064523,0.940791347588322,0.8848378843647382,0.505601655107906,9696178,0.42113506153055347,0.9411481433670066,0.8818417492635153,0.5778572424656383,0.7530632648082412,0.7410858745542757,0.7619717486798969,0.756132171190551,,,,,,,,,,20,sqrt,,1.0,3.0,100.0,,,,True,,22.0,,True,,90,0.08999999999999998
hgb,False,1185.046875,CDKgraphonly,random,hcv_ns34a,16426750,0.4252188280915283,0.9231375749607452,0.849718331110242,0.5775727225033408,11224811,0.5273622610115175,0.8923492093616746,0.7959902836496963,0.7593009799325701,0.7263562068701278,0.7288179057313364,0.7311595057619646,0.7190912091170822,,,,,True,,0.01,,0.01,None,,1000.0,16.0,,,100.0,,,,,22.0,,True,,100,0.08999999999999998
svm,False,1684.30859375,CDKgraphonly,random,hcv_ns34a,40491706,0.3711773003890929,0.9298218889974594,0.8640360543618073,0.5493707709341247,14156154,0.3913970179903895,0.9330117384252556,0.8671943006494633,0.6126280686965723,0.7471211435328954,0.733766852587836,0.7497151593783299,0.7578814186325206,10.0,,0.0,2.0,,0.005,,,,,,,,,,,,,,,,False,,,100,0.08999999999999998
dt,False,214.8095703125,CDKgraphonly,random,hcv_ns34a,5496122,0.42515801752375393,0.9046544550769754,0.8175150594987558,0.6364542410300663,4936087,0.4875537836955875,0.9144818284271018,0.835959091973111,0.6808706547397292,0.723331527634241,0.7192230699442002,0.7000766207948919,0.750694892163631,,,,,,,,,,None,sqrt,,1.0,8.0,,,,,,,22.0,,,,80,0.15999999999999998
knn,False,1723.9111328125,CDKgraphonly,random,hcv_ns34a,32914620,0.4303366527631959,0.9165252334092809,0.8383944722738218,0.598937872370172,24723352,0.5275576896018903,0.9045301238333112,0.8157801049871942,0.7215339982189386,0.7269003065646981,0.7777804392984181,0.7228414732775545,0.6800790071181211,,ball_tree,,,,,,30.0,,,,,,,,,-1.0,3.0,,1.0,,,,uniform,80,0.15999999999999998
rf,False,17207.3125,CDKgraphonly,stratified,hcv_ns34a,91287931,0.384967619793771,0.9346998814667625,0.8726615822837758,0.5446676247172041,59811025,0.39586976445236677,0.9435126851579766,0.8895125368269742,0.5277886830310254,0.757280358765588,0.7346115411834382,0.7264634266624533,0.8107661084508723,,,,,,,,,,20,sqrt,,1.0,4.0,1000.0,,,,True,,22.0,,True,,80,0.08999999999999998
hgb,False,1252.361328125,CDKgraphonly,stratified,hcv_ns34a,16857005,0.4492366658646939,0.9162767249343684,0.8391602770891738,0.6121368085572683,11322349,0.47384903158597275,0.9175664573689013,0.8412243715424954,0.6326965886788045,0.7121050433401651,0.7054538655500993,0.6708817304294181,0.7599795340409778,,,,,True,,0.1,,0.01,50,,10000.0,16.0,,,100.0,,,,,22.0,,True,,80,0.08999999999999998
svm,False,1458.96875,CDKgraphonly,stratified,hcv_ns34a,38213319,0.3364777167824569,0.9384019553341796,0.8804344062074831,0.5277824554952198,13161545,0.3577191122658775,0.9394298624125028,0.8825186325137585,0.5442370065265454,0.7595169966905465,0.754817825588629,0.7043171757250309,0.8194159887579796,10.0,,0.5,3.0,,0.01,,,,,,,,,,,,,,,,False,,,80,0.08999999999999998
dt,False,207.681640625,CDKgraphonly,stratified,hcv_ns34a,5652805,0.519731391258332,0.878962913804767,0.7721593871356236,0.7285634949742003,5067749,0.5245884774265921,0.8940363707785103,0.798657249901736,0.7124781839235929,0.7055851870312644,0.6763983099763681,0.7169187818377707,0.7234384692796545,,,,,,,,,,10,sqrt,,4.0,4.0,,,,,,,22.0,,,,90,0.08999999999999998
knn,False,1049.443359375,CDKgraphonly,stratified,hcv_ns34a,35176208,0.3311195893628471,0.93068135160934,0.8634629886924796,0.563997310451123,35280925,0.3342169666797306,0.9509345797529919,0.9040855650171715,0.49175134795644243,0.7096823595886163,0.7020218370301379,0.6445929444913283,0.7824322972443827,,auto,,,,,,10.0,,,,,,,,,-1.0,9.0,,1.0,,,,distance,80,0.15999999999999998
rf,False,2615.974609375,CDKgraphonly,strict,hcv_ns34a,14113482,0.37878233321159177,0.9295711097528425,0.8634635095420911,0.5435880556038806,10040672,0.4095059071395206,0.9440249597457431,0.8888417455076493,0.5865457219363327,0.7948924064720749,0.811767873388777,0.7484781397702054,0.8244312062572425,,,,,,,,,,30,sqrt,,1.0,3.0,100.0,,,,True,,22.0,,True,,90,0.08999999999999998
hgb,False,884.0234375,CDKgraphonly,strict,hcv_ns34a,52811801,0.488588715473648,0.8903477305418049,0.7918337340055042,0.671198092485815,9331054,0.5589066847531777,0.9108799371860931,0.8274672311657255,0.7307466083247489,0.7808968703573776,0.7684736395462539,0.7490647490297295,0.8251522224961496,,,,,True,,0.1,,0.01,50,,10000.0,16.0,,,100.0,,,,,22.0,,True,,90,0.08999999999999998
svm,False,1547.58203125,CDKgraphonly,strict,hcv_ns34a,36485641,0.3455947843681543,0.9281435040797221,0.8606847069970147,0.5490917693616938,12559126,0.34134604407196584,0.9507543714225576,0.9015031458292916,0.5521310770059622,0.7822665829090663,0.8022635093354078,0.7256026113888472,0.8189336280029438,10.0,,0.5,3.0,,0.01,,,,,,,,,,,,,,,,True,,,90,0.08999999999999998
dt,False,210.041015625,CDKgraphonly,strict,hcv_ns34a,6114310,0.5220165850203976,0.8679898709913635,0.7516448682201939,0.7331318827194452,5641550,0.4751240056826793,0.9259674123777645,0.8550271422925232,0.6698450651590361,0.7517083283783345,0.7471826380962813,0.747054497050555,0.7608878499881668,,,,,,,,,,10,sqrt,,2.0,8.0,,,,,,,22.0,,,,90,0.08999999999999998
knn,False,1164.71875,CDKgraphonly,strict,hcv_ns34a,59885549,0.5240040583247657,0.8729311249791828,0.7579032626916165,0.7238357114511765,25642454,0.6375219184848223,0.8543330339777039,0.7180489413519755,0.9341527079745964,0.758797810759968,0.7764020238745694,0.7054884937527938,0.7945029146525407,,brute,,,,,,20.0,,,,,,,,,-1.0,7.0,,2.0,,,,uniform,90,0.15999999999999998
rf,False,2022.0654296875,KlekotaRothCount,random,hcv_ns34a,27191967,0.37469535692676603,0.9384348966249552,0.8781124889910118,0.5201555945979218,23788467,0.3644087428271536,0.9537071043901693,0.9071349751885283,0.5122885201599853,0.7793058506560423,0.7731643416848759,0.820792054870555,0.7439611554126958,,,,,,,,,,10,log2,,1.0,3.0,100.0,,,,True,,22.0,,True,,90,0.15999999999999998
hgb,False,2057.828125,KlekotaRothCount,random,hcv_ns34a,90835885,0.3643436881597592,0.9405192394206643,0.8829411017383488,0.5097484169952881,272832765,0.37663021660489554,0.9436074897052616,0.889663147619191,0.5584043973335485,0.7524027549804219,0.7363338422134945,0.7862133808246834,0.7346610419030879,,,,,True,,0.1,,0.01,None,,10000.0,32.0,,,100.0,,,,,22.0,,True,,100,0.08999999999999998
svm,False,1519.4482421875,KlekotaRothCount,random,hcv_ns34a,53006905,0.336138209569895,0.9353442499473866,0.8744212875030486,0.5279729622565951,26437933,0.3677996937525978,0.9321859253749002,0.8640850582452902,0.6197579922469092,0.7839294672656218,0.7887529131005481,0.8057072226722131,0.7573282660241042,10.0,,0.0,2.0,,0.001,,,,,,,,,,,,,,,,False,,,100,0.08999999999999998
dt,False,279.96484375,KlekotaRothCount,random,hcv_ns34a,19416137,0.49469648225224505,0.8878001315421603,0.7867695200189199,0.6879839582236816,18807935,0.4944750593456305,0.9090616296918649,0.8248225987224972,0.7036028242629484,0.7365454799324073,0.7643242710046299,0.7794249935147732,0.6658871752778188,,,,,,,,,,10,log2,,4.0,3.0,,,,,,,22.0,,,,90,0.15999999999999998
knn,False,1415.5546875,KlekotaRothCount,random,hcv_ns34a,48443181,0.45165900643388585,0.9049739450296541,0.8176230909207697,0.6362658220964114,46918443,0.5198524789615154,0.8903636964700117,0.7864342286275822,0.776880746968565,0.7588904109692635,0.8016887574514017,0.7854875490201974,0.6894949264361911,,kd_tree,,,,,,40.0,,,,,,,,,-1.0,5.0,,2.0,,,,uniform,90,0.08999999999999998
rf,False,8845.4306640625,KlekotaRothCount,stratified,hcv_ns34a,57958079,0.34120638510669926,0.9543593087679181,0.9063298635390534,0.4671457620701104,44979711,0.35183409771394786,0.9610500449209503,0.9200721046489648,0.4489032620824899,0.7783657683507226,0.773185703084297,0.7669577579060642,0.7949538440618067,,,,,,,,,,10,log2,,1.0,2.0,500.0,,,,True,,22.0,,True,,90,0.08999999999999998
hgb,False,1276.666015625,KlekotaRothCount,stratified,hcv_ns34a,75370403,0.39536204173397765,0.9368960681387272,0.876649277097486,0.5360714599899059,36867086,0.4808489877511825,0.9173977225766968,0.8384453717214464,0.6382095151314137,0.743295463491461,0.7263222095686619,0.7614244232776224,0.742139757628099,,,,,True,,0.1,,0.01,10,,10000.0,32.0,,,100.0,,,,,22.0,,True,,80,0.15999999999999998
svm,False,1403.7763671875,KlekotaRothCount,stratified,hcv_ns34a,46716881,0.33908098601396347,0.9405729146561895,0.8838920089499341,0.520095255770494,25550436,0.3596669177774327,0.9446664270105054,0.8913391466051181,0.5234077253792739,0.7804264535749356,0.7506159728269396,0.8099741919668149,0.7806891959310519,10.0,,0.5,2.0,,0.001,,,,,,,,,,,,,,,,True,,,90,0.08999999999999998
dt,False,300.3203125,KlekotaRothCount,stratified,hcv_ns34a,19824997,0.3143691433730863,0.934883453418041,0.8721512826664908,0.5457578918263661,18772703,0.3128742723215105,0.9199649628490305,0.8401411126018378,0.6348512304501231,0.7489696229726555,0.754552885231421,0.7314864561163981,0.7608695275701473,,,,,,,,,,20,sqrt,,1.0,4.0,,,,,,,22.0,,,,90,0.15999999999999998
knn,False,1269.529296875,KlekotaRothCount,stratified,hcv_ns34a,46769894,0.19146587820988598,0.9689751332619526,0.9382919784307934,0.3791601166108153,40198082,0.17741545420678403,0.9804308684849742,0.9593903565377158,0.31997655695029364,0.7459733400996743,0.7474503888663728,0.7195571099257556,0.7709125215068943,,ball_tree,,,,,,50.0,,,,,,,,,-1.0,7.0,,1.0,,,,distance,80,0.08999999999999998
rf,False,1995.857421875,KlekotaRothCount,strict,hcv_ns34a,26944850,0.3543677987083431,0.9388361780981019,0.8795444066518984,0.5105743853057843,23572829,0.4156604883279516,0.9398951307373493,0.8814096378612633,0.6058368837532992,0.8171472321352445,0.8080287903737537,0.8075260639956219,0.8358868420363578,,,,,,,,,,10,sqrt,,1.0,3.0,100.0,,,,True,,22.0,,True,,90,0.15999999999999998
hgb,False,916.0029296875,KlekotaRothCount,strict,hcv_ns34a,39541073,0.428053485919299,0.9150367668730333,0.8330834053777465,0.6010288172779831,22772486,0.48684538706192987,0.9206268682439729,0.8451482558263246,0.6922916014728911,0.795667744034518,0.8054211634644961,0.7599599752190053,0.8216220934200529,,,,,True,,0.1,,0.01,None,,10000.0,16.0,,,100.0,,,,,22.0,,True,,80,0.15999999999999998
svm,False,1426.6826171875,KlekotaRothCount,strict,hcv_ns34a,49604337,0.3411778421293134,0.9278184035250022,0.8600480495801023,0.5503449873662272,25910992,0.33834506509559586,0.9549801167830673,0.9108976112126055,0.5251407087906976,0.7991669924542162,0.8094240627271263,0.7716322074919211,0.8164447071436014,10.0,,0.0,3.0,,0.001,,,,,,,,,,,,,,,,True,,,90,0.08999999999999998
dt,False,282.18359375,KlekotaRothCount,strict,hcv_ns34a,19431249,0.4269132012850764,0.9096295517274904,0.8272059091645075,0.6115190360629915,18612507,0.525076616935779,0.892040000372519,0.7933972957908,0.7996482905027539,0.7744716406077504,0.7790625032710328,0.7642155588852714,0.7801368596669471,,,,,,,,,,10,log2,,2.0,8.0,,,,,,,22.0,,,,100,0.15999999999999998
knn,False,1600.9814453125,KlekotaRothCount,strict,hcv_ns34a,48378686,0.4031393173072231,0.9168384457732669,0.839969689608249,0.5885002630938437,42699145,0.5116098929894946,0.9148508804828025,0.8367875525030049,0.7107349153929254,0.7800886246302293,0.7556973589796735,0.7706129960748408,0.8139555188361737,,ball_tree,,,,,,10.0,,,,,,,,,-1.0,3.0,,1.0,,,,uniform,100,0.08999999999999998
rf,False,12634.74609375,KlekotaRoth,random,hcv_ns34a,89735955,0.431397610264435,0.9192587486970332,0.8440838333620914,0.5883005358325597,66919551,0.43517194546181726,0.942376907484875,0.8863234524662623,0.5667923395682398,0.7631868763001936,0.7667598366680513,0.7749626890898893,0.7478381031426403,,,,,,,,,,10,None,,1.0,4.0,1000.0,,,,True,,22.0,,True,,80,0.15999999999999998
hgb,False,937.392578125,KlekotaRoth,random,hcv_ns34a,41435536,0.5719879680337628,0.8757341551110166,0.7540927907698005,0.7388211173442123,30791117,0.6587067580132782,0.8526632158470583,0.7218556807540265,0.8865916394233596,0.7450539314999601,0.7501205885799224,0.7449143249339771,0.7401268809859807,,,,,True,,0.1,,0.01,50,,99999999.0,64.0,,,100.0,,,,,22.0,,True,,90,0.08999999999999998
svm,False,1382.236328125,KlekotaRoth,random,hcv_ns34a,47167435,0.35759644131525653,0.9318922154773615,0.8684151004905211,0.5404514622244235,25758665,0.3752100304526308,0.9277685071561836,0.855925819398925,0.6380895224698703,0.7721954216613401,0.7705445295303119,0.7820609704973667,0.7639807649563419,10.0,,0.0,2.0,,0.01,,,,,,,,,,,,,,,,False,,,100,0.08999999999999998
dt,False,280.8203125,KlekotaRoth,random,hcv_ns34a,19792333,0.4637590670583025,0.898238972147914,0.805893518908749,0.6564077316419753,18532523,0.39693465750925655,0.9435599735597997,0.8897853543144463,0.5580950733837234,0.7382176792811994,0.7288203892526193,0.7319499300810485,0.7538827185099307,,,,,,,,,,20,sqrt,,1.0,8.0,,,,,,,22.0,,,,90,0.15999999999999998
knn,False,1247.234375,KlekotaRoth,random,hcv_ns34a,46143352,0.39956425946162594,0.9219150398572845,0.8415900369451627,0.5929866497620203,36686513,0.3345562380181272,0.9453751506772419,0.8930145041676839,0.549858554769415,0.7232740205099807,0.733110755825761,0.7434296427563465,0.6932816629478347,,ball_tree,,,,,,10.0,,,,,,,,,-1.0,7.0,,2.0,,,,distance,80,0.15999999999999998
rf,False,10999.99609375,KlekotaRoth,stratified,hcv_ns34a,59380975,0.36302840834695327,0.9454921769520557,0.8919518968769936,0.5017188409081522,45102870,0.3833957623652404,0.9512845484610212,0.9011312139473604,0.49926735874475003,0.7629564683058376,0.7364246029866292,0.7586045433782098,0.7938402585526739,,,,,,,,,,20,sqrt,,1.0,3.0,500.0,,,,True,,22.0,,True,,90,0.08999999999999998
hgb,False,1611.21484375,KlekotaRoth,stratified,hcv_ns34a,29267457,0.3997654160230691,0.9387323542987015,0.8803553406823104,0.5279569308578391,24335576,0.4887338055833398,0.9204236235561852,0.842602753125377,0.6299442823808526,0.7190259697843748,0.6925289395093184,0.7226339334094479,0.7419150364343582,,,,,True,,0.01,,0.01,10,,10000.0,8.0,,,100.0,,,,,22.0,,True,,90,0.08999999999999998
svm,False,1320.220703125,KlekotaRoth,stratified,hcv_ns34a,43907334,0.4326071704852957,0.9182496395443058,0.8395598344892409,0.6113760018524,24342638,0.47865923059785337,0.908779540583547,0.8253521386419703,0.6635676550324102,0.7688321383031335,0.7237075843531775,0.7971691446430893,0.7856196859131335,10.0,,0.1,2.0,,0.005,,,,,,,,,,,,,,,,True,,,90,0.08999999999999998
dt,False,283.1865234375,KlekotaRoth,stratified,hcv_ns34a,18528853,0.4857954345125177,0.8752442741581801,0.7647853700557328,0.7402595214730954,18538822,0.4710595525384525,0.9075537986888227,0.8220300804344252,0.6698489404373048,0.7186319370247491,0.6957643835166225,0.7517940597466333,0.7083373678109915,,,,,,,,,,None,sqrt,,1.0,8.0,,,,,,,22.0,,,,80,0.08999999999999998
knn,False,1185.6806640625,KlekotaRoth,stratified,hcv_ns34a,51611517,0.263526861164922,0.9550341649964401,0.9118146914337744,0.45326267370639384,51249063,0.2984864419799171,0.9606770652937089,0.9170435275867559,0.45732896748985036,0.7295973552730869,0.7247473146758359,0.710993204699973,0.7530515464434515,,brute,,,,,,10.0,,,,,,,,,-1.0,3.0,,1.0,,,,distance,90,0.08999999999999998
rf,False,2520.6337890625,KlekotaRoth,strict,hcv_ns34a,28752328,0.3829309526334822,0.9297784346474749,0.8624056480294884,0.5456898063708842,24805951,0.44357211862397494,0.9278368168585928,0.8595701181598111,0.6592661500589048,0.7975897019035112,0.7870463898651008,0.7925042001473,0.8132185156981327,,,,,,,,,,None,log2,,1.0,4.0,100.0,,,,True,,22.0,,True,,100,0.08999999999999998
hgb,False,1206.0791015625,KlekotaRoth,strict,hcv_ns34a,30375514,0.44602863277075255,0.9084334003339709,0.8249348510018512,0.61552456006676,24636849,0.506079836696319,0.8912749993367571,0.7939667590524631,0.7985454865843167,0.7849468698006911,0.7541186734283511,0.8034372791778133,0.7972846567959087,,,,,True,,0.01,,0.01,None,,10000.0,16.0,,,100.0,,,,,22.0,,True,,100,0.08999999999999998
svm,False,1402.482421875,KlekotaRoth,strict,hcv_ns34a,48198588,0.35985172913670493,0.9221890698580154,0.8484928360530274,0.5726142108367376,24878338,0.37299139208094106,0.9318318609984063,0.8659511944008182,0.6441136260707433,0.8001640966905125,0.7918283625878211,0.8088391249380225,0.7998248025456938,10.0,,0.0,2.0,,0.01,,,,,,,,,,,,,,,,True,,,100,0.08999999999999998
dt,False,284.4130859375,KlekotaRoth,strict,hcv_ns34a,19349873,0.3946146874465943,0.9241418049967163,0.8529721976307455,0.5640859341849763,18481509,0.3483951964605539,0.9664657901223727,0.9325755974957666,0.45681416860663654,0.7695356478821864,0.748217824739309,0.7817960556480656,0.7785930632591845,,,,,,,,,,20,None,,2.0,2.0,,,,,,,22.0,,,,90,0.08999999999999998
knn,False,2114.265625,KlekotaRoth,strict,hcv_ns34a,46368460,0.4663000088733213,0.896732079416329,0.803950480839332,0.6513710135700819,34701420,0.5478717459167148,0.8906261043267284,0.7914159162610052,0.803473569889675,0.769734738550497,0.7487567099339577,0.752001394858794,0.8084461108587394,,ball_tree,,,,,,40.0,,,,,,,,,-1.0,5.0,,1.0,,,,uniform,100,0.08999999999999998
rf,False,7004.37890625,MACCS,random,hcv_ns34a,36241882,0.3872604585993005,0.9330230553529899,0.8696555359602716,0.5378980438943707,24365459,0.41736015744269633,0.9330507555088269,0.8664027369202906,0.6144510842615895,0.7555878189229265,0.7227538776261526,0.7943560500878298,0.7496535290547965,,,,,,,,,,10,None,,1.0,4.0,500.0,,,,True,,22.0,,True,,100,0.15999999999999998
hgb,False,2509.5703125,MACCS,random,hcv_ns34a,20619251,0.40140117487924337,0.9262332366326564,0.8567225486161166,0.563952587317214,10814522,0.4602463434180909,0.8996580174175475,0.8075676175977813,0.7374415654152389,0.7277456119258501,0.6856466228465035,0.7802248035191679,0.7173654094118789,,,,,True,,0.1,,0.01,10,,1000.0,8.0,,,100.0,,,,,22.0,,True,,80,0.08999999999999998
svm,False,766.734375,MACCS,random,hcv_ns34a,10055960,0.37977095528482135,0.9199820817295041,0.84507536820152,0.5864269301505112,3783821,0.34952550071399907,0.9403607055193093,0.8781105091896863,0.5869102114984898,0.7416022388999327,0.7302220431025824,0.7806824423434897,0.7139022312537262,300.0,,0.1,2.0,,0.01,,,,,,,,,,,,,,,,False,,,90,0.15999999999999998
dt,False,193.66015625,MACCS,random,hcv_ns34a,1836133,0.4377626361723507,0.9174349189140395,0.8408145588613086,0.5944363273318549,1754821,0.47725215684700634,0.9171530148326708,0.8392297668513622,0.6740488237182031,0.6968439412506159,0.7319402887651183,0.6642922271577707,0.6942993078289588,,,,,,,,,,None,sqrt,,2.0,4.0,,,,,,,22.0,,,,90,0.15999999999999998
knn,False,891.6455078125,MACCS,random,hcv_ns34a,29644815,0.4527575678373378,0.9018375022161214,0.8130723648711533,0.6441550641593118,20993822,0.5625905858170828,0.8786461828944327,0.7700546506114403,0.8061221408327942,0.7261869145907812,0.7483430231301151,0.7233961615975635,0.7068215590446653,,ball_tree,,,,,,40.0,,,,,,,,,-1.0,3.0,,2.0,,,,uniform,90,0.08999999999999998
rf,False,16620.2158203125,MACCS,stratified,hcv_ns34a,91610722,0.3906756388632114,0.9384711700481613,0.8787316964866492,0.5315271928351462,53154614,0.40346687131820197,0.943591501630181,0.8864195038692093,0.5351252618585997,0.7407451638608166,0.6868629171102182,0.7578784240428157,0.7774941504294158,,,,,,,,,,10,sqrt,,1.0,2.0,1000.0,,,,True,,22.0,,True,,80,0.15999999999999998
hgb,False,2371.4521484375,MACCS,stratified,hcv_ns34a,22758356,0.43405139092263784,0.9231264121959207,0.8520444410486123,0.5871072999763971,14396443,0.48025111039499774,0.9130947851410403,0.829246597114242,0.6561275238601426,0.715556875633454,0.6769027609906333,0.7080659075242495,0.7617019583854795,,,,,True,,0.0,,0.01,50,,99999999.0,16.0,,,100.0,,,,,22.0,,True,,80,0.08999999999999998
svm,False,811.6748046875,MACCS,stratified,hcv_ns34a,10801872,0.3749722785614344,0.9299811499546845,0.8635891755322753,0.5637366284254224,3944335,0.39796426559193343,0.9291719448861029,0.8632685387036725,0.5871347704529818,0.7331504865217303,0.6521126400129322,0.7289556415357055,0.8183831780165536,100.0,,0.0,3.0,,0.01,,,,,,,,,,,,,,,,True,,,80,0.08999999999999998
dt,False,194.1689453125,MACCS,stratified,hcv_ns34a,1818709,0.45569449476342677,0.9048977269602356,0.8179758422389182,0.6512029390111915,1617112,0.42099200555028543,0.9325246991280294,0.8687928776191938,0.575151528131364,0.7007234498209046,0.606631396781479,0.7488184413041585,0.7467205113770765,,,,,,,,,,10,sqrt,,1.0,4.0,,,,,,,22.0,,,,100,0.08999999999999998
knn,False,538.357421875,MACCS,stratified,hcv_ns34a,36911448,0.3172899673249594,0.9452424083931437,0.8930214616170452,0.4992294154671786,22338149,0.34306264306349016,0.9490709390515156,0.8992130265495248,0.5040873216717886,0.7312457307147184,0.6803591090515392,0.7211141374852856,0.7922639456073303,,brute,,,,,,10.0,,,,,,,,,-1.0,5.0,,1.0,,,,distance,80,0.15999999999999998
rf,False,2080.6572265625,MACCS,strict,hcv_ns34a,8917543,0.40542736464825097,0.9232884537183593,0.8494867749786876,0.570732847416844,6598931,0.46828249372467323,0.9202150796176295,0.8430752523865676,0.6969100568752675,0.7760521425126381,0.794497535623833,0.7729687777208363,0.7606901141932452,,,,,,,,,,10,sqrt,,1.0,3.0,100.0,,,,True,,22.0,,True,,100,0.15999999999999998
hgb,False,817.404296875,MACCS,strict,hcv_ns34a,11927914,0.508709427364099,0.8846998205531633,0.7796469081143909,0.6905658725157359,6884484,0.5781896062520573,0.8971557669104092,0.802280942402578,0.7822674832991394,0.7586733282534479,0.7992361622831606,0.7254698967565836,0.7513139257205993,,,,,True,,0.01,,0.01,None,,10000.0,16.0,,,100.0,,,,,22.0,,True,,100,0.15999999999999998
svm,False,858.7333984375,MACCS,strict,hcv_ns34a,12081941,0.34242164427877164,0.928202559839754,0.860494174016682,0.5494671206345433,4051966,0.39863010368524343,0.9326813999113159,0.8691425860162784,0.6364000118267015,0.7700087034500052,0.7877375667193622,0.7481826517191327,0.7741058919115207,100.0,,0.0,2.0,,0.01,,,,,,,,,,,,,,,,True,,,100,0.08999999999999998
dt,False,193.48828125,MACCS,strict,hcv_ns34a,2017556,0.4854662863540175,0.887050033389819,0.7863331140846881,0.6800081968757631,1950704,0.6564993627867247,0.82675405161928,0.6783161207085684,0.9978049659063106,0.748975109527887,0.735399685462902,0.7394511088774374,0.7720745342433221,,,,,,,,,,None,sqrt,,2.0,2.0,,,,,,,22.0,,,,100,0.08999999999999998
knn,False,639.138671875,MACCS,strict,hcv_ns34a,32283039,0.3184507261068063,0.9313928771587527,0.8665341751171851,0.5374407282934116,20517708,0.40317185069676104,0.9098962757639844,0.8105463436331859,0.7657420700514902,0.7583609281340103,0.8032109696528292,0.7147812760869794,0.7570905386622226,,auto,,,,,,30.0,,,,,,,,,-1.0,5.0,,1.0,,,,distance,80,0.08999999999999998
rf,False,4098.0029296875,PubChem,random,hcv_ns34a,36885957,0.4138218625685135,0.9236841988936672,0.8521047779799364,0.5729684933737578,27501650,0.4530113119903966,0.9374048532251612,0.8724510962739257,0.6003809441713247,0.7508310849510766,0.7204290434117551,0.7747007235133408,0.7573634879281341,,,,,,,,,,10,None,,1.0,8.0,500.0,,,,True,,22.0,,True,,100,0.08999999999999998
hgb,False,1565.7255859375,PubChem,random,hcv_ns34a,15612024,0.4053524596174763,0.925936869293025,0.8562984602149589,0.5647865951562683,9593444,0.4710904468411699,0.9107815051273962,0.8284820927534347,0.6962148283609384,0.7335416317265206,0.7270289431653891,0.7304593537766736,0.7431365982374993,,,,,True,,0.1,,0.01,10,,1000.0,8.0,,,100.0,,,,,22.0,,True,,100,0.08999999999999998
svm,False,1270.0869140625,PubChem,random,hcv_ns34a,27375284,0.36870545963619145,0.9261269717853602,0.8573078313501392,0.5627995465501597,10414287,0.37945932285570644,0.9381697831352453,0.8761870361062861,0.5915229435660438,0.7423837842213553,0.706934018750428,0.7682800220999378,0.7519373118136998,10.0,,0.0,2.0,,0.01,,,,,,,,,,,,,,,,True,,,100,0.08999999999999998
dt,False,209.4375,PubChem,random,hcv_ns34a,4635534,0.5050082108910054,0.8787744595642598,0.7703595228606983,0.7139665906882099,4187275,0.5199087729245266,0.9035353459430904,0.8152020670975857,0.722665112022653,0.70484002842826,0.6769646571700338,0.6974590606652991,0.740096367449447,,,,,,,,,,10,sqrt,,2.0,3.0,,,,,,,22.0,,,,90,0.08999999999999998
knn,False,1913.111328125,PubChem,random,hcv_ns34a,31688789,0.45987969546508317,0.9059308454137004,0.8181127437054049,0.6354111121187742,23279731,0.4930929771049269,0.9142861621402449,0.83274254659614,0.687513569695202,0.6762846494730731,0.6762955686164334,0.6972428720833255,0.6553155077194606,,kd_tree,,,,,,40.0,,,,,,,,,-1.0,3.0,,1.0,,,,uniform,100,0.08999999999999998
rf,False,1314.1015625,PubChem,stratified,hcv_ns34a,11582145,0.4139116625149404,0.92725936403909,0.8577139019747972,0.5757488400585101,9105244,0.4295279123995031,0.9382141142688954,0.879070836073317,0.55216528376361,0.7364364307245213,0.7254468174660733,0.6847282294379069,0.7991342452695838,,,,,,,,,,10,None,,1.0,8.0,100.0,,,,True,,22.0,,True,,100,0.08999999999999998
hgb,False,1341.6484375,PubChem,stratified,hcv_ns34a,12422763,0.44337319772927186,0.9156127741431614,0.8369890935626704,0.6162545914176661,9183411,0.4590485022392743,0.9313889641013908,0.8661394625475783,0.58093809311465,0.6922604021473479,0.6839009719331328,0.6240896335965677,0.7687906009123431,,,,,True,,0.1,,0.01,50,,10000.0,8.0,,,100.0,,,,,22.0,,True,,90,0.08999999999999998
svm,False,1223.6884765625,PubChem,stratified,hcv_ns34a,28122274,0.3752498309911472,0.9249721022368516,0.8548836589761767,0.5814468159021301,11152738,0.40742305473096746,0.9310848655229077,0.8669007384891635,0.5792838162804882,0.7321237946406112,0.726287200829212,0.6684450936582428,0.8016390894343787,10.0,,0.1,4.0,,0.01,,,,,,,,,,,,,,,,False,,,90,0.08999999999999998
dt,False,207.5302734375,PubChem,stratified,hcv_ns34a,4556712,0.4811538803259377,0.8919364966225523,0.7942402559715812,0.6923601164848677,4287862,0.46341415297694366,0.9292944471895048,0.8629433375187333,0.5878325744744513,0.7072119459690119,0.6446214492615022,0.6755314739747087,0.8014829146708251,,,,,,,,,,30,None,,4.0,3.0,,,,,,,22.0,,,,90,0.08999999999999998
knn,False,1026.484375,PubChem,stratified,hcv_ns34a,39929810,0.3146868202273913,0.9425205480136563,0.887758230758377,0.5113627498459752,36330640,0.3178522431599811,0.9541528249899166,0.9104045158461042,0.4752768193423826,0.6733544707873028,0.6825725701118731,0.5580103667479084,0.7794804755021267,,brute,,,,,,50.0,,,,,,,,,-1.0,9.0,,1.0,,,,distance,80,0.08999999999999998
rf,False,2594.6552734375,PubChem,strict,hcv_ns34a,12668495,0.386815072908725,0.9270148995538342,0.8580520688261858,0.5542555762724605,9460491,0.4125997677489765,0.9385746538250661,0.87634476659064,0.6186389543132206,0.7693102798274932,0.7905459257204348,0.7493421327317603,0.7680427810302847,,,,,,,,,,30,sqrt,,1.0,3.0,100.0,,,,True,,22.0,,True,,90,0.08999999999999998
hgb,False,1047.0390625,PubChem,strict,hcv_ns34a,16680984,0.4761883124841969,0.9007271559872837,0.806074422114225,0.6478330266961528,9884334,0.6106909100407264,0.8696920322290235,0.7525079617550765,0.8752087047818786,0.7703932367230072,0.7960630563680573,0.7272025134220559,0.7879141403789085,,,,,True,,0.0,,0.01,20,,99999999.0,8.0,,,100.0,,,,,22.0,,True,,90,0.08999999999999998
svm,False,1253.7900390625,PubChem,strict,hcv_ns34a,27225502,0.37156319245087793,0.919348825698163,0.8437017205174616,0.5815976408651695,9402349,0.3437989312610054,0.9572317965524652,0.9138645119950769,0.516323713491938,0.7588937428902836,0.7873153236549856,0.7156009458379148,0.7737649591779504,10.0,,0.0,2.0,,0.01,,,,,,,,,,,,,,,,False,,,100,0.08999999999999998
dt,False,204.5302734375,PubChem,strict,hcv_ns34a,4945861,0.573324804097787,0.8521541120827868,0.7259426838184424,0.7701338947115622,4495084,0.6244248220812697,0.8465611578536131,0.7065588899228711,0.9529969062243508,0.7319881978910976,0.7841065696740613,0.6994392776925621,0.7124187463066696,,,,,,,,,,None,sqrt,,4.0,3.0,,,,,,,22.0,,,,90,0.08999999999999998
knn,False,1080.34375,PubChem,strict,hcv_ns34a,39041704,0.4938814138360135,0.8866204581321226,0.781882305338063,0.6870541812600519,36093906,0.5499675586926721,0.8876480504848805,0.7676762970777624,0.8479646990725846,0.7372241294560764,0.7837457367366227,0.6970257013049037,0.730900950326703,,auto,,,,,,40.0,,,,,,,,,-1.0,3.0,,1.0,,,,uniform,90,0.08999999999999998
rf,False,1574.25,SubstructureCount,random,hcv_ns34a,11496902,0.3848307292748909,0.9333068694616341,0.8669023504086628,0.543549202311618,7439427,0.4017501801445742,0.943551067572645,0.887360392508248,0.5642013208919037,0.779598549844628,0.7527821873093353,0.8311137613671463,0.7548997008574022,,,,,,,,,,20,sqrt,,1.0,8.0,100.0,,,,True,,22.0,,True,,80,0.08999999999999998
hgb,False,1586.7548828125,SubstructureCount,random,hcv_ns34a,13481706,0.3712903377825305,0.9365793374193326,0.8758462060574252,0.5249690105749931,8005917,0.3605125589632176,0.9492728132279111,0.900660198421886,0.5298466324800593,0.7635736557523815,0.7432879212395052,0.7974450050414698,0.7499880409761697,,,,,True,,0.01,,0.01,10,,1000.0,8.0,,,100.0,,,,,22.0,,True,,80,0.08999999999999998
svm,False,723.3359375,SubstructureCount,random,hcv_ns34a,10546481,0.35988122759597435,0.9277301941003765,0.8603961413488577,0.5566758498340082,4345612,0.36582446934984364,0.9387751070790824,0.879012284138757,0.5847351122827336,0.7645592972401958,0.7600054663869439,0.7951587415695235,0.7385136837641201,10.0,,0.0,2.0,,0.005,,,,,,,,,,,,,,,,False,,,80,0.08999999999999998
dt,False,194.26953125,SubstructureCount,random,hcv_ns34a,2416782,0.4112338306772372,0.9180143086614886,0.8425415114633388,0.5912031083387922,2249057,0.43229670510045715,0.943742638769903,0.8894468621150934,0.5589514296502445,0.7395081786603274,0.7446900125595597,0.7689317936067704,0.704902729814652,,,,,,,,,,None,None,,4.0,3.0,,,,,,,22.0,,,,80,0.15999999999999998
knn,False,537.5322265625,SubstructureCount,random,hcv_ns34a,20018113,0.46639400653686175,0.9054572905647258,0.818393358619471,0.6349207680899026,24915354,0.4538417610976233,0.9352028608294006,0.8743990562223469,0.595778718197552,0.752199126764924,0.7537424121396865,0.7769574865848505,0.7258974815702348,,ball_tree,,,,,,20.0,,,,,,,,,-1.0,5.0,,1.0,,,,uniform,80,0.08999999999999998
rf,False,7677.0244140625,SubstructureCount,stratified,hcv_ns34a,39626311,0.3557466072625376,0.9477251122499102,0.8949669537059881,0.4946691399361501,26380107,0.3619972161635862,0.9571793585570193,0.9135260733397963,0.46692396278835147,0.7772992824916886,0.777924063550074,0.7679668659067092,0.7860069180182827,,,,,,,,,,10,log2,,1.0,3.0,500.0,,,,True,,22.0,,True,,90,0.15999999999999998
hgb,False,1704.9833984375,SubstructureCount,stratified,hcv_ns34a,17026294,0.34745393183543644,0.9465072194282126,0.8953170296398608,0.4938440838994851,7455394,0.3521856527877154,0.9552865033447507,0.9088555464349111,0.4793676202110217,0.7484499235900574,0.7503680134518286,0.714217090013549,0.7807646673047944,,,,,True,,0.01,,0.01,None,,99999999.0,8.0,,,100.0,,,,,22.0,,True,,90,0.08999999999999998
svm,False,735.765625,SubstructureCount,stratified,hcv_ns34a,9356264,0.34616747743719056,0.9366788120676096,0.8769036843518627,0.535518358808713,4051192,0.3762419897926453,0.945457943848596,0.8931295308721211,0.5190777704393376,0.7578571730568614,0.7239176886985097,0.7930277709230986,0.756626059548976,10.0,,0.1,4.0,,0.005,,,,,,,,,,,,,,,,False,,,90,0.08999999999999998
dt,False,192.474609375,SubstructureCount,stratified,hcv_ns34a,2498031,0.47897528930931355,0.8916731812081499,0.7948751665506872,0.6912910871764507,2232018,0.46474268928757695,0.9212200269440709,0.8485806037082034,0.6178660431912631,0.7423489332968205,0.7452087095458055,0.7488667339985613,0.7329713563460948,,,,,,,,,,10,log2,,2.0,8.0,,,,,,,22.0,,,,100,0.08999999999999998
knn,False,535.4931640625,SubstructureCount,stratified,hcv_ns34a,20128013,0.4461817160581087,0.9164848739626381,0.8380789455389159,0.6141910710966432,20722235,0.4823171399797277,0.9159805204060107,0.8352999919374726,0.6443923602275167,0.7468322973629785,0.7338234587104231,0.733311103806765,0.7733623295717474,,ball_tree,,,,,,10.0,,,,,,,,,-1.0,5.0,,1.0,,,,uniform,80,0.15999999999999998
rf,False,1772.9248046875,SubstructureCount,strict,hcv_ns34a,9994811,0.3961547761442183,0.9222977607069365,0.8481163785727116,0.5733251711545654,6974841,0.4487900889054479,0.9283805673242451,0.8572702599762304,0.6646427161765166,0.8149866103720437,0.8109543674886542,0.8127493922662387,0.8212560713612379,,,,,,,,,,20,sqrt,,2.0,2.0,100.0,,,,True,,22.0,,True,,90,0.15999999999999998
hgb,False,931.2646484375,SubstructureCount,strict,hcv_ns34a,25935114,0.4376779227421861,0.9094097785098395,0.8263595115252839,0.6130149089474524,6325533,0.5173333041767508,0.9002325010671456,0.8084162205526626,0.7700348495990877,0.798501425091133,0.784941728199756,0.796920663794517,0.8136418832791258,,,,,True,,0.0,,0.01,20,,99999999.0,16.0,,,100.0,,,,,22.0,,True,,90,0.08999999999999998
svm,False,740.54296875,SubstructureCount,strict,hcv_ns34a,10796736,0.35375338830420133,0.9236833419686703,0.8520263568688216,0.5658974288201449,4112130,0.32662999112212365,0.9620187193967933,0.9241730117907297,0.48444325726462656,0.7941876318233492,0.7764317022847803,0.7928315281014839,0.8132996650837832,10.0,,0.0,2.0,,0.005,,,,,,,,,,,,,,,,False,,,100,0.08999999999999998
dt,False,196.9658203125,SubstructureCount,strict,hcv_ns34a,2543735,0.37594061372937143,0.9151780231021099,0.8359011035851902,0.5959342794679999,2410919,0.43298655392805374,0.9037379955862385,0.8090142373441247,0.76883210246681,0.7754133766135033,0.7756183512593884,0.7671973084152052,0.783424470165916,,,,,,,,,,20,None,,2.0,8.0,,,,,,,22.0,,,,90,0.08999999999999998
knn,False,540.69921875,SubstructureCount,strict,hcv_ns34a,20499923,0.47009040130026397,0.8927249347250378,0.7943407195364619,0.6671441674747947,19782788,0.5178206687505748,0.8892586684614583,0.7821020271726933,0.8212163875967051,0.7892423583553526,0.7697001234382301,0.7788817220035926,0.8191452296242349,,kd_tree,,,,,,20.0,,,,,,,,,-1.0,5.0,,1.0,,,,uniform,80,0.08999999999999998
rf,False,5539.5537109375,Substructure,random,hcv_ns34a,37674674,0.4720987626981113,0.8967936606711755,0.8029393338762878,0.6613839367790217,26511658,0.4917399610439811,0.9178316487495229,0.842017290231696,0.6681797562031473,0.7127150696862694,0.6905260294414038,0.7567894241026619,0.6908297555147427,,,,,,,,,,None,log2,,1.0,4.0,500.0,,,,True,,22.0,,True,,100,0.08999999999999998
hgb,False,3370.80078125,Substructure,random,hcv_ns34a,48158833,0.5130916749870671,0.8839095264898762,0.7800203876359264,0.6987871108859941,67886748,0.5631556150833686,0.8675409811548795,0.7488461494938841,0.8424777788630761,0.6896505136907892,0.627745642887158,0.7643416000118004,0.676864298173409,,,,,True,,0.01,,0.01,None,,99999999.0,8.0,,,100.0,,,,,22.0,,True,,90,0.08999999999999998
svm,False,686.197265625,Substructure,random,hcv_ns34a,8196975,0.4917123111642077,0.8829276167209973,0.7768141331464589,0.7038611819147438,3763357,0.5652568174611331,0.8530244073023868,0.722921241265809,0.8848917600678823,0.6939399283574094,0.6688990216486475,0.735820344326058,0.6771004190975225,1.0,,0.1,3.0,,1.0,,,,,,,,,,,,,,,,False,,,90,0.15999999999999998
dt,False,195.6240234375,Substructure,random,hcv_ns34a,2140777,0.444222695938392,0.9043721660982896,0.8174838213209159,0.6365087135250003,2075632,0.4117783726925754,0.9322093267079753,0.8687647331167169,0.6089951216674248,0.6936318813928062,0.7331572667201371,0.6704839758210406,0.6772544016372408,,,,,,,,,,None,log2,,1.0,4.0,,,,,,,22.0,,,,100,0.08999999999999998
knn,False,603.5234375,Substructure,random,hcv_ns34a,20069607,0.4997036196103061,0.8765314625755345,0.7675538542117507,0.7183148491858418,19682967,0.5049777725116794,0.8899206169089192,0.7911909056956301,0.7681804303695567,0.7048221627482989,0.6846108578647552,0.761075447082648,0.6687801832974936,,ball_tree,,,,,,30.0,,,,,,,,,-1.0,9.0,,1.0,,,,distance,90,0.08999999999999998
rf,False,5580.0,Substructure,stratified,hcv_ns34a,34910765,0.45570555567438303,0.9140575082718748,0.8343910380791291,0.6211460878951022,29291610,0.5051441839141765,0.8963289142303125,0.8030314958191075,0.7046962591419128,0.7114125288939245,0.7108683574445942,0.6961706301484274,0.727198599088752,,,,,,,,,,10,log2,,1.0,3.0,500.0,,,,True,,22.0,,True,,100,0.08999999999999998
hgb,False,1143.7021484375,Substructure,stratified,hcv_ns34a,10988958,0.5291714964137227,0.8693944033390353,0.7555325934171179,0.7546790942021687,6474986,0.6027709433097228,0.8595388078611046,0.7386247255473664,0.8117752827009866,0.6495297504320071,0.6743851078972749,0.5681400124949434,0.7060641309038032,,,,,True,,0.0,,0.01,20,,10000.0,8.0,,,100.0,,,,,22.0,,True,,90,0.08999999999999998
svm,False,722.5078125,Substructure,stratified,hcv_ns34a,8511538,0.4124280953819237,0.9097242500759445,0.8270198220494425,0.6348191315391174,3703730,0.46809419702589866,0.8892238712961152,0.7874447080998295,0.7320479581221462,0.6885333317258793,0.6720153505987436,0.6837192571606703,0.7098653874182241,300.0,,0.0,2.0,,1.0,,,,,,,,,,,,,,,,True,,,100,0.08999999999999998
dt,False,192.4013671875,Substructure,stratified,hcv_ns34a,2185483,0.5067901237365804,0.8778484016090662,0.7705338740530856,0.7311578188558151,2199110,0.6176467766369601,0.8464850411205703,0.7165152011275214,0.8454121024196676,0.6814269184972958,0.5828379945224582,0.7287193658359887,0.7327233951334406,,,,,,,,,,20,sqrt,,1.0,4.0,,,,,,,22.0,,,,80,0.08999999999999998
knn,False,589.109375,Substructure,stratified,hcv_ns34a,31236714,0.4802954248791408,0.8953155424400514,0.8001060339401788,0.6824198944632565,23046156,0.5699461804700058,0.8751871965658664,0.7652308101691795,0.7693502925890389,0.6929887587516262,0.661750167084258,0.6689304460831683,0.7482856630874525,,ball_tree,,,,,,50.0,,,,,,,,,-1.0,9.0,,2.0,,,,distance,80,0.08999999999999998
rf,False,1362.2568359375,Substructure,strict,hcv_ns34a,8858618,0.5021140179519924,0.8798927918212095,0.7741733391158316,0.6990900871781269,6935167,0.5326667372953682,0.8758820398483186,0.7617913753709165,0.8586373047247396,0.7513706378371955,0.7763880318395409,0.7214774816220166,0.7562464000500286,,,,,,,,,,10,sqrt,,1.0,4.0,100.0,,,,True,,22.0,,True,,100,0.15999999999999998
hgb,False,900.9560546875,Substructure,strict,hcv_ns34a,25049873,0.5918102223310604,0.8346467734507342,0.6960705208297086,0.811020721366449,10095478,0.6473992707552364,0.8408273307275466,0.6932003499893293,0.9744474921260232,0.7371086503973139,0.7356659109137926,0.740070138120758,0.735589902157391,,,,,True,,0.0,,0.01,None,,10000.0,32.0,,,100.0,,,,,22.0,,True,,100,0.15999999999999998
svm,False,683.7685546875,Substructure,strict,hcv_ns34a,7849716,0.472182417191369,0.8784208903333283,0.7704987641360719,0.704754815151074,3612977,0.533391919254666,0.8699943191769719,0.7499704275226786,0.8796840172315875,0.7481125568895536,0.7661836262885615,0.7375559927288801,0.740598051651219,100.0,,0.5,3.0,,1.0,,,,,,,,,,,,,,,,False,,,90,0.15999999999999998
dt,False,195.0732421875,Substructure,strict,hcv_ns34a,2642495,0.45649639787388013,0.8851781148372677,0.7832937859617046,0.6848275447567749,2228292,0.40866536378402585,0.9359713180324569,0.8746373313374317,0.6228954042116103,0.7473626127977848,0.7576152026934373,0.7124795626739087,0.7719930730260085,,,,,,,,,,20,sqrt,,1.0,2.0,,,,,,,22.0,,,,90,0.08999999999999998
knn,False,505.91015625,Substructure,strict,hcv_ns34a,37233196,0.4729799325951765,0.8854969272439884,0.7834861153335211,0.684523580956885,24105439,0.4654711302013237,0.9098510292178139,0.825684914832602,0.7345113287393257,0.739927812101008,0.7546126859540166,0.7515878815341661,0.7135828688148411,,brute,,,,,,40.0,,,,,,,,,-1.0,7.0,,1.0,,,,distance,80,0.08999999999999998
rf,False,5341.0390625,AtomPairs2DCount,random,hcv_ns5b,24561351,0.3671346127171307,0.9345747027023393,0.8640296418885048,0.49760789692868695,12292850,0.36264313147461374,0.9276870280349073,0.8559948110328912,0.48706410040930975,0.6863616344453615,0.6880440824475538,0.6977916408896943,0.6732491799988364,,,,,,,,,,20,sqrt,,2.0,2.0,100.0,,,,True,,22.0,,True,,90,0.08999999999999998
hgb,False,1928.7392578125,AtomPairs2DCount,random,hcv_ns5b,25507637,0.4114229443287239,0.9130730833678068,0.8306856954550061,0.5552799199136949,12132684,0.3998540944546326,0.9111888540442016,0.8286025635634238,0.5313726666144322,0.6815099522544822,0.6627157457397388,0.6986987175327584,0.6831153934909493,,,,,True,,0.01,,0.01,None,,99999999.0,32.0,,,100.0,,,,,22.0,,True,,90,0.15999999999999998
svm,False,2192.40234375,AtomPairs2DCount,random,hcv_ns5b,243075780,0.2949482887322387,0.933158277765016,0.8707652245544095,0.4851263222818482,64700898,0.30075063994820234,0.930705683592846,0.8661245412305761,0.4696210291679957,0.6655863559250886,0.671513270161846,0.6513846720344658,0.673861125578954,10.0,,0.1,3.0,,0.001,,,,,,,,,,,,,,,,False,,,90,0.08999999999999998
dt,False,218.025390625,AtomPairs2DCount,random,hcv_ns5b,5249118,0.5014420140424448,0.8615272650960907,0.7420436026239541,0.6853908380065341,4355875,0.5000754735027537,0.8542995301902124,0.7279447507728651,0.6694614978345088,0.5543952232377752,0.5967595791350846,0.5276542285158875,0.5387718620623535,,,,,,,,,,10,sqrt,,2.0,8.0,,,,,,,22.0,,,,90,0.15999999999999998
knn,False,2431.7412109375,AtomPairs2DCount,random,hcv_ns5b,91802834,0.4602738583964243,0.8820586593466392,0.7768084491326107,0.63753497960798,24490576,0.4465193055192039,0.8875486447981736,0.7876219005209479,0.5914961401417943,0.6604723299735122,0.6569361263242418,0.6673395620701572,0.6571413015261378,,auto,,,,,,10.0,,,,,,,,,-1.0,5.0,,1.0,,,,uniform,100,0.08999999999999998
rf,False,31464.1884765625,AtomPairs2DCount,stratified,hcv_ns5b,115304477,0.31271082637150155,0.9442074259725088,0.8864352406386672,0.44648845370550266,49240583,0.3261709011505597,0.9454831753230494,0.8886987956942207,0.46125825143223215,0.6940151802850831,0.6929271533228889,0.6955790478932296,0.6935393396391308,,,,,,,,,,30,sqrt,,1.0,4.0,500.0,,,,True,,22.0,,True,,80,0.08999999999999998
hgb,False,3539.2626953125,AtomPairs2DCount,stratified,hcv_ns5b,72009344,0.3497908570977818,0.9272910800927867,0.8591261479479577,0.49728302539093233,19982746,0.34095800890524847,0.939771245295559,0.8815431508237125,0.4758546361404994,0.6898714077933844,0.6901013558711376,0.6900323657387868,0.6894805017702288,,,,,True,,0.1,,0.01,50,,1000.0,32.0,,,100.0,,,,,22.0,,True,,90,0.15999999999999998
svm,False,1505.94140625,AtomPairs2DCount,stratified,hcv_ns5b,149589466,0.3209983464004592,0.9193018093320999,0.8446430096137201,0.5222204078508121,37598488,0.3002412288120518,0.9371095292910916,0.8780254981874216,0.4828683532127723,0.6687788013400687,0.6537310282179829,0.6577980456051489,0.6948073301970744,10.0,,0.5,3.0,,0.001,,,,,,,,,,,,,,,,True,,,50,0.08999999999999998
dt,False,230.400390625,AtomPairs2DCount,stratified,hcv_ns5b,5783324,0.45158078890546316,0.882580014964265,0.7780642400772415,0.6241688376478406,4460475,0.4473691483243612,0.8943430820062342,0.7997601279864395,0.6186848708853503,0.5677625786519962,0.5851476519186221,0.5602145804216332,0.5579255036157332,,,,,,,,,,30,sqrt,,4.0,4.0,,,,,,,22.0,,,,90,0.15999999999999998
knn,False,2122.876953125,AtomPairs2DCount,stratified,hcv_ns5b,104651145,0.4532832892132487,0.8790676586468372,0.7725322308785674,0.631900027226636,43616678,0.43679020337881286,0.9005049336237941,0.8102290588786195,0.602294742577874,0.6504120130284745,0.6632838568195976,0.6355069622669223,0.6524452199989036,,ball_tree,,,,,,40.0,,,,,,,,,-1.0,5.0,,1.0,,,,uniform,80,0.08999999999999998
rf,False,5647.8125,AtomPairs2DCount,strict,hcv_ns5b,26787498,0.35646066124034403,0.9345823211806803,0.8630440756449231,0.49084925776217087,14388495,0.4657906301920943,0.8969701566238452,0.7944490216071618,0.6279988041720274,0.6938022262488349,0.684262785478537,0.7192834727158364,0.677860420552131,,,,,,,,,,30,sqrt,,2.0,4.0,100.0,,,,True,,22.0,,True,,90,0.15999999999999998
hgb,False,3216.017578125,AtomPairs2DCount,strict,hcv_ns5b,57752834,0.3381794508078759,0.9329241983914179,0.8679343230090228,0.48200629246873133,16094201,0.5058197141362311,0.855121541059493,0.7304748104730712,0.7191156207295222,0.6869831009523296,0.6861961174330622,0.7114507241139665,0.6633024613099602,,,,,True,,0.0,,0.01,20,,1000.0,32.0,,,100.0,,,,,22.0,,True,,90,0.15999999999999998
svm,False,1581.109375,AtomPairs2DCount,strict,hcv_ns5b,124821105,0.3092724878711242,0.9296281260274205,0.8637520608185902,0.4895789064565989,28135463,0.4348191862742808,0.8808528177142952,0.7724071354456494,0.6608126735666683,0.6756159476922257,0.6635466602353685,0.6907409545533316,0.6725602282879769,10.0,,0.5,4.0,,0.001,,,,,,,,,,,,,,,,False,,,50,0.08999999999999998
dt,False,225.642578125,AtomPairs2DCount,strict,hcv_ns5b,5463345,0.4636382009569851,0.8729727624851382,0.7614155618464538,0.6478564447956728,4316016,0.6292386917411837,0.803604249371895,0.6445232885034333,0.8258565537093356,0.5809346462236801,0.5563900131822007,0.6262469069975907,0.5601670184912486,,,,,,,,,,10,sqrt,,2.0,3.0,,,,,,,22.0,,,,90,0.15999999999999998
knn,False,2225.845703125,AtomPairs2DCount,strict,hcv_ns5b,103936787,0.45823430387009656,0.8767447402812218,0.7655848007707515,0.6421708837512109,41240603,0.5585807088724778,0.8500380291044399,0.7222343475158906,0.7300259755332998,0.6600358054048221,0.6249801090841176,0.6897803279430608,0.6653469791872878,,ball_tree,,,,,,40.0,,,,,,,,,-1.0,5.0,,1.0,,,,uniform,80,0.08999999999999998
rf,False,34362.978515625,AtomPairs2D,random,hcv_ns5b,111475559,0.3995164691912235,0.9156181763951804,0.8335859027476922,0.5505036463272241,48848876,0.385003170882308,0.9160886419514034,0.8373400122031567,0.5176514294271014,0.6392920205681811,0.6350804140803867,0.638239827779771,0.6445558198443856,,,,,,,,,,None,sqrt,,1.0,3.0,500.0,,,,True,,22.0,,True,,80,0.08999999999999998
hgb,False,2017.16796875,AtomPairs2D,random,hcv_ns5b,39618078,0.5205827825575691,0.8635959353689816,0.7425875116753748,0.6846678728043601,13198999,0.5286823501686175,0.8483388867556645,0.7193922908220057,0.6799028302894125,0.6234442981164839,0.6201192555759308,0.6417507116269909,0.6084629271465299,,,,,True,,0.0,,0.01,10,,99999999.0,32.0,,,100.0,,,,,22.0,,True,,90,0.08999999999999998
svm,False,1505.46875,AtomPairs2D,random,hcv_ns5b,132206471,0.4403392612915459,0.8687837693325471,0.7547002615362354,0.6683649792236804,36449632,0.4328083327465945,0.8741899833807558,0.7631795175037273,0.6246067607241791,0.6102411233939049,0.6263279699487201,0.6255651071433765,0.5788302930896181,200.0,,0.5,4.0,,0.005,,,,,,,,,,,,,,,,False,,,90,0.08999999999999998
dt,False,221.04296875,AtomPairs2D,random,hcv_ns5b,4716809,0.5164783004582785,0.8559521309686734,0.7323803613629057,0.6981104406476643,4106268,0.512489059420892,0.841226542731775,0.7023816437175487,0.7002077395381753,0.5332048513831419,0.5534092762844791,0.5309028270682083,0.5153024507967381,,,,,,,,,,None,None,,4.0,8.0,,,,,,,22.0,,,,90,0.15999999999999998
knn,False,2384.9326171875,AtomPairs2D,random,hcv_ns5b,72039916,0.5379980508760716,0.8425250514319331,0.7090497133996472,0.7279047239594025,29216448,0.5210585914868984,0.8465450637910711,0.7158218426469546,0.6842146941990231,0.6044828605347842,0.5953590085624934,0.6216978353063378,0.5963917377355212,,ball_tree,,,,,,10.0,,,,,,,,,-1.0,5.0,,1.0,,,,uniform,80,0.08999999999999998
rf,False,28452.9521484375,AtomPairs2D,stratified,hcv_ns5b,100694719,0.3854291265251149,0.9124119923181404,0.8307483749667899,0.5450732429388251,48502927,0.39492522305174454,0.9176871198516663,0.8405141789387083,0.5521476852531038,0.6499697281610731,0.6690586102314882,0.6150136711235001,0.665836903128231,,,,,,,,,,None,None,,1.0,4.0,500.0,,,,True,,22.0,,True,,90,0.08999999999999998
hgb,False,3749.8896484375,AtomPairs2D,stratified,hcv_ns5b,38354881,0.43190950883074286,0.8958823756508695,0.8017103596221379,0.5899815798274445,17909084,0.4209161718139479,0.9131683895945635,0.8310123385440684,0.5683576560764161,0.6464604780406565,0.6549722789802234,0.5988684660558335,0.6855406890859127,,,,,True,,0.01,,0.01,50,,1000.0,8.0,,,100.0,,,,,22.0,,True,,90,0.08999999999999998
svm,False,1426.6689453125,AtomPairs2D,stratified,hcv_ns5b,107043574,0.44255344031696553,0.8677734711134656,0.7529462195971968,0.6585430819789261,33532239,0.4381976277255466,0.888758293276948,0.7893220082740472,0.6346054557765812,0.589498376147389,0.5928508464732418,0.5481338555187045,0.6275104264502205,300.0,,0.1,3.0,,0.005,,,,,,,,,,,,,,,,False,,,80,0.08999999999999998
dt,False,222.6533203125,AtomPairs2D,stratified,hcv_ns5b,4811561,0.4883923636892218,0.8576498927355919,0.7343017856338145,0.6829403263982186,4035986,0.503924994772441,0.8714599471734003,0.7584911161536516,0.6794551142982708,0.5567547631203048,0.5762661982901085,0.4849642218497129,0.6090338692210931,,,,,,,,,,30,None,,4.0,4.0,,,,,,,22.0,,,,80,0.08999999999999998
knn,False,1426.2294921875,AtomPairs2D,stratified,hcv_ns5b,74139397,0.28135462346018497,0.9236757887510197,0.8528272000820993,0.5082790576373233,36547758,0.3020246083363129,0.9235193553971122,0.8515251841153801,0.5327465111056626,0.5871004600344415,0.580064742093805,0.5708451801739907,0.610391457835529,,auto,,,,,,10.0,,,,,,,,,-1.0,7.0,,1.0,,,,distance,90,0.08999999999999998
rf,False,6605.0048828125,AtomPairs2D,strict,hcv_ns5b,26523412,0.40382095089817394,0.9125849548393289,0.8262714940330901,0.5528321217006206,11830093,0.5552367874626152,0.8609662880422946,0.7328816188416267,0.7158976381826953,0.6365383791574585,0.6200440327221084,0.6603358090603515,0.6292352956899157,,,,,,,,,,20,sqrt,,1.0,4.0,100.0,,,,True,,22.0,,True,,100,0.08999999999999998
hgb,False,2698.462890625,AtomPairs2D,strict,hcv_ns5b,28651477,0.44918508502127097,0.8898380311462455,0.7898817830802046,0.6079804020615227,13270614,0.5911638405490618,0.8270674353064638,0.681652751242384,0.7815370892532181,0.6360069388990796,0.5986162217926705,0.6740253795920779,0.6353792153124905,,,,,True,,0.0,,0.01,50,,99999999.0,8.0,,,100.0,,,,,22.0,,True,,90,0.08999999999999998
svm,False,1534.171875,AtomPairs2D,strict,hcv_ns5b,142608995,0.3835153389749565,0.8956388880185406,0.8021429630255292,0.5899748212751369,32343923,0.5776940611875838,0.7863299884948688,0.6094131195711233,0.8656809654299252,0.6110892621704874,0.5788174134659301,0.6647907992646893,0.589659573780843,100.0,,0.5,2.0,,0.01,,,,,,,,,,,,,,,,False,,,90,0.08999999999999998
dt,False,220.2001953125,AtomPairs2D,strict,hcv_ns5b,4790565,0.5007797424684548,0.8580397432773301,0.7354152073489781,0.6822446934213795,4152849,0.6960201005089777,0.7517160133678503,0.5575030192973651,0.9214127096505078,0.5402363261792836,0.4451714756180173,0.6185040827296451,0.5570334201901884,,,,,,,,,,20,None,,4.0,4.0,,,,,,,22.0,,,,90,0.15999999999999998
knn,False,1350.2451171875,AtomPairs2D,strict,hcv_ns5b,77020207,0.5559400886518657,0.8287418398610764,0.6837202998514005,0.745921948121939,77699932,0.7175830349226335,0.7650816254034866,0.5801381663148752,0.8975367535425821,0.5707160161041478,0.5183649407517613,0.6171144721038051,0.5766686354568771,,brute,,,,,,20.0,,,,,,,,,-1.0,7.0,,2.0,,,,uniform,80,0.08999999999999998
rf,False,16909.1767578125,EState,random,hcv_ns5b,82738899,0.5486558529796856,0.8573299010374835,0.7231626739628153,0.7100312544367228,36624213,0.5303115814567353,0.8482358945883941,0.7177624717233633,0.6818744693438672,0.5807890701072452,0.5678690859042892,0.5975242197751099,0.5769739046423366,,,,,,,,,,10,sqrt,,1.0,3.0,500.0,,,,True,,22.0,,True,,100,0.08999999999999998
hgb,False,5919.107421875,EState,random,hcv_ns5b,79182193,0.5603969749185065,0.8403254160726468,0.7050000105680196,0.7329530281126739,28160748,0.5642155358599656,0.8175136560375958,0.6648955535557759,0.7429971452814481,0.5537116432907517,0.5310938970846679,0.5651251585801595,0.5649158742074276,,,,,True,,0.01,,0.01,None,,10000.0,32.0,,,100.0,,,,,22.0,,True,,100,0.08999999999999998
svm,False,821.7275390625,EState,random,hcv_ns5b,74362171,0.47609859400043847,0.8574841051922556,0.7332910782763578,0.6969215839436168,19088113,0.45949163214572303,0.8557104505571622,0.7309584663673864,0.6657431627400504,0.5410785453647714,0.5111068060928241,0.5624172305980775,0.5497115994034126,1.0,,0.0,2.0,,1.0,,,,,,,,,,,,,,,,True,,,100,0.08999999999999998
dt,False,212.22265625,EState,random,hcv_ns5b,1643809,0.5806202497304045,0.8170514150260804,0.6672318918491913,0.7784594445853092,1462412,0.562109418069626,0.8143506708828575,0.6572908852814634,0.7513804264685431,0.4955418865708328,0.4663697788438691,0.5239527682574087,0.49630311261122084,,,,,,,,,,30,None,,2.0,8.0,,,,,,,22.0,,,,90,0.08999999999999998
knn,False,885.8759765625,EState,random,hcv_ns5b,99989983,0.6222008964796844,0.802274665988556,0.641948887287275,0.8074909377625338,40001716,0.6196310687645055,0.7937983150561125,0.6280557854877667,0.7827732100877629,0.5450856773406517,0.5408466062860673,0.5437539095088528,0.5506565162270352,,ball_tree,,,,,,10.0,,,,,,,,,-1.0,9.0,,1.0,,,,uniform,100,0.08999999999999998
rf,False,36763.048828125,EState,stratified,hcv_ns5b,161613327,0.5336834096160907,0.8508359205396012,0.7184049913739406,0.7030738030653637,76083874,0.5238122452762454,0.8740379534156574,0.7561169845955302,0.6827866083051031,0.595372361618942,0.6113040169078783,0.5922988450831577,0.5825142228657902,,,,,,,,,,10,sqrt,,1.0,2.0,1000.0,,,,True,,22.0,,True,,100,0.08999999999999998
hgb,False,3733.6826171875,EState,stratified,hcv_ns5b,31417458,0.5527304866069057,0.834096810298279,0.6955982151995741,0.7309910121835802,15253600,0.5440487317852967,0.8609708201589701,0.7405231126529961,0.7042770822443222,0.5757097700424229,0.5888479156616581,0.5717476632129486,0.5665337312526617,,,,,True,,0.0,,0.01,None,,1000.0,16.0,,,100.0,,,,,22.0,,True,,100,0.08999999999999998
svm,False,820.7666015625,EState,stratified,hcv_ns5b,70628807,0.4737174344730084,0.847932047531521,0.7177191591486359,0.7039294599769672,18898131,0.4786049258764852,0.8699014679782093,0.7558505360968624,0.6831594874976169,0.5573267072118339,0.568307296999716,0.5482869611794075,0.5553858634563783,1.0,,0.0,2.0,,1.0,,,,,,,,,,,,,,,,True,,,100,0.08999999999999998
dt,False,205.7080078125,EState,stratified,hcv_ns5b,1590397,0.6332958858014215,0.7676360071971575,0.5889143291494426,0.8494828381548899,1434533,0.6142381973561396,0.8082140574116711,0.6531348223985789,0.8142814996015679,0.5168965656583464,0.5351520227981075,0.5295585411889309,0.4859791329880011,,,,,,,,,,10,log2,,1.0,4.0,,,,,,,22.0,,,,80,0.15999999999999998
knn,False,862.8759765625,EState,stratified,hcv_ns5b,78742208,0.5990401788662609,0.8016398955658148,0.6416905486171752,0.7930810482137687,26172475,0.6127620244168839,0.8305004654859008,0.6876118349923759,0.7727544284505145,0.5582184782079744,0.5662759868537663,0.5216912103296496,0.5866882374405074,,ball_tree,,,,,,20.0,,,,,,,,,-1.0,7.0,,2.0,,,,uniform,100,0.08999999999999998
rf,False,15588.6416015625,EState,strict,hcv_ns5b,76375973,0.5494316051167367,0.847310707566338,0.7067940729456543,0.7181978479993752,36390850,0.6186557849918751,0.8353751656806525,0.6779096831256659,0.7861182468334177,0.5889960683421342,0.5932873200297039,0.6017382617702434,0.5719626232264556,,,,,,,,,,10,sqrt,,1.0,4.0,500.0,,,,True,,22.0,,True,,100,0.08999999999999998
hgb,False,2805.0859375,EState,strict,hcv_ns5b,50319490,0.5499338249413284,0.8355135381669916,0.6971670852828602,0.7298931119186409,12495361,0.628404637004566,0.8170325565806404,0.6643342261707177,0.8025139176771408,0.575630407246908,0.5620571489557474,0.6106295111912214,0.554204561593755,,,,,True,,0.1,,0.01,None,,1000.0,16.0,,,100.0,,,,,22.0,,True,,100,0.08999999999999998
svm,False,840.58984375,EState,strict,hcv_ns5b,82661131,0.5989162913000802,0.7820880205208096,0.6096382020460123,0.8286886329613032,17746878,0.6631725009541558,0.7811259629242828,0.6086674081112422,0.8665069537327051,0.5459832093619869,0.5350800367202617,0.5711223552636846,0.531747236102014,300.0,,0.0,2.0,,0.01,,,,,,,,,,,,,,,,False,,,100,0.08999999999999998
dt,False,204.2138671875,EState,strict,hcv_ns5b,1706628,0.6108052360488248,0.7776290550064731,0.6020965223510495,0.8366553535190103,1471927,0.692953464565593,0.7673688433306763,0.587926715139481,0.8891730116689238,0.5257015446185263,0.4929584649061045,0.5654873124214899,0.5186588565279844,,,,,,,,,,None,None,,4.0,8.0,,,,,,,22.0,,,,90,0.08999999999999998
knn,False,653.650390625,EState,strict,hcv_ns5b,63417840,0.5723740358224082,0.810538824900474,0.6547150831161891,0.7793751072923653,23399246,0.644564301430656,0.797021996896276,0.6318268275446292,0.8404756050358823,0.560836974137491,0.5557624068598137,0.5743386575375005,0.5524098580151589,,auto,,,,,,10.0,,,,,,,,,-1.0,5.0,,1.0,,,,uniform,100,0.08999999999999998
rf,False,6837.4853515625,CDKextended,random,hcv_ns5b,37181026,0.34368214418634996,0.9401041900001155,0.8747447764875936,0.4775986234097102,17443103,0.3410936035745557,0.9353709770643895,0.870166535858161,0.4624772482661353,0.6582743936262846,0.654011484829754,0.6647744438965281,0.6560372521525715,,,,,,,,,,None,sqrt,,1.0,4.0,100.0,,,,True,,22.0,,True,,90,0.08999999999999998
hgb,False,1314.3671875,CDKextended,random,hcv_ns5b,35727449,0.46832684788479384,0.893345528564503,0.7928632541651124,0.6141772390271336,16133218,0.4897703879892849,0.869932175866515,0.7557473888828402,0.6343320536977666,0.6533950916479369,0.6634889331310772,0.6574815351253162,0.6392148066874173,,,,,True,,0.0,,0.01,20,,10000.0,64.0,,,100.0,,,,,22.0,,True,,80,0.08999999999999998
svm,False,6962.12890625,CDKextended,random,hcv_ns5b,608226098,0.2259454374389618,0.957293992377664,0.9157232227431187,0.39175910887165166,155717150,0.22505002602281404,0.9566387397361955,0.914925648378751,0.3743659781978511,0.6534265056480156,0.6650472727816847,0.6332457331357192,0.6619865110266431,10.0,,0.5,4.0,,0.005,,,,,,,,,,,,,,,,False,,,80,0.15999999999999998
dt,False,227.6845703125,CDKextended,random,hcv_ns5b,9916880,0.5151665614392773,0.8577081748145248,0.7350480144172085,0.6946223172373771,6412186,0.5066771108199398,0.8609428806648637,0.740151182276696,0.6542706256336415,0.517472757338949,0.5535665093793825,0.4926520281820439,0.5061997344554208,,,,,,,,,,10,sqrt,,4.0,8.0,,,,,,,22.0,,,,90,0.15999999999999998
knn,False,19316.10546875,CDKextended,random,hcv_ns5b,258942880,0.1433945674502491,0.9608663431721212,0.9229604165344593,0.37456061222024456,95429233,0.1299719827076099,0.9622801608211141,0.9259709594692621,0.3492191976840556,0.6148375281989954,0.6090701655665876,0.6159640553132972,0.6194783637171015,,ball_tree,,,,,,40.0,,,,,,,,,-1.0,7.0,,1.0,,,,distance,90,0.08999999999999998
rf,False,51133.2890625,CDKextended,stratified,hcv_ns5b,247038714,0.31188160064059467,0.9394712855199291,0.8781948236203252,0.46240371267963215,104870664,0.31990863587594504,0.9483198784691618,0.8935348546846681,0.4511260876637602,0.6678999429493814,0.6706489272443226,0.6528281791767871,0.6802227224270341,,,,,,,,,,20,None,,2.0,4.0,1000.0,,,,True,,22.0,,True,,80,0.08999999999999998
hgb,False,2935.685546875,CDKextended,stratified,hcv_ns5b,57242766,0.36848630866790894,0.9192536346143168,0.8438196267369352,0.5236024477531042,30332659,0.3810131078564129,0.9309269364007776,0.8635172138988237,0.5107791443555155,0.6732595456475551,0.6830722627458541,0.6642547243802864,0.6724516498165245,,,,,True,,0.01,,0.01,10,,10000.0,64.0,,,100.0,,,,,22.0,,True,,80,0.08999999999999998
svm,False,4574.89453125,CDKextended,stratified,hcv_ns5b,446672570,0.2237461438896942,0.951952465316754,0.9060632478227709,0.40607495999877213,115151133,0.2083945681410658,0.9654584512931642,0.9315753842773827,0.3616599351429014,0.6777646650069272,0.6916046365783586,0.658439762242303,0.6832495962001202,10.0,,0.5,4.0,,0.01,,,,,,,,,,,,,,,,True,,,50,0.15999999999999998
dt,False,236.36328125,CDKextended,stratified,hcv_ns5b,11017555,0.4956351889713541,0.8597337605846768,0.7381575578283653,0.6779668536615308,6487704,0.4998752284725235,0.8643226113607145,0.7462541256069788,0.6964560437437949,0.5238922911465886,0.5119383856249038,0.5244316786204393,0.5353068091944228,,,,,,,,,,None,sqrt,,4.0,3.0,,,,,,,22.0,,,,90,0.08999999999999998
knn,False,18404.12890625,CDKextended,stratified,hcv_ns5b,260847512,0.13054675069378222,0.9629524467083188,0.9270502642318142,0.3578494066973892,106028398,0.1514058445267456,0.9599602763701282,0.9213338496387301,0.387782463671708,0.6251029025609353,0.661733358109792,0.5984400070300588,0.6151353425429549,,ball_tree,,,,,,10.0,,,,,,,,,-1.0,7.0,,1.0,,,,distance,80,0.08999999999999998
rf,False,45396.53125,CDKextended,strict,hcv_ns5b,225100078,0.3271994867750021,0.9484092876478888,0.8883242220335256,0.44323823842842747,86544034,0.4374094752773019,0.9082445107863252,0.8166667501078155,0.5930887158130468,0.6610588547345112,0.6583586861192567,0.6840824288348688,0.640735449249408,,,,,,,,,,10,None,,1.0,3.0,1000.0,,,,True,,22.0,,True,,80,0.15999999999999998
hgb,False,1706.2060546875,CDKextended,strict,hcv_ns5b,28081406,0.416859757189324,0.9120753793992883,0.8244016844133186,0.5557991774602046,13145365,0.5216725333985788,0.8726885688490604,0.7578257177478336,0.6816525335751084,0.6693918336791732,0.675624266989634,0.6827618832471776,0.6497893508007078,,,,,True,,0.01,,0.01,10,,99999999.0,32.0,,,100.0,,,,,22.0,,True,,80,0.08999999999999998
svm,False,7454.859375,CDKextended,strict,hcv_ns5b,766249700,0.1984178180999732,0.9654685501179392,0.9315378146569381,0.34704285369454335,163273498,0.3386523023826507,0.904546494538941,0.8178261389008711,0.5912104122872449,0.6648292596316445,0.6681429308316278,0.6804603017009592,0.6458845463623466,10.0,,0.5,3.0,,0.005,,,,,,,,,,,,,,,,False,,,80,0.15999999999999998
dt,False,238.6142578125,CDKextended,strict,hcv_ns5b,11045232,0.48114290534313536,0.8652484917763927,0.7482342584616397,0.6655122347900507,6280422,0.638046991127108,0.7663844126774887,0.5815919439267531,0.8959815392059626,0.509650201566385,0.493427512651718,0.5249149885060264,0.5106081035414107,,,,,,,,,,20,sqrt,,4.0,3.0,,,,,,,22.0,,,,90,0.08999999999999998
knn,False,9106.361328125,CDKextended,strict,hcv_ns5b,129959061,0.47597227855229957,0.8711024745863056,0.7534601785340351,0.6585689721189054,119133167,0.5912221394328211,0.8239176102376292,0.6772414067545423,0.7869333474537135,0.6069997690933958,0.5629895998072878,0.6532305909981675,0.604779116474732,,brute,,,,,,20.0,,,,,,,,,-1.0,5.0,,2.0,,,,uniform,80,0.08999999999999998
rf,False,31695.783203125,CDK,random,hcv_ns5b,142339936,0.34221249252433195,0.9427005776922034,0.8789766716554316,0.46946118374390816,57599796,0.34482409356228216,0.9327336544683136,0.8655606711906413,0.470608988362636,0.6623362947313586,0.655064269526899,0.6745400703100416,0.6574045443571352,,,,,,,,,,20,sqrt,,1.0,4.0,500.0,,,,True,,22.0,,True,,90,0.08999999999999998
hgb,False,3217.888671875,CDK,random,hcv_ns5b,63414329,0.3727609911781156,0.9268842593049709,0.8570623630975179,0.5101976362215895,37492569,0.36958379644244377,0.9166759350515392,0.8394865603854741,0.5142244833860756,0.662988776641959,0.6671098062771461,0.6690406510449638,0.652815872603767,,,,,True,,0.1,,0.01,20,,10000.0,64.0,,,100.0,,,,,22.0,,True,,80,0.08999999999999998
svm,False,7598.53515625,CDK,random,hcv_ns5b,845544222,0.22215908870172263,0.9584393859766096,0.917874065722836,0.38672772188144267,214682942,0.22520646290227223,0.9530970335081776,0.9083675638877183,0.38852741291886617,0.6643137767211457,0.6727440421520663,0.6600929614396802,0.6601043265716904,10.0,,0.5,4.0,,0.005,,,,,,,,,,,,,,,,False,,,90,0.15999999999999998
dt,False,227.0908203125,CDK,random,hcv_ns5b,11165876,0.5382925983384211,0.8443200691393958,0.7127023075909512,0.7233212298895072,6802418,0.542802125227961,0.8231776365218147,0.6730878763728632,0.7338588961643097,0.5035580341845751,0.45456855899164694,0.5753562520381771,0.4807492915239012,,,,,,,,,,10,sqrt,,4.0,2.0,,,,,,,22.0,,,,90,0.08999999999999998
knn,False,18042.3818359375,CDK,random,hcv_ns5b,305720815,0.14831185954399426,0.9621922451001317,0.9254688964880766,0.36841212830475045,106769652,0.15209092426064028,0.9538912309349802,0.9098220912673453,0.3854314330210361,0.6131235540327986,0.5941387328089449,0.6157546544418966,0.6294772748475543,,kd_tree,,,,,,30.0,,,,,,,,,-1.0,9.0,,1.0,,,,distance,80,0.08999999999999998
rf,False,31780.09375,CDK,stratified,hcv_ns5b,155720930,0.3349402475845024,0.9390411408084423,0.8745425892272463,0.469284921293992,60547103,0.3362216240220665,0.9527741100310249,0.8969546365344534,0.4438216097356851,0.66765033841775,0.6814195400498184,0.6533100712538542,0.6682214039495775,,,,,,,,,,None,sqrt,,1.0,4.0,500.0,,,,True,,22.0,,True,,90,0.08999999999999998
hgb,False,6218.2626953125,CDK,stratified,hcv_ns5b,73702888,0.2834482089570191,0.939326058960007,0.8820026706402628,0.45511854142240354,39655617,0.26927907239043536,0.9543321462160537,0.9099837424277638,0.4148152299466957,0.66073507682403,0.6788246816731471,0.6460533035441103,0.6573272452548327,,,,,True,,0.0,,0.01,50,,10000.0,32.0,,,100.0,,,,,22.0,,True,,90,0.08999999999999998
svm,False,7766.04296875,CDK,stratified,hcv_ns5b,787962065,0.2286999649910002,0.9508055042668663,0.9039529533363277,0.4106108751388814,201282632,0.20494231162170998,0.9663305303473789,0.933046668851162,0.35775055096652325,0.6759513718465775,0.6926766866213157,0.6575475968812008,0.677629832037216,10.0,,0.5,4.0,,0.005,,,,,,,,,,,,,,,,True,,,80,0.08999999999999998
dt,False,227.3486328125,CDK,stratified,hcv_ns5b,10942674,0.5275183081833456,0.8349118125788526,0.6948730757458428,0.7318611698904892,6942038,0.510421227281794,0.8649376307846846,0.7472768777456013,0.6950510531919537,0.5161915927330437,0.47656604669717983,0.4847462600498518,0.5872624714520996,,,,,,,,,,10,sqrt,,4.0,8.0,,,,,,,22.0,,,,80,0.08999999999999998
knn,False,17998.6396484375,CDK,stratified,hcv_ns5b,299976673,0.13285874482735718,0.9623969599472961,0.9259521542298281,0.36053269429973445,96332879,0.14697146636771422,0.9635587680515058,0.9281920336113315,0.3704934465229092,0.6272829823793756,0.6745462691548829,0.5969648873937967,0.6103377905894471,,kd_tree,,,,,,40.0,,,,,,,,,-1.0,5.0,,1.0,,,,distance,80,0.08999999999999998
rf,False,7279.556640625,CDK,strict,hcv_ns5b,39909718,0.3302906480090947,0.9446781089675085,0.8819328550196889,0.4557453620201831,15968512,0.4436668599776761,0.9070222242437868,0.8121305589377987,0.6003812410888889,0.658790420585444,0.6520717175374474,0.6704251444605198,0.6538743997583647,,,,,,,,,,30,sqrt,,1.0,4.0,100.0,,,,True,,22.0,,True,,80,0.08999999999999998
hgb,False,1534.267578125,CDK,strict,hcv_ns5b,57977237,0.44524678340353846,0.9005488207429806,0.8053618183649854,0.5851561127850046,65923461,0.5507595202820746,0.8615392800783337,0.7390741377226996,0.7075507673211444,0.6573832350671248,0.6541350493226046,0.6699587389521853,0.6480559169265846,,,,,True,,0.1,,0.01,10,,10000.0,64.0,,,100.0,,,,,22.0,,True,,80,0.08999999999999998
svm,False,9110.0078125,CDK,strict,hcv_ns5b,1062563866,0.20035170050600962,0.9662097349832683,0.9323074375367882,0.345086686196409,217420618,0.32642125999818594,0.9130887443537611,0.8326822191130412,0.5665915464924816,0.6662730735342918,0.6695056037006377,0.6787564799786509,0.6505571369235867,10.0,,0.0,4.0,,0.005,,,,,,,,,,,,,,,,True,,,90,0.08999999999999998
dt,False,234.51953125,CDK,strict,hcv_ns5b,11136300,0.4899123566658777,0.8616715615882565,0.7408512219205514,0.675199807197188,6482600,0.5897153560259937,0.8342011952452106,0.6945327744597485,0.7655637353662729,0.5116995227304364,0.4883643303374745,0.5778905395727403,0.4688436982810943,,,,,,,,,,None,sqrt,,4.0,3.0,,,,,,,22.0,,,,80,0.08999999999999998
knn,False,9302.095703125,CDK,strict,hcv_ns5b,151313619,0.4798668477537115,0.8662831421580521,0.7446137801851652,0.6702803022029605,97401211,0.589560051488941,0.8304079117835275,0.6853778354133564,0.7769511251261202,0.6057746959907834,0.5601762923402933,0.6387961929499733,0.6183516026820833,,brute,,,,,,20.0,,,,,,,,,-1.0,5.0,,2.0,,,,uniform,80,0.08999999999999998
rf,False,78628.44140625,CDKgraphonly,random,hcv_ns5b,306319920,0.3607221692864222,0.9340621428720082,0.8643671860196079,0.4969898614999925,122232354,0.352096416312274,0.9300961898174747,0.8615479161816035,0.4775807334927094,0.6374080175140122,0.6264474213756719,0.661772538058372,0.6240040931079925,,,,,,,,,,None,sqrt,,1.0,3.0,1000.0,,,,True,,22.0,,True,,90,0.08999999999999998
hgb,False,1697.70703125,CDKgraphonly,random,hcv_ns5b,200860506,0.5094171531990604,0.8737207011267689,0.759120946005866,0.662315107778446,13846282,0.4916229712765114,0.8725571580055028,0.760550134103662,0.6280646481586277,0.6178668379088849,0.5975855071523594,0.6540798376546584,0.6019351689196368,,,,,True,,0.01,,0.01,20,,1000.0,32.0,,,100.0,,,,,22.0,,True,,90,0.08999999999999998
svm,False,5952.375,CDKgraphonly,random,hcv_ns5b,643452128,0.4610617451918274,0.8713197452640267,0.7560315095826059,0.6665488948438563,160160024,0.43100042751701095,0.8913606742047018,0.7932007050341969,0.5836756515815171,0.6131231037529467,0.6058499786408755,0.6367370222672313,0.596782310350733,1.0,,0.0,2.0,,0.01,,,,,,,,,,,,,,,,True,,,100,0.08999999999999998
dt,False,227.75390625,CDKgraphonly,random,hcv_ns5b,8469730,0.5973109244826974,0.8083915502496545,0.6531423587749039,0.7947687388757214,6071673,0.573513370887513,0.8233708817736459,0.6738473561790702,0.7330059527325271,0.5136823352747175,0.5058555106813178,0.5522324434526276,0.48295905169020725,,,,,,,,,,None,sqrt,,4.0,3.0,,,,,,,22.0,,,,90,0.08999999999999998
knn,False,13660.9521484375,CDKgraphonly,random,hcv_ns5b,237213024,0.18546249695699576,0.9526200432432033,0.9073381351615353,0.41078602585452806,137078947,0.1802257587427402,0.9512950051992586,0.9049362879786086,0.39573497437080074,0.6138555834880742,0.6020240001478535,0.643949678198301,0.5955930721180682,,kd_tree,,,,,,20.0,,,,,,,,,-1.0,7.0,,1.0,,,,distance,100,0.08999999999999998
rf,False,61427.2783203125,CDKgraphonly,stratified,hcv_ns5b,259154458,0.375189575594809,0.9252711414042308,0.8493354663867106,0.5142732744875732,109637347,0.3942120931528474,0.9270052524534997,0.8513679110184637,0.533028594356589,0.6450864197045464,0.6638365734413589,0.630957905998665,0.6404647796736154,,,,,,,,,,20,sqrt,,1.0,4.0,1000.0,,,,True,,22.0,,True,,100,0.08999999999999998
hgb,False,3764.869140625,CDKgraphonly,stratified,hcv_ns5b,95305823,0.3894270481281718,0.9120914583310035,0.8307103806661597,0.5451344196469828,26033754,0.40720856679001455,0.9083567189784775,0.8242214376413698,0.5796651228620711,0.6288348608752551,0.6456506680582084,0.629671620695915,0.6111822938716418,,,,,True,,0.0,,0.01,50,,99999999.0,16.0,,,100.0,,,,,22.0,,True,,90,0.15999999999999998
svm,False,5979.8671875,CDKgraphonly,stratified,hcv_ns5b,526819446,0.4483905395776858,0.8710160585939442,0.7566306266558563,0.6536140841268291,137084087,0.44972210624026304,0.8905489894999832,0.7894651714449508,0.6343898006715203,0.62517858008354,0.6254041668216292,0.6114949530670478,0.6386366203619432,1.0,,0.0,2.0,,0.01,,,,,,,,,,,,,,,,True,,,100,0.08999999999999998
dt,False,229.0439453125,CDKgraphonly,stratified,hcv_ns5b,8352290,0.5546344507934213,0.8268074877259426,0.6826217275561077,0.7464092895449614,5818361,0.569946640864712,0.8385606306041036,0.7029526508608008,0.7535412948344727,0.5335744494512211,0.5323356449144592,0.5270055322101579,0.5413821712290463,,,,,,,,,,30,sqrt,,4.0,2.0,,,,,,,22.0,,,,80,0.08999999999999998
knn,False,12403.7099609375,CDKgraphonly,stratified,hcv_ns5b,216864107,0.5051785509558433,0.8544263468695901,0.7299668785684565,0.6884889244222885,104341260,0.5165719959606954,0.8704259454009993,0.7569699209132915,0.6815916018116738,0.6208267217962873,0.6094535227319613,0.6472701231660265,0.6057565194908741,,kd_tree,,,,,,20.0,,,,,,,,,-1.0,5.0,,1.0,,,,uniform,90,0.08999999999999998
rf,False,64652.013671875,CDKgraphonly,strict,hcv_ns5b,263874296,0.3632700137976264,0.9323793430946249,0.8605446665281082,0.49530794135349154,94934638,0.5139156166277793,0.8789441252444543,0.7607115125146717,0.6775790114296729,0.6451460083915715,0.6311985455858056,0.6764640306798413,0.6277754489090679,,,,,,,,,,20,sqrt,,1.0,4.0,1000.0,,,,True,,22.0,,True,,80,0.08999999999999998
hgb,False,2035.8984375,CDKgraphonly,strict,hcv_ns5b,27251992,0.4438488581886836,0.8991955176320526,0.8046216838328715,0.5862676195308689,13004569,0.5601210216670565,0.8422468578499662,0.7084527670364879,0.7479171719073189,0.6421675728759423,0.6078812455309704,0.68699278659286,0.6316286865039964,,,,,True,,0.01,,0.01,None,,1000.0,16.0,,,100.0,,,,,22.0,,True,,80,0.15999999999999998
svm,False,5420.01171875,CDKgraphonly,strict,hcv_ns5b,659529328,0.3131646214432902,0.9242350515973465,0.8538704678999746,0.5070219062461666,134711921,0.5011603787713779,0.8394196814596461,0.702909302231175,0.7549941203592472,0.6370571708096361,0.608461112290009,0.6729280005444851,0.6297823995944141,10.0,,0.0,3.0,,0.005,,,,,,,,,,,,,,,,True,,,90,0.08999999999999998
dt,False,224.5673828125,CDKgraphonly,strict,hcv_ns5b,8367975,0.471401792541441,0.873089339545614,0.7612848759073788,0.6480338539713795,5644099,0.6316552573158051,0.7801474378291182,0.604448568420332,0.8711652087954378,0.507398621453794,0.4860203558570231,0.5689127375969356,0.4672627709074233,,,,,,,,,,10,None,,4.0,4.0,,,,,,,22.0,,,,80,0.08999999999999998
knn,False,6060.486328125,CDKgraphonly,strict,hcv_ns5b,129354573,0.5239251937027949,0.8481865273137338,0.7186566924055999,0.7035193084115566,93343888,0.6564141307829617,0.7984262476021964,0.635851997012143,0.8358685960587843,0.6061875684216019,0.5686278361179229,0.6495869750249791,0.600347894121904,,auto,,,,,,30.0,,,,,,,,,-1.0,7.0,,2.0,,,,uniform,90,0.08999999999999998
rf,False,80113.28125,KlekotaRothCount,random,hcv_ns5b,268595564,0.3497054030997709,0.931348572883907,0.8611669488556165,0.5028188811678448,119307527,0.3384974211907815,0.9353690858298631,0.8709028718574532,0.4611639395025883,0.6356541529780664,0.6352621612699294,0.6340026654460165,0.6376976322182532,,,,,,,,,,None,sqrt,,1.0,3.0,1000.0,,,,True,,22.0,,True,,90,0.08999999999999998
hgb,False,3223.421875,KlekotaRothCount,random,hcv_ns5b,53667081,0.4188596852053254,0.9026182076776456,0.8119288906527755,0.5852294684817251,33709297,0.4150619908076581,0.9028386912276858,0.8135985674743814,0.5541427718413124,0.6100913748391529,0.5843546972731353,0.6092800570486141,0.6366393701957095,,,,,True,,0.01,,0.01,50,,10000.0,16.0,,,100.0,,,,,22.0,,True,,80,0.08999999999999998
svm,False,2354.107421875,KlekotaRothCount,random,hcv_ns5b,309398157,0.41096554926939316,0.8810908768081368,0.77593582726266,0.6387800631478621,87626449,0.4017038342310484,0.8824534731732129,0.7778552560658337,0.604943856944493,0.5734150344942037,0.5927758436015809,0.5610829788342953,0.5663862810467349,10.0,,0.0,3.0,,0.005,,,,,,,,,,,,,,,,True,,,80,0.08999999999999998
dt,False,309.138671875,KlekotaRothCount,random,hcv_ns5b,20043194,0.45053351801837876,0.8797162126112551,0.7730656464116346,0.6428583150304161,18848863,0.46377889155997915,0.8697753903129526,0.752657846080721,0.6383312690216095,0.5248088207268856,0.5079879838266151,0.48929672360032206,0.5771417547537195,,,,,,,,,,None,None,,4.0,2.0,,,,,,,22.0,,,,80,0.08999999999999998
knn,False,3703.5732421875,KlekotaRothCount,random,hcv_ns5b,109121830,0.18536952372358742,0.9443748251705033,0.8909989960435089,0.4455335284160073,58389097,0.16792865778053045,0.952154589457976,0.90622129718866,0.39305123069830133,0.5879768696001355,0.5979139106120559,0.582451719883008,0.5835649783053427,,kd_tree,,,,,,10.0,,,,,,,,,-1.0,3.0,,1.0,,,,distance,100,0.08999999999999998
rf,False,60170.43359375,KlekotaRothCount,stratified,hcv_ns5b,245519788,0.3801043800322967,0.9200776097381491,0.840659690890138,0.528872843616723,110408584,0.39511309845502013,0.9172761084183606,0.837155816276994,0.557930807031458,0.6544976239504517,0.6654388308088777,0.6416445858644945,0.656409455177983,,,,,,,,,,20,sqrt,,1.0,4.0,1000.0,,,,True,,22.0,,True,,80,0.08999999999999998
hgb,False,5572.4951171875,KlekotaRothCount,stratified,hcv_ns5b,86349453,0.39878724742384836,0.9048925940409467,0.8178746623794511,0.5654232009156693,45918192,0.412937056081763,0.9054319856662132,0.818685524921469,0.5887222572131323,0.6238638096449906,0.627252889760352,0.6235658097445749,0.6207727294300449,,,,,True,,0.1,,0.01,None,,99999999.0,32.0,,,100.0,,,,,22.0,,True,,90,0.08999999999999998
svm,False,2527.361328125,KlekotaRothCount,stratified,hcv_ns5b,283390366,0.32207536718481866,0.9133114968017286,0.8339248303018288,0.5399341444875672,84175678,0.32841414465581054,0.9196331206316911,0.8457052151279325,0.5430875415559131,0.5980100143436506,0.6049831133976002,0.5785136033425202,0.6105333262908315,10.0,,0.0,2.0,,0.01,,,,,,,,,,,,,,,,False,,,90,0.08999999999999998
dt,False,297.1162109375,KlekotaRothCount,stratified,hcv_ns5b,20071131,0.5856129808135657,0.8095484643435243,0.6549609946109021,0.7782561056543534,19046816,0.6127687730048803,0.8081486486187848,0.6516837112735043,0.8159829960006453,0.5385755016418908,0.5320362601101067,0.5485825027918202,0.5351077420237456,,,,,,,,,,None,log2,,4.0,3.0,,,,,,,22.0,,,,90,0.15999999999999998
knn,False,2732.8203125,KlekotaRothCount,stratified,hcv_ns5b,108492245,0.4443007573544426,0.8801353048155406,0.7745066225732132,0.6291516438483579,64711016,0.4564898863041415,0.8854707742146601,0.7832015780676957,0.6437574601562276,0.6108777122008952,0.6227130474075664,0.5967025850019193,0.6132175041931998,,ball_tree,,,,,,10.0,,,,,,,,,-1.0,3.0,,1.0,,,,uniform,80,0.08999999999999998
rf,False,32528.6689453125,KlekotaRothCount,strict,hcv_ns5b,137241273,0.37708091289913664,0.924458987499315,0.8460668768360227,0.5203837990545704,59626125,0.47402284786637316,0.8919018939287032,0.7826012192650738,0.6458439485022077,0.6510004658036678,0.6514865715639349,0.657374898498732,0.6441399273483366,,,,,,,,,,20,sqrt,,1.0,4.0,500.0,,,,True,,22.0,,True,,100,0.08999999999999998
hgb,False,1622.15234375,KlekotaRothCount,strict,hcv_ns5b,53831787,0.5176611072160094,0.8585369819626966,0.732091506641629,0.6865164813627123,25617851,0.5840294825844553,0.8339970560870137,0.6923578205015182,0.7682843423378163,0.6355896557902243,0.6285084890685806,0.6299911922683934,0.6482692860336988,,,,,True,,0.1,,0.01,10,,10000.0,16.0,,,100.0,,,,,22.0,,True,,80,0.08999999999999998
svm,False,2350.373046875,KlekotaRothCount,strict,hcv_ns5b,292893230,0.4321497156899995,0.8583390221415125,0.7342708512083147,0.6837184904073427,74931455,0.5173664670952617,0.8327065114614595,0.691003037764859,0.7699741544416804,0.6115368899203076,0.5925175984687117,0.6235345855158384,0.6185584857763726,10.0,,0.0,3.0,,0.005,,,,,,,,,,,,,,,,True,,,80,0.08999999999999998
dt,False,329.890625,KlekotaRothCount,strict,hcv_ns5b,20406845,0.456303713313414,0.8525348838018868,0.7219379233871572,0.6994047988177713,18414779,0.5392108853137181,0.8431356420781103,0.7104719339066229,0.7453227493902438,0.540530649177516,0.5524071909127615,0.5872747397219957,0.481910016897791,,,,,,,,,,20,sqrt,,2.0,3.0,,,,,,,22.0,,,,90,0.08999999999999998
knn,False,2734.25,KlekotaRothCount,strict,hcv_ns5b,148468482,0.5054987079304716,0.8576677975344719,0.7325629508336764,0.6859121766717429,65919907,0.5806964270899961,0.8357471336047927,0.6954398444061083,0.7644262383182859,0.6098703895551032,0.6136392281432768,0.6284560369156281,0.5875159036064046,,ball_tree,,,,,,10.0,,,,,,,,,-1.0,5.0,,1.0,,,,uniform,80,0.08999999999999998
rf,False,75005.8642578125,KlekotaRoth,random,hcv_ns5b,253910885,0.39203490133808633,0.9163805423139532,0.8337018391180586,0.5503118521355632,115074478,0.4007758411552845,0.9072628342233162,0.8208220514720381,0.543299530648793,0.627905426899784,0.630003321077826,0.6250781283113608,0.6286348313101651,,,,,,,,,,20,sqrt,,1.0,3.0,1000.0,,,,True,,22.0,,True,,90,0.08999999999999998
hgb,False,3694.66796875,KlekotaRoth,random,hcv_ns5b,63471773,0.4464695225974293,0.8942731367234851,0.7972491973776886,0.6076401108140311,33733310,0.4455667594338445,0.8905660638418564,0.7909055571485868,0.5869056565391797,0.6156940636782523,0.6121990564433133,0.6172129486836531,0.6176701859077903,,,,,True,,0.0,,0.01,20,,10000.0,16.0,,,100.0,,,,,22.0,,True,,90,0.08999999999999998
svm,False,1992.212890625,KlekotaRoth,random,hcv_ns5b,250770935,0.4207017051932563,0.8821968012649442,0.7780509704433874,0.6357579043485789,76697237,0.42117381928840164,0.8819261301243572,0.7744866365323886,0.6095133062302487,0.5714796367619533,0.6012471256053096,0.5339753412141491,0.579216443466401,100.0,,0.0,3.0,,0.005,,,,,,,,,,,,,,,,True,,,90,0.08999999999999998
dt,False,298.9638671875,KlekotaRoth,random,hcv_ns5b,20170972,0.5226786314037495,0.8459462261096974,0.7151553842330358,0.7202265892202062,19691472,0.5375239457150224,0.8201799307278974,0.6656298015676758,0.7421827076544177,0.5252514079995759,0.5008334846283885,0.5338295596625579,0.5410911797077815,,,,,,,,,,20,None,,4.0,8.0,,,,,,,22.0,,,,80,0.08999999999999998
knn,False,1804.8056640625,KlekotaRoth,random,hcv_ns5b,89412577,0.5326327780021002,0.8482095584846745,0.7176839977736649,0.7170226766956909,50246063,0.5167681752140545,0.8450259146157688,0.713338126132669,0.6871982069215335,0.5831985642205436,0.5778293732927118,0.5888134842337349,0.582952835135184,,brute,,,,,,40.0,,,,,,,,,-1.0,5.0,,1.0,,,,uniform,80,0.08999999999999998
rf,False,61932.01953125,KlekotaRoth,stratified,hcv_ns5b,233191999,0.41157283728351274,0.9050671217315365,0.814768557848007,0.5702243960880363,114230003,0.4157533817805266,0.9106806872312002,0.8256688133086283,0.57727368383968,0.6349157554617344,0.6550559212492255,0.6115230540626958,0.6381682910732818,,,,,,,,,,30,sqrt,,1.0,4.0,1000.0,,,,True,,22.0,,True,,80,0.08999999999999998
hgb,False,6687.41015625,KlekotaRoth,stratified,hcv_ns5b,92896754,0.37609193506805566,0.9090149151977265,0.8258499678598582,0.5529046206733075,57339076,0.3879859397786816,0.9078554027298796,0.8240826478048029,0.5798939213920621,0.6119050720403753,0.6143865310247979,0.6011408103011784,0.6201878747951497,,,,,True,,0.1,,0.01,20,,99999999.0,8.0,,,100.0,,,,,22.0,,True,,90,0.08999999999999998
svm,False,1997.662109375,KlekotaRoth,stratified,hcv_ns5b,242940017,0.4903580956593032,0.8416681759127993,0.7073897108365764,0.7166931219143294,73621700,0.49529369118771294,0.8594057986944473,0.7381013595987551,0.7075560332305721,0.5856243759735127,0.6023391008298656,0.5640695719576605,0.5904644551330118,10.0,,0.0,4.0,,0.01,,,,,,,,,,,,,,,,True,,,90,0.08999999999999998
dt,False,312.32421875,KlekotaRoth,stratified,hcv_ns5b,20086613,0.5261804470944645,0.8399465440889463,0.7047920542819428,0.7198673249746123,18876438,0.5112256498625567,0.8566710348724833,0.7330386414653272,0.7143621215837102,0.5260414236746671,0.577921717443068,0.48777942404647623,0.512423129534457,,,,,,,,,,30,sqrt,,2.0,2.0,,,,,,,22.0,,,,80,0.08999999999999998
knn,False,1804.8056640625,KlekotaRoth,stratified,hcv_ns5b,80376363,0.46211639506977603,0.8738729321902069,0.7626694427066922,0.6454539597001167,48871266,0.4672535450113414,0.879087099096324,0.7717717224808821,0.6605093090575526,0.5982889351070427,0.6248432273429465,0.5806801416165235,0.5893434363616583,,auto,,,,,,30.0,,,,,,,,,-1.0,3.0,,1.0,,,,uniform,80,0.08999999999999998
rf,False,7327.19140625,KlekotaRoth,strict,hcv_ns5b,42688922,0.41263848930795755,0.9100597343044726,0.8199598047211267,0.5627849364473207,25892847,0.512409215738923,0.8792384854629466,0.761589623137187,0.6763346218817525,0.6344283470779056,0.627369053296786,0.6348731779018594,0.6410428100350716,,,,,,,,,,None,log2,,1.0,4.0,100.0,,,,True,,22.0,,True,,100,0.08999999999999998
hgb,False,2657.7451171875,KlekotaRoth,strict,hcv_ns5b,43641955,0.48750818932824824,0.8681086604872614,0.751408786214805,0.661303184914991,27635869,0.5552736966152011,0.8403085152523059,0.7053978809846991,0.7518253683971804,0.6269794952090693,0.611601231093462,0.6315731812755692,0.6377640732581766,,,,,True,,0.1,,0.01,10,,1000.0,16.0,,,100.0,,,,,22.0,,True,,100,0.08999999999999998
svm,False,1998.990234375,KlekotaRoth,strict,hcv_ns5b,226089393,0.49955083374934045,0.8370178234432882,0.7003011190340576,0.7261064382285484,61857113,0.5518053183928008,0.8243263022970396,0.6766929148624643,0.7876017159343272,0.5862124499884304,0.5674458886979252,0.5900053213577348,0.6011861399096311,10.0,,0.1,4.0,,0.01,,,,,,,,,,,,,,,,True,,,90,0.08999999999999998
dt,False,299.853515625,KlekotaRoth,strict,hcv_ns5b,19273820,0.4908328793464083,0.8568403265885669,0.7337465254581381,0.6843927004935746,18900181,0.5758034105460804,0.8335349573845422,0.6946966182441865,0.7653583947056491,0.5370716681549722,0.5165227690407628,0.5336682951297802,0.5610239402943735,,,,,,,,,,None,None,,4.0,2.0,,,,,,,22.0,,,,100,0.15999999999999998
knn,False,3512.3291015625,KlekotaRoth,strict,hcv_ns5b,136490029,0.5064606683226749,0.8510853216238907,0.7221364329407114,0.6991551003974682,57118198,0.586600698415642,0.8250204713096758,0.6787035786535941,0.785148828049462,0.6001723432048915,0.5826890064998089,0.6298431044025913,0.5879849187122745,,ball_tree,,,,,,40.0,,,,,,,,,-1.0,5.0,,2.0,,,,uniform,90,0.08999999999999998
rf,False,6690.3212890625,MACCS,random,hcv_ns5b,23236836,0.39837158062416067,0.920231944668646,0.8404302460554872,0.5390641257766746,10827152,0.3871313390353858,0.9212236557474878,0.8454570920698256,0.5045701911442761,0.6704527008703014,0.6522938093704918,0.6911677409529053,0.667896552287507,,,,,,,,,,30,sqrt,,1.0,4.0,100.0,,,,True,,22.0,,True,,90,0.15999999999999998
hgb,False,3000.3232421875,MACCS,random,hcv_ns5b,26959455,0.418062776562064,0.9098115024210366,0.8257663384635336,0.5632888762568485,13628841,0.41352619048866657,0.8995212009109645,0.808549333463928,0.5615979208103633,0.6569396685863625,0.6380396231484018,0.6915927053546602,0.6411866772560257,,,,,True,,0.01,,0.01,10,,10000.0,8.0,,,100.0,,,,,22.0,,True,,90,0.08999999999999998
svm,False,1276.4169921875,MACCS,random,hcv_ns5b,114465491,0.3946544054328175,0.8965970831001596,0.80360584243116,0.5980388879220032,30257092,0.37966547053856453,0.8990215428975898,0.807080304399721,0.5637484150660951,0.6158939289703832,0.5872216363779901,0.6494716098871127,0.6109885406460469,100.0,,0.1,4.0,,0.01,,,,,,,,,,,,,,,,False,,,80,0.15999999999999998
dt,False,211.3681640625,MACCS,random,hcv_ns5b,2521230,0.5343870895955828,0.8475836758589745,0.7179453709303973,0.7166906836877576,1957386,0.5525455098877375,0.8259651970030526,0.6765844992890399,0.7299237006010668,0.538686427473701,0.5106485375896144,0.5849483672551543,0.5204623775763344,,,,,,,,,,10,sqrt,,2.0,8.0,,,,,,,22.0,,,,90,0.15999999999999998
knn,False,2641.2666015625,MACCS,random,hcv_ns5b,79845137,0.20523437709016928,0.9487572987269132,0.8998822773588371,0.4269928711455074,49419665,0.18514260445271974,0.9532188343760479,0.908457353963534,0.3883370084198959,0.650697304681134,0.6170284165661877,0.669667574404534,0.6653959230726803,,kd_tree,,,,,,10.0,,,,,,,,,-1.0,7.0,,1.0,,,,distance,100,0.15999999999999998
rf,False,31321.6865234375,MACCS,stratified,hcv_ns5b,111648858,0.3788107892526655,0.9259800918690098,0.8505268705658586,0.51223588918769,50617054,0.3771931478795959,0.9312602098722456,0.8616893830006681,0.5141880461018625,0.6706956465587437,0.6811615507628495,0.6501338311178403,0.6807915577955416,,,,,,,,,,20,sqrt,,1.0,4.0,500.0,,,,True,,22.0,,True,,100,0.15999999999999998
hgb,False,3740.2587890625,MACCS,stratified,hcv_ns5b,40329009,0.39753642550640383,0.9125977342375114,0.8313977718308133,0.5440265497658155,19495703,0.39692191125191684,0.9217951347098844,0.8486681593276975,0.5378477718390903,0.6502672984645942,0.652357849459079,0.6370571177651132,0.6613869281695903,,,,,True,,0.01,,0.01,None,,1000.0,16.0,,,100.0,,,,,22.0,,True,,100,0.08999999999999998
svm,False,1376.7724609375,MACCS,stratified,hcv_ns5b,143896974,0.3670184465783568,0.9031704687671988,0.8156298604355702,0.5688971160025771,36140702,0.3679386504839579,0.9143941129512562,0.8355433732907909,0.5606862495998274,0.62608435986561,0.6143726610211859,0.6247412540537457,0.6391391645218985,100.0,,0.0,3.0,,0.01,,,,,,,,,,,,,,,,True,,,90,0.15999999999999998
dt,False,232.3369140625,MACCS,stratified,hcv_ns5b,2768786,0.47019103959414127,0.8675978386408534,0.7510427861081407,0.6610750971067976,2284729,0.4834274223779608,0.8910507693381173,0.7939687457714364,0.6275679698382503,0.5496287878673601,0.5604693622577279,0.49562097091367185,0.5927960304306807,,,,,,,,,,20,sqrt,,2.0,4.0,,,,,,,22.0,,,,80,0.08999999999999998
knn,False,2495.1611328125,MACCS,stratified,hcv_ns5b,111753775,0.49235459262501785,0.8647259397329721,0.747017306467554,0.6663982471178592,42564498,0.4568092695681023,0.8984956111457502,0.8063515987123725,0.6084167676905662,0.6523735904965332,0.6641973403258383,0.636368751364168,0.6565546797995931,,ball_tree,,,,,,50.0,,,,,,,,,-1.0,5.0,,2.0,,,,uniform,90,0.08999999999999998
rf,False,65019.380859375,MACCS,strict,hcv_ns5b,223359610,0.36581748736655956,0.93346251990784,0.8625021706029146,0.4918193913590273,86795187,0.48650390313,0.890073547649402,0.7816784256792815,0.6472132053797233,0.6718269233062246,0.6517519147121695,0.6927347432055417,0.6709941120009624,,,,,,,,,,20,sqrt,,1.0,4.0,1000.0,,,,True,,22.0,,True,,100,0.15999999999999998
hgb,False,2555.265625,MACCS,strict,hcv_ns5b,30028986,0.42140473027185676,0.9047676143318467,0.8159846182816957,0.5689640028151872,11315497,0.5554591023236148,0.8467970254391184,0.7149600254228569,0.7395234126295309,0.6667352744003017,0.6446012291088901,0.7064155133181034,0.6491890807739116,,,,,True,,0.01,,0.01,20,,1000.0,16.0,,,100.0,,,,,22.0,,True,,90,0.08999999999999998
svm,False,1677.8623046875,MACCS,strict,hcv_ns5b,162205061,0.4405232863649982,0.8801886786712548,0.7732305727702512,0.6316114268146281,36063322,0.5297493111875234,0.8480488368815354,0.7183468106414881,0.735116852987788,0.6426607417072143,0.6253600623689921,0.6634620100944367,0.6391601526582142,10.0,,0.0,2.0,,0.01,,,,,,,,,,,,,,,,False,,,100,0.08999999999999998
dt,False,225.421875,MACCS,strict,hcv_ns5b,2778672,0.5112540423196033,0.8382489838254331,0.700683072484849,0.7256435948583607,1995523,0.5980615241118032,0.8301992542178099,0.6877868685207403,0.7739708874984076,0.5322017522491795,0.5284603374794168,0.516883326029675,0.5512615932384468,,,,,,,,,,None,sqrt,,2.0,2.0,,,,,,,22.0,,,,90,0.15999999999999998
knn,False,3268.0478515625,MACCS,strict,hcv_ns5b,100015754,0.4541100969921061,0.8863693663816702,0.7822594094773105,0.6189098934934545,39315309,0.5447802151987654,0.8637674914452446,0.7421519190942433,0.7033653897259822,0.6470117281213833,0.5866428859858329,0.6964081093769771,0.65798418900134,,kd_tree,,,,,,10.0,,,,,,,,,-1.0,5.0,,1.0,,,,uniform,100,0.08999999999999998
rf,False,63455.9775390625,PubChem,random,hcv_ns5b,269602680,0.38217311434706336,0.9273971592841648,0.8528682834394548,0.5176286359718874,106050986,0.3711123090879665,0.9232792304213326,0.8494996422591847,0.4979271600308321,0.6522043084550279,0.6407475418492969,0.6567773569064519,0.6590880266093349,,,,,,,,,,None,sqrt,,1.0,4.0,1000.0,,,,True,,22.0,,True,,100,0.08999999999999998
hgb,False,2016.943359375,PubChem,random,hcv_ns5b,83900687,0.42998733659642263,0.9090871971989833,0.8211536439971783,0.5706964763834121,12348732,0.436239680281229,0.89093357633238,0.792284396253825,0.5849673290770753,0.6524798852532141,0.6424698534522153,0.6722460472380267,0.6427237550694003,,,,,True,,0.01,,0.01,None,,1000.0,8.0,,,100.0,,,,,22.0,,True,,100,0.08999999999999998
svm,False,3089.857421875,PubChem,random,hcv_ns5b,314569008,0.3360510308080296,0.9222780994656646,0.850028869514402,0.5225994830750949,80697102,0.31941055676860886,0.921838280323707,0.849590739219767,0.49777644106374713,0.6486055752105734,0.6413965580381471,0.6496448290371692,0.6547753385564039,10.0,,0.0,2.0,,0.01,,,,,,,,,,,,,,,,False,,,100,0.08999999999999998
dt,False,230.8857421875,PubChem,random,hcv_ns5b,5952076,0.5364641174134851,0.851330462621419,0.7243934254333644,0.7084511831296808,4841607,0.5533822246542655,0.8301638762300076,0.6786986937823322,0.7275340022866732,0.5527123935861352,0.5083347185153082,0.5566499801982805,0.5931524820448171,,,,,,,,,,30,log2,,2.0,8.0,,,,,,,22.0,,,,80,0.15999999999999998
knn,False,6277.349609375,PubChem,random,hcv_ns5b,175489585,0.19254232481869835,0.9503725802606856,0.903105195855836,0.4200639267326773,65860877,0.1818321894464989,0.953516479602142,0.9091787495930679,0.38680385019565705,0.607761210534114,0.5993360252283351,0.6145240280123299,0.6094235783616773,,ball_tree,,,,,,30.0,,,,,,,,,-1.0,9.0,,1.0,,,,distance,100,0.08999999999999998
rf,False,17186.732421875,PubChem,stratified,hcv_ns5b,101354564,0.3817863020087908,0.9226992392153538,0.8461135077696816,0.5197430492485993,46355417,0.3958348963854042,0.9279145741028362,0.854913580759189,0.5266324279476879,0.6665392739901876,0.6764128306280484,0.6575598280737719,0.6656451632687426,,,,,,,,,,None,None,,1.0,8.0,500.0,,,,True,,22.0,,True,,100,0.08999999999999998
hgb,False,6091.2607421875,PubChem,stratified,hcv_ns5b,53436341,0.34686901885061006,0.9234332520443472,0.8521280987622921,0.5094848428658028,29528032,0.34571451269201775,0.9360774296658516,0.8752942814713478,0.48824454647010673,0.6572656063281238,0.672707154817157,0.6390658235576074,0.660023840609607,,,,,True,,0.01,,0.01,10,,10000.0,16.0,,,100.0,,,,,22.0,,True,,90,0.08999999999999998
svm,False,3070.900390625,PubChem,stratified,hcv_ns5b,344295124,0.33876722237665696,0.9156933572703106,0.8383703364962664,0.5326586380504785,90168688,0.31898688986880425,0.9348716774453629,0.8737718373519697,0.4912158219986867,0.6587163286687118,0.6828758679717661,0.6485212258513122,0.6447518921830567,10.0,,0.0,2.0,,0.01,,,,,,,,,,,,,,,,True,,,100,0.08999999999999998
dt,False,233.2763671875,PubChem,stratified,hcv_ns5b,6188408,0.4583213798241391,0.878900964305574,0.7719050351782049,0.6327705948711322,4689615,0.4514114391496343,0.89222931587585,0.7955696554776513,0.6251250421262755,0.5709821360997699,0.5885643901503324,0.5835303104102706,0.5408517077387069,,,,,,,,,,None,None,,4.0,4.0,,,,,,,22.0,,,,80,0.08999999999999998
knn,False,3009.681640625,PubChem,stratified,hcv_ns5b,107011593,0.5129995726074914,0.852307894466505,0.7255176282415927,0.6941377580911757,102828881,0.5173258295391311,0.8664037155570384,0.7501044198290163,0.6911518964664266,0.6233472374292955,0.6487681045977141,0.5939657186687608,0.6273078890214119,,auto,,,,,,40.0,,,,,,,,,-1.0,5.0,,2.0,,,,uniform,90,0.08999999999999998
rf,False,22604.70703125,PubChem,strict,hcv_ns5b,172451254,0.4298893864514626,0.9104665341753373,0.8196715498412169,0.563235282057141,69073588,0.5494856188645602,0.852847240355137,0.7198376798678183,0.7331686818034271,0.6556489064720474,0.6518426609694021,0.6747007698125911,0.6404032886341491,,,,,,,,,,10,None,,1.0,8.0,1000.0,,,,True,,22.0,,True,,100,0.08999999999999998
hgb,False,3472.26171875,PubChem,strict,hcv_ns5b,52095202,0.43417255203560534,0.9012417401238589,0.8084910334936787,0.5804332503102073,39506214,0.5397958840860826,0.8534904126104124,0.7257699406659137,0.7253649583521878,0.6680791742995994,0.6702742154863353,0.6842548278453687,0.6497084795670944,,,,,True,,0.0,,0.01,50,,1000.0,32.0,,,100.0,,,,,22.0,,True,,80,0.08999999999999998
svm,False,3233.943359375,PubChem,strict,hcv_ns5b,378672574,0.3144721068154635,0.927118561356333,0.8587357604072823,0.4985099659538855,78267420,0.474465406856506,0.85557486492797,0.7309960142481398,0.7184199767513956,0.6553943030479359,0.6578335625384928,0.6728518049331749,0.63549754167214,10.0,,0.0,2.0,,0.01,,,,,,,,,,,,,,,,True,,,100,0.08999999999999998
dt,False,226.4111328125,PubChem,strict,hcv_ns5b,6493550,0.5539828764657133,0.8288021847087663,0.6859828930440894,0.7432490811089871,4850664,0.6254862828497862,0.8077880085512995,0.649976903482304,0.8194970487163167,0.5625595517107775,0.47569550523185633,0.6160890074215892,0.5958941424788871,,,,,,,,,,20,sqrt,,4.0,3.0,,,,,,,22.0,,,,90,0.08999999999999998
knn,False,6182.3095703125,PubChem,strict,hcv_ns5b,153966294,0.48571532346987245,0.8650546399776287,0.7451494842960682,0.669576935336162,71696276,0.5906033020408037,0.8324418134381202,0.6928032176175813,0.767727988890218,0.6103637521632982,0.5865215026921327,0.6467011611031419,0.5978685926946201,,kd_tree,,,,,,40.0,,,,,,,,,-1.0,5.0,,1.0,,,,uniform,90,0.08999999999999998
rf,False,25314.46484375,SubstructureCount,random,hcv_ns5b,92134062,0.3618599824112899,0.9286863631359653,0.8575099771437578,0.5093981592533668,47094200,0.34716548609790426,0.9298927030975925,0.8627050379597669,0.4755808410405967,0.6731271085942954,0.6663115921002226,0.6914209682057113,0.6616487654769521,,,,,,,,,,20,None,,2.0,2.0,500.0,,,,True,,22.0,,True,,100,0.08999999999999998
hgb,False,2563.640625,SubstructureCount,random,hcv_ns5b,32206740,0.4227464106690901,0.9109431896041831,0.8265639578059143,0.5619980651772423,13519133,0.420647091697782,0.9001460797378873,0.8096674593738655,0.5599555742014929,0.6586031689177606,0.6461200574600338,0.6915489491794125,0.6381405001138354,,,,,True,,0.01,,0.01,None,,1000.0,8.0,,,100.0,,,,,22.0,,True,,100,0.08999999999999998
svm,False,950.54296875,SubstructureCount,random,hcv_ns5b,77723873,0.3820988700544892,0.8996038853757683,0.8092559163796387,0.5893736038454731,21036494,0.37322896959726404,0.9021823303167168,0.8126888130649973,0.55549340578897,0.627180131719964,0.6102461445106677,0.6238051545701037,0.6474890960791208,10.0,,0.1,4.0,,0.01,,,,,,,,,,,,,,,,True,,,80,0.08999999999999998
dt,False,219.4111328125,SubstructureCount,random,hcv_ns5b,3006550,0.4574838382309885,0.880935560791408,0.7756145158695515,0.6392379091753014,2434738,0.4386545966121471,0.8841571423293801,0.779258655841871,0.6030299625043151,0.5484583283501755,0.5654585056770743,0.5044748028595667,0.5754416765138854,,,,,,,,,,None,None,,4.0,4.0,,,,,,,22.0,,,,80,0.15999999999999998
knn,False,823.0849609375,SubstructureCount,random,hcv_ns5b,29515379,0.4273426248231168,0.8916660659047138,0.7934453733708844,0.6133136165259241,6549363,0.430010204259038,0.8914506819307751,0.7933399419061373,0.5834791256308351,0.6083051814943982,0.5812366837067265,0.627430700356777,0.6162481604196912,,auto,,,,,,30.0,,,,,,,,,-1.0,3.0,,1.0,,,,uniform,90,0.08999999999999998
rf,False,61658.5107421875,SubstructureCount,stratified,hcv_ns5b,199430247,0.36133798858546406,0.9297076688736313,0.858813794918099,0.4978340213792972,92806859,0.37274389863548524,0.9294691612812609,0.8588727971134527,0.5193971754425417,0.6817662504097299,0.6750166965386217,0.6788536859856589,0.6914283687049094,,,,,,,,,,20,sqrt,,1.0,4.0,1000.0,,,,True,,22.0,,True,,100,0.08999999999999998
hgb,False,3708.4658203125,SubstructureCount,stratified,hcv_ns5b,44733536,0.39867269915404085,0.9098844706023181,0.8267020283495544,0.5515503692972463,17689308,0.40428311689354324,0.9112471429230214,0.8294314465355084,0.571009981191324,0.6612559629358533,0.6580769581553969,0.6640281871385735,0.6616627435135896,,,,,True,,0.01,,0.01,50,,99999999.0,8.0,,,100.0,,,,,22.0,,True,,80,0.15999999999999998
svm,False,983.37109375,SubstructureCount,stratified,hcv_ns5b,90340637,0.4487309722634809,0.8743242606143514,0.7639696402095516,0.643683496189156,23237793,0.44193434524848274,0.8902653762620638,0.7909914068170077,0.6320861692496599,0.6422404728787071,0.6364941116620325,0.6266593697296203,0.6635679372444687,10.0,,0.1,3.0,,0.005,,,,,,,,,,,,,,,,False,,,90,0.08999999999999998
dt,False,224.896484375,SubstructureCount,stratified,hcv_ns5b,2877865,0.4619164822652311,0.8750024153601151,0.7644583641529646,0.6430167460523258,2407598,0.4799780439679229,0.8796655529077608,0.7728440774240395,0.6589557452376517,0.5687374873901603,0.5763794042561021,0.6034986020377715,0.5263344558766072,,,,,,,,,,None,sqrt,,2.0,8.0,,,,,,,22.0,,,,90,0.15999999999999998
knn,False,809.24609375,SubstructureCount,stratified,hcv_ns5b,40271066,0.18137196251194318,0.9525591440914137,0.9071659955031722,0.40368441431052504,17670050,0.21551353148538846,0.9417084494596379,0.8861719282129519,0.46646483132780986,0.6308496872409214,0.6244675259824481,0.6193739231720725,0.6487076125682435,,kd_tree,,,,,,50.0,,,,,,,,,-1.0,9.0,,1.0,,,,distance,80,0.08999999999999998
rf,False,33009.423828125,SubstructureCount,strict,hcv_ns5b,103259487,0.3664541562296846,0.930542424405163,0.8577551730258195,0.5002371801654828,41787289,0.45235436002772816,0.9042422950724404,0.8063031227836848,0.6096216080017349,0.6694302146326234,0.6642068789658722,0.6844501763421742,0.6596335885898239,,,,,,,,,,20,log2,,1.0,4.0,500.0,,,,True,,22.0,,True,,80,0.08999999999999998
hgb,False,1901.26953125,SubstructureCount,strict,hcv_ns5b,21383803,0.4405612244354548,0.9013003075748062,0.8063759809450552,0.5836296433042157,10304873,0.5260872930693222,0.8667980418520318,0.7452418443391727,0.6991382943484771,0.6633134099943081,0.658276481085865,0.6768278793446398,0.6548358695524195,,,,,True,,0.0,,0.01,20,,1000.0,8.0,,,100.0,,,,,22.0,,True,,100,0.08999999999999998
svm,False,993.68359375,SubstructureCount,strict,hcv_ns5b,90579741,0.4466865438026393,0.8756105178077279,0.7666735569768883,0.640677846482022,20229229,0.5252728455135538,0.8583489245686738,0.734026895930586,0.71436127463196,0.6187033066615536,0.6048803928030031,0.6301397963800783,0.6210897308015793,10.0,,0.5,4.0,,0.005,,,,,,,,,,,,,,,,False,,,90,0.08999999999999998
dt,False,210.693359375,SubstructureCount,strict,hcv_ns5b,2926329,0.5517386250210672,0.8243347258978699,0.678879867607965,0.7516081730184065,2449473,0.6290826162480408,0.7985140409085525,0.6334440164081713,0.8386276924955801,0.563870620520205,0.5360815889850823,0.6085341582064447,0.5469961143690878,,,,,,,,,,None,log2,,4.0,2.0,,,,,,,22.0,,,,100,0.15999999999999998
knn,False,790.4833984375,SubstructureCount,strict,hcv_ns5b,26956242,0.4908630503382119,0.8573887700411701,0.7310591042821537,0.6878379768567324,6035899,0.5534830384324284,0.8561240731143264,0.7272707621503645,0.7233773263198199,0.625711089526748,0.6108223356497384,0.6296216461956434,0.6366892867348624,,brute,,,,,,20.0,,,,,,,,,-1.0,5.0,,1.0,,,,uniform,80,0.08999999999999998
rf,False,4158.6689453125,Substructure,random,hcv_ns5b,19085753,0.5082606536491108,0.8696909929940632,0.7534240087686661,0.6701014181409479,9837498,0.5041054854648063,0.8616159902242697,0.7418357860289393,0.6521463540129611,0.5969406629403112,0.6052814835797538,0.6056852103434807,0.5798552948976995,,,,,,,,,,20,None,,2.0,2.0,100.0,,,,True,,22.0,,True,,100,0.08999999999999998
hgb,False,1698.6279296875,Substructure,random,hcv_ns5b,18706761,0.5728122558197163,0.8429654044598222,0.7065261771511808,0.7310546230646927,9147476,0.5792651900910105,0.826467725026001,0.6819545613767968,0.7238384277506471,0.5851819040091836,0.5857694492541018,0.5910814982181023,0.5786947645553465,,,,,True,,0.1,,0.01,10,,1000.0,8.0,,,100.0,,,,,22.0,,True,,100,0.08999999999999998
svm,False,912.6513671875,Substructure,random,hcv_ns5b,91444104,0.5407798874549488,0.8313865334195971,0.691075573303572,0.7500518177424613,24729938,0.5569834908511258,0.8195077149002871,0.6662652962298623,0.7414770863592035,0.5755528395448374,0.5804653635832968,0.5817825638739744,0.564410591177241,300.0,,0.0,2.0,,0.01,,,,,,,,,,,,,,,,False,,,100,0.08999999999999998
dt,False,207.283203125,Substructure,random,hcv_ns5b,2683408,0.5780961302601724,0.8301776450181323,0.689135684910398,0.752403104403867,2356912,0.5567768551663189,0.8283010984740045,0.6834280989283281,0.7221596717211202,0.5333041328052882,0.5373971389452371,0.5679465037445028,0.4945687557261246,,,,,,,,,,None,None,,4.0,3.0,,,,,,,22.0,,,,90,0.08999999999999998
knn,False,1095.7509765625,Substructure,random,hcv_ns5b,91154819,0.5904385277359981,0.8162436400071296,0.6653944007219483,0.7806057487151314,27552385,0.600657395697079,0.8098515287562699,0.6548018662851675,0.7541040434365944,0.5642673483065689,0.5404619348343267,0.589364659036486,0.562975451048894,,ball_tree,,,,,,10.0,,,,,,,,,-1.0,9.0,,2.0,,,,uniform,100,0.08999999999999998
rf,False,16916.6279296875,Substructure,stratified,hcv_ns5b,82017610,0.5256659974223646,0.8599378131513811,0.7333868474731711,0.6841151765413234,40714796,0.544271378239475,0.8715826182920137,0.7513394595533356,0.6894418675578359,0.6071747100391662,0.6245876343196254,0.5772651227653682,0.6196713730325052,,,,,,,,,,20,sqrt,,1.0,8.0,500.0,,,,True,,22.0,,True,,100,0.08999999999999998
hgb,False,10245.1044921875,Substructure,stratified,hcv_ns5b,91716350,0.5059274971161593,0.8621020236403922,0.7430925670453948,0.6715475588588985,62276906,0.5109867779776402,0.8744852613311653,0.7635787493895905,0.672260310434441,0.5849510226561125,0.6079407546843623,0.5673233151929178,0.5795889980910576,,,,,True,,0.01,,0.01,None,,10000.0,32.0,,,100.0,,,,,22.0,,True,,100,0.08999999999999998
svm,False,912.189453125,Substructure,stratified,hcv_ns5b,92312315,0.5679076601281716,0.8130419444295642,0.6593544801749374,0.7732853467345597,25170671,0.5377396402557119,0.8469094316099632,0.7172219460483715,0.7352195847346852,0.5738227406218832,0.5637399314260138,0.5762889519344251,0.5814393385052109,200.0,,0.0,2.0,,0.01,,,,,,,,,,,,,,,,False,,,100,0.08999999999999998
dt,False,224.580078125,Substructure,stratified,hcv_ns5b,3637861,0.5152901418458647,0.8525909570825309,0.7268004601740842,0.6925137832267023,2719848,0.5394353657665236,0.8477576834488303,0.71822890318326,0.7339093790008755,0.5378518489284577,0.527096367426221,0.5429993228485601,0.5434598565105923,,,,,,,,,,None,None,,2.0,2.0,,,,,,,22.0,,,,90,0.08999999999999998
knn,False,1063.7421875,Substructure,stratified,hcv_ns5b,87770482,0.5653572759742488,0.8204143712577768,0.6726592089022035,0.7580336828977148,42880801,0.5800359346858301,0.8459577359344427,0.7141810097220644,0.7391622127105077,0.5920237365921325,0.597829653231665,0.5688179541939393,0.6094236023507931,,ball_tree,,,,,,20.0,,,,,,,,,-1.0,7.0,,1.0,,,,uniform,100,0.08999999999999998
rf,False,31232.5654296875,Substructure,strict,hcv_ns5b,167405345,0.5322755393798962,0.85183987635154,0.723071718490816,0.6979774345725793,73578742,0.6138440255486628,0.8037263385807825,0.6418518643226118,0.8289539207791504,0.6153199161615295,0.5972192173167651,0.6470995439005902,0.6016409872672333,,,,,,,,,,20,None,,1.0,8.0,1000.0,,,,True,,22.0,,True,,90,0.08999999999999998
hgb,False,6366.322265625,Substructure,strict,hcv_ns5b,63018045,0.5577059202154965,0.8385080830119133,0.701762673542762,0.7243337570067787,34427963,0.6212938021027298,0.8115091888173435,0.6540786244824777,0.8146812896381077,0.6027890935091286,0.5669610144104917,0.6457781922266654,0.5956280738902284,,,,,True,,0.1,,0.01,None,,10000.0,32.0,,,100.0,,,,,22.0,,True,,100,0.08999999999999998
svm,False,915.5068359375,Substructure,strict,hcv_ns5b,98040376,0.572442109364097,0.8055579542781398,0.6462464090510693,0.7888749314227628,21434625,0.6009973119205987,0.8135087882020045,0.6587269035631231,0.8091891838362636,0.5834644100559462,0.5791260998992694,0.6037373885312571,0.567529741737312,300.0,,0.0,2.0,,0.01,,,,,,,,,,,,,,,,False,,,100,0.08999999999999998
dt,False,227.1044921875,Substructure,strict,hcv_ns5b,2813552,0.5146462942210749,0.848262486167167,0.7184746454672499,0.703746882378109,2485238,0.6085614236673891,0.7992777764629597,0.6343210198488509,0.8376238624539023,0.5478800628242054,0.4958500580716019,0.5969909775693172,0.5507991528316972,,,,,,,,,,30,None,,2.0,2.0,,,,,,,22.0,,,,90,0.08999999999999998
knn,False,701.8212890625,Substructure,strict,hcv_ns5b,84523767,0.4522021594609595,0.8725861975970541,0.7601528622174736,0.6495685610195573,21649845,0.5789499720208915,0.816881446464166,0.654563962279612,0.8141095782092208,0.5825558475716498,0.5806522474980789,0.5937659520010654,0.573249343215805,,auto,,,,,,20.0,,,,,,,,,-1.0,7.0,,2.0,,,,distance,90,0.08999999999999998
rf,False,213448.822265625,AtomPairs2DCount,random,homosapiens_bace1,1022234703,0.35768991340110695,0.9234855428755103,0.8454024135547648,0.530299130966637,362665504,0.37127484057268023,0.9251635946604408,0.8474640648276273,0.5388247398214921,0.6104244450930557,0.6128026886516844,0.595057080962011,0.6234135656654716,,,,,,,,,,20,None,,2.0,2.0,1000.0,,,,True,,22.0,,True,,90,0.08999999999999998
hgb,False,6241.8359375,AtomPairs2DCount,random,homosapiens_bace1,119358598,0.4420219202786212,0.8946055177088477,0.79622886238468,0.6088227826012312,126743631,0.4638451620275933,0.8879827249456811,0.7855576901597283,0.6388761587498633,0.6197218659084315,0.6160809837459158,0.606810248383802,0.6362743655955765,,,,,True,,0.01,,0.01,20,,10000.0,16.0,,,100.0,,,,,22.0,,True,,90,0.08999999999999998
svm,False,6482.74609375,AtomPairs2DCount,random,homosapiens_bace1,4552717921,0.38640233321606715,0.8877987194222425,0.7872315692670667,0.6221185568810317,1157893524,0.4021210443829352,0.8785269196428878,0.770596615540367,0.6607867923738676,0.6226494060334855,0.626011023683559,0.6085283140015026,0.633408880415395,10.0,,0.1,4.0,,0.001,,,,,,,,,,,,,,,,False,,,80,0.08999999999999998
dt,False,249.4462890625,AtomPairs2DCount,random,homosapiens_bace1,9932197,0.5803941334294168,0.8138553918391749,0.6615220877195527,0.7846658060870358,5390800,0.571897403990326,0.8310789342548631,0.6901184929283706,0.7679965571034264,0.4167271032764786,0.4238259088770112,0.403622004835024,0.4227333961174008,,,,,,,,,,10,None,,4.0,2.0,,,,,,,22.0,,,,100,0.08999999999999998
knn,False,7589.3701171875,AtomPairs2DCount,random,homosapiens_bace1,1346396139,0.5142265929200854,0.8511617564566774,0.7235858435371305,0.7090872907767947,347212922,0.5517708008868673,0.8389753084472915,0.7027963095192586,0.7521224331625184,0.5708902361760387,0.5827317748358615,0.5545892201873898,0.5753497135048652,,ball_tree,,,,,,40.0,,,,,,,,,-1.0,5.0,,1.0,,,,uniform,80,0.08999999999999998
rf,False,241423.3466796875,AtomPairs2DCount,stratified,homosapiens_bace1,1058971210,0.37898318223562844,0.9239986942309009,0.8421930483800456,0.5366374648358743,378786938,0.37103230902587037,0.9361386215032643,0.8595706191698856,0.514006792233787,0.6093976924939349,0.5981469821521078,0.6099265776443957,0.6201195176853012,,,,,,,,,,20,sqrt,,1.0,4.0,1000.0,,,,True,,22.0,,True,,90,0.08999999999999998
hgb,False,9907.85546875,AtomPairs2DCount,stratified,homosapiens_bace1,173286882,0.393073591526234,0.908575175652992,0.8233086766341581,0.5678394164670192,73060625,0.37444419885015284,0.9252500961596132,0.8507802765223909,0.5298500539046964,0.625172376648224,0.6095362549323684,0.6211025279009433,0.6448783471113602,,,,,True,,0.01,,0.01,20,,10000.0,16.0,,,100.0,,,,,22.0,,True,,90,0.08999999999999998
svm,False,6491.90234375,AtomPairs2DCount,stratified,homosapiens_bace1,4100205689,0.39065594272863813,0.884515040429896,0.7811444266417606,0.6319703882539729,1026529461,0.3787336182360302,0.900412467750768,0.8092249145064039,0.5991018985283185,0.6156502285720454,0.6093323883907804,0.6036170265323639,0.6340012707929921,10.0,,0.1,4.0,,0.001,,,,,,,,,,,,,,,,False,,,80,0.08999999999999998
dt,False,256.650390625,AtomPairs2DCount,stratified,homosapiens_bace1,9327828,0.6599461537101727,0.7613423877540083,0.5789151970370054,0.8766025061178578,5523487,0.6420632421136675,0.7846626569804636,0.6155661136657808,0.8504537460347424,0.4062972025063574,0.40657296805066867,0.3756411748640166,0.43667746460438706,,,,,,,,,,10,sqrt,,4.0,8.0,,,,,,,22.0,,,,90,0.15999999999999998
knn,False,8483.3818359375,AtomPairs2DCount,stratified,homosapiens_bace1,1045193178,0.5244210686507714,0.8466208529637107,0.7149150328731271,0.721281980437478,294709442,0.5160968654915455,0.8587996053375183,0.7349825443793421,0.7061177155048616,0.569298288252604,0.5581691055513077,0.5649288248811702,0.584796934325334,,ball_tree,,,,,,10.0,,,,,,,,,-1.0,5.0,,1.0,,,,uniform,80,0.08999999999999998
rf,False,308330.0419921875,AtomPairs2DCount,strict,homosapiens_bace1,975112161,0.36662319923355463,0.9232514523273249,0.8427090504381003,0.5358918489923405,338256360,0.37499063620889134,0.9237973048452657,0.8444606636017846,0.5396626663758262,0.6157411814871457,0.6110678597609764,0.624074632348226,0.6120810523522346,,,,,,,,,,20,sqrt,,1.0,3.0,1000.0,,,,True,,22.0,,True,,80,0.08999999999999998
hgb,False,8310.751953125,AtomPairs2DCount,strict,homosapiens_bace1,156558652,0.41186451491657045,0.9015978576115742,0.8101607784564698,0.5887328327431823,54851618,0.418442597026279,0.9002574109279023,0.8080002526898205,0.5995875169311717,0.6335268469516839,0.6255566450378641,0.6389243913693203,0.6360995044478674,,,,,True,,0.0,,0.01,50,,99999999.0,8.0,,,100.0,,,,,22.0,,True,,90,0.08999999999999998
svm,False,6537.2578125,AtomPairs2DCount,strict,homosapiens_bace1,3826232602,0.3913772544392266,0.8839783531273196,0.7808739639602937,0.63251710642855,901834635,0.4270554281188154,0.8725667455732143,0.7599548915478579,0.6704226590081672,0.625213919241419,0.5949040721555598,0.6500777976182347,0.6306598879504626,10.0,,0.5,3.0,,0.001,,,,,,,,,,,,,,,,True,,,80,0.08999999999999998
dt,False,254.220703125,AtomPairs2DCount,strict,homosapiens_bace1,9525973,0.6535571160690643,0.7669674710638794,0.5871938700340986,0.8681571634996137,5375071,0.6507623406269166,0.782003774417258,0.6102008349672123,0.8543241953220012,0.43372190889142,0.44315554677610347,0.4483901014354069,0.4096200784627496,,,,,,,,,,10,sqrt,,4.0,8.0,,,,,,,22.0,,,,80,0.08999999999999998
knn,False,9838.255859375,AtomPairs2DCount,strict,homosapiens_bace1,1962154799,0.5279805867333497,0.8405213491714583,0.7041223118863263,0.7349899361946333,478969392,0.5596258305530313,0.8313450493247324,0.6900530113264359,0.7618087640222372,0.5719366799214627,0.5601262944310105,0.5899674691056935,0.5657162762276838,,ball_tree,,,,,,20.0,,,,,,,,,-1.0,5.0,,1.0,,,,uniform,100,0.08999999999999998
rf,False,116057.1474609375,AtomPairs2D,random,homosapiens_bace1,553550346,0.4973537305917726,0.8698307130699455,0.7491246343199203,0.6755361119383653,203020812,0.5181334001195511,0.866237819725453,0.7438362356520198,0.6982650286078187,0.5482886959345207,0.5401674774421251,0.5488080744736997,0.5558905358877371,,,,,,,,,,20,sqrt,,1.0,4.0,500.0,,,,True,,22.0,,True,,90,0.08999999999999998
hgb,False,8600.3798828125,AtomPairs2D,random,homosapiens_bace1,141672622,0.564157743548905,0.8342216573834764,0.6938553683704842,0.7462474924560705,59869825,0.5904048220463297,0.8298910060836069,0.6867159608587889,0.7722013883830314,0.5526506197597921,0.5435373187305923,0.5490499347345192,0.5653646058142646,,,,,True,,0.0,,0.01,10,,10000.0,32.0,,,100.0,,,,,22.0,,True,,90,0.08999999999999998
svm,False,4888.857421875,AtomPairs2D,random,homosapiens_bace1,2401353732,0.5153558977973359,0.8246527091706397,0.6796458924845472,0.7633693331918862,592330047,0.5425929096625222,0.8178050298580809,0.6683910308097305,0.7944646496703406,0.5119731191746485,0.5126958789691753,0.5062841610128759,0.5169393175418944,100.0,,0.5,2.0,,0.01,,,,,,,,,,,,,,,,False,,,90,0.08999999999999998
dt,False,309.1845703125,AtomPairs2D,random,homosapiens_bace1,6924744,0.6067105433924637,0.7969325304498924,0.6340141308475464,0.8159277791177211,4745484,0.6375249535491504,0.7938372538071193,0.6283874730153227,0.8410205663206196,0.41645778440898024,0.43454183663698476,0.39931191865746685,0.41551959793248905,,,,,,,,,,20,None,,4.0,3.0,,,,,,,22.0,,,,90,0.15999999999999998
knn,False,4724.2373046875,AtomPairs2D,random,homosapiens_bace1,568824686,0.3739115047494977,0.8838531791405717,0.7807044198516707,0.6315889162879659,229815632,0.3905979613290116,0.8809303822106259,0.7751722215338632,0.6541636801869812,0.5004746324121474,0.4998220381095466,0.4962755390226119,0.5053263201042837,,brute,,,,,,10.0,,,,,,,,,-1.0,9.0,,1.0,,,,distance,80,0.08999999999999998
rf,False,233114.7958984375,AtomPairs2D,stratified,homosapiens_bace1,1108020041,0.49931704648855274,0.8708473430894272,0.7502808093722573,0.6750623443553294,382033363,0.4931252969728128,0.8827034160881325,0.7680086766425018,0.6606565400431497,0.541198441510612,0.5289668899675611,0.5458075837395557,0.5488208508247194,,,,,,,,,,20,sqrt,,1.0,4.0,1000.0,,,,True,,22.0,,True,,100,0.08999999999999998
hgb,False,11901.509765625,AtomPairs2D,stratified,homosapiens_bace1,206526064,0.5208811967442313,0.8501222415585831,0.7212876631319693,0.7131748513903821,76988555,0.50690560040101,0.8707850430999147,0.7539105073279138,0.6804346212906808,0.5454207270681272,0.5304475566736122,0.5452737415637909,0.5605408829669782,,,,,True,,0.01,,0.01,20,,99999999.0,8.0,,,100.0,,,,,22.0,,True,,90,0.08999999999999998
svm,False,4943.841796875,AtomPairs2D,stratified,homosapiens_bace1,2449765462,0.5284403939902927,0.8171955199038994,0.6672309861777564,0.7792725237572008,614152120,0.5200748371002767,0.8351945330539231,0.6964346373890808,0.7557288043767633,0.5079104075594068,0.4738526562678549,0.5254518916736681,0.5244266747366972,100.0,,0.0,3.0,,0.01,,,,,,,,,,,,,,,,True,,,90,0.08999999999999998
dt,False,251.9736328125,AtomPairs2D,stratified,homosapiens_bace1,7633565,0.6622145521197071,0.7650197322980069,0.5846932594308223,0.8705674275597601,5257034,0.6503819059972271,0.7861910360331588,0.6179331097337416,0.8478315411374088,0.4003134565359525,0.38870478426468047,0.4117712276620912,0.4004643576810859,,,,,,,,,,10,None,,4.0,2.0,,,,,,,22.0,,,,80,0.08999999999999998
knn,False,5237.1123046875,AtomPairs2D,stratified,homosapiens_bace1,512739046,0.6610266436907443,0.7699157864271692,0.5902230393368892,0.8647522335750691,280285078,0.6512293858524014,0.7888869322403826,0.6190098226410254,0.8466360499272262,0.4793717190119507,0.4512074237936692,0.48463557265516477,0.5022721605870182,,brute,,,,,,50.0,,,,,,,,,-1.0,9.0,,2.0,,,,uniform,90,0.08999999999999998
rf,False,236740.3896484375,AtomPairs2D,strict,homosapiens_bace1,880885088,0.4969141497601088,0.8714142381549932,0.7501054451027994,0.6754662914710653,300556568,0.5145675076809436,0.8636486598212738,0.7400143969105369,0.6977131423360293,0.5530890663506414,0.5624588512252892,0.5541418948680884,0.5426664529585464,,,,,,,,,,20,sqrt,,1.0,4.0,1000.0,,,,True,,22.0,,True,,90,0.08999999999999998
hgb,False,8039.69140625,AtomPairs2D,strict,homosapiens_bace1,150797960,0.558286058265857,0.8371298585232468,0.6970099124452775,0.7437714342738083,50962253,0.5876345707919306,0.8209738436661018,0.6727990833045555,0.782725548856716,0.5584327683041456,0.5555824720055718,0.5566292535421253,0.5630865793647397,,,,,True,,0.01,,0.01,20,,10000.0,16.0,,,100.0,,,,,22.0,,True,,90,0.08999999999999998
svm,False,4984.271484375,AtomPairs2D,strict,homosapiens_bace1,2463619101,0.5204031437545715,0.8228494088975017,0.6765763520807209,0.7684421348853148,582154046,0.5501766424434789,0.8079342571027914,0.6517283832695855,0.8075348892314007,0.5126049459685692,0.5236151738485544,0.5134958854012871,0.5007037786558663,100.0,,0.1,2.0,,0.01,,,,,,,,,,,,,,,,False,,,90,0.08999999999999998
dt,False,252.6767578125,AtomPairs2D,strict,homosapiens_bace1,7695496,0.6530783622806312,0.7700214289336155,0.5926637529544216,0.862386229525449,4931549,0.6884451560262561,0.7580656784484899,0.5726886879903317,0.8944878562295631,0.41598320780275383,0.4364359535507162,0.38890563627714125,0.422608033580404,,,,,,,,,,10,None,,4.0,8.0,,,,,,,22.0,,,,90,0.08999999999999998
knn,False,4788.9248046875,AtomPairs2D,strict,homosapiens_bace1,626310689,0.38620710134226166,0.8779935582497135,0.7704952586069416,0.6473231150063844,233521983,0.3892717998070747,0.8743106011452195,0.763009220337113,0.6661437826149651,0.49808559133478775,0.512189759211148,0.49561209288930763,0.4864549219039077,,auto,,,,,,20.0,,,,,,,,,-1.0,9.0,,1.0,,,,distance,80,0.08999999999999998
rf,False,70342.4111328125,EState,random,homosapiens_bace1,357180444,0.6217878155548006,0.7856577402124216,0.6156505625545214,0.8343319478848018,130080141,0.6598451297397027,0.7689769466013752,0.5904209567808616,0.8901067048924528,0.4742903838409531,0.46096406821894576,0.4747971187557415,0.4871099645481721,,,,,,,,,,None,sqrt,,1.0,4.0,500.0,,,,True,,22.0,,True,,100,0.08999999999999998
hgb,False,6992.755859375,EState,random,homosapiens_bace1,354260855,0.6764831745742468,0.7530170439007843,0.5654481462107687,0.8871489693202612,42096849,0.712870698518752,0.7363619049370184,0.5418881802770907,0.9413669730671594,0.4620241356056367,0.45580534212148316,0.4574023076431424,0.4728647570522846,,,,,True,,0.01,,0.01,10,,10000.0,8.0,,,100.0,,,,,22.0,,True,,100,0.08999999999999998
svm,False,1476.2861328125,EState,random,homosapiens_bace1,1580469923,0.5929001392669887,0.7744431057788991,0.5988066162876906,0.8524180355037253,394597881,0.6388749384765752,0.7472021333740768,0.5564929010175238,0.9262399243441324,0.45736527234742425,0.4354102982085173,0.4700777110973361,0.4666078077364193,1.0,,0.0,2.0,,1.0,,,,,,,,,,,,,,,,False,,,100,0.08999999999999998
dt,False,259.6123046875,EState,random,homosapiens_bace1,2576560,0.6910039946749061,0.7365483671414224,0.5423256202287814,0.9104457012287516,1582302,0.7299618330219932,0.7163439401594538,0.5123438731495769,0.9712478073869332,0.4028378910356978,0.4009565947250098,0.3847518242776944,0.4228052541043892,,,,,,,,,,None,None,,4.0,2.0,,,,,,,22.0,,,,100,0.08999999999999998
knn,False,1569.3154296875,EState,random,homosapiens_bace1,483885266,0.5816300080203833,0.7848782561664227,0.6153820809331172,0.8346233021415457,128813198,0.6105425272649643,0.7751091002847217,0.5988828063368763,0.8808639731842375,0.43102808422113803,0.416058782776515,0.42574241082152375,0.45128305906537547,,kd_tree,,,,,,20.0,,,,,,,,,-1.0,9.0,,1.0,,,,distance,100,0.08999999999999998
rf,False,139173.5751953125,EState,stratified,homosapiens_bace1,708831521,0.6299363596416475,0.7794395210160934,0.6064442007726392,0.8503430214456341,237798884,0.6163773942418719,0.7954684917021823,0.6291360932387262,0.8246322171005993,0.4586423229304515,0.44372110178353186,0.465632764813134,0.4665731021946887,,,,,,,,,,None,sqrt,,1.0,4.0,1000.0,,,,True,,22.0,,True,,100,0.08999999999999998
hgb,False,10108.1435546875,EState,stratified,homosapiens_bace1,261291874,0.6665519003524354,0.7565840874100355,0.5723204357814734,0.8864418331903205,60805263,0.6472822929471277,0.7762015886355266,0.6000255437811054,0.8563851775483062,0.4585269985631659,0.45177531515856606,0.45971882372365236,0.46408685680727924,,,,,True,,0.01,,0.01,10,,10000.0,8.0,,,100.0,,,,,22.0,,True,,100,0.08999999999999998
svm,False,1483.8134765625,EState,stratified,homosapiens_bace1,1579106819,0.6065101307663726,0.7616181434398615,0.5787496915985171,0.8797537154789508,394636475,0.5919730552215899,0.7800100744287715,0.6068007115833792,0.8491010445343594,0.4450246300484464,0.43442068467813144,0.4610580066360668,0.43959519883114095,1.0,,0.0,2.0,,1.0,,,,,,,,,,,,,,,,False,,,100,0.08999999999999998
dt,False,264.39453125,EState,stratified,homosapiens_bace1,2691806,0.7286031727598459,0.6983705181682439,0.48711050319385807,0.9707399354069081,1781812,0.7011352800822959,0.7240446521986145,0.5240571375611527,0.9341796934180001,0.385109435241447,0.3739387323131905,0.40870142628256123,0.3726881471285891,,,,,,,,,,None,log2,,2.0,3.0,,,,,,,22.0,,,,90,0.08999999999999998
knn,False,1485.3125,EState,stratified,homosapiens_bace1,865697023,0.5920346242893939,0.78067848459564,0.6072898085369914,0.8494289918140069,230074837,0.5802965374873562,0.7890898470175378,0.6222321602382397,0.8322724233197107,0.4229234165710934,0.4238722444255193,0.43810210937680094,0.4067958959109601,,kd_tree,,,,,,40.0,,,,,,,,,-1.0,9.0,,1.0,,,,distance,100,0.08999999999999998
rf,False,14582.27734375,EState,strict,homosapiens_bace1,59891850,0.6301906733019214,0.779776470937929,0.6065030794750192,0.8476800026759196,20742320,0.6503191370706874,0.7661993837226465,0.5865333882719744,0.8798780355430328,0.4707927361435615,0.4705875469939832,0.4677655922499976,0.4740250691867036,,,,,,,,,,None,sqrt,,1.0,4.0,100.0,,,,True,,22.0,,True,,100,0.08999999999999998
hgb,False,3404.271484375,EState,strict,homosapiens_bace1,58096285,0.7251463321765675,0.7211261006981085,0.5187696935075102,0.937427639048982,20708031,0.7488170817920777,0.7059640769934138,0.49717062037392934,0.9703146230554027,0.465444087124863,0.467028216440866,0.4662353458369761,0.46306869909674686,,,,,True,,0.0,,0.01,None,,10000.0,16.0,,,100.0,,,,,22.0,,True,,100,0.08999999999999998
svm,False,1491.8212890625,EState,strict,homosapiens_bace1,1615321974,0.6092624271260346,0.7651609992930783,0.5837761040771717,0.8718158772500845,387249199,0.617689193766367,0.7578227342657834,0.5730009290697238,0.8941609904461527,0.4522341349198486,0.4429410500415957,0.4553997098898104,0.4583616448281397,1.0,,0.0,2.0,,1.0,,,,,,,,,,,,,,,,True,,,100,0.08999999999999998
dt,False,294.9091796875,EState,strict,homosapiens_bace1,2772034,0.6700340343736271,0.7417612929111268,0.5489804616200884,0.9075257303257731,1718302,0.6990084389053729,0.727071879305835,0.5257708895376372,0.9423155518466624,0.3970419334794651,0.3861677935470951,0.41457720265419096,0.3903808042371093,,,,,,,,,,None,None,,2.0,4.0,,,,,,,22.0,,,,90,0.08999999999999998
knn,False,1508.0703125,EState,strict,homosapiens_bace1,433799235,0.6212984185771585,0.7528222389239744,0.5527946584066652,0.9036801861403717,118024267,0.6042013063172768,0.7498276728902423,0.551016574940636,0.9168903633468979,0.3923641762627943,0.37138209211915285,0.3830154991039916,0.42269493756523857,,ball_tree,,,,,,20.0,,,,,,,,,-1.0,9.0,,1.0,,,,distance,100,0.08999999999999998
rf,False,127876.3779296875,CDKextended,random,homosapiens_bace1,1155660172,0.3696170185180184,0.9232813649324502,0.8445768913601754,0.5317130949881349,369088003,0.3785922758903018,0.9249169062545465,0.8476935388148084,0.5384192852004132,0.6459611914658278,0.6382740278786857,0.6424537318180904,0.657155814700707,,,,,,,,,,None,None,,2.0,8.0,1000.0,,,,True,,22.0,,True,,90,0.08999999999999998
hgb,False,8140.029296875,CDKextended,random,homosapiens_bace1,393635601,0.39696956000383077,0.9087779161781493,0.8244277124700268,0.5651289355368093,69913135,0.40561106760820015,0.9091370285054857,0.825850659208256,0.5757346407367683,0.6585112103576586,0.6530282499962929,0.6590376444521813,0.6634677366245014,,,,,True,,0.1,,0.01,None,,99999999.0,64.0,,,100.0,,,,,22.0,,True,,90,0.08999999999999998
svm,False,19666.24609375,CDKextended,random,homosapiens_bace1,11746190104,0.30393642145862987,0.92005104559092,0.8457841465534663,0.5296440179129737,2955684149,0.321061363907123,0.9141622734176457,0.8345568673139254,0.5611588491080702,0.6593098117106012,0.6562859321292643,0.6489211231517145,0.672722379850825,10.0,,0.1,3.0,,0.005,,,,,,,,,,,,,,,,False,,,50,0.08999999999999998
dt,False,271.5205078125,CDKextended,random,homosapiens_bace1,32792056,0.5101588797403681,0.8516994592646732,0.724310373385912,0.7081573600951464,11939228,0.5245925774731988,0.8469153112714167,0.7163523129801369,0.734769408691746,0.45860285846768,0.4524206777248947,0.451811836711111,0.4715760609670344,,,,,,,,,,10,None,,4.0,2.0,,,,,,,22.0,,,,90,0.08999999999999998
knn,False,36394.5732421875,CDKextended,random,homosapiens_bace1,2627299574,0.5009406086482528,0.8581483174789818,0.7360311207685737,0.6929404677809476,734699378,0.5220085755194664,0.8554831229464994,0.7308601339810533,0.7157320405504379,0.6112991245674512,0.6068554549219722,0.6087314421701607,0.6183104766102205,,brute,,,,,,30.0,,,,,,,,,-1.0,5.0,,1.0,,,,uniform,80,0.08999999999999998
rf,False,62603.60546875,CDKextended,stratified,homosapiens_bace1,603960663,0.3722698870370857,0.9227649581542079,0.8435637807331461,0.5343017291377348,190387466,0.36910422237155943,0.9300539801796498,0.8533678825019725,0.5252359217347871,0.644342435989374,0.6278697939743586,0.6539763418468865,0.6511811721468768,,,,,,,,,,20,None,,2.0,8.0,500.0,,,,True,,22.0,,True,,100,0.08999999999999998
hgb,False,7685.5029296875,CDKextended,stratified,homosapiens_bace1,262769378,0.39893469125533837,0.9070560020861137,0.8213283146163107,0.5710127307843893,76630025,0.3969511808719437,0.9152335673020908,0.8337664150557788,0.5592413209361291,0.6579635938951899,0.65063658094895,0.6625586663863712,0.6606955343502482,,,,,True,,0.0,,0.01,None,,10000.0,64.0,,,100.0,,,,,22.0,,True,,100,0.08999999999999998
svm,False,31172.94140625,CDKextended,stratified,homosapiens_bace1,18329590449,0.26474899139511476,0.9319019347558342,0.867486079424298,0.4917548768268406,4466191581,0.26776181736055493,0.9352837180108421,0.8742703882243629,0.48636090141362714,0.6681162107960178,0.6568749800205993,0.6689747528544654,0.6784988995129888,10.0,,0.5,3.0,,0.005,,,,,,,,,,,,,,,,True,,,80,0.08999999999999998
dt,False,267.7236328125,CDKextended,stratified,homosapiens_bace1,30072168,0.5233718851383299,0.8433203010436774,0.7105508300686993,0.7267818585329539,11265776,0.5289107920957321,0.8471484726825452,0.7168827965884697,0.7298321611790685,0.455898028233618,0.45622993170324366,0.44482959713577497,0.46663455586183533,,,,,,,,,,10,None,,4.0,4.0,,,,,,,22.0,,,,80,0.08999999999999998
knn,False,33595.7138671875,CDKextended,stratified,homosapiens_bace1,2282539189,0.5103678992051762,0.8550601187437131,0.7299922360131005,0.7019497927203323,660486781,0.49728160241208086,0.8708185942566619,0.7568763059758243,0.6763219930803679,0.5982215071417712,0.5922304589974509,0.5944815595881952,0.607952502839668,,auto,,,,,,40.0,,,,,,,,,-1.0,5.0,,1.0,,,,uniform,90,0.15999999999999998
rf,False,126664.31640625,CDKextended,strict,homosapiens_bace1,845530138,0.3783184366134096,0.9213970513873162,0.8388284724749207,0.5424621554419786,277088111,0.403621686498735,0.9067863428053556,0.8137737471633681,0.5905038129915082,0.6492620713457461,0.6336725186332544,0.6662854654485406,0.6478282299554432,,,,,,,,,,20,None,,2.0,8.0,1000.0,,,,True,,22.0,,True,,100,0.08999999999999998
hgb,False,7635.3515625,CDKextended,strict,homosapiens_bace1,253207658,0.40840435865902003,0.9053657017714652,0.8172768466247002,0.5775932045081777,63680206,0.4327227480916784,0.8899957255847101,0.7912992602942235,0.6251212295854588,0.6655787352051801,0.6546553978778112,0.6767773142459299,0.665303493491799,,,,,True,,0.1,,0.01,50,,99999999.0,64.0,,,100.0,,,,,22.0,,True,,90,0.08999999999999998
svm,False,35140.484375,CDKextended,strict,homosapiens_bace1,20045257935,0.2640643793220527,0.930653050478763,0.8657807412678322,0.49503134870762244,4737434987,0.270204585250453,0.9237729363167064,0.8532951508672415,0.5241124647776503,0.6655799838956266,0.6486357443034654,0.6923106059457289,0.6557936014376856,10.0,,0.5,3.0,,0.005,,,,,,,,,,,,,,,,False,,,90,0.08999999999999998
dt,False,345.66015625,CDKextended,strict,homosapiens_bace1,27292413,0.5572430463526249,0.8235897793575189,0.6766130882698937,0.768398491760452,10340661,0.5900475821418875,0.7990330989747351,0.6323248226884335,0.8297254459607811,0.43780703372894414,0.41723141351490645,0.4660313971076493,0.4301582905642767,,,,,,,,,,None,sqrt,,4.0,4.0,,,,,,,22.0,,,,90,0.15999999999999998
knn,False,62593.4765625,CDKextended,strict,homosapiens_bace1,3928928061,0.5180247738679165,0.8490077946385265,0.7204612015249543,0.7144080364522977,940185631,0.5693097745012469,0.8211531026768438,0.6719184114623227,0.7837782065731185,0.60927966469109,0.5914459971032684,0.6298107143131735,0.606582282656828,,kd_tree,,,,,,40.0,,,,,,,,,-1.0,5.0,,2.0,,,,uniform,80,0.15999999999999998
rf,False,258049.6142578125,CDK,random,homosapiens_bace1,1528546131,0.37054329551953613,0.9241805998838528,0.8455292213843657,0.5300815988608639,499268634,0.3802366091412146,0.9264116812082255,0.848947062521012,0.5361990386871751,0.6377477324187214,0.6316406017686214,0.6351693129508611,0.646433282536682,,,,,,,,,,20,sqrt,,1.0,4.0,1000.0,,,,True,,22.0,,True,,90,0.08999999999999998
hgb,False,7744.1142578125,CDK,random,homosapiens_bace1,182562565,0.4122369265896873,0.9037112525416522,0.8149691926626241,0.5801517178616126,75099160,0.42632196489199126,0.9024879973795548,0.8135043327224346,0.5957935766382203,0.658219783348825,0.6620225746247984,0.6488284151538248,0.6638083602678517,,,,,True,,0.1,,0.01,20,,99999999.0,64.0,,,100.0,,,,,22.0,,True,,80,0.08999999999999998
svm,False,31327.4765625,CDK,random,homosapiens_bace1,16365891197,0.27235970660641756,0.9298185372104832,0.8639846184034222,0.4974089241627789,4064416542,0.28430752086831745,0.9231190666514033,0.8512776623267548,0.5320464441561547,0.6570554358042147,0.6699713288132664,0.651484684606837,0.6497102939925408,10.0,,0.0,3.0,,0.005,,,,,,,,,,,,,,,,True,,,80,0.08999999999999998
dt,False,337.3173828125,CDK,random,homosapiens_bace1,25494319,0.5516607489037396,0.8247508904306011,0.6781858668449312,0.7651068976096674,10566133,0.5579903112184555,0.8317051772525105,0.6902943542429059,0.767778602742488,0.4508923034108288,0.4431172844366811,0.46338160234310943,0.44617802345269597,,,,,,,,,,30,sqrt,,4.0,3.0,,,,,,,22.0,,,,80,0.15999999999999998
knn,False,32753.3076171875,CDK,random,homosapiens_bace1,747055325,0.5022685568537714,0.8576702628389807,0.7351045170974664,0.6941556085570241,393595876,0.521348720840602,0.855036822489898,0.7304709579033037,0.7162493276600312,0.6089096765342134,0.6040292701735537,0.603098505426027,0.6196012540030593,,brute,,,,,,30.0,,,,,,,,,-1.0,5.0,,2.0,,,,uniform,90,0.15999999999999998
rf,False,255974.4111328125,CDK,stratified,homosapiens_bace1,1479051632,0.3706187485613366,0.9246934074384563,0.8466922060437165,0.5289322421462628,443429961,0.3702623657019642,0.9296477794338363,0.8523232560473402,0.527103526202304,0.6376503029185628,0.617998952250318,0.642645472007844,0.6523064844975263,,,,,,,,,,20,sqrt,,1.0,4.0,1000.0,,,,True,,22.0,,True,,100,0.08999999999999998
hgb,False,8745.0361328125,CDK,stratified,homosapiens_bace1,195128390,0.39411796823123535,0.9081546289503661,0.8235545207291884,0.5674442398459161,70464785,0.3919523426316616,0.9155245774632538,0.8346038997559374,0.5578308134410552,0.6550598799277519,0.6360282553921561,0.6585845673458702,0.6705668170452295,,,,,True,,0.01,,0.01,None,,10000.0,64.0,,,100.0,,,,,22.0,,True,,100,0.08999999999999998
svm,False,31266.421875,CDK,stratified,homosapiens_bace1,21785502093,0.2710019575163433,0.9290698742118021,0.8620322997071495,0.5017722467639295,5360964140,0.2694820284664113,0.9354702460838825,0.8742344341608433,0.4864304371440697,0.6614252189317019,0.6510013095113765,0.6646979898239567,0.6685763574597727,10.0,,0.1,3.0,,0.005,,,,,,,,,,,,,,,,False,,,80,0.08999999999999998
dt,False,344.41796875,CDK,stratified,homosapiens_bace1,31447607,0.5375430920936926,0.8389931572655117,0.7027206608693409,0.7365466988672843,11717569,0.527428477039792,0.8457347679809235,0.7151849315814083,0.7320173060677276,0.44752137747654547,0.4156140842098267,0.42288429167987207,0.5040657565399376,,,,,,,,,,None,sqrt,,4.0,4.0,,,,,,,22.0,,,,80,0.08999999999999998
knn,False,32613.4091796875,CDK,stratified,homosapiens_bace1,2393037033,0.5105169334689333,0.8533277609539567,0.727053040224012,0.7057600230156142,619357152,0.49753614499775334,0.8725628638248207,0.7601186782600625,0.6717970369398838,0.5986654025429199,0.594994624969469,0.585902987944922,0.6150985947143686,,auto,,,,,,40.0,,,,,,,,,-1.0,5.0,,1.0,,,,uniform,90,0.15999999999999998
rf,False,129297.1923828125,CDK,strict,homosapiens_bace1,544009398,0.3791296139108231,0.9224228981778972,0.8394196487128321,0.5414663674305784,180891652,0.39889479430479635,0.9134533216319763,0.8236376019892863,0.574652435405576,0.6422169499301041,0.6219090274121337,0.6665500574020251,0.6381917649761537,,,,,,,,,,20,sqrt,,1.0,4.0,500.0,,,,True,,22.0,,True,,100,0.08999999999999998
hgb,False,11333.7900390625,CDK,strict,homosapiens_bace1,235006234,0.3681813991895898,0.9142296634413619,0.8346545851679646,0.5494413774996786,84825768,0.39141971948225573,0.9007874769455801,0.8107499124372823,0.5952786388710637,0.6578461801996386,0.6383288023360323,0.6754586451258761,0.6597510931370074,,,,,True,,0.1,,0.01,20,,99999999.0,32.0,,,100.0,,,,,22.0,,True,,90,0.08999999999999998
svm,False,31816.10546875,CDK,strict,homosapiens_bace1,19199788928,0.2749995494278222,0.9265466516126688,0.8580671920187881,0.5090573140617016,4433279633,0.28646487040342594,0.9185065026524899,0.8436452338435615,0.5410754335719086,0.6624158608610072,0.6386605497916269,0.6902218156798617,0.6583652171115328,10.0,,0.5,2.0,,0.005,,,,,,,,,,,,,,,,False,,,80,0.08999999999999998
dt,False,265.6845703125,CDK,strict,homosapiens_bace1,30840746,0.624369023997504,0.786289231078553,0.6170864986774316,0.8361335002258162,11407746,0.6707826059959842,0.7635236798673593,0.5810657951793554,0.8856765872702775,0.4446805245383154,0.42916142782505706,0.46182618210698956,0.44305396368289973,,,,,,,,,,10,sqrt,,4.0,2.0,,,,,,,22.0,,,,80,0.08999999999999998
knn,False,32956.5576171875,CDK,strict,homosapiens_bace1,850052375,0.5206662961929328,0.846499331051015,0.7161452073829374,0.719902032817889,399139013,0.5686173617395417,0.8204163471963877,0.6713350975157434,0.7844746579135798,0.6116207515236166,0.5858808889536056,0.6324603385037811,0.6165210271134632,,brute,,,,,,30.0,,,,,,,,,-1.0,5.0,,2.0,,,,uniform,90,0.15999999999999998
rf,False,30954.01171875,CDKgraphonly,random,homosapiens_bace1,153655680,0.4003723506226751,0.9100139898028498,0.8218933601779147,0.5691930856682208,54779773,0.4139890478802925,0.9114192042459566,0.8226615652253643,0.5809822696974435,0.6090121863762143,0.6002470961742948,0.6122257140235692,0.6145637489307791,,,,,,,,,,20,sqrt,,1.0,3.0,100.0,,,,True,,22.0,,True,,100,0.08999999999999998
hgb,False,10011.8984375,CDKgraphonly,random,homosapiens_bace1,223635211,0.44969615037411287,0.8868160002490736,0.785542269966611,0.6245833648794699,74634775,0.4691051595107809,0.8856318842500797,0.7829431546613335,0.6427590301455374,0.6242458086361484,0.6270942685404488,0.619333060829806,0.6263100965381905,,,,,True,,0.01,,0.01,50,,99999999.0,32.0,,,100.0,,,,,22.0,,True,,90,0.08999999999999998
svm,False,14841.109375,CDKgraphonly,random,homosapiens_bace1,7754279086,0.3630823402228063,0.8976661413879709,0.8051675367375528,0.5953196549104849,1940723769,0.38566236518291636,0.8879335848496851,0.7875095023155689,0.6359620494694198,0.6177080620494199,0.619816142805397,0.6096801638905831,0.6236278794522794,10.0,,0.0,3.0,,0.01,,,,,,,,,,,,,,,,True,,,80,0.08999999999999998
dt,False,416.9736328125,CDKgraphonly,random,homosapiens_bace1,18258528,0.5155802752594242,0.8439190017584035,0.7105333612520045,0.7256359985005457,8696766,0.5268863746849386,0.8471729718285802,0.7171576017333143,0.7337256453680177,0.43493265982839957,0.46945001361208927,0.42534241260101946,0.41000555327209,,,,,,,,,,20,sqrt,,2.0,4.0,,,,,,,22.0,,,,90,0.08999999999999998
knn,False,19048.0107421875,CDKgraphonly,random,homosapiens_bace1,626307597,0.5396505800264968,0.8382212953426139,0.7021186985034257,0.736107397196712,434924911,0.568722786386215,0.832604538182752,0.6918192656742741,0.7658860975264424,0.5505911360558496,0.5447669017070613,0.541313579552295,0.5656929269081927,,auto,,,,,,20.0,,,,,,,,,-1.0,5.0,,2.0,,,,uniform,90,0.08999999999999998
rf,False,305084.0126953125,CDKgraphonly,stratified,homosapiens_bace1,1315223773,0.40067734698525376,0.9117931520059428,0.8240796773096295,0.5665991653747925,470659755,0.3976759560844515,0.9191464332452439,0.8348817158849033,0.5573621218292634,0.6090295364727439,0.5980306840416394,0.6072236790158929,0.6218342463606994,,,,,,,,,,20,sqrt,,1.0,3.0,1000.0,,,,True,,22.0,,True,,100,0.08999999999999998
hgb,False,6516.529296875,CDKgraphonly,stratified,homosapiens_bace1,204248083,0.48796617056180214,0.8730643596031871,0.7595632317442811,0.6623970122980865,55451107,0.47945452886388973,0.8857620304492565,0.7795455666321252,0.6440198982073625,0.6167052243976602,0.5993299999460702,0.6212867451039443,0.6294989281429659,,,,,True,,0.01,,0.01,None,,10000.0,32.0,,,100.0,,,,,22.0,,True,,100,0.08999999999999998
svm,False,18371.70703125,CDKgraphonly,stratified,homosapiens_bace1,10928054503,0.33864082299001275,0.9042081632891658,0.816956238852635,0.5779568154830858,2737966145,0.33342055346759847,0.914540111846869,0.8358438055322296,0.5557359672026513,0.6169922218706,0.5974871121575388,0.6203867379340948,0.6331028155201666,10.0,,0.0,2.0,,0.01,,,,,,,,,,,,,,,,False,,,100,0.08999999999999998
dt,False,320.3486328125,CDKgraphonly,stratified,homosapiens_bace1,18172525,0.6080975299340078,0.7985061766116995,0.6369519779666086,0.8139541868354364,8377787,0.6103875270882738,0.8108997177044494,0.6575351806257445,0.8026899943211242,0.42992288045231614,0.42681208844905816,0.41314141046958985,0.44981514243830045,,,,,,,,,,20,sqrt,,4.0,2.0,,,,,,,22.0,,,,90,0.08999999999999998
knn,False,38262.3251953125,CDKgraphonly,stratified,homosapiens_bace1,2687811347,0.48876274876849884,0.8624487390233708,0.7431399207583249,0.6846462441885601,788209642,0.48918899678312466,0.8672430894702042,0.7507606910716739,0.6847753784900501,0.5413174741096229,0.5250985953817667,0.5326589910302385,0.5661948359168635,,ball_tree,,,,,,30.0,,,,,,,,,-1.0,3.0,,2.0,,,,uniform,90,0.08999999999999998
rf,False,248206.4033203125,CDKgraphonly,strict,homosapiens_bace1,956584160,0.4284034913499142,0.9032964622886592,0.8046206047924849,0.5972616981455788,346719430,0.4560371587235228,0.8934245768581409,0.788626135213301,0.6291118968781226,0.6083529359520685,0.5983791569826089,0.6256887488550413,0.6009909020185553,,,,,,,,,,20,sqrt,,1.0,4.0,1000.0,,,,True,,22.0,,True,,100,0.08999999999999998
hgb,False,7834.17578125,CDKgraphonly,strict,homosapiens_bace1,150943460,0.4797812522699115,0.8765517855953006,0.7654654750574397,0.6543779781782918,55559476,0.5167682034384322,0.8590999555762594,0.7360728043459352,0.7029821951883951,0.615291645630583,0.6028551807101067,0.6322015280433172,0.6108182281383252,,,,,True,,0.01,,0.01,None,,10000.0,32.0,,,100.0,,,,,22.0,,True,,100,0.08999999999999998
svm,False,18724.32421875,CDKgraphonly,strict,homosapiens_bace1,9796737810,0.34412904246154885,0.900676509115438,0.8108323617902005,0.5876905469177036,2347640151,0.368465362044209,0.8883868699681706,0.7889215281848572,0.628672154235394,0.6044752671551097,0.590964561873105,0.6159927173966038,0.6064685221956203,10.0,,0.0,2.0,,0.01,,,,,,,,,,,,,,,,True,,,100,0.08999999999999998
dt,False,320.9111328125,CDKgraphonly,strict,homosapiens_bace1,16696342,0.6267100041733592,0.7760078498528925,0.6000571668779242,0.8545239584767531,7908246,0.66436430427108,0.7615561156170455,0.5746543156746181,0.892428167346969,0.4275477319726016,0.41226938620600817,0.4337173267339196,0.43665648297787696,,,,,,,,,,20,sqrt,,4.0,2.0,,,,,,,22.0,,,,80,0.08999999999999998
knn,False,17151.4482421875,CDKgraphonly,strict,homosapiens_bace1,708226689,0.5628829558697065,0.8231005202237439,0.6767281206975421,0.7682618155337708,265464608,0.6081369959020774,0.8010233961348158,0.6402858946481973,0.8206934889916866,0.5475188588703924,0.5362750737867776,0.5601976663962757,0.5460838364281237,,brute,,,,,,50.0,,,,,,,,,-1.0,5.0,,2.0,,,,uniform,80,0.08999999999999998
rf,False,279561.4951171875,KlekotaRothCount,random,homosapiens_bace1,1315813172,0.37657686026519044,0.9206582047496213,0.8415997070751222,0.5356162432023991,470923476,0.40134973524137557,0.9181046923191869,0.8345595255555365,0.5657103080940645,0.6406895591885919,0.6303727267843922,0.6491853059763321,0.6425106448050517,,,,,,,,,,None,sqrt,,1.0,4.0,1000.0,,,,True,,22.0,,True,,100,0.08999999999999998
hgb,False,9623.154296875,KlekotaRothCount,random,homosapiens_bace1,186190386,0.413109107875361,0.9021502582123174,0.8120436444701294,0.5834508227317545,83749320,0.44123491970015544,0.8995599018017122,0.8064070021969232,0.6119529481107661,0.6410682372805502,0.6378751287235804,0.6429139588547828,0.6424156242632872,,,,,True,,0.01,,0.01,None,,10000.0,8.0,,,100.0,,,,,22.0,,True,,100,0.08999999999999998
svm,False,11026.8623046875,KlekotaRothCount,random,homosapiens_bace1,5981304745,0.3644234859247855,0.8977365161452417,0.8043782057081119,0.5952293915252114,1502739887,0.389813730917767,0.8883890028954703,0.7875588919727783,0.641050860999747,0.6321495528320562,0.6234369730043158,0.6400348483577081,0.6329768371341449,10.0,,0.0,2.0,,0.005,,,,,,,,,,,,,,,,False,,,100,0.08999999999999998
dt,False,398.181640625,KlekotaRothCount,random,homosapiens_bace1,26943452,0.5520551647885801,0.8276982353588559,0.684327438865189,0.7561259893365346,20548582,0.5826548634516323,0.8189033661956663,0.6697947060995822,0.7992179414615326,0.48761960974352325,0.4838817787856128,0.48228445591809466,0.4966925945268622,,,,,,,,,,30,sqrt,,4.0,4.0,,,,,,,22.0,,,,80,0.08999999999999998
knn,False,10167.4912109375,KlekotaRothCount,random,homosapiens_bace1,1140096602,0.5153282399027136,0.8497523158075708,0.7217519695361538,0.7098912093747546,297817661,0.5371167626587138,0.843922705584674,0.7113615910585847,0.7472230663169198,0.5797105777347703,0.5787310860022263,0.5859251435711225,0.5744755036309623,,auto,,,,,,50.0,,,,,,,,,-1.0,5.0,,1.0,,,,uniform,80,0.08999999999999998
rf,False,274279.31640625,KlekotaRothCount,stratified,homosapiens_bace1,1285079610,0.3822860776904274,0.9192555881946558,0.8380348176060695,0.5455088817318491,462341270,0.3687276560081295,0.9276863918962663,0.852552630462323,0.5199619072497336,0.6342147064195903,0.6290733399164978,0.6276239765849674,0.6459468027573056,,,,,,,,,,30,sqrt,,1.0,4.0,1000.0,,,,True,,22.0,,True,,100,0.08999999999999998
hgb,False,11287.1416015625,KlekotaRothCount,stratified,homosapiens_bace1,234926075,0.43585872776886875,0.8943809347656498,0.7986305192028627,0.6082579850020913,101406475,0.42791494043771505,0.9041319457267651,0.8142531397687551,0.5835979453685246,0.6340040509700394,0.6385328866259536,0.6251122482353053,0.6383670180488594,,,,,True,,0.1,,0.01,20,,10000.0,32.0,,,100.0,,,,,22.0,,True,,100,0.08999999999999998
svm,False,10995.7373046875,KlekotaRothCount,stratified,homosapiens_bace1,6560186729,0.37238214620121807,0.8932335460257084,0.7959715200028611,0.6122607100431402,1612360289,0.3570579265773024,0.9059805444113889,0.8175895147882276,0.5783329183996947,0.6198798357109173,0.6098763050136136,0.6174652324645672,0.6322979696545714,10.0,,0.0,2.0,,0.005,,,,,,,,,,,,,,,,False,,,100,0.08999999999999998
dt,False,388.203125,KlekotaRothCount,stratified,homosapiens_bace1,25541070,0.5779335035866533,0.8170913674390875,0.6670078542051048,0.7821823084539805,20242094,0.5503107484003046,0.8368456779948238,0.7002189901913192,0.7414042523701483,0.477907193834475,0.47545553510270644,0.4826330431909417,0.47563300320977686,,,,,,,,,,20,sqrt,,4.0,2.0,,,,,,,22.0,,,,80,0.15999999999999998
knn,False,12498.7275390625,KlekotaRothCount,stratified,homosapiens_bace1,1532172027,0.5193239219264425,0.8478306206051073,0.7177333759326188,0.7201463408057136,390349775,0.49667893874081664,0.8630497377327127,0.7434867634032443,0.6858164592884283,0.565060397628218,0.5561125866640757,0.5624494571305253,0.576619149090053,,auto,,,,,,10.0,,,,,,,,,-1.0,5.0,,1.0,,,,uniform,100,0.08999999999999998
rf,False,284185.9296875,KlekotaRothCount,strict,homosapiens_bace1,993997776,0.39085923937717665,0.91557418221361,0.8298851431128891,0.5573556282892203,351419183,0.4031779762214227,0.9151951274932518,0.8292590019638726,0.5654199941706898,0.6428563974669537,0.6298673754019783,0.6634549766199196,0.6352468403789632,,,,,,,,,,None,sqrt,,1.0,4.0,1000.0,,,,True,,22.0,,True,,100,0.08999999999999998
hgb,False,8585.072265625,KlekotaRothCount,strict,homosapiens_bace1,207970592,0.47587383619823054,0.8793752589774486,0.7711468314587298,0.6464571360743503,83558730,0.5054657641058927,0.8729754890435707,0.7590656821175066,0.6716632489378656,0.6503474777966715,0.6382873083079639,0.6660175883646338,0.6467375367174165,,,,,True,,0.0,,0.01,20,,10000.0,64.0,,,100.0,,,,,22.0,,True,,100,0.08999999999999998
svm,False,10971.873046875,KlekotaRothCount,strict,homosapiens_bace1,7114119899,0.3738536320379584,0.8907478377407725,0.7924090998655817,0.6156947140409417,1700767933,0.40056790520056546,0.8820637641031841,0.776969326541668,0.6462261853500231,0.633397679345355,0.6255028948734762,0.652054514353732,0.6226356288088567,10.0,,0.0,2.0,,0.005,,,,,,,,,,,,,,,,True,,,100,0.08999999999999998
dt,False,396.46875,KlekotaRothCount,strict,homosapiens_bace1,26991075,0.5744589943887448,0.8147817867459191,0.6634434564956684,0.783953472928038,20910431,0.6106356751338122,0.7962517636270334,0.6302741461714609,0.8320360895606771,0.4801038118552761,0.46079313995530147,0.5090871605674285,0.4704311350430984,,,,,,,,,,20,sqrt,,4.0,8.0,,,,,,,22.0,,,,80,0.08999999999999998
knn,False,12630.0908203125,KlekotaRothCount,strict,homosapiens_bace1,1468456131,0.5294655771313975,0.8392607102512593,0.7038350006707024,0.7354076364191299,369334301,0.5683941340493098,0.8228850253205277,0.6742511161809543,0.780986851165531,0.5823101519978631,0.5697565629498414,0.6047709206784223,0.5724029723653254,,auto,,,,,,10.0,,,,,,,,,-1.0,5.0,,1.0,,,,uniform,100,0.08999999999999998
rf,False,240610.8564453125,KlekotaRoth,random,homosapiens_bace1,1203340261,0.43035031972304394,0.9008324797766917,0.8049715138601982,0.5943260600940651,415893540,0.45204506617084333,0.8981574470237967,0.7980428812554502,0.6250327761418873,0.6306834661617573,0.6189089981175004,0.6363229045991929,0.6368184957685785,,,,,,,,,,20,sqrt,,1.0,4.0,1000.0,,,,True,,22.0,,True,,100,0.08999999999999998
hgb,False,10316.3349609375,KlekotaRoth,random,homosapiens_bace1,182512227,0.46290704318097525,0.8811335747991953,0.775207648226363,0.6380673382912445,343291666,0.491889263663057,0.8756766452761533,0.7649132128565934,0.6743530392983652,0.6288778834010716,0.6314641832217023,0.6261957683005354,0.6289736986809772,,,,,True,,0.01,,0.01,10,,10000.0,16.0,,,100.0,,,,,22.0,,True,,100,0.08999999999999998
svm,False,7853.61328125,KlekotaRoth,random,homosapiens_bace1,5564167260,0.4239522443872951,0.8746687057364833,0.7643168659047483,0.653341132840538,1385902392,0.4562093253024892,0.8616237550370426,0.7410809317928146,0.7077098277898047,0.6226109940130924,0.6145272037491688,0.6368313810789006,0.6164743972112079,100.0,,0.0,2.0,,0.005,,,,,,,,,,,,,,,,True,,,100,0.08999999999999998
dt,False,410.9248046875,KlekotaRoth,random,homosapiens_bace1,24549717,0.5116018407873941,0.8494105381074323,0.7205131029956975,0.7114698076399733,20397220,0.5551743556405526,0.8363214041727696,0.6985316134968278,0.7636495446883302,0.5017351616473952,0.5354034605249407,0.5083886750247929,0.46141334939245193,,,,,,,,,,30,None,,4.0,4.0,,,,,,,22.0,,,,80,0.08999999999999998
knn,False,8716.7197265625,KlekotaRoth,random,homosapiens_bace1,950637042,0.516450305134971,0.8506105852230578,0.7234283217613628,0.7077495490962067,252416289,0.5441028689958922,0.8422780265571965,0.7087211448921686,0.7506330604757055,0.5853437107237085,0.5810319023144237,0.5904069683784336,0.5845922614782681,,auto,,,,,,10.0,,,,,,,,,-1.0,5.0,,1.0,,,,uniform,100,0.08999999999999998
rf,False,239137.9658203125,KlekotaRoth,stratified,homosapiens_bace1,1189166120,0.4357539215680618,0.9007062857870711,0.8036904773315864,0.60056729373946,427086763,0.426454575880378,0.908840692156665,0.8167980447646338,0.5795862392325206,0.6194623311505304,0.6186877301377539,0.6102318913584219,0.6294673719554152,,,,,,,,,,20,sqrt,,1.0,4.0,1000.0,,,,True,,22.0,,True,,100,0.08999999999999998
hgb,False,12317.4404296875,KlekotaRoth,stratified,homosapiens_bace1,216106469,0.4577528533924198,0.8849869169105269,0.7821025608819868,0.6327280046488993,94523521,0.4508899449952359,0.8911667891541701,0.7918747026638039,0.6177538335932925,0.6150970037274405,0.6229845721186222,0.6038216536910381,0.6184847853726609,,,,,True,,0.1,,0.01,10,,10000.0,16.0,,,100.0,,,,,22.0,,True,,100,0.08999999999999998
svm,False,7882.859375,KlekotaRoth,stratified,homosapiens_bace1,5255765392,0.4310674460345165,0.8702524740950007,0.7557698071965707,0.6698702182270441,1345262445,0.42175597890058686,0.8804087838689064,0.7728742766303961,0.6453364196684636,0.6136214032242256,0.6149354960533412,0.6005182479625002,0.6254104656568353,100.0,,0.0,2.0,,0.005,,,,,,,,,,,,,,,,False,,,100,0.08999999999999998
dt,False,388.9794921875,KlekotaRoth,stratified,homosapiens_bace1,22403430,0.5545089125833742,0.8273326040697133,0.6838925597485767,0.7620936671773099,20473174,0.5508703029244549,0.8288366529481314,0.6863306217416685,0.7583838483800925,0.48189144842604775,0.4745284959624858,0.4613616155435315,0.5097842337721261,,,,,,,,,,30,None,,4.0,2.0,,,,,,,22.0,,,,80,0.15999999999999998
knn,False,11718.3544921875,KlekotaRoth,stratified,homosapiens_bace1,1511201758,0.5280211265367263,0.8455801608698654,0.7137101209851509,0.7252604435941569,401586649,0.5066624651645041,0.8599851255913287,0.7373906632517221,0.693917907097788,0.5702322521112533,0.5652445327080049,0.5640289796126638,0.5814232440130911,,kd_tree,,,,,,10.0,,,,,,,,,-1.0,5.0,,1.0,,,,uniform,100,0.08999999999999998
rf,False,244744.9189453125,KlekotaRoth,strict,homosapiens_bace1,853085784,0.44480276727632057,0.8952171458210733,0.7933203749814223,0.6143418503919229,307010092,0.46136141817496523,0.8871411032648111,0.7811388073200658,0.6401572003846836,0.6320437441255186,0.6219621071691532,0.6511893875147405,0.6229797376926621,,,,,,,,,,20,sqrt,,1.0,4.0,1000.0,,,,True,,22.0,,True,,100,0.08999999999999998
hgb,False,8812.79296875,KlekotaRoth,strict,homosapiens_bace1,191907367,0.4870416274900362,0.8726716412255142,0.7593304383756553,0.6629363799822384,75651181,0.5010799968622648,0.8659660134172785,0.7473841763607559,0.6877530568888839,0.6346318100987927,0.629300120383012,0.6512589617086235,0.6233363482047426,,,,,True,,0.01,,0.01,20,,10000.0,16.0,,,100.0,,,,,22.0,,True,,100,0.08999999999999998
svm,False,7813.67578125,KlekotaRoth,strict,homosapiens_bace1,5621958013,0.4401376000052261,0.8677237881219417,0.7522291164121155,0.6726457519914864,1265403325,0.45969748687193573,0.8546353566869853,0.7288003454326315,0.7126016440071793,0.6245643431057885,0.6124195161682284,0.6478052909215934,0.6134682222275436,100.0,,0.0,2.0,,0.005,,,,,,,,,,,,,,,,True,,,100,0.08999999999999998
dt,False,386.7138671875,KlekotaRoth,strict,homosapiens_bace1,22114007,0.5581080117285031,0.8211115216051561,0.6731433411337139,0.7725737315634996,20489842,0.6066337994903802,0.7849094233684453,0.6094564901270938,0.8551394978869925,0.49984440059149926,0.48683418515456367,0.5080965360789904,0.5046024805409437,,,,,,,,,,20,None,,4.0,2.0,,,,,,,22.0,,,,80,0.15999999999999998
knn,False,9438.2412109375,KlekotaRoth,strict,homosapiens_bace1,1180331658,0.539243117655288,0.8383518267058832,0.7022480971051355,0.7373752252662812,350518621,0.5709098872034779,0.818630122424045,0.6670871469308807,0.7895279977237531,0.590139563287824,0.5765066681681352,0.6101354858479853,0.5837765358473515,,kd_tree,,,,,,40.0,,,,,,,,,-1.0,5.0,,1.0,,,,uniform,100,0.08999999999999998
rf,False,68617.6533203125,MACCS,random,homosapiens_bace1,470149708,0.4292494143906178,0.9013556834499612,0.807310307109427,0.5907517150362762,156822732,0.4615744953204743,0.8957809669872115,0.7954004556866681,0.6291084809886285,0.622819464657737,0.6195814903281984,0.6234865777590799,0.6253903258859325,,,,,,,,,,20,None,,1.0,8.0,500.0,,,,True,,22.0,,True,,90,0.08999999999999998
hgb,False,10193.9462890625,MACCS,random,homosapiens_bace1,174211515,0.4633041769212058,0.8847798359801616,0.7805176925884951,0.6304860871306158,63962112,0.500883559145347,0.8759800507564353,0.7643841021922624,0.6751114971590879,0.618644542877473,0.613628052953449,0.6232166224489948,0.619088953229975,,,,,True,,0.1,,0.01,50,,99999999.0,8.0,,,100.0,,,,,22.0,,True,,80,0.08999999999999998
svm,False,4339.8876953125,MACCS,random,homosapiens_bace1,2717142383,0.41786692307765444,0.8771736580571307,0.7683442281445947,0.6477349209555425,678332983,0.45934523605639477,0.8597411090080248,0.7376560910677741,0.7123750517083962,0.5806768411229302,0.5806467042534296,0.5843080534370099,0.577075765678351,100.0,,0.1,2.0,,0.01,,,,,,,,,,,,,,,,False,,,90,0.08999999999999998
dt,False,328.1865234375,MACCS,random,homosapiens_bace1,5525638,0.49811119388840935,0.8570048083487584,0.7333922181519019,0.6948837562758116,2878814,0.5473011240598662,0.8424353039625799,0.7074140054278041,0.7523154410488614,0.47856336846581793,0.49456738791701815,0.4604960220328168,0.4806266954476188,,,,,,,,,,None,None,,4.0,4.0,,,,,,,22.0,,,,80,0.08999999999999998
knn,False,6066.4267578125,MACCS,random,homosapiens_bace1,1392141878,0.5183549343212892,0.8503530612402929,0.7223516279612339,0.709125845742119,362124506,0.5544048651299371,0.838338219942653,0.7005041412679092,0.7611471396536418,0.5897197371885942,0.5901017995023179,0.5822732789637286,0.5967841330997361,,ball_tree,,,,,,10.0,,,,,,,,,-1.0,5.0,,1.0,,,,uniform,100,0.08999999999999998
rf,False,135888.6494140625,MACCS,stratified,homosapiens_bace1,941065752,0.43441372507080567,0.8998744235407292,0.8039588491736063,0.6001566400139546,296076211,0.43147107370089316,0.9023070969842678,0.8076577115066816,0.5938686545270975,0.6190198639200326,0.6195190913272728,0.6160203192958327,0.6215201811369925,,,,,,,,,,20,None,,1.0,8.0,1000.0,,,,True,,22.0,,True,,80,0.08999999999999998
hgb,False,14010.7353515625,MACCS,stratified,homosapiens_bace1,463200896,0.46237373748214117,0.8805400351490049,0.7746689164941671,0.6434303558624033,91387554,0.46294801970681093,0.8847082025563642,0.7811804465409674,0.6334262793467346,0.6163733399725634,0.6213888830760365,0.6153732765060174,0.6123578603356361,,,,,True,,0.01,,0.01,20,,99999999.0,32.0,,,100.0,,,,,22.0,,True,,90,0.08999999999999998
svm,False,4012.7783203125,MACCS,stratified,homosapiens_bace1,2157914523,0.4586048356221948,0.8589149511467694,0.7358372576390156,0.6966694652709476,548407461,0.4541060976421205,0.8666998710549043,0.7489634079859868,0.6784557519347183,0.5870367693512418,0.5817611762851951,0.5922020263874167,0.5871471053811139,100.0,,0.1,4.0,,0.01,,,,,,,,,,,,,,,,True,,,80,0.08999999999999998
dt,False,330.1640625,MACCS,stratified,homosapiens_bace1,5444010,0.5096752444476327,0.8542154801377184,0.7285653835031249,0.706193328364423,2819419,0.4928032526995717,0.8682177949245046,0.7532265795108485,0.672670224065588,0.48046762836460183,0.46594467216551794,0.4759422875340048,0.4995159253942826,,,,,,,,,,20,None,,4.0,3.0,,,,,,,22.0,,,,80,0.08999999999999998
knn,False,4713.833984375,MACCS,stratified,homosapiens_bace1,58377720,0.5271943025183553,0.8451065391259021,0.712311312090331,0.7270300914971801,15565752,0.5138055913529327,0.8541816605583915,0.7276794274249635,0.7066319001448488,0.5692931387388396,0.5651665792041194,0.575144692282245,0.5675681447301543,,auto,,,,,,50.0,,,,,,,,,-1.0,5.0,,2.0,,,,uniform,90,0.08999999999999998
rf,False,14473.51953125,MACCS,strict,homosapiens_bace1,73717134,0.4382351773761973,0.8972280670703735,0.7992338374403637,0.6054893768966062,25028253,0.45319127955729616,0.892823789480409,0.7919252912795094,0.6241829502665311,0.6268929214261555,0.6159378323242211,0.6368679507263018,0.6278729812279435,,,,,,,,,,20,None,,1.0,8.0,100.0,,,,True,,22.0,,True,,100,0.08999999999999998
hgb,False,9749.3037109375,MACCS,strict,homosapiens_bace1,146180742,0.48460904591468995,0.8725816376370029,0.7599439069892664,0.6620909258366162,57069633,0.4921879161904225,0.869541723838379,0.7551809527641657,0.6770564124355264,0.6329139217291916,0.6186040501553778,0.6478621591071115,0.6322755559250854,,,,,True,,0.01,,0.01,50,,99999999.0,16.0,,,100.0,,,,,22.0,,True,,90,0.08999999999999998
svm,False,4339.6728515625,MACCS,strict,homosapiens_bace1,2588939806,0.4339326833077632,0.8686643502580312,0.7529955744195418,0.6716045601466761,621345303,0.47623277142872156,0.8479456027956842,0.7176393476001197,0.7271170731770104,0.5867844324660577,0.5673654758641082,0.6068321508430055,0.5861556706910596,100.0,,0.1,2.0,,0.01,,,,,,,,,,,,,,,,False,,,90,0.08999999999999998
dt,False,329.578125,MACCS,strict,homosapiens_bace1,5250726,0.5219507837149979,0.8415998860613078,0.705445559015585,0.7334053209371302,2754055,0.553125069804211,0.8325264895932012,0.6882619239801806,0.7640067213439433,0.4739955661636393,0.4201626259997291,0.4993680060011678,0.5024560664900211,,,,,,,,,,20,None,,4.0,3.0,,,,,,,22.0,,,,80,0.08999999999999998
knn,False,5093.56640625,MACCS,strict,homosapiens_bace1,1091604380,0.5443678789336953,0.8354665381250823,0.6967908447662926,0.7441019184334923,292773947,0.5756811504242284,0.8186136731733542,0.668830315456204,0.787458256853151,0.5802413590587675,0.5698218331492226,0.5929445895732409,0.5779576544538386,,kd_tree,,,,,,30.0,,,,,,,,,-1.0,5.0,,2.0,,,,uniform,90,0.08999999999999998
rf,False,139160.8232421875,PubChem,random,homosapiens_bace1,1059224646,0.4129478714634307,0.9059737877508409,0.815959031993572,0.5773418018411431,346694639,0.4417620477577701,0.90231534254038,0.8062453282364552,0.6122084227673231,0.6282956760376017,0.6096176428062723,0.6341148301327189,0.641154555173814,,,,,,,,,,20,None,,1.0,8.0,1000.0,,,,True,,22.0,,True,,100,0.08999999999999998
hgb,False,7457.0869140625,PubChem,random,homosapiens_bace1,130373099,0.4629924387347834,0.884588558078141,0.7800513835748196,0.6311554926894949,55270773,0.4883446632423234,0.8796485683373011,0.7703343656873964,0.6665323250478373,0.6387621975586045,0.624428377552716,0.6422543375669834,0.6496038775561144,,,,,True,,0.0,,0.01,10,,10000.0,8.0,,,100.0,,,,,22.0,,True,,100,0.08999999999999998
svm,False,10049.8720703125,PubChem,random,homosapiens_bace1,6313860819,0.4108097371112209,0.8800385757578904,0.773440853453597,0.6405699313997298,1578696089,0.4457142892028765,0.8653114889588379,0.746978053968103,0.699604033499271,0.6262637226895068,0.6088244557633413,0.6374706250452502,0.6324960872599288,10.0,,0.0,2.0,,0.01,,,,,,,,,,,,,,,,True,,,100,0.08999999999999998
dt,False,344.619140625,PubChem,random,homosapiens_bace1,11671300,0.5005743216501521,0.8552847177756779,0.7300301149441133,0.6992515048136674,6362891,0.527255010223309,0.8504082846440127,0.7226851327875974,0.732419309511293,0.49867902042333423,0.4673645812065025,0.5140567887941279,0.5146156912693722,,,,,,,,,,20,None,,4.0,3.0,,,,,,,22.0,,,,80,0.08999999999999998
knn,False,10233.0009765625,PubChem,random,homosapiens_bace1,1183523766,0.2740089447887923,0.9171191294890414,0.8404387607537841,0.5375754772706614,290522924,0.28254592284048025,0.9179666510984789,0.8422896701487919,0.5523359089908584,0.5748073762490024,0.5696434689095538,0.5879397488586784,0.5668389109787749,,auto,,,,,,40.0,,,,,,,,,-1.0,7.0,,1.0,,,,distance,90,0.08999999999999998
rf,False,251158.36328125,PubChem,stratified,homosapiens_bace1,1222742110,0.4202162961667265,0.9045565013272606,0.8120750804982484,0.5876018848445483,417906019,0.42484029363211295,0.9042839468537407,0.8097425758317108,0.5906413116642465,0.6241371976025897,0.6145364622328017,0.6122953266934074,0.6455798038815601,,,,,,,,,,20,sqrt,,1.0,4.0,1000.0,,,,True,,22.0,,True,,90,0.08999999999999998
hgb,False,7109.0380859375,PubChem,stratified,homosapiens_bace1,145916076,0.49471402932170505,0.870552002030287,0.7555275745363047,0.6702023316089869,50716543,0.4914771266848483,0.8751933782373489,0.7625715901752224,0.6598107020175947,0.6297909410723375,0.6184774266599325,0.6253136370155925,0.6455817595414872,,,,,True,,0.01,,0.01,10,,99999999.0,32.0,,,100.0,,,,,22.0,,True,,90,0.08999999999999998
svm,False,10079.1845703125,PubChem,stratified,homosapiens_bace1,6243774130,0.4207045399135334,0.87339845328351,0.7612422261977574,0.662322874103067,1558035900,0.41132040647906976,0.8835922963850403,0.7777320533045543,0.6383978743527193,0.6227450525971289,0.6118363983388171,0.620977957454184,0.6354208019983852,10.0,,0.0,2.0,,0.01,,,,,,,,,,,,,,,,False,,,100,0.08999999999999998
dt,False,262.072265625,PubChem,stratified,homosapiens_bace1,11221555,0.5826564803244902,0.8141852842650059,0.6622597229548912,0.7877391342448538,6275358,0.5663967245320882,0.822274410712217,0.6761146526598917,0.7706348836718999,0.4849270753456744,0.4680763683012604,0.45745493102626666,0.5292499267094961,,,,,,,,,,10,None,,4.0,4.0,,,,,,,22.0,,,,80,0.08999999999999998
knn,False,9160.6259765625,PubChem,stratified,homosapiens_bace1,81347830,0.5336638570749492,0.8422197507170879,0.7076890880814272,0.7328473261953526,22293532,0.535559984734086,0.8382313028423001,0.7005777356415164,0.7409605034102792,0.5621352997252721,0.5515985577417364,0.55369845473683,0.5811088866972498,,brute,,,,,,10.0,,,,,,,,,-1.0,5.0,,2.0,,,,uniform,80,0.08999999999999998
rf,False,62415.6240234375,PubChem,strict,homosapiens_bace1,358123020,0.4510310003413089,0.8912232068355097,0.7882158389258817,0.6218820298991314,119915813,0.47420996429252155,0.8802479103694812,0.7682791425192921,0.6586956833993044,0.6295302323201531,0.6196387681855373,0.6383531239282773,0.6305988048466451,,,,,,,,,,20,None,,2.0,8.0,500.0,,,,True,,22.0,,True,,90,0.08999999999999998
hgb,False,9177.630859375,PubChem,strict,homosapiens_bace1,138281604,0.45097746737248484,0.8865407005387218,0.7842771535403531,0.6276381593450945,57811508,0.4847011274118379,0.869613372674994,0.7552694708657748,0.6769340012765923,0.6454116258168232,0.625305340876591,0.6737137681192402,0.6372157684546385,,,,,True,,0.01,,0.01,10,,10000.0,8.0,,,100.0,,,,,22.0,,True,,100,0.08999999999999998
svm,False,10053.2548828125,PubChem,strict,homosapiens_bace1,6771025252,0.42809054134464647,0.8705454515382791,0.7570096163096492,0.6661251214161797,1640552154,0.45468377861155534,0.8664449196125692,0.750621948619479,0.6833313840779673,0.6270722023880446,0.6124982460219011,0.6527055151367277,0.6160128460055053,10.0,,0.0,2.0,,0.01,,,,,,,,,,,,,,,,False,,,100,0.08999999999999998
dt,False,254.744140625,PubChem,strict,homosapiens_bace1,11189961,0.6368472857426727,0.7770374745085868,0.602957616766445,0.8514902972425471,6289119,0.6573479970086326,0.7637047924814898,0.5786538796560106,0.8882224659180282,0.4976741460019453,0.4841758532971653,0.4951892110548183,0.5136573736538523,,,,,,,,,,10,None,,4.0,4.0,,,,,,,22.0,,,,80,0.08999999999999998
knn,False,10284.3603515625,PubChem,strict,homosapiens_bace1,1227144994,0.5508659363259281,0.8278779729517836,0.6841023347614006,0.7595117151487034,268655207,0.5993315064083379,0.802800524610265,0.6430469512968648,0.8175377241836183,0.5712541147182014,0.5541539395601041,0.5781041139034571,0.5815042906910434,,brute,,,,,,30.0,,,,,,,,,-1.0,5.0,,1.0,,,,uniform,90,0.08999999999999998
rf,False,292854.5810546875,SubstructureCount,random,homosapiens_bace1,1042154771,0.38946146469646636,0.9180514519399623,0.8325006949417851,0.5507851894438934,360171218,0.423713459513088,0.9124998224353712,0.8196417385729601,0.5906649885869918,0.6102209420290402,0.595238240488108,0.6210826864216358,0.6143418991773769,,,,,,,,,,20,sqrt,,1.0,3.0,1000.0,,,,True,,22.0,,True,,100,0.08999999999999998
hgb,False,8004.4716796875,SubstructureCount,random,homosapiens_bace1,199186852,0.46702589771975705,0.8837176852021431,0.7771325283974688,0.6353296033809537,60032313,0.5065486330901433,0.8757722505541099,0.7628876014652148,0.6772520693933378,0.6056700834121503,0.5883206214146517,0.6084865273730786,0.6202031014487206,,,,,True,,0.01,,0.01,20,,10000.0,8.0,,,100.0,,,,,22.0,,True,,100,0.08999999999999998
svm,False,2463.0390625,SubstructureCount,random,homosapiens_bace1,1898680935,0.43480723534107785,0.866361452655885,0.7494703113796759,0.6736050713458405,481168490,0.47306987769309294,0.846683253156846,0.7154319354538861,0.7419357345512411,0.5753824148697718,0.5591262370427995,0.5745267325590135,0.5924942750075022,10.0,,0.0,2.0,,0.01,,,,,,,,,,,,,,,,False,,,100,0.08999999999999998
dt,False,314.869140625,SubstructureCount,random,homosapiens_bace1,4553842,0.5876205424189314,0.80765724603337,0.6508341936511131,0.7952278884767378,2950475,0.6097051496278219,0.8049103874555313,0.6475134757933918,0.8257421771839407,0.43041906556032866,0.45180284316747,0.40399206617996675,0.4354622873335494,,,,,,,,,,30,sqrt,,4.0,4.0,,,,,,,22.0,,,,90,0.08999999999999998
knn,False,2955.396484375,SubstructureCount,random,homosapiens_bace1,766795059,0.46424465358020467,0.8702834226349898,0.7571749163252535,0.6631664125977106,200760504,0.5098996140570005,0.858967106196037,0.7373146160196964,0.7128385257782529,0.561504332675263,0.5453968984912244,0.5697814751937671,0.5693346243407973,,ball_tree,,,,,,10.0,,,,,,,,,-1.0,3.0,,1.0,,,,uniform,100,0.08999999999999998
rf,False,136950.9638671875,SubstructureCount,stratified,homosapiens_bace1,534516583,0.40012915497286367,0.9147705468246989,0.8257214439815956,0.5658651792028158,183035220,0.4019900979561654,0.9187981819210398,0.8308991040068027,0.5568342855267165,0.6101238542837396,0.6035216905967118,0.6020386943430456,0.6248111779114613,,,,,,,,,,30,log2,,1.0,4.0,500.0,,,,True,,22.0,,True,,100,0.08999999999999998
hgb,False,13012.3173828125,SubstructureCount,stratified,homosapiens_bace1,237439225,0.42419991465487006,0.8969533296718601,0.802566767190777,0.6022837172321843,90461898,0.4256684854314937,0.8975082557068602,0.8018624265475403,0.6027489097800645,0.6018104125202034,0.5881526338204589,0.5953309380374849,0.6219476657026664,,,,,True,,0.01,,0.01,20,,10000.0,8.0,,,100.0,,,,,22.0,,True,,100,0.08999999999999998
svm,False,2466.23828125,SubstructureCount,stratified,homosapiens_bace1,1953774149,0.44664914171542164,0.8581050825182029,0.7347778641378465,0.6980650228252379,477768810,0.4337460512460168,0.8680780516646621,0.7519575838881973,0.6743975595762705,0.5742746193594964,0.566714895602989,0.548901214413076,0.6072077480624241,10.0,,0.0,2.0,,0.01,,,,,,,,,,,,,,,,False,,,100,0.08999999999999998
dt,False,291.666015625,SubstructureCount,stratified,homosapiens_bace1,4419753,0.6299771854883853,0.7781465944378877,0.6050690490656281,0.8518273483979764,2953236,0.6248302211691839,0.7787729794073802,0.6061972428652099,0.8497523802297958,0.4180119621513061,0.3657781559112476,0.4618266357757732,0.42643109476689744,,,,,,,,,,20,log2,,4.0,3.0,,,,,,,22.0,,,,80,0.08999999999999998
knn,False,2524.6005859375,SubstructureCount,stratified,homosapiens_bace1,304647731,0.5329024627127672,0.8409460134450444,0.7056022883944973,0.7354585627079588,56912917,0.5316693072264866,0.8419230872863136,0.7068442345584107,0.7331658594419866,0.5526801740910788,0.5495240189436056,0.5412410552580624,0.5672754480715685,,auto,,,,,,10.0,,,,,,,,,-1.0,5.0,,1.0,,,,uniform,100,0.08999999999999998
rf,False,277779.1435546875,SubstructureCount,strict,homosapiens_bace1,880413442,0.40454982590812727,0.9115741710827951,0.8190332231300639,0.574858152386618,286216486,0.40943492212863836,0.9113657669947736,0.8194759866226353,0.5813929269857439,0.619452703811057,0.6069293333111858,0.6328771071396913,0.6185516709822938,,,,,,,,,,30,sqrt,,1.0,4.0,1000.0,,,,True,,22.0,,True,,100,0.08999999999999998
hgb,False,14956.3388671875,SubstructureCount,strict,homosapiens_bace1,228445851,0.42067755391624573,0.8949253999430618,0.7992486117569187,0.605467097603635,96565608,0.42999461461155664,0.8901629179285534,0.791218000693046,0.6252429161646607,0.6175003029425886,0.599251122514793,0.631557935335581,0.6216918509773918,,,,,True,,0.0,,0.01,20,,99999999.0,8.0,,,100.0,,,,,22.0,,True,,90,0.08999999999999998
svm,False,2444.08984375,SubstructureCount,strict,homosapiens_bace1,1961252846,0.4514616180247958,0.8560636117338337,0.732038653227342,0.6995155045716498,463688675,0.48755338533034737,0.836913459191799,0.6980207195895628,0.7519532260434127,0.5845715558965915,0.5634794998328507,0.5913660218783439,0.5988691459785798,10.0,,0.0,2.0,,0.01,,,,,,,,,,,,,,,,True,,,100,0.08999999999999998
dt,False,313.525390625,SubstructureCount,strict,homosapiens_bace1,4062884,0.6184541174145569,0.7857166555342266,0.615783824707689,0.8376239590851964,2747199,0.6661765185479279,0.7514859010256812,0.5601573352574559,0.9075089791479689,0.4276318953121785,0.4097665838845065,0.4591415958841988,0.4139875061678301,,,,,,,,,,20,sqrt,,4.0,3.0,,,,,,,22.0,,,,80,0.15999999999999998
knn,False,2650.048828125,SubstructureCount,strict,homosapiens_bace1,1190577908,0.5455839408589858,0.8300452192347907,0.6882958384528478,0.7544536592446964,273448674,0.574126895683098,0.8145151393994886,0.663253336482956,0.7940610700617641,0.5687013010512931,0.5486452348077111,0.5817795525802862,0.5756791157658822,,ball_tree,,,,,,40.0,,,,,,,,,-1.0,5.0,,1.0,,,,uniform,100,0.08999999999999998
rf,False,203693.8251953125,Substructure,random,homosapiens_bace1,898921448,0.5456949573294256,0.8375650963831186,0.698465138759083,0.7390001278041617,290115723,0.5926596238917341,0.8189737195670779,0.666282564095856,0.8034570352831337,0.5077260722619018,0.4963998704900241,0.5125267498365296,0.5142515964591516,,,,,,,,,,20,log2,,1.0,4.0,1000.0,,,,True,,22.0,,True,,100,0.08999999999999998
hgb,False,7035.7841796875,Substructure,random,homosapiens_bace1,112850044,0.6273110026061944,0.7923364292016342,0.6248983901817748,0.8242334068482532,46993159,0.6782478952351239,0.7662871349754669,0.585592545584664,0.8953379404444894,0.49571346121126997,0.4830018239983357,0.49912483137548225,0.505013728259992,,,,,True,,0.0,,0.01,10,,10000.0,8.0,,,100.0,,,,,22.0,,True,,100,0.08999999999999998
svm,False,1851.10546875,Substructure,random,homosapiens_bace1,1754502593,0.5058795622080158,0.8244962547043181,0.6785699838499157,0.7629902071654945,441416679,0.5572338361583192,0.804907562223317,0.645859398311772,0.8276773475515139,0.47236691852173257,0.46095173425274005,0.4801270271218393,0.4760219941906184,1.0,,0.0,2.0,,1.0,,,,,,,,,,,,,,,,False,,,100,0.08999999999999998
dt,False,281.9560546875,Substructure,random,homosapiens_bace1,4550847,0.6570840534489684,0.7621397164136022,0.5802770058353626,0.871880832102567,2984228,0.6798674344757679,0.7605749904575579,0.5782139562282489,0.903273588267786,0.4137836242762449,0.39738160601711436,0.4253000819864097,0.41866918482521054,,,,,,,,,,20,None,,4.0,8.0,,,,,,,22.0,,,,90,0.08999999999999998
knn,False,1953.0849609375,Substructure,random,homosapiens_bace1,1142630372,0.661237021755377,0.7643177394721516,0.5840599080371052,0.8679428714900396,292040895,0.7232912827407343,0.7306820355138737,0.5338017738164154,0.9496389458494738,0.4684449646415458,0.4586745464345042,0.4848780876006453,0.46178225988948784,,ball_tree,,,,,,20.0,,,,,,,,,-1.0,9.0,,1.0,,,,uniform,100,0.08999999999999998
rf,False,101564.3642578125,Substructure,stratified,homosapiens_bace1,442546261,0.5535878993510922,0.8334610706355151,0.6907567190504464,0.7537739595724656,143349361,0.5419287056984904,0.8416073577313974,0.7042033958026424,0.7364607493288434,0.5039990183473831,0.4772559144688173,0.49900400262854083,0.5357371379447915,,,,,,,,,,20,log2,,1.0,4.0,500.0,,,,True,,22.0,,True,,100,0.08999999999999998
hgb,False,6695.8525390625,Substructure,stratified,homosapiens_bace1,416664116,0.6529492790011063,0.7750663835681509,0.598637310165332,0.858735650476021,86865154,0.6296347134387407,0.7887607533998717,0.6187451580278502,0.8361047630989468,0.4936072031324004,0.47279933023628584,0.4766132249223256,0.5314090542385899,,,,,True,,0.0,,0.01,10,,10000.0,16.0,,,100.0,,,,,22.0,,True,,100,0.08999999999999998
svm,False,1850.4140625,Substructure,stratified,homosapiens_bace1,1722158342,0.5188472508861413,0.8189978794782055,0.6684146692131355,0.7805282897254999,434408747,0.5079685450317223,0.8249158606221557,0.6776060443016284,0.7688585690708906,0.47466324279265476,0.44894502671809866,0.47470762262459665,0.5003370790352691,1.0,,0.0,2.0,,1.0,,,,,,,,,,,,,,,,False,,,100,0.08999999999999998
dt,False,282.236328125,Substructure,stratified,homosapiens_bace1,3928695,0.6553881987032931,0.760748439897201,0.5785624542830111,0.879949210201195,2728377,0.6468512916612349,0.7618798254346215,0.5796825370963894,0.8778932918786546,0.40757612854845976,0.3885002376101119,0.4016006006274109,0.4326275474078566,,,,,,,,,,None,None,,4.0,8.0,,,,,,,22.0,,,,90,0.08999999999999998
knn,False,2304.8701171875,Substructure,stratified,homosapiens_bace1,1101283083,0.6614700120590561,0.7624277990866405,0.5808551620484951,0.8775523927414414,289765959,0.6608124660251422,0.7624868057344684,0.5809384053214706,0.8765807802951316,0.47432783197407374,0.46252783624743066,0.4582246783301456,0.5022309813446449,,kd_tree,,,,,,10.0,,,,,,,,,-1.0,9.0,,1.0,,,,uniform,100,0.08999999999999998
rf,False,200853.0439453125,Substructure,strict,homosapiens_bace1,700021695,0.5696161659834591,0.8231673384506131,0.6738670331669373,0.771717981403895,241225796,0.5611270595596495,0.8280963458019283,0.6828732806158008,0.7705816651045684,0.5094860382049995,0.5015642989684812,0.5230711934217853,0.5038226222247318,,,,,,,,,,20,sqrt,,1.0,4.0,1000.0,,,,True,,22.0,,True,,100,0.08999999999999998
hgb,False,5055.7578125,Substructure,strict,homosapiens_bace1,80002483,0.6712804429534066,0.7619211653643565,0.5773003506666232,0.8785717057635055,30672296,0.674131964464858,0.7720700759778988,0.5918516237568154,0.8742009829505044,0.5032648975175208,0.4923052239612896,0.5155855134458941,0.5019039551453788,,,,,True,,0.0,,0.01,None,,10000.0,8.0,,,100.0,,,,,22.0,,True,,100,0.08999999999999998
svm,False,1833.05859375,Substructure,strict,homosapiens_bace1,1781280361,0.5449495088495139,0.803476437598761,0.6440629537554983,0.8062094140396564,432435325,0.5289180992974888,0.8172305271336051,0.6645024866049405,0.7925869306622965,0.4671009912406097,0.4577222971143111,0.4792103161859549,0.4643703604215631,1.0,,0.0,2.0,,1.0,,,,,,,,,,,,,,,,False,,,100,0.08999999999999998
dt,False,290.3857421875,Substructure,strict,homosapiens_bace1,3995209,0.6669829040404383,0.7536179034086158,0.5673355897839119,0.8888671483661321,2648484,0.6627046658400357,0.7609061762802711,0.5773987589316164,0.8895444164287987,0.4138713103343916,0.40810528181854555,0.42246290587940494,0.41104574330522436,,,,,,,,,,30,None,,4.0,4.0,,,,,,,22.0,,,,90,0.08999999999999998
knn,False,2262.4169921875,Substructure,strict,homosapiens_bace1,755396413,0.6971576208402612,0.7338122202685667,0.5381429134705547,0.9183644733438974,201786134,0.7041457944374688,0.7333349443119302,0.5356450450615933,0.9324537416538117,0.4630210865325744,0.44394410454132116,0.48078003710523354,0.46433911795116856,,kd_tree,,,,,,10.0,,,,,,,,,-1.0,9.0,,1.0,,,,uniform,100,0.08999999999999998
rf,False,23141.677734375,AtomPairs2DCount,random,homosapiens_cyp17a1,98808257,0.28453651503832683,0.9368850224804495,0.8668608551348094,0.4140047587356889,67258600,0.26699567814606384,0.9241426714512994,0.8436770968796854,0.4339785658133814,0.5914511395745755,0.6082896659538228,0.5081707788284532,0.6578929739414507,,,,,,,,,,None,None,,1.0,4.0,1000.0,,,,True,,22.0,,True,,90,0.08999999999999998
hgb,False,1910.9677734375,AtomPairs2DCount,random,homosapiens_cyp17a1,20497092,0.31077240851024235,0.9114149216148901,0.8283694641687473,0.47005614081104136,13248588,0.2827154604450245,0.9192815506977448,0.8418549029007492,0.4365005954000235,0.5766342981259921,0.60090374421126,0.4980713604324781,0.6309277897342382,,,,,True,,0.01,,0.01,None,,1000.0,16.0,,,100.0,,,,,22.0,,True,,100,0.15999999999999998
svm,False,1077.4921875,AtomPairs2DCount,random,homosapiens_cyp17a1,28069416,0.3205949923964883,0.8939227936522719,0.7976428744087103,0.5104012183472999,10922880,0.2874642113270548,0.9119568373234506,0.8237678522055127,0.460786282101968,0.5375111220735603,0.5592993493741589,0.501685463065122,0.5515485537813999,10.0,,0.0,3.0,,0.001,,,,,,,,,,,,,,,,True,,,90,0.08999999999999998
dt,False,209.2880859375,AtomPairs2DCount,random,homosapiens_cyp17a1,4639190,0.4293415968951684,0.8292108604647552,0.6856935127777782,0.6361054608453993,4203673,0.42203988529718456,0.8447944419910742,0.7130704314423731,0.5879557296939845,0.46680923230938737,0.4749560283393476,0.4045517122279685,0.5209199563608461,,,,,,,,,,20,sqrt,,4.0,8.0,,,,,,,22.0,,,,80,0.15999999999999998
knn,False,859.1259765625,AtomPairs2DCount,random,homosapiens_cyp17a1,42719009,0.38415750915750924,0.8707869264094192,0.7563233440007165,0.560092058105731,20284373,0.361094890510949,0.8671571380415897,0.7490379336984256,0.5498712523496605,0.5271918254252573,0.5037251601255769,0.48959884657042496,0.5882514695797703,,ball_tree,,,,,,40.0,,,,,,,,,-1.0,3.0,,1.0,,,,uniform,80,0.15999999999999998
rf,False,2469.2685546875,AtomPairs2DCount,stratified,homosapiens_cyp17a1,13721338,0.3295627967474172,0.9170067682765195,0.8254976518776886,0.46167273461519165,9661124,0.3828513007897213,0.9043477068236547,0.7842754226310383,0.5573020818768273,0.5659397808128116,0.587321227680026,0.49929918539515483,0.6111989293632542,,,,,,,,,,None,sqrt,,2.0,3.0,100.0,,,,True,,22.0,,True,,80,0.08999999999999998
hgb,False,2121.4208984375,AtomPairs2DCount,stratified,homosapiens_cyp17a1,220448892,0.2739324398685481,0.9258067800665198,0.8565604732743035,0.41856991605725613,16487603,0.3283919816963692,0.9207618572004145,0.834734596943171,0.48778880136647884,0.5762425448456224,0.602204397461626,0.4916293216820925,0.634893915393149,,,,,True,,0.0,,0.01,10,,99999999.0,16.0,,,100.0,,,,,22.0,,True,,80,0.08999999999999998
svm,False,894.50390625,AtomPairs2DCount,stratified,homosapiens_cyp17a1,21660671,0.33279737481471017,0.883992577111177,0.781324567149982,0.5168131870499744,8887102,0.3759338504805829,0.8611367734932224,0.7338270229287303,0.6190458736133644,0.5981141338204313,0.6474201576793182,0.517805232797079,0.6291170109848969,10.0,,0.5,3.0,,0.001,,,,,,,,,,,,,,,,True,,,50,0.08999999999999998
dt,False,208.333984375,AtomPairs2DCount,stratified,homosapiens_cyp17a1,4502366,0.4119797008547009,0.840714561929762,0.7042929113490521,0.6009861407925204,4152723,0.475318763758545,0.8290864389845215,0.6873095977407646,0.670962313700284,0.4156005452266047,0.49786191152569126,0.2806758124987341,0.46826391165538894,,,,,,,,,,None,sqrt,,4.0,8.0,,,,,,,22.0,,,,80,0.15999999999999998
knn,False,981.6962890625,AtomPairs2DCount,stratified,homosapiens_cyp17a1,43439729,0.360995115995116,0.8833218900800617,0.7795600488712926,0.5188941114534823,25158382,0.41934306569343066,0.8548717352534833,0.7243077247900999,0.6300182800937052,0.5215164427386559,0.6044302043689403,0.45076948082639867,0.5093496430206286,,ball_tree,,,,,,10.0,,,,,,,,,-1.0,3.0,,1.0,,,,uniform,80,0.08999999999999998
rf,False,2658.04296875,AtomPairs2DCount,strict,homosapiens_cyp17a1,13308801,0.3120098348817752,0.923416341028901,0.8328808088762072,0.4541064549142242,9963530,0.3341595472737906,0.9318540679061437,0.831430892188998,0.45466804178754694,0.5534864691528815,0.481133301884375,0.5913145402718629,0.5880115653024065,,,,,,,,,,20,None,,2.0,2.0,100.0,,,,True,,22.0,,True,,100,0.08999999999999998
hgb,False,2367.521484375,AtomPairs2DCount,strict,homosapiens_cyp17a1,61759729,0.2913131193698972,0.909769721144878,0.8245375752190377,0.46530377518356175,15663918,0.28273744646533794,0.9372303857602349,0.8662008705199786,0.4050718644367333,0.5572988096333406,0.5170846066377801,0.6013990865359584,0.553412735726283,,,,,True,,0.0,,0.01,None,,10000.0,16.0,,,100.0,,,,,22.0,,True,,100,0.15999999999999998
svm,False,1096.21875,AtomPairs2DCount,strict,homosapiens_cyp17a1,30057454,0.31044666210932875,0.9003066582903264,0.8064670021832765,0.4886771413663865,13819454,0.38746040066274123,0.867863059146119,0.7371347052123307,0.5677695023113163,0.5379280144116839,0.46409043289600826,0.586409490607142,0.5632841197319017,10.0,,0.5,2.0,,0.001,,,,,,,,,,,,,,,,True,,,90,0.08999999999999998
dt,False,209.4287109375,AtomPairs2DCount,strict,homosapiens_cyp17a1,4870894,0.462426093199926,0.8133194307181854,0.6614880133345481,0.646296104973764,4667762,0.4838194561848408,0.8117182066597736,0.6378169844370658,0.6664529200958179,0.3866899591659079,0.38296170087930936,0.3789407512299868,0.39816742538842775,,,,,,,,,,20,sqrt,,4.0,3.0,,,,,,,22.0,,,,90,0.08999999999999998
knn,False,1077.60546875,AtomPairs2DCount,strict,homosapiens_cyp17a1,41989759,0.38960440985732814,0.8630614817094696,0.7388809366085455,0.5676279897990283,31022328,0.45384615384615395,0.8324639198788909,0.6656980877572388,0.640287267054718,0.5116664954983445,0.46716099348729423,0.5560803603124813,0.5117581326952582,,kd_tree,,,,,,50.0,,,,,,,,,-1.0,3.0,,1.0,,,,uniform,100,0.08999999999999998
rf,False,23214.173828125,AtomPairs2D,random,homosapiens_cyp17a1,104185531,0.38127647299725687,0.8734214351022511,0.7613507255363797,0.5542842147802933,62165211,0.394584723770928,0.8293640053848718,0.6833974787651325,0.617609771868345,0.5607172827452361,0.6121527226816514,0.5012743941512384,0.5687247314028188,,,,,,,,,,None,None,,1.0,3.0,1000.0,,,,True,,22.0,,True,,80,0.08999999999999998
hgb,False,1211.5107421875,AtomPairs2D,random,homosapiens_cyp17a1,28398723,0.48122526107675856,0.8282999903722553,0.6771623890137155,0.644680470094017,9400888,0.4759717081402824,0.8089505863697363,0.6453580709368445,0.6536601580742079,0.49948233683139814,0.5761871682173552,0.44039499877781685,0.4818648434990226,,,,,True,,0.01,,0.01,20,,99999999.0,8.0,,,100.0,,,,,22.0,,True,,90,0.08999999999999998
svm,False,768.220703125,AtomPairs2D,random,homosapiens_cyp17a1,16526202,0.4141010506015417,0.8053923995128006,0.6457726379212025,0.6752949531032463,7019478,0.4336643187687573,0.7619743693881338,0.5625193855779108,0.7259995993243843,0.44034685310746075,0.4943565032839904,0.37172819436747284,0.45495586167091895,10.0,,0.1,2.0,,1.0,,,,,,,,,,,,,,,,False,,,80,0.15999999999999998
dt,False,217.1220703125,AtomPairs2D,random,homosapiens_cyp17a1,5049613,0.3969662686519828,0.8283077165834734,0.6816280702632466,0.6402061420730104,4529908,0.43366508041836505,0.7881855995730583,0.6104315114639347,0.6850919815799226,0.45910909762980534,0.5268952567312096,0.39069083765678836,0.45974119850141804,,,,,,,,,,20,None,,1.0,4.0,,,,,,,22.0,,,,80,0.08999999999999998
knn,False,760.119140625,AtomPairs2D,random,homosapiens_cyp17a1,34134289,0.43091278650851034,0.8021959137103807,0.6368691756566268,0.6837290135583841,25379859,0.421763579368875,0.7612086814000734,0.5669031319424299,0.7223530251093399,0.44764815809479575,0.42834543546218906,0.4043663597126629,0.5102326791095353,,ball_tree,,,,,,20.0,,,,,,,,,-1.0,5.0,,2.0,,,,distance,80,0.15999999999999998
rf,False,10475.810546875,AtomPairs2D,stratified,homosapiens_cyp17a1,51678725,0.3720960704712933,0.8827017985748047,0.7772944980481391,0.5215537380706343,33341003,0.4470478658725658,0.849732208922752,0.7086979213393008,0.6476086543579194,0.51509385768597,0.5373135052785118,0.4722558174000523,0.535712250379346,,,,,,,,,,None,None,,1.0,4.0,500.0,,,,True,,22.0,,True,,90,0.08999999999999998
hgb,False,3913.3828125,AtomPairs2D,stratified,homosapiens_cyp17a1,32348695,0.36649814223631366,0.8834310058831907,0.7802990892948503,0.5180235667180798,36047174,0.4420686735902902,0.8609293669693374,0.7378719911100857,0.6143241187555555,0.48672900362762617,0.5242605221349036,0.42546586237623374,0.510460626371741,,,,,True,,0.01,,0.01,50,,10000.0,8.0,,,100.0,,,,,22.0,,True,,90,0.08999999999999998
svm,False,774.666015625,AtomPairs2D,stratified,homosapiens_cyp17a1,17354286,0.36278554488168535,0.85247472992142,0.7265893765578533,0.5778848137669054,7595991,0.45226644340079386,0.8152617457766429,0.6579339328257757,0.7017716977277874,0.43748786253518057,0.47736792437560893,0.3687449974810669,0.46635066574886574,100.0,,0.5,2.0,,1.0,,,,,,,,,,,,,,,,True,,,80,0.15999999999999998
dt,False,206.712890625,AtomPairs2D,stratified,homosapiens_cyp17a1,5768009,0.4193883640372651,0.8495927643778969,0.7197088162283098,0.5851110609205954,4594189,0.5178470346158303,0.7745170807935239,0.5934399965136652,0.765073532141665,0.4118550147577958,0.36870356532669746,0.4396106758676146,0.42725080307907537,,,,,,,,,,20,None,,2.0,8.0,,,,,,,22.0,,,,80,0.08999999999999998
knn,False,755.119140625,AtomPairs2D,stratified,homosapiens_cyp17a1,31267370,0.46379931721517104,0.8012110807833077,0.6354139566368654,0.6673191822869285,19857920,0.4674304462771617,0.8185673798121113,0.6695271348516321,0.6897770726882166,0.4095379886324577,0.42590516400279255,0.37344606880145825,0.42926273309312235,,ball_tree,,,,,,50.0,,,,,,,,,-1.0,5.0,,1.0,,,,distance,80,0.15999999999999998
rf,False,3070.3759765625,AtomPairs2D,strict,homosapiens_cyp17a1,14550413,0.3934312035809539,0.8681222324399608,0.7489324261191026,0.5565956729274868,10842954,0.36487265049662015,0.9011612694831205,0.7962019304471415,0.4999257052528015,0.45755345564307187,0.45387398451704075,0.49818000170505994,0.420606380707115,,,,,,,,,,None,None,,1.0,3.0,100.0,,,,True,,22.0,,True,,90,0.08999999999999998
hgb,False,2052.7470703125,AtomPairs2D,strict,homosapiens_cyp17a1,33918564,0.43687974160660664,0.8294439538261885,0.6865653790345266,0.6218963323197404,12697909,0.43397637133215017,0.8726177896499903,0.7457926068009777,0.5583410045023601,0.4166685693220796,0.43088412828850486,0.46099943579850644,0.3581221438792276,,,,,True,,0.0,,0.01,None,,10000.0,8.0,,,100.0,,,,,22.0,,True,,100,0.08999999999999998
svm,False,777.009765625,AtomPairs2D,strict,homosapiens_cyp17a1,16890259,0.4034123506305686,0.802635296217884,0.6410891961437967,0.6654842454945619,8766615,0.3894574255660715,0.8252892113409174,0.6781933449563999,0.6282072520176111,0.37515292603919237,0.39543749347261825,0.4407054453964281,0.28931583924853077,100.0,,0.0,4.0,,1.0,,,,,,,,,,,,,,,,False,,,80,0.15999999999999998
dt,False,200.634765625,AtomPairs2D,strict,homosapiens_cyp17a1,4432246,0.5495911595877787,0.734737180684304,0.5376369662755802,0.7553288362053496,4417033,0.5046174151994408,0.7889785505464404,0.6219662201912735,0.6808802536810475,0.37453874923192076,0.35640153766509597,0.4631164027506176,0.3040983072800486,,,,,,,,,,10,None,,4.0,4.0,,,,,,,22.0,,,,80,0.08999999999999998
knn,False,988.041015625,AtomPairs2D,strict,homosapiens_cyp17a1,41829235,0.31944735616760705,0.8799852431877829,0.773386128837273,0.5287955084713593,24534064,0.31006410269527485,0.8734269634905226,0.7610412312038254,0.5413360142224753,0.3413069000338149,0.3677324334919614,0.4004888139392968,0.25569945267018646,,ball_tree,,,,,,50.0,,,,,,,,,-1.0,9.0,,2.0,,,,distance,80,0.08999999999999998
rf,False,2324.83203125,EState,random,homosapiens_cyp17a1,10854251,0.42209383295326597,0.8684493422616613,0.7431589184714702,0.5750223120078376,8092112,0.4515474156693573,0.83133044258615,0.683217272282628,0.617785515023105,0.5432263849909279,0.5284294186130039,0.5246261801343225,0.5766235562254571,,,,,,,,,,10,sqrt,,1.0,4.0,100.0,,,,True,,22.0,,True,,100,0.08999999999999998
hgb,False,2443.8662109375,EState,random,homosapiens_cyp17a1,16842593,0.44297617104738685,0.8443068185277944,0.7116480100881046,0.6092757990268699,11681657,0.4575649106693677,0.8168772088695014,0.6666054240157161,0.6337766568829607,0.5070564686309021,0.48737874849147067,0.4976231730060031,0.5361674843952328,,,,,True,,0.0,,0.01,None,,1000.0,8.0,,,100.0,,,,,22.0,,True,,90,0.08999999999999998
svm,False,687.9609375,EState,random,homosapiens_cyp17a1,13614475,0.4225417411762415,0.8270525011350478,0.6825179839583627,0.6393107633603138,4327951,0.44071575880659924,0.7740189739345379,0.5987154467250897,0.6953175570832874,0.5064699382850695,0.5224197412098934,0.4733931189085081,0.5235969547368069,1.0,,0.0,4.0,,1.0,,,,,,,,,,,,,,,,True,,,90,0.08999999999999998
dt,False,195.7421875,EState,random,homosapiens_cyp17a1,1592125,0.4633773085707518,0.8225591290180289,0.6759643957235585,0.645875510091072,1570376,0.4924523730608905,0.7722202848670823,0.5954910638679902,0.6981054595246996,0.49208311658930376,0.4083170346113124,0.5487996580252785,0.5191326571313204,,,,,,,,,,30,None,,2.0,4.0,,,,,,,22.0,,,,90,0.08999999999999998
knn,False,490.220703125,EState,random,homosapiens_cyp17a1,37853462,0.48935897435897446,0.8022713524423334,0.643328384652653,0.6776207958880417,20689573,0.5292214111922141,0.7130252111517498,0.5032177207509012,0.7736419700418399,0.5090103096192303,0.5307609954442372,0.49552886014643605,0.5007410732670177,,brute,,,,,,30.0,,,,,,,,,-1.0,3.0,,1.0,,,,uniform,90,0.08999999999999998
rf,False,2317.103515625,EState,stratified,homosapiens_cyp17a1,13825676,0.4233545602367413,0.8608586557990074,0.7339724778956372,0.5700288989816555,8433959,0.4650091879694212,0.8512598426011622,0.7016530947397485,0.6553927315545969,0.5309393184723552,0.5062299181750898,0.5114287499060106,0.5751592873359652,,,,,,,,,,10,sqrt,,1.0,4.0,100.0,,,,True,,22.0,,True,,100,0.08999999999999998
hgb,False,2987.0576171875,EState,stratified,homosapiens_cyp17a1,33275151,0.4508700789735814,0.8266964836519125,0.6833690411745228,0.6218852800438218,12807977,0.49813627526317694,0.8236269251933893,0.6706878967535608,0.6885646111824822,0.5243827541395025,0.5192474963404137,0.4898833982326498,0.564017367845444,,,,,True,,0.01,,0.01,None,,10000.0,8.0,,,100.0,,,,,22.0,,True,,90,0.08999999999999998
svm,False,674.8984375,EState,stratified,homosapiens_cyp17a1,12458915,0.4493653084837811,0.7954979072307194,0.6325257443457533,0.6699571842887544,4289614,0.48329352806093534,0.7882014780704423,0.6111701569490633,0.7482050704905808,0.5070217726256623,0.5355670738109386,0.47305486258116447,0.5124433814848837,1.0,,0.1,4.0,,1.0,,,,,,,,,,,,,,,,True,,,80,0.15999999999999998
dt,False,197.4091796875,EState,stratified,homosapiens_cyp17a1,1571462,0.4377277976295006,0.8230308095606272,0.6756262057888593,0.629443089072175,1476728,0.4521037304315084,0.8334829805412471,0.690056666433495,0.6680085203645514,0.48280674522932393,0.49009242513149176,0.4354116235283817,0.5229161870280983,,,,,,,,,,10,None,,1.0,4.0,,,,,,,22.0,,,,80,0.15999999999999998
knn,False,561.2666015625,EState,stratified,homosapiens_cyp17a1,39789144,0.5022893772893774,0.7737896238025913,0.5965834409178102,0.70195690359558,20776600,0.5025839416058395,0.7882798487904521,0.6119024472972223,0.7475001843126496,0.4804732036475769,0.5015536556377396,0.3961011138846784,0.5437648414203127,,ball_tree,,,,,,50.0,,,,,,,,,-1.0,5.0,,1.0,,,,uniform,90,0.08999999999999998
rf,False,2897.044921875,EState,strict,homosapiens_cyp17a1,9730337,0.4052145672038775,0.8615862875612437,0.7353512823484165,0.5714515430598296,15321614,0.43999660876472,0.865175750636397,0.7206556766864778,0.5852957359129654,0.515465790481951,0.4928536131804909,0.5339861626417619,0.5195575956236002,,,,,,,,,,10,sqrt,,1.0,2.0,100.0,,,,True,,22.0,,True,,100,0.15999999999999998
hgb,False,4620.083984375,EState,strict,homosapiens_cyp17a1,40049901,0.4356490283686459,0.835697868728944,0.6966385701725286,0.6118214431304697,18097657,0.4528352290795997,0.8349551113326453,0.6860494274014937,0.6204918402972152,0.4731640340578848,0.4442628500708429,0.48728492145200086,0.48794433065081066,,,,,True,,0.0,,0.01,None,,10000.0,8.0,,,100.0,,,,,22.0,,True,,90,0.08999999999999998
svm,False,675.58203125,EState,strict,homosapiens_cyp17a1,11810583,0.47025736910818233,0.7625105713138204,0.5779841514702895,0.7216205514377115,4878972,0.5202221308049659,0.7863391310622627,0.5850250549261009,0.7133725155589038,0.4946685855364734,0.4559184194560568,0.49931504273480354,0.52877229441856,100.0,,0.5,2.0,,1.0,,,,,,,,,,,,,,,,False,,,80,0.15999999999999998
dt,False,191.6640625,EState,strict,homosapiens_cyp17a1,1719239,0.5115413619549014,0.7694617129623498,0.5914679278740127,0.7099987615582278,1495172,0.5404684211308357,0.7780202634442884,0.583351135118896,0.7148098632905854,0.44909255741317794,0.3869183753359313,0.4707541699039627,0.48960512699964,,,,,,,,,,20,None,,1.0,8.0,,,,,,,22.0,,,,80,0.08999999999999998
knn,False,562.21484375,EState,strict,homosapiens_cyp17a1,29114951,0.3618463756861999,0.8599485433027405,0.7381011508952209,0.5684749180662797,19365853,0.3586452628966056,0.8538998387113463,0.7201077529304389,0.5858694728859515,0.4890169933229786,0.456720027736086,0.5600214205775664,0.4503095316552832,,auto,,,,,,20.0,,,,,,,,,-1.0,3.0,,2.0,,,,distance,100,0.15999999999999998
rf,False,2399.40234375,CDKextended,random,homosapiens_cyp17a1,16571917,0.3318801711636188,0.9230555510267038,0.8364197256608933,0.45889985197042843,11329459,0.32535558961618904,0.9203446049857251,0.830002150582455,0.4525626283293781,0.5965281941934623,0.6005685193268637,0.5659886975159927,0.6230273657375303,,,,,,,,,,10,sqrt,,1.0,4.0,100.0,,,,True,,22.0,,True,,80,0.15999999999999998
hgb,False,1462.3369140625,CDKextended,random,homosapiens_cyp17a1,28213825,0.31564395713310844,0.9070210629937124,0.8208524614042567,0.4802394956697676,16224541,0.30448432084085686,0.9202044318215655,0.8411583393808978,0.437460841174587,0.5724670092620278,0.6375670005505214,0.5236622619167178,0.556171765318844,,,,,True,,0.01,,0.01,10,,1000.0,16.0,,,100.0,,,,,22.0,,True,,100,0.08999999999999998
svm,False,3581.06640625,CDKextended,random,homosapiens_cyp17a1,117436623,0.2983457697036449,0.9123079350103588,0.8310552810693915,0.46636372427589695,33324287,0.27571042354224473,0.9165080892489729,0.8352260762518644,0.4455548917405217,0.6141096099668057,0.625167303640206,0.5408253184724872,0.6763362077877242,10.0,,0.0,2.0,,0.001,,,,,,,,,,,,,,,,False,,,100,0.08999999999999998
dt,False,212.392578125,CDKextended,random,homosapiens_cyp17a1,6375368,0.4878025729358147,0.8042260236973993,0.6466029453540819,0.6745030445218099,5315467,0.490400619858649,0.7887260921758976,0.6197170444382356,0.6768780090387875,0.5127349384954947,0.4695123342542048,0.4762509344461213,0.5924415467861578,,,,,,,,,,10,log2,,4.0,8.0,,,,,,,22.0,,,,90,0.15999999999999998
knn,False,3674.806640625,CDKextended,random,homosapiens_cyp17a1,118037150,0.42459340659340666,0.8514898853402925,0.7203087036493658,0.6000562000541643,30742366,0.4386131386861314,0.8289427159913704,0.6697396617866455,0.6307905594783481,0.5873748168367784,0.5800787062601993,0.571218594313923,0.610827149936213,,brute,,,,,,10.0,,,,,,,,,-1.0,5.0,,2.0,,,,uniform,90,0.08999999999999998
rf,False,3574.9169921875,CDKextended,stratified,homosapiens_cyp17a1,17768702,0.2747825498575493,0.931192291809455,0.8617102181348576,0.4109875206153658,11453398,0.32950663306685113,0.9244002027656981,0.8350863690945212,0.48726938859458013,0.6245483451967707,0.6590525119204804,0.566239545912039,0.648352977757793,,,,,,,,,,30,sqrt,,1.0,3.0,100.0,,,,True,,22.0,,True,,90,0.15999999999999998
hgb,False,1570.513671875,CDKextended,stratified,homosapiens_cyp17a1,19460098,0.29010717521772694,0.9196877323356037,0.8452890967290925,0.43470441401784243,11956722,0.35193999786995406,0.9088871200196691,0.8181685869209796,0.5116527455534373,0.604937343531251,0.6452181274736426,0.5406368611902748,0.6289570419298356,,,,,True,,0.01,,0.01,None,,1000.0,16.0,,,100.0,,,,,22.0,,True,,90,0.15999999999999998
svm,False,3326.77734375,CDKextended,stratified,homosapiens_cyp17a1,127238237,0.28075132251761403,0.9184789168555386,0.8434220154453511,0.4373195962738703,35022493,0.35886172080896434,0.8916421419448213,0.7893132395174546,0.5507563013770117,0.6231490927308466,0.6603162640351651,0.5390270032560984,0.6701040109012764,10.0,,0.1,4.0,,0.001,,,,,,,,,,,,,,,,False,,,90,0.08999999999999998
dt,False,217.0712890625,CDKextended,stratified,homosapiens_cyp17a1,6441603,0.38512806241377673,0.8530176071955163,0.7225995150726754,0.5820860578459889,5286451,0.46897544790975454,0.7889970136118444,0.6083758552311537,0.7508887224744432,0.5059720123509526,0.4922316038015635,0.44277336714498194,0.5829110661063124,,,,,,,,,,None,sqrt,,2.0,8.0,,,,,,,22.0,,,,90,0.15999999999999998
knn,False,3691.908203125,CDKextended,stratified,homosapiens_cyp17a1,64098149,0.3299328449328449,0.8998376432015137,0.8080612322995085,0.48418902402781816,34664146,0.4060827250608273,0.8787120466148841,0.7604389046513245,0.587285119717023,0.5982566613195605,0.602295008656052,0.559076389455309,0.6333985858473203,,brute,,,,,,20.0,,,,,,,,,-1.0,3.0,,1.0,,,,uniform,90,0.08999999999999998
rf,False,3358.3984375,CDKextended,strict,homosapiens_cyp17a1,16387333,0.28250944719544097,0.9355623674055012,0.8617250908473457,0.4130629132194972,11452250,0.27871461484674376,0.9528212408020579,0.8906223243471096,0.36624337718341027,0.5956322162246853,0.5527495866823426,0.5936625507819361,0.6404845112097769,,,,,,,,,,10,None,,1.0,2.0,100.0,,,,True,,22.0,,True,,90,0.15999999999999998
hgb,False,2929.658203125,CDKextended,strict,homosapiens_cyp17a1,23959171,0.22117524880783548,0.9339382283749991,0.8717417310709387,0.3978205374639053,16116072,0.2362718287905837,0.9482041113468542,0.8944066784793344,0.35985178440748156,0.58833137777154,0.5462409313181964,0.5816566728641297,0.6370965291322939,,,,,True,,0.0,,0.01,20,,99999999.0,8.0,,,100.0,,,,,22.0,,True,,90,0.15999999999999998
svm,False,3677.65234375,CDKextended,strict,homosapiens_cyp17a1,111968077,0.2979073774823084,0.9026917745795328,0.8129775174804373,0.48038719389288626,40698462,0.2829087917314164,0.9285553775131598,0.8611406300605796,0.41266062363583333,0.623799874187717,0.5786277830950938,0.6321799597571861,0.660591879710871,10.0,,0.0,2.0,,0.001,,,,,,,,,,,,,,,,True,,,100,0.08999999999999998
dt,False,216.0869140625,CDKextended,strict,homosapiens_cyp17a1,6481717,0.4558014584938352,0.8021055677848489,0.6412538393358986,0.6653315891553692,6062599,0.39626210856170374,0.8627880791029768,0.7419738484302976,0.5625191313987605,0.4479489880566842,0.4296548917317694,0.4477141723813809,0.46647790005690226,,,,,,,,,,None,sqrt,,4.0,2.0,,,,,,,22.0,,,,100,0.08999999999999998
knn,False,8196.5849609375,CDKextended,strict,homosapiens_cyp17a1,84441666,0.37263294422827503,0.855930208303795,0.7295423963189093,0.5776890167611531,57338027,0.3005917159763314,0.9221442864026652,0.843909628683136,0.437515548704634,0.5863793671018794,0.5513169747016922,0.6049982509192144,0.6028228756847315,,kd_tree,,,,,,20.0,,,,,,,,,-1.0,3.0,,1.0,,,,uniform,100,0.08999999999999998
rf,False,2183.478515625,CDK,random,homosapiens_cyp17a1,15534683,0.2994301013206013,0.9293456448052447,0.8548721706143765,0.4322428333869335,10631873,0.2942779259329676,0.9227892676919861,0.8405750263212742,0.438263347201977,0.6276915129136627,0.6098088119927096,0.6326562348392133,0.6406094919090651,,,,,,,,,,10,None,,2.0,2.0,100.0,,,,True,,22.0,,True,,80,0.15999999999999998
hgb,False,1595.0849609375,CDK,random,homosapiens_cyp17a1,23951562,0.29051166215122776,0.9222004153804576,0.849188371336548,0.4406257428663143,10576522,0.2920073186435673,0.9195192705871826,0.840951522179342,0.437745542919637,0.629191804841042,0.6131191149103247,0.628818150803198,0.6456381488096032,,,,,True,,0.1,,0.01,20,,10000.0,8.0,,,100.0,,,,,22.0,,True,,80,0.15999999999999998
svm,False,3615.30859375,CDK,random,homosapiens_cyp17a1,130869359,0.28935834328845533,0.9175533838764888,0.8410650954149859,0.4523369801009579,36798460,0.287393620464995,0.9084520657122604,0.8188374480254264,0.4671874729828454,0.6364848072896584,0.6210491161238827,0.5956497148332796,0.6927555909118127,10.0,,0.0,2.0,,0.001,,,,,,,,,,,,,,,,True,,,100,0.08999999999999998
dt,False,210.345703125,CDK,random,homosapiens_cyp17a1,6122902,0.4133558637130066,0.8522935662380183,0.7248159152742342,0.5952016245815865,5141621,0.4118949426485922,0.8111094427657296,0.6470322420529147,0.6521154541833912,0.5035843418500193,0.5299200959214421,0.45865944996257546,0.5221734796660402,,,,,,,,,,10,sqrt,,4.0,2.0,,,,,,,22.0,,,,100,0.15999999999999998
knn,False,6281.3818359375,CDK,random,homosapiens_cyp17a1,64468937,0.36018315018315017,0.8865522011768159,0.7841225060900885,0.5271766128302555,44439696,0.3580778588807787,0.8894781474173665,0.7805482191873072,0.5141934368610211,0.6144594673946804,0.6118278827142184,0.5762849773249316,0.6552655421448913,,kd_tree,,,,,,50.0,,,,,,,,,-1.0,3.0,,1.0,,,,uniform,80,0.08999999999999998
rf,False,2942.8447265625,CDK,stratified,homosapiens_cyp17a1,17034261,0.2922363786284936,0.928087458703337,0.8544660670708738,0.421614678261539,11377852,0.35895408087654335,0.91647627429191,0.8172397723177518,0.5129578698897407,0.6261912028259065,0.6755416982087998,0.5563431782481966,0.6466887320207231,,,,,,,,,,20,sqrt,,1.0,4.0,100.0,,,,True,,22.0,,True,,80,0.15999999999999998
hgb,False,1807.0068359375,CDK,stratified,homosapiens_cyp17a1,21939787,0.27870028318527096,0.9266026858680214,0.8583912740106715,0.41589011399085346,14801287,0.3518406055848207,0.9161214115402148,0.8300102447798473,0.4947117508765067,0.6168802287053751,0.6720141256986752,0.5412778062156866,0.6373487542017634,,,,,True,,0.1,,0.01,None,,99999999.0,16.0,,,100.0,,,,,22.0,,True,,80,0.15999999999999998
svm,False,3268.61328125,CDK,stratified,homosapiens_cyp17a1,138085718,0.2796299950923157,0.9169282544795901,0.8406417778668844,0.4411850902856203,39504404,0.36038977684407036,0.886626348066611,0.7816613792468945,0.5606684695758876,0.634510586367514,0.6572104615412291,0.5607853494320634,0.6855359481292496,10.0,,0.1,3.0,,0.001,,,,,,,,,,,,,,,,True,,,90,0.08999999999999998
dt,False,210.845703125,CDK,stratified,homosapiens_cyp17a1,6777879,0.32191582932059143,0.8919924304222223,0.7926831988301479,0.5032118258501606,5356911,0.4081189931992852,0.8570830715324013,0.7280744959732899,0.6256995218654998,0.4923983353520693,0.43857172770678066,0.5654681262818017,0.4731551520676256,,,,,,,,,,10,None,,2.0,8.0,,,,,,,22.0,,,,80,0.08999999999999998
knn,False,4836.86328125,CDK,stratified,homosapiens_cyp17a1,53755017,0.1250671392124453,0.952116978678573,0.9054247941940909,0.3398773603992789,30365517,0.1543380876997203,0.9484974881702598,0.8989180265434443,0.3814852125360231,0.5836081118017947,0.6248055896596305,0.5172250581641769,0.6087936875815769,,ball_tree,,,,,,10.0,,,,,,,,,-1.0,3.0,,1.0,,,,distance,90,0.15999999999999998
rf,False,8738.322265625,CDK,strict,homosapiens_cyp17a1,47804436,0.29772418343085616,0.9191063716476366,0.8342193666684036,0.45228419326120006,32847908,0.2924089048170195,0.9474405063108778,0.8786990984223805,0.38568917459705726,0.6066485309968518,0.5741005299273191,0.607214250750796,0.6386308123124403,,,,,,,,,,10,None,,2.0,4.0,500.0,,,,True,,22.0,,True,,80,0.08999999999999998
hgb,False,2448.5849609375,CDK,strict,homosapiens_cyp17a1,35707034,0.2769938190441979,0.907533787509032,0.8223036723871978,0.4682564184460157,16450158,0.27042385453995943,0.9474953825847944,0.8854051604489181,0.37487628326054856,0.6169115339110561,0.5842340744363894,0.6255325571036314,0.6409679701931477,,,,,True,,0.1,,0.01,None,,1000.0,16.0,,,100.0,,,,,22.0,,True,,100,0.08999999999999998
svm,False,3338.78125,CDK,strict,homosapiens_cyp17a1,116723650,0.30206963337747544,0.8974946478149269,0.8029950949700089,0.49304099645808713,40911599,0.28735881243758177,0.9234063109994463,0.8519547723690333,0.42609127472528513,0.6300798251060317,0.5886711957295958,0.6413115501497137,0.6602567294387853,10.0,,0.5,4.0,,0.001,,,,,,,,,,,,,,,,True,,,90,0.08999999999999998
dt,False,221.2080078125,CDK,strict,homosapiens_cyp17a1,6758987,0.43862396336909965,0.8036704503235221,0.6408154018710017,0.6657380286595281,5583369,0.3829510233356388,0.8773837657241356,0.7655580898075602,0.5361953713162568,0.46422993528607154,0.43296444582753146,0.472694326982517,0.4870310330481661,,,,,,,,,,30,log2,,2.0,4.0,,,,,,,22.0,,,,80,0.08999999999999998
knn,False,5851.0693359375,CDK,strict,homosapiens_cyp17a1,73572336,0.36660181582360574,0.8693336887350641,0.751195682549069,0.5540812690800443,43486488,0.3123076923076923,0.9141367340917133,0.8313801357696229,0.45473648726137134,0.593279337386775,0.5413228421870948,0.6198862333731847,0.6186289366000455,,kd_tree,,,,,,10.0,,,,,,,,,-1.0,3.0,,1.0,,,,uniform,100,0.15999999999999998
rf,False,2499.146484375,CDKgraphonly,random,homosapiens_cyp17a1,14821670,0.33597131222486276,0.9091708231217339,0.8187016582749154,0.4831137157105885,11339314,0.3123144678749877,0.8904577330962002,0.78684613557391,0.5067614611414718,0.5817266613376143,0.570731098387115,0.549496342270188,0.62495254335554,,,,,,,,,,30,None,,2.0,3.0,100.0,,,,True,,22.0,,True,,80,0.08999999999999998
hgb,False,2792.26171875,CDKgraphonly,random,homosapiens_cyp17a1,41782983,0.3216934538865259,0.9094533081637768,0.8264860581706209,0.47262820945453315,17310267,0.3073367190911535,0.8942293616948933,0.798130698684447,0.4931648492011357,0.5706837552664531,0.5804598966408029,0.5143506162488101,0.6172407529097463,,,,,True,,0.01,,0.01,None,,10000.0,16.0,,,100.0,,,,,22.0,,True,,90,0.08999999999999998
svm,False,1746.08203125,CDKgraphonly,random,homosapiens_cyp17a1,60346069,0.27324763261583945,0.9158508645007751,0.8379797829043245,0.45670635666952436,18547610,0.2729614189766274,0.8977700753510459,0.8007733934271531,0.4899261753241006,0.5758775416033461,0.6087781101456613,0.5090184776830502,0.6098360369813269,10.0,,0.0,2.0,,0.01,,,,,,,,,,,,,,,,False,,,100,0.08999999999999998
dt,False,220.603515625,CDKgraphonly,random,homosapiens_cyp17a1,5721386,0.46999598813884536,0.8123666616764897,0.6582385497753862,0.663306095725978,4998836,0.43785633182713485,0.8138695608910189,0.6565863038384615,0.6432292427438133,0.4730450846482747,0.5854288896809974,0.4084949890371856,0.4252113752266412,,,,,,,,,,None,log2,,1.0,8.0,,,,,,,22.0,,,,80,0.08999999999999998
knn,False,2629.4765625,CDKgraphonly,random,homosapiens_cyp17a1,42112607,0.39459706959706964,0.8565969631018636,0.7333526573539124,0.5858967398996088,20464751,0.3932846715328467,0.8354315409093486,0.6878468293376195,0.6132546495598812,0.4934396629565508,0.5966251664186686,0.3380055875443687,0.5456882349066152,,ball_tree,,,,,,30.0,,,,,,,,,-1.0,3.0,,1.0,,,,uniform,80,0.08999999999999998
rf,False,19291.759765625,CDKgraphonly,stratified,homosapiens_cyp17a1,94920669,0.30891429820133925,0.9150188000915698,0.8319516119565579,0.45305482992373053,63668850,0.3671295989086389,0.8987672953881589,0.7909862765642605,0.5485651996574572,0.5512242703182798,0.5622292660432099,0.4590486790590844,0.6323948658525451,,,,,,,,,,None,None,,2.0,2.0,1000.0,,,,True,,22.0,,True,,90,0.08999999999999998
hgb,False,1406.806640625,CDKgraphonly,stratified,homosapiens_cyp17a1,35542925,0.402953002687991,0.8664017458950402,0.7491392783343355,0.5535411642454381,15095800,0.4952981219126406,0.8415118315687822,0.6930764696637064,0.6647463241493671,0.5471162331036404,0.5459664305950124,0.4964892307381177,0.5988930379777913,,,,,True,,0.1,,0.01,None,,99999999.0,32.0,,,100.0,,,,,22.0,,True,,80,0.08999999999999998
svm,False,1548.0947265625,CDKgraphonly,stratified,homosapiens_cyp17a1,50502733,0.27317135050136554,0.9134644002083971,0.8342330273646967,0.44996899749369895,16007596,0.3446209524700249,0.9010902285702622,0.8045886432388241,0.5304149447387562,0.5364112208155568,0.5626686173594173,0.4556212186289784,0.5909438264582749,10.0,,0.5,3.0,,0.01,,,,,,,,,,,,,,,,True,,,80,0.08999999999999998
dt,False,215.9033203125,CDKgraphonly,stratified,homosapiens_cyp17a1,5573204,0.34555341880341883,0.8776336314252013,0.7676676138171692,0.5327070760570459,4963976,0.425215241571081,0.8425962396119726,0.7056787111259399,0.650956083943755,0.42594572366068406,0.48857791786788574,0.2994368453306009,0.48982240778356556,,,,,,,,,,20,None,,2.0,8.0,,,,,,,22.0,,,,90,0.15999999999999998
knn,False,1597.4619140625,CDKgraphonly,stratified,homosapiens_cyp17a1,42605983,0.1733412609796936,0.9368862002656848,0.8772527843238361,0.3872036245507105,20556418,0.23705282871339273,0.9129954917060982,0.8303706273869981,0.49418707189485567,0.4392990826393981,0.5145694305388251,0.31692553850649463,0.48640227887287446,,kd_tree,,,,,,30.0,,,,,,,,,-1.0,5.0,,1.0,,,,distance,80,0.15999999999999998
rf,False,4518.267578125,CDKgraphonly,strict,homosapiens_cyp17a1,16274714,0.3119375326114111,0.918244960124089,0.8293881250034094,0.45882718418181345,11463287,0.2938887097608177,0.9307688575381606,0.8496238618571652,0.4294324894972619,0.5305890044918105,0.4932572339657836,0.5248096777598913,0.5737001017497565,,,,,,,,,,None,sqrt,,1.0,2.0,100.0,,,,True,,22.0,,True,,90,0.15999999999999998
hgb,False,1965.4677734375,CDKgraphonly,strict,homosapiens_cyp17a1,22130703,0.34954929593973755,0.8795653623400657,0.7718438106335703,0.530591929751916,11439961,0.34389549516595436,0.8920029738065766,0.7855421807205322,0.5128334890860577,0.504138557852033,0.4186516064287681,0.5726158842684353,0.5211481828588955,,,,,True,,0.01,,0.01,20,,10000.0,8.0,,,100.0,,,,,22.0,,True,,90,0.15999999999999998
svm,False,1649.0546875,CDKgraphonly,strict,homosapiens_cyp17a1,50318660,0.27850827796144656,0.9072745558206526,0.8218220508535624,0.46889056145921915,19215710,0.27440592695659555,0.9224219255802403,0.8464795282697128,0.4338989339395457,0.480441064020065,0.4400251005675785,0.4805316372665479,0.5207664542260687,10.0,,0.5,3.0,,0.01,,,,,,,,,,,,,,,,True,,,90,0.08999999999999998
dt,False,223.2236328125,CDKgraphonly,strict,homosapiens_cyp17a1,5945131,0.4060820173665505,0.8478271901805009,0.7176471615266777,0.5902562465050671,6109331,0.40509948384948385,0.8419924948427845,0.705993079086836,0.600460179714101,0.41672541635883986,0.432480533568969,0.46983955457103077,0.3478561609365197,,,,,,,,,,30,sqrt,,2.0,4.0,,,,,,,22.0,,,,90,0.08999999999999998
knn,False,1058.154296875,CDKgraphonly,strict,homosapiens_cyp17a1,39274018,0.19854343805504412,0.916955750709763,0.8399618760826729,0.4443817742294663,37519410,0.17111899208627596,0.9373674924430989,0.8766466562711801,0.3889384670737142,0.46452484121558335,0.39565265495181046,0.4891444741212756,0.5087773945736639,,auto,,,,,,10.0,,,,,,,,,-1.0,3.0,,1.0,,,,distance,90,0.15999999999999998
rf,False,2055.3271484375,KlekotaRothCount,random,homosapiens_cyp17a1,30375058,0.40188400905906885,0.8843252386262713,0.7717793471551677,0.5420382359173642,26719105,0.3806318566940071,0.899310110003278,0.7936050914758024,0.49866221770810887,0.6042469687568203,0.5985708314536169,0.5709516748860689,0.643218399930775,,,,,,,,,,None,sqrt,,1.0,8.0,100.0,,,,True,,22.0,,True,,90,0.08999999999999998
hgb,False,2349.03125,KlekotaRothCount,random,homosapiens_cyp17a1,35287036,0.32041674468940506,0.9084411434108365,0.8245805463765392,0.47521629987646213,26979755,0.30070467106877224,0.926469647427721,0.8554695812819204,0.41728868116207896,0.5807179233753247,0.5866879112893852,0.5791498614384301,0.5763159973981589,,,,,True,,0.0,,0.01,20,,10000.0,8.0,,,100.0,,,,,22.0,,True,,80,0.08999999999999998
svm,False,1333.193359375,KlekotaRothCount,random,homosapiens_cyp17a1,62962117,0.4757705305656209,0.810384480601937,0.6541771977442413,0.6672356837534237,29450417,0.4173637001214413,0.8385589866261057,0.7021008611645636,0.5990893486021442,0.5578832001043469,0.579461895623957,0.5099870232523396,0.584200681436744,10.0,,0.5,2.0,,0.001,,,,,,,,,,,,,,,,True,,,90,0.08999999999999998
dt,False,282.3779296875,KlekotaRothCount,random,homosapiens_cyp17a1,19656002,0.5587481468444854,0.7379450550359664,0.543875769960571,0.7662915263042163,19346050,0.563144080281969,0.7398809027845372,0.5442948171253753,0.7409671566382326,0.5325111411670155,0.5529834671470346,0.5372752452590863,0.5072747110949256,,,,,,,,,,None,sqrt,,4.0,4.0,,,,,,,22.0,,,,80,0.15999999999999998
knn,False,1085.7412109375,KlekotaRothCount,random,homosapiens_cyp17a1,56193862,0.4220989010989012,0.8454987308942432,0.7115877540020565,0.609339455007282,38359571,0.422043795620438,0.8345805462862087,0.6916909104901143,0.609466920355239,0.5803590552135639,0.5370687617202294,0.5919289475865666,0.6120794563338956,,ball_tree,,,,,,40.0,,,,,,,,,-1.0,5.0,,1.0,,,,uniform,90,0.15999999999999998
rf,False,2504.80859375,KlekotaRothCount,stratified,homosapiens_cyp17a1,28277154,0.328170845959478,0.9034109633705663,0.8144146455969776,0.476107956746438,24471877,0.3735382556177466,0.905933368135894,0.8078062769565744,0.5260299258394985,0.6306535586572787,0.6478645658924985,0.6140763558908646,0.630019754188473,,,,,,,,,,30,None,,2.0,2.0,100.0,,,,True,,22.0,,True,,80,0.08999999999999998
hgb,False,1572.4111328125,KlekotaRothCount,stratified,homosapiens_cyp17a1,50315638,0.36263555960929483,0.8886058983061913,0.7881484801598702,0.5086855268154005,23859390,0.431551185187009,0.8801833443502065,0.7649881860827263,0.5816820996784,0.613672571147863,0.6917602402243735,0.5624046797736166,0.5868527934455988,,,,,True,,0.1,,0.01,10,,99999999.0,8.0,,,100.0,,,,,22.0,,True,,80,0.08999999999999998
svm,False,1420.205078125,KlekotaRothCount,stratified,homosapiens_cyp17a1,61287742,0.4539756266333916,0.8164952317285118,0.6637448374940127,0.6408672367447052,30036424,0.49764663838445544,0.816512660971033,0.6589114980343347,0.7007682096587037,0.5571758296920885,0.5580059192178412,0.49812671816859755,0.6153948516898269,10.0,,0.0,2.0,,0.001,,,,,,,,,,,,,,,,True,,,100,0.08999999999999998
dt,False,293.865234375,KlekotaRothCount,stratified,homosapiens_cyp17a1,19351346,0.3941469177414556,0.861349379661827,0.7386976003137113,0.5649438539010221,19350056,0.4236854771105523,0.8772152019894981,0.7625335668054664,0.5847119456499733,0.5421936241777753,0.5826574213538969,0.5471540442269271,0.4967694069525018,,,,,,,,,,None,sqrt,,2.0,2.0,,,,,,,22.0,,,,80,0.08999999999999998
knn,False,1337.8701171875,KlekotaRothCount,stratified,homosapiens_cyp17a1,57152221,0.42769963369963376,0.8514358147695047,0.7239218173838216,0.5806970675395944,44079740,0.4761897810218978,0.8363653602485653,0.6850658937928557,0.6733652494182393,0.5813096412529561,0.5844481219895211,0.5572719095935539,0.6022088921757933,,kd_tree,,,,,,30.0,,,,,,,,,-1.0,5.0,,2.0,,,,uniform,90,0.08999999999999998
rf,False,3085.3408203125,KlekotaRothCount,strict,homosapiens_cyp17a1,28207541,0.36703042088802407,0.9019429099412831,0.7965618685392485,0.5010264942137088,24454826,0.37822323307272,0.9254958539041933,0.8120815865267593,0.48005401197620956,0.5500056072316829,0.512652759930118,0.5710648384135121,0.5662992233514187,,,,,,,,,,20,log2,,1.0,4.0,100.0,,,,True,,22.0,,True,,90,0.08999999999999998
hgb,False,1568.2060546875,KlekotaRothCount,strict,homosapiens_cyp17a1,30684901,0.40661062874362425,0.8709021326033788,0.7512056413376971,0.5540701799769376,26340629,0.4096469543017841,0.8901692472864841,0.774630628497806,0.5257180420528031,0.5453839547952138,0.5351608152369016,0.5863892471082296,0.5146018020405101,,,,,True,,0.1,,0.01,10,,10000.0,16.0,,,100.0,,,,,22.0,,True,,100,0.08999999999999998
svm,False,1301.025390625,KlekotaRothCount,strict,homosapiens_cyp17a1,56837637,0.3950155017438104,0.8467562270496968,0.7157424080137779,0.5922438357091692,30504026,0.3794743638906778,0.8778508987436752,0.7628104579588519,0.5393282923004237,0.5114943508633878,0.41333118782305855,0.5685704719156814,0.5525813928514234,10.0,,0.5,3.0,,0.005,,,,,,,,,,,,,,,,True,,,80,0.08999999999999998
dt,False,283.05078125,KlekotaRothCount,strict,homosapiens_cyp17a1,19315084,0.5244268239204697,0.7491582122459712,0.5586579311211302,0.7379589020384089,18980685,0.6619069050395642,0.6638129320985815,0.3979650049796114,0.8592435946227364,0.48005252079464444,0.4222239953634339,0.5098166256160946,0.5081169414044048,,,,,,,,,,10,log2,,2.0,4.0,,,,,,,22.0,,,,80,0.15999999999999998
knn,False,1272.1220703125,KlekotaRothCount,strict,homosapiens_cyp17a1,56351947,0.44298443579766544,0.8310460722103743,0.6872870306402546,0.6211799929630603,32315725,0.3894201183431955,0.8713966359169821,0.7508711646237756,0.5527355959708535,0.5498226297153638,0.5133203572033608,0.5967637189001702,0.5393838130425603,,brute,,,,,,50.0,,,,,,,,,-1.0,5.0,,1.0,,,,uniform,90,0.08999999999999998
rf,False,3072.5400390625,KlekotaRoth,random,homosapiens_cyp17a1,28118176,0.3720883428403191,0.8935424991365933,0.7912445065796405,0.518407657432838,24710478,0.36421333745895257,0.9021063880582296,0.8027687575512731,0.4874665610715842,0.6077200928089793,0.5970273550682521,0.5903908946824697,0.6357420286762161,,,,,,,,,,20,log2,,1.0,4.0,100.0,,,,True,,22.0,,True,,100,0.08999999999999998
hgb,False,1834.564453125,KlekotaRoth,random,homosapiens_cyp17a1,56526569,0.3990180409446642,0.8731053544936026,0.7616539158479416,0.5539320096170546,25767989,0.3420019583973632,0.9139698194732421,0.8314917285765927,0.45057551328006085,0.5821290437654326,0.5692118859790731,0.6140344782333561,0.5631407670838688,,,,,True,,0.0,,0.01,10,,99999999.0,8.0,,,100.0,,,,,22.0,,True,,80,0.08999999999999998
svm,False,1080.396484375,KlekotaRoth,random,homosapiens_cyp17a1,39926515,0.4457309365435555,0.8315857260427735,0.6913426221164829,0.6303631001242846,23296178,0.39596938276623916,0.8544162041035651,0.7261480975958314,0.5744005610620286,0.5608116638925628,0.5326415867688715,0.5615689355382693,0.5882244693705474,10.0,,0.5,2.0,,0.01,,,,,,,,,,,,,,,,True,,,90,0.08999999999999998
dt,False,281.0546875,KlekotaRoth,random,homosapiens_cyp17a1,19569681,0.49195275494655605,0.7969474837625921,0.633810910664979,0.6866021383237236,18255690,0.4806688790569619,0.8187946178549715,0.6703462404692964,0.6302110167476306,0.5227546134092452,0.5077344442269067,0.4971510743736619,0.5633783216271674,,,,,,,,,,20,log2,,2.0,4.0,,,,,,,22.0,,,,80,0.08999999999999998
knn,False,945.3291015625,KlekotaRoth,random,homosapiens_cyp17a1,53078378,0.4027899877899878,0.8571084429063044,0.7343936682940636,0.5847519293553626,50939920,0.3715328467153285,0.8825857907805938,0.7779805573714119,0.5171928095699746,0.5928790796619361,0.6018111820368045,0.5702970401626665,0.6065290167863373,,brute,,,,,,50.0,,,,,,,,,-1.0,3.0,,1.0,,,,uniform,90,0.08999999999999998
rf,False,12006.8291015625,KlekotaRoth,stratified,homosapiens_cyp17a1,102556944,0.3751022846226568,0.884160319627969,0.7792327236326336,0.5192792143679691,73501899,0.4116422993425459,0.8905029269783159,0.7796968956129806,0.563185105476419,0.6186875605559923,0.6295693204313825,0.6105370104522507,0.6159563507843435,,,,,,,,,,None,None,,2.0,8.0,1000.0,,,,True,,22.0,,True,,100,0.08999999999999998
hgb,False,1362.1064453125,KlekotaRoth,stratified,homosapiens_cyp17a1,39785267,0.39607327048593555,0.8735185002331203,0.7603245675064709,0.5410599014304052,22915003,0.45572333169917234,0.8697566157870079,0.7472090256290969,0.6032837591581417,0.5984206467983513,0.5989086840246036,0.5639164810226274,0.6324367753478228,,,,,True,,0.01,,0.01,None,,99999999.0,8.0,,,100.0,,,,,22.0,,True,,90,0.08999999999999998
svm,False,875.943359375,KlekotaRoth,stratified,homosapiens_cyp17a1,33726433,0.37390898764240577,0.8596036966103499,0.7385284535803992,0.5651266745491494,21557420,0.445562326550212,0.8462275503090733,0.7015062080617105,0.6555540481516178,0.5746686659733714,0.6070401686377866,0.5429529583579723,0.5740128709243553,100.0,,0.0,2.0,,0.01,,,,,,,,,,,,,,,,False,,,100,0.15999999999999998
dt,False,288.634765625,KlekotaRoth,stratified,homosapiens_cyp17a1,19525938,0.4021004508312201,0.847408618206569,0.7157214699959462,0.5892581795550966,18481503,0.43350847570920575,0.8338797825264829,0.6887534138729787,0.6694114712909427,0.5159927878232159,0.5894322428595538,0.4317560967848648,0.5267900238252292,,,,,,,,,,None,sqrt,,1.0,8.0,,,,,,,22.0,,,,90,0.08999999999999998
knn,False,889.8603515625,KlekotaRoth,stratified,homosapiens_cyp17a1,53060037,0.3893101343101343,0.859915471858643,0.7368478432946479,0.5669399434427772,42000391,0.43257907542579077,0.8775499770450496,0.7545556462426845,0.5944527972368717,0.5636249342795028,0.5233714914157604,0.5616105474073096,0.6058927640154381,,brute,,,,,,30.0,,,,,,,,,-1.0,3.0,,1.0,,,,uniform,80,0.08999999999999998
rf,False,12295.251953125,KlekotaRoth,strict,homosapiens_cyp17a1,90795413,0.4270364010918123,0.8563512289532355,0.7255953090710285,0.5818891755815712,70825325,0.40455414810406914,0.9022487861232524,0.7889008700757483,0.5088018206064541,0.5455935270711194,0.4888129955515754,0.5897816701650567,0.5581859154967261,,,,,,,,,,20,None,,2.0,8.0,1000.0,,,,True,,22.0,,True,,80,0.08999999999999998
hgb,False,1726.1494140625,KlekotaRoth,strict,homosapiens_cyp17a1,28918767,0.4055212497656827,0.8688827997740074,0.7514918959377181,0.5537513407831296,26783523,0.3976980121645086,0.9002459094164771,0.7906048305104073,0.5067441740451918,0.5487910952104135,0.5374128484058128,0.5903891368142591,0.5185713004111685,,,,,True,,0.1,,0.01,10,,10000.0,8.0,,,100.0,,,,,22.0,,True,,80,0.08999999999999998
svm,False,889.892578125,KlekotaRoth,strict,homosapiens_cyp17a1,34306025,0.39957821655739867,0.8452932647088899,0.7139351937819238,0.5941234965078779,22955764,0.3759110125824158,0.8771681006361032,0.7658544496900681,0.5358563597297265,0.510754172245338,0.4574879442050286,0.5707129505370563,0.5040616219939293,100.0,,0.0,2.0,,0.01,,,,,,,,,,,,,,,,True,,,100,0.15999999999999998
dt,False,282.1796875,KlekotaRoth,strict,homosapiens_cyp17a1,18732778,0.4557331262300935,0.8227830885276524,0.6769161784777705,0.6313964247106918,18389535,0.5204679571308531,0.804037308658334,0.6276458232144253,0.6757461031091053,0.45030806532044193,0.464447339684647,0.42367013739140225,0.4628067188852766,,,,,,,,,,30,sqrt,,2.0,8.0,,,,,,,22.0,,,,80,0.08999999999999998
knn,False,1332.8779296875,KlekotaRoth,strict,homosapiens_cyp17a1,45827046,0.4398443579766537,0.8313693463015853,0.6882371789422949,0.6202355771851739,34862404,0.38500591715976334,0.8780575819705916,0.7696180348036082,0.5315323165624983,0.5371897998794406,0.49138254533337544,0.5773339605273379,0.5428528937776085,,kd_tree,,,,,,40.0,,,,,,,,,-1.0,5.0,,1.0,,,,uniform,80,0.08999999999999998
rf,False,3560.2275390625,MACCS,random,homosapiens_cyp17a1,11588823,0.3334921954963022,0.9057394693573034,0.8132950811897504,0.4902643692822509,7494676,0.3124410882548109,0.915769645198534,0.8256754402550058,0.45828565440926483,0.6054088205916576,0.597637482182247,0.5549273418730531,0.6636616377196725,,,,,,,,,,30,sqrt,,1.0,3.0,100.0,,,,True,,22.0,,True,,90,0.08999999999999998
hgb,False,1835.7900390625,MACCS,random,homosapiens_cyp17a1,21590733,0.3645782417183419,0.8830142479759876,0.779304082710599,0.5330274819477343,8166120,0.3477725723092718,0.9036645735470026,0.8057913915090034,0.48371684614203275,0.5933477348384597,0.5860110734676074,0.5352806059813648,0.6587515250664069,,,,,True,,0.1,,0.01,20,,10000.0,8.0,,,100.0,,,,,22.0,,True,,80,0.08999999999999998
svm,False,902.9248046875,MACCS,random,homosapiens_cyp17a1,21163387,0.34591596383827794,0.8819684218643521,0.777673658885154,0.5349927687091831,6742084,0.294748240750059,0.9109712509023334,0.8241436779956453,0.4602946924684795,0.5767598856239382,0.5525578540656784,0.547076043780749,0.6306457590253872,200.0,,0.5,3.0,,0.005,,,,,,,,,,,,,,,,True,,,80,0.08999999999999998
dt,False,193.27734375,MACCS,random,homosapiens_cyp17a1,2073582,0.4264420180958642,0.8259128341571785,0.6788543856341662,0.6429888608792448,1838678,0.4115389517214335,0.8536272622431387,0.7215972814189395,0.5791535332920451,0.49946545547537635,0.5303871489442608,0.418119648609234,0.5498895688726342,,,,,,,,,,10,None,,4.0,4.0,,,,,,,22.0,,,,80,0.08999999999999998
knn,False,795.396484375,MACCS,random,homosapiens_cyp17a1,46200411,0.35817460317460315,0.8811169479118914,0.774537937206516,0.538752364917418,64737568,0.38386861313868625,0.8685435491726414,0.7443946953214445,0.5549347301661031,0.6048994573743007,0.5845331210459457,0.5850133011606472,0.6451519499163094,,auto,,,,,,50.0,,,,,,,,,-1.0,3.0,,2.0,,,,uniform,90,0.08999999999999998
rf,False,2902.8134765625,MACCS,stratified,homosapiens_cyp17a1,11686346,0.32793821263545136,0.9101798801493273,0.8217574097440139,0.4665941952753836,7696528,0.3874660804341639,0.8953358309567471,0.7765399009510279,0.5672060381868036,0.6063876026166084,0.6339781508345652,0.5509422446714878,0.6342424123437722,,,,,,,,,,None,sqrt,,1.0,4.0,100.0,,,,True,,22.0,,True,,90,0.15999999999999998
hgb,False,3736.2333984375,MACCS,stratified,homosapiens_cyp17a1,43234505,0.3179985525481173,0.9091269835791873,0.8264937973576744,0.4603531208188225,17599219,0.37631919324331375,0.8956105076810413,0.7936177241317242,0.5451010902580938,0.6062569943803594,0.6648079616561577,0.516236288717353,0.6377267327675673,,,,,True,,0.01,,0.01,10,,99999999.0,16.0,,,100.0,,,,,22.0,,True,,80,0.08999999999999998
svm,False,803.9365234375,MACCS,stratified,homosapiens_cyp17a1,18565907,0.3210591706339974,0.8882907201516804,0.7886286817258075,0.5081086837373358,5974427,0.3861267428751919,0.8553412010388796,0.7252849420744869,0.6289007092589195,0.595364125569167,0.6557409553319773,0.5245551829322275,0.6057962384432962,100.0,,0.5,3.0,,0.01,,,,,,,,,,,,,,,,True,,,80,0.15999999999999998
dt,False,201.8603515625,MACCS,stratified,homosapiens_cyp17a1,1912393,0.4133591586984445,0.8311295664215717,0.6874896182660208,0.6178254780535768,1787434,0.5069302540525169,0.7831931573760211,0.6072785153934699,0.7519399902835144,0.5121465252509525,0.5845039374931577,0.46189058608095135,0.4900450521787484,,,,,,,,,,30,log2,,2.0,4.0,,,,,,,22.0,,,,80,0.15999999999999998
knn,False,842.326171875,MACCS,stratified,homosapiens_cyp17a1,34241084,0.40620146520146533,0.856349322060031,0.7302512891362851,0.5740018314989096,33934611,0.4712116788321168,0.822084018688464,0.6620909188121611,0.6974944941310044,0.5702074201208458,0.5579096590006364,0.5359784386823974,0.6167341626795035,,auto,,,,,,10.0,,,,,,,,,-1.0,5.0,,1.0,,,,uniform,100,0.08999999999999998
rf,False,3616.2470703125,MACCS,strict,homosapiens_cyp17a1,11254956,0.30983987169013427,0.913517331714166,0.8241457158439942,0.46582306573560917,7817208,0.28499259734841115,0.9418987522221908,0.8724960868063538,0.39542779397156586,0.5700379996450097,0.544976483290077,0.5581315194746763,0.6070059961702758,,,,,,,,,,20,None,,1.0,3.0,100.0,,,,True,,22.0,,True,,80,0.08999999999999998
hgb,False,1571.427734375,MACCS,strict,homosapiens_cyp17a1,11752678,0.3801541749845676,0.8806041544549269,0.7661335422725101,0.537190695245991,8124250,0.39763097466359437,0.8877987003001921,0.7694844197618467,0.5316864310959366,0.5675099447791363,0.5188927289227008,0.5950689494883218,0.5885681559263862,,,,,True,,0.01,,0.01,20,,10000.0,8.0,,,100.0,,,,,22.0,,True,,80,0.15999999999999998
svm,False,840.8505859375,MACCS,strict,homosapiens_cyp17a1,18723887,0.30991273678830145,0.8879041186025229,0.7879008897980918,0.5115804458233695,6870453,0.2956223248719055,0.9132005612696162,0.8334513249903417,0.45193505152683194,0.5862469368323081,0.5579146003710994,0.6468712661292496,0.5539549439965752,100.0,,0.1,4.0,,0.01,,,,,,,,,,,,,,,,False,,,90,0.15999999999999998
dt,False,191.6064453125,MACCS,strict,homosapiens_cyp17a1,2034033,0.4979968109798798,0.7906982919699993,0.6249040368717397,0.6803238682514299,1823705,0.4850222606379769,0.8147060774402674,0.6578843318825591,0.647726875466046,0.453321637313105,0.4308023790603708,0.4463591248487614,0.4828034080301826,,,,,,,,,,20,sqrt,,4.0,3.0,,,,,,,22.0,,,,80,0.15999999999999998
knn,False,1336.6689453125,MACCS,strict,homosapiens_cyp17a1,39751531,0.4171517509727627,0.850083631171982,0.7161011616375073,0.5918699904566145,32394899,0.38210650887573977,0.8684894202732392,0.7466857173992014,0.5573593276498952,0.5270804936375592,0.4990890355013956,0.5685696591587027,0.513582786252579,,ball_tree,,,,,,10.0,,,,,,,,,-1.0,5.0,,1.0,,,,uniform,100,0.08999999999999998
rf,False,3583.947265625,PubChem,random,homosapiens_cyp17a1,14988849,0.3091504438683008,0.9207252121889811,0.8406139120975303,0.45297857064685204,10207782,0.2992219172774177,0.9225462045982847,0.8366665020329485,0.44360313412964264,0.6204517001512891,0.5976718618654518,0.5673064910918748,0.6963767474965409,,,,,,,,,,20,sqrt,,1.0,3.0,100.0,,,,True,,22.0,,True,,90,0.08999999999999998
hgb,False,1251.765625,PubChem,random,homosapiens_cyp17a1,31518169,0.42261957535332245,0.8591656230377481,0.736211956346534,0.5827469444017879,13854724,0.39364989488936764,0.8781941908587183,0.763937906940483,0.5332981794040095,0.6061249098930533,0.544836252272812,0.5722624276375258,0.7012760497688222,,,,,True,,0.01,,0.01,None,,99999999.0,32.0,,,100.0,,,,,22.0,,True,,90,0.08999999999999998
svm,False,1290.0478515625,PubChem,random,homosapiens_cyp17a1,40805839,0.3041664800622614,0.9048876189057976,0.8185398203618064,0.4833292959364347,13514754,0.2665729523956753,0.9187620358972995,0.8411532752564576,0.4374678145922402,0.6108269276096946,0.5761826567682216,0.5529510520934533,0.7033470739674087,10.0,,0.0,2.0,,0.01,,,,,,,,,,,,,,,,False,,,100,0.08999999999999998
dt,False,212.3740234375,PubChem,random,homosapiens_cyp17a1,5055885,0.38447507122507124,0.8728965317160213,0.7612755513840479,0.5543715072417529,4448140,0.40721463329857494,0.8258713862978674,0.6648146963275111,0.6354764468569931,0.5240596143096641,0.4651491449785268,0.46576652836066823,0.6412631695897972,,,,,,,,,,30,None,,4.0,4.0,,,,,,,22.0,,,,90,0.08999999999999998
knn,False,1256.140625,PubChem,random,homosapiens_cyp17a1,47789158,0.33645299145299146,0.8927531930902611,0.7965503487498543,0.5117771911348663,36568167,0.37980535279805355,0.8656841306682748,0.7421419411419377,0.5573747990954261,0.6034897240140762,0.6386710044071193,0.5235132392963471,0.6482849283387622,,auto,,,,,,10.0,,,,,,,,,-1.0,3.0,,1.0,,,,uniform,100,0.08999999999999998
rf,False,24296.7666015625,PubChem,stratified,homosapiens_cyp17a1,99000665,0.31550703406976394,0.919103118589646,0.8386127784756807,0.4439848607817548,64588110,0.37698173350402636,0.9017311961480631,0.7956521340044084,0.5424077739969012,0.6029373727009026,0.6333665449140131,0.5509934017117417,0.6244521714769531,,,,,,,,,,30,sqrt,,1.0,4.0,1000.0,,,,True,,22.0,,True,,80,0.08999999999999998
hgb,False,2913.1240234375,PubChem,stratified,homosapiens_cyp17a1,33012857,0.31600725668902435,0.9077115535962188,0.8239039197718367,0.4637761742466193,19418173,0.38095543701092205,0.9065385537415475,0.8137613519525577,0.5178163476822747,0.608915447963844,0.6433195245204938,0.5610877196431596,0.6223390997278786,,,,,True,,0.1,,0.01,None,,1000.0,16.0,,,100.0,,,,,22.0,,True,,80,0.08999999999999998
svm,False,1256.5947265625,PubChem,stratified,homosapiens_cyp17a1,47084615,0.2978818874587085,0.904178389165191,0.817537372614957,0.4720853803588952,15052078,0.3260317716411537,0.9059578657399749,0.8164122499662988,0.5141178724956273,0.6106572578084868,0.658223696365656,0.5268318045781915,0.6469162724816129,10.0,,0.0,4.0,,0.01,,,,,,,,,,,,,,,,True,,,90,0.08999999999999998
dt,False,218.603515625,PubChem,stratified,homosapiens_cyp17a1,5030987,0.3597119745334032,0.8635832262447664,0.740111253381992,0.5634136006313958,4483858,0.3981541536322558,0.842288377980511,0.7080487693288151,0.6483298344374255,0.4964872213271964,0.5426127984001239,0.4679100295679205,0.47893883601354503,,,,,,,,,,None,sqrt,,1.0,8.0,,,,,,,22.0,,,,80,0.08999999999999998
knn,False,1800.1708984375,PubChem,stratified,homosapiens_cyp17a1,52328029,0.3410989010989011,0.8894926247202326,0.7905487088603824,0.5057956734979683,36603362,0.4125304136253041,0.8524247012638563,0.722743272310425,0.6318033125829228,0.5855109162903306,0.6491905477183261,0.5450755027452965,0.5622666984073692,,ball_tree,,,,,,40.0,,,,,,,,,-1.0,3.0,,1.0,,,,uniform,80,0.08999999999999998
rf,False,3727.3076171875,PubChem,strict,homosapiens_cyp17a1,14358456,0.3323023352549958,0.9054809454300756,0.8096579621862028,0.48463175793117563,12378806,0.3239210196870846,0.9317394340760462,0.847693952174114,0.4321793474304855,0.5866907430429483,0.5692092709263087,0.5954494800396182,0.5954134781629181,,,,,,,,,,None,log2,,1.0,3.0,100.0,,,,True,,22.0,,True,,80,0.08999999999999998
hgb,False,2222.8505859375,PubChem,strict,homosapiens_cyp17a1,34354324,0.3597391197296309,0.8872699504249051,0.7829750750312832,0.517486852204207,14455335,0.3734149781251046,0.9092695841299205,0.8068460342894364,0.4866954090491809,0.5689062555042866,0.5409458642364853,0.5633280678568571,0.6024448344195175,,,,,True,,0.01,,0.01,20,,99999999.0,16.0,,,100.0,,,,,22.0,,True,,90,0.08999999999999998
svm,False,1245.7666015625,PubChem,strict,homosapiens_cyp17a1,43813584,0.322560245705577,0.8929362283619192,0.7962005042972119,0.5014712798811267,16639996,0.2656838257135122,0.9339485877948827,0.8689317023277031,0.40091680840874916,0.5854024136882937,0.5134419731037497,0.6038605197448134,0.6389047482163182,10.0,,0.5,4.0,,0.01,,,,,,,,,,,,,,,,False,,,90,0.08999999999999998
dt,False,210.8037109375,PubChem,strict,homosapiens_cyp17a1,5289300,0.4292334234136595,0.8192108534713466,0.6702595293706916,0.6378677416560934,4954011,0.36536575189042503,0.88565704063449,0.7828532193706288,0.5160385336458636,0.46629413619957916,0.45110332665165864,0.43838941880216475,0.509389663144914,,,,,,,,,,10,None,,4.0,3.0,,,,,,,22.0,,,,90,0.08999999999999998
knn,False,1968.462890625,PubChem,strict,homosapiens_cyp17a1,42746806,0.15986534003781364,0.9410925941869334,0.8855630375662025,0.3757748183625268,33126029,0.12470344315627736,0.9630667490626241,0.9269187621667664,0.29937007238596824,0.5462539893067819,0.5266835303739903,0.5348490647567892,0.5772293727895663,,kd_tree,,,,,,40.0,,,,,,,,,-1.0,3.0,,1.0,,,,distance,90,0.08999999999999998
rf,False,3586.2529296875,SubstructureCount,random,homosapiens_cyp17a1,14520553,0.32955050925925894,0.9173191099962356,0.8308428817001037,0.46665679128525334,8280976,0.3298873401375591,0.9115111489801002,0.8138733897427151,0.4735449486789681,0.5833764786012944,0.5966542786766402,0.5428102177471299,0.6106649393801131,,,,,,,,,,30,log2,,1.0,3.0,100.0,,,,True,,22.0,,True,,90,0.08999999999999998
hgb,False,1673.904296875,SubstructureCount,random,homosapiens_cyp17a1,24170733,0.41156161581714545,0.870379098743788,0.7555326645811257,0.5610000125461535,9900883,0.388727225348111,0.8735888886260104,0.7583061974769681,0.5396221047496523,0.5697846365140964,0.5235806655860914,0.5511679403542293,0.6346053036019685,,,,,True,,0.0,,0.01,50,,1000.0,16.0,,,100.0,,,,,22.0,,True,,90,0.08999999999999998
svm,False,747.44140625,SubstructureCount,random,homosapiens_cyp17a1,16844872,0.3610827041808269,0.8768843785424996,0.76892249585649,0.545420284471532,5791261,0.37169858712506887,0.8520356809191802,0.7251808024722317,0.5754141108822827,0.5624653095190267,0.550829584161431,0.5211583991023085,0.6154079452933408,10.0,,0.1,4.0,,0.01,,,,,,,,,,,,,,,,False,,,90,0.08999999999999998
dt,False,199.6162109375,SubstructureCount,random,homosapiens_cyp17a1,2390902,0.4548310330542473,0.8165093886524382,0.665844485722479,0.655883593809629,2290932,0.4851821341675357,0.7964671239720971,0.6290965735541132,0.6684784280196128,0.4570360500058042,0.5046974903239019,0.3824607639170009,0.48394989577650993,,,,,,,,,,20,log2,,2.0,8.0,,,,,,,22.0,,,,90,0.08999999999999998
knn,False,597.91796875,SubstructureCount,random,homosapiens_cyp17a1,29997841,0.47209314495028776,0.8294239429737342,0.6781380741451405,0.6437055509787981,20947874,0.48134515119916577,0.7859291753739281,0.6063330586845277,0.6886863056921108,0.5386371069862141,0.5533380485470789,0.4728365231666486,0.5897367492449148,,kd_tree,,,,,,20.0,,,,,,,,,-1.0,7.0,,1.0,,,,uniform,100,0.08999999999999998
rf,False,15389.375,SubstructureCount,stratified,homosapiens_cyp17a1,49926315,0.3132521136283416,0.9140945304236295,0.8306806883940498,0.4547647942231085,33273998,0.3595346094068894,0.9151632632512161,0.8164128910765515,0.5141169748144726,0.5879930352421411,0.5958110273307128,0.5701515462237104,0.5980165321720001,,,,,,,,,,20,log2,,1.0,3.0,500.0,,,,True,,22.0,,True,,90,0.08999999999999998
hgb,False,1799.8935546875,SubstructureCount,stratified,homosapiens_cyp17a1,18220098,0.38720254692450723,0.8749898081428028,0.7650397410212288,0.5357112852758154,9993349,0.43240551453931153,0.8700307116637584,0.7441256602531539,0.6069518220901167,0.563294305975917,0.56223699665064,0.5781027479166789,0.549543173360432,,,,,True,,0.1,,0.01,20,,10000.0,16.0,,,100.0,,,,,22.0,,True,,90,0.08999999999999998
svm,False,734.62109375,SubstructureCount,stratified,homosapiens_cyp17a1,15696008,0.3591772465417649,0.8625752300940688,0.7436394187985826,0.5595761719603435,5633644,0.41674796734870234,0.8587607042334694,0.7368251457920756,0.6155495916248189,0.5940601572122842,0.5989140033697378,0.6220644075289012,0.5612020607382135,10.0,,0.0,4.0,,0.01,,,,,,,,,,,,,,,,True,,,80,0.08999999999999998
dt,False,193.982421875,SubstructureCount,stratified,homosapiens_cyp17a1,2504168,0.4899151544496372,0.7917333866520544,0.6240887952307286,0.6776044113026234,2326696,0.5648887750250702,0.7796558069878845,0.6058779262454677,0.7532796441021166,0.46324096193238495,0.4835198069056319,0.4822671372533496,0.4239359416381734,,,,,,,,,,10,sqrt,,2.0,8.0,,,,,,,22.0,,,,80,0.08999999999999998
knn,False,558.6318359375,SubstructureCount,stratified,homosapiens_cyp17a1,17639756,0.39438949938949935,0.8588727069913957,0.7360749122247594,0.5677719415531007,4764407,0.4097323600973236,0.8752074181466843,0.7553488572237553,0.5934914631132626,0.5585438885827845,0.5592506645513491,0.5798804672945549,0.5365005339024495,,auto,,,,,,10.0,,,,,,,,,-1.0,3.0,,1.0,,,,uniform,90,0.08999999999999998
rf,False,25444.6796875,SubstructureCount,strict,homosapiens_cyp17a1,89783545,0.35445972403304493,0.9020899691971844,0.7952959479276422,0.5025829284185268,61103191,0.36795649585155893,0.9278582854640262,0.8165868979896953,0.4742644948349183,0.538459047062957,0.48210860364222274,0.5625893926605028,0.5706791448861456,,,,,,,,,,20,sqrt,,1.0,4.0,1000.0,,,,True,,22.0,,True,,90,0.08999999999999998
hgb,False,1675.373046875,SubstructureCount,strict,homosapiens_cyp17a1,17370211,0.4207754898692609,0.8551613570301483,0.7224976989189209,0.5851642791330947,11106793,0.4403646387209796,0.877379876745679,0.7482051324504095,0.5556852533293021,0.5516567546721575,0.4728094067312346,0.5899791999947188,0.5921816572905192,,,,,True,,0.0,,0.01,50,,1000.0,16.0,,,100.0,,,,,22.0,,True,,90,0.08999999999999998
svm,False,753.83984375,SubstructureCount,strict,homosapiens_cyp17a1,16646344,0.3632714611614597,0.8506556896404347,0.7214936384335915,0.586221945730148,7210202,0.40964593927400733,0.8677586146801829,0.7304026571103335,0.574993901851985,0.500184554687693,0.3955613468231035,0.6120820337967083,0.49291028344326693,10.0,,0.0,2.0,,0.01,,,,,,,,,,,,,,,,True,,,90,0.08999999999999998
dt,False,193.138671875,SubstructureCount,strict,homosapiens_cyp17a1,2532895,0.5011997012465448,0.7753064407921066,0.6006393857836856,0.7019838626216356,2352651,0.5050915988751244,0.7832983535326705,0.606367519540711,0.6947857434843061,0.4115527418718889,0.3145547242546911,0.49064826385858096,0.42945523750239445,,,,,,,,,,30,log2,,4.0,3.0,,,,,,,22.0,,,,90,0.08999999999999998
knn,False,562.7490234375,SubstructureCount,strict,homosapiens_cyp17a1,36029024,0.477171206225681,0.8039310215100637,0.6356989759645213,0.6704628345041669,24266798,0.45155029585798834,0.8616919619612914,0.7116755302483264,0.5946291370685494,0.4710086743073725,0.3822933828859866,0.5284039707471044,0.5023286692890265,,brute,,,,,,10.0,,,,,,,,,-1.0,5.0,,1.0,,,,uniform,90,0.08999999999999998
rf,False,16665.97265625,Substructure,random,homosapiens_cyp17a1,83996090,0.42961002083015204,0.8547247421845021,0.7296333205583565,0.5899687866135075,54572816,0.45405807240105356,0.8342341566610599,0.6934037742084809,0.607771563664919,0.5721207796625267,0.5696484693998297,0.5481279981840528,0.5985858714036978,,,,,,,,,,None,log2,,1.0,2.0,1000.0,,,,True,,22.0,,True,,80,0.08999999999999998
hgb,False,2017.060546875,Substructure,random,homosapiens_cyp17a1,14566012,0.45580251230864327,0.8372207051252557,0.700402627434195,0.6210426862692232,9076759,0.47629327905680535,0.8170349300793603,0.6664449511452162,0.6339291664487415,0.5412270463128624,0.5464114309468358,0.5379293166256254,0.5393403913661262,,,,,True,,0.1,,0.01,50,,99999999.0,8.0,,,100.0,,,,,22.0,,True,,90,0.08999999999999998
svm,False,705.625,Substructure,random,homosapiens_cyp17a1,13251491,0.4241527377579132,0.8292332502282702,0.6869058797488351,0.6348774582486721,4977339,0.44228050326578094,0.7745012687481587,0.5978352780047844,0.696079686527216,0.5385209362296025,0.5173958388969947,0.5338407318814158,0.5643262379103969,1.0,,0.1,2.0,,1.0,,,,,,,,,,,,,,,,False,,,90,0.08999999999999998
dt,False,201.8935546875,Substructure,random,homosapiens_cyp17a1,2404917,0.4254103521122753,0.8451059399289956,0.7137865700663717,0.60701225003603,2426008,0.4451543650996206,0.826784017300726,0.6833837036410431,0.6176232075773767,0.5152510909529249,0.5366859849188552,0.5106370686430028,0.49843021929691667,,,,,,,,,,None,log2,,1.0,2.0,,,,,,,22.0,,,,80,0.08999999999999998
knn,False,585.21875,Substructure,random,homosapiens_cyp17a1,40543673,0.42138568320161723,0.8371704572700853,0.6992883736791887,0.6221964963264651,21099077,0.43365804884314885,0.8347533797167245,0.694935658446392,0.6062513206278076,0.5378513066320078,0.524694263762594,0.5431283813276278,0.5457312748058014,,ball_tree,,,,,,20.0,,,,,,,,,-1.0,9.0,,1.0,,,,distance,80,0.08999999999999998
rf,False,18765.8818359375,Substructure,stratified,homosapiens_cyp17a1,87392994,0.41866129639417365,0.857009859972528,0.7344446210333009,0.5695228333844792,56037296,0.4795888173979722,0.8558148417479278,0.7182911230750595,0.6368558142936988,0.5627104870156525,0.541673761316686,0.5860779706453361,0.5603797290849355,,,,,,,,,,30,log2,,1.0,2.0,1000.0,,,,True,,22.0,,True,,90,0.08999999999999998
hgb,False,2714.509765625,Substructure,stratified,homosapiens_cyp17a1,18635470,0.4224848519490191,0.8549610525373034,0.7308221265397359,0.5733941636334229,71474744,0.4891992615772371,0.8323325046410824,0.6847137383978057,0.6737416185523759,0.5595324961006042,0.5920544725908672,0.5610892611145384,0.5254537545964069,,,,,True,,0.1,,0.01,10,,1000.0,8.0,,,100.0,,,,,22.0,,True,,100,0.08999999999999998
svm,False,703.58203125,Substructure,stratified,homosapiens_cyp17a1,13102966,0.38849399992332523,0.850085762322291,0.7218417893227664,0.5828805063723022,5204137,0.4643625660517284,0.834976835322872,0.6745961646535088,0.6844664818751566,0.5173159970776163,0.523776391676819,0.5646325011596589,0.463539098396371,200.0,,0.1,4.0,,1.0,,,,,,,,,,,,,,,,False,,,90,0.08999999999999998
dt,False,200.7578125,Substructure,stratified,homosapiens_cyp17a1,2304941,0.4252666066543797,0.8316109099526156,0.6871074547179339,0.6182031266868139,2307486,0.4621154325390193,0.8541149133612141,0.7202903098851126,0.6345920222215501,0.5069324612595377,0.5060986635404023,0.5228818174021466,0.4918169028360643,,,,,,,,,,10,None,,1.0,2.0,,,,,,,22.0,,,,90,0.08999999999999998
knn,False,507.0400390625,Substructure,stratified,homosapiens_cyp17a1,38832669,0.3978042687890249,0.8562731458318328,0.7303221437656434,0.5739264402987538,22764801,0.4645717578474258,0.8142589663886841,0.6528106976026944,0.7070074979908956,0.5167951802777901,0.5321004123688859,0.5257615767581301,0.49252355170635453,,auto,,,,,,40.0,,,,,,,,,-1.0,9.0,,1.0,,,,distance,90,0.08999999999999998
rf,False,19835.0400390625,Substructure,strict,homosapiens_cyp17a1,83341978,0.4347475278955741,0.845463588556108,0.7084625847052861,0.5997795614508645,58899134,0.5187002613558546,0.8245308227075376,0.6426403960015643,0.6620002662339832,0.5254025125347122,0.49967555764623395,0.5668166310119775,0.5097153489459251,,,,,,,,,,20,sqrt,,1.0,4.0,1000.0,,,,True,,22.0,,True,,100,0.08999999999999998
hgb,False,2482.5732421875,Substructure,strict,homosapiens_cyp17a1,45291568,0.49201456430317464,0.7994949375240995,0.6369769695397041,0.6692857859518049,16076745,0.5557243887436557,0.8079537662507987,0.6235171094497458,0.6794821575471106,0.5020886901926979,0.4882668412843628,0.5088780269110459,0.509121202382685,,,,,True,,0.01,,0.01,None,,1000.0,16.0,,,100.0,,,,,22.0,,True,,100,0.08999999999999998
svm,False,700.18359375,Substructure,strict,homosapiens_cyp17a1,12758525,0.4810156493322737,0.7735130902396871,0.5976431293790656,0.7046123056668666,5597597,0.5310838822034003,0.7859178035213529,0.5739535222248036,0.7228262644755763,0.4878386162922482,0.4616339160991627,0.5219748296916806,0.47990710308590123,1.0,,0.5,3.0,,1.0,,,,,,,,,,,,,,,,False,,,80,0.08999999999999998
dt,False,200.0556640625,Substructure,strict,homosapiens_cyp17a1,2529307,0.5151811534176911,0.746997961298787,0.5574201124863511,0.7389930428486502,2411359,0.5474455644676061,0.7586689167459247,0.563681467696163,0.7314880991982314,0.47663037932612323,0.43366328168027757,0.49725614389075734,0.49897171240733484,,,,,,,,,,20,log2,,1.0,4.0,,,,,,,22.0,,,,80,0.08999999999999998
knn,False,631.2294921875,Substructure,strict,homosapiens_cyp17a1,29392824,0.49805058365758764,0.7971532450958494,0.6321021927363062,0.6737644810135708,20533557,0.5894437869822486,0.7371370342744946,0.523714711262266,0.7642562846578714,0.47999785365362574,0.44816871170889616,0.5184522451856213,0.47337260406635984,,kd_tree,,,,,,30.0,,,,,,,,,-1.0,5.0,,1.0,,,,uniform,100,0.08999999999999998
rf,False,41486.794921875,AtomPairs2DCount,random,sars-cov-2_pp1ab,177945159,0.2790787024661917,0.9363450480796925,0.8705906157695054,0.44422788711869504,65474738,0.3030474589084652,0.930403218456008,0.8597663079262924,0.4699126764647606,0.6520027037569781,0.6512916952710628,0.635436316535989,0.6692800994638823,,,,,,,,,,30,None,,1.0,4.0,500.0,,,,True,,22.0,,True,,90,0.08999999999999998
hgb,False,3813.875,AtomPairs2DCount,random,sars-cov-2_pp1ab,57589264,0.34496232593347986,0.9080759916919627,0.8234085383853009,0.5189288114405685,31693025,0.35943983667073726,0.9129867624596071,0.8305662629264774,0.5165244947740414,0.644945720582203,0.6476757855755089,0.6284540947370272,0.6587072814340729,,,,,True,,0.01,,0.01,10,,10000.0,32.0,,,100.0,,,,,22.0,,True,,100,0.08999999999999998
svm,False,1600.1015625,AtomPairs2DCount,random,sars-cov-2_pp1ab,254308095,0.3163745609113917,0.8972019658951702,0.8043755357283784,0.5461783939016917,66308470,0.34356481862442806,0.9031207698965922,0.8146718442330535,0.5402088299776528,0.629229727610194,0.6528251078104883,0.5906255957305009,0.6442384792895928,10.0,,0.0,4.0,,0.001,,,,,,,,,,,,,,,,False,,,50,0.15999999999999998
dt,False,239.783203125,AtomPairs2DCount,random,sars-cov-2_pp1ab,6076960,0.4918568204532956,0.8210226082569576,0.6716240293090189,0.7076338803480605,4579120,0.5140720875468422,0.8074363427649638,0.6475425510502755,0.7449795020865497,0.4587394937676512,0.42298685745413933,0.5132329631917203,0.43999866065709414,,,,,,,,,,20,log2,,4.0,3.0,,,,,,,22.0,,,,90,0.08999999999999998
knn,False,2478.0146484375,AtomPairs2DCount,random,sars-cov-2_pp1ab,97338651,0.4471066713437978,0.847465192856165,0.7162865741821085,0.6577530599866485,24687222,0.4674436094029491,0.8495221071456823,0.7190188293362807,0.6651653005530674,0.6064882777727681,0.596851843288228,0.6026719906268762,0.6199409994032005,,brute,,,,,,30.0,,,,,,,,,-1.0,5.0,,1.0,,,,uniform,80,0.08999999999999998
rf,False,43928.318359375,AtomPairs2DCount,stratified,sars-cov-2_pp1ab,175144953,0.3061593128312712,0.9344594549930694,0.865151833465985,0.4518910178380386,65131147,0.30408026849558006,0.9408211481996552,0.8737190988788314,0.45169263558430284,0.6465585584557444,0.6387806291559248,0.6271275266002102,0.6737675196110979,,,,,,,,,,None,sqrt,,1.0,4.0,500.0,,,,True,,22.0,,True,,100,0.08999999999999998
hgb,False,3736.412109375,AtomPairs2DCount,stratified,sars-cov-2_pp1ab,59749742,0.34113524985684,0.9114772537930321,0.8297583791724303,0.507743133345585,23289946,0.335452542607194,0.9236529455259948,0.8495098571170782,0.4930922775548413,0.6406898077317896,0.6246743603690593,0.632169452448418,0.6652256103778916,,,,,True,,0.1,,0.01,20,,99999999.0,32.0,,,100.0,,,,,22.0,,True,,80,0.08999999999999998
svm,False,1721.91015625,AtomPairs2DCount,stratified,sars-cov-2_pp1ab,222189938,0.31658833817435794,0.9030118805556074,0.814830851740523,0.5295360121458716,58273331,0.3082000878923546,0.9188475285471034,0.8435809341882531,0.502711728477819,0.6108250231576012,0.6153543835354742,0.5866062430577942,0.6305144428795353,10.0,,0.5,2.0,,0.001,,,,,,,,,,,,,,,,False,,,50,0.08999999999999998
dt,False,242.462890625,AtomPairs2DCount,stratified,sars-cov-2_pp1ab,5825440,0.48995895276431206,0.8280926541593584,0.6840916319820478,0.6916585518472607,4618764,0.482730227639642,0.8343050271948187,0.6940980052941854,0.7030161924672267,0.4759319834299804,0.4794207228364863,0.4236951422680484,0.5246800851854065,,,,,,,,,,30,log2,,4.0,4.0,,,,,,,22.0,,,,80,0.15999999999999998
knn,False,3058.2548828125,AtomPairs2DCount,stratified,sars-cov-2_pp1ab,147786024,0.48294238001591233,0.8342611683110843,0.6938468735631478,0.6808956120937483,62316593,0.4658952718950777,0.8366394955988499,0.6986469694053911,0.6977694569299857,0.5912762847498491,0.585418975046463,0.5950512258509795,0.5933586533521047,,kd_tree,,,,,,10.0,,,,,,,,,-1.0,7.0,,1.0,,,,uniform,90,0.15999999999999998
rf,False,43278.6923828125,AtomPairs2DCount,strict,sars-cov-2_pp1ab,237490416,0.33692730170100155,0.9315190214159969,0.855604621486977,0.47689118000213415,91806713,0.26143258691159854,0.9546592803933284,0.9029463084670953,0.3601088603196843,0.6286598567365823,0.6214581607124983,0.608972850882703,0.6555485586145455,,,,,,,,,,None,None,,2.0,8.0,1000.0,,,,True,,22.0,,True,,100,0.08999999999999998
hgb,False,3771.546875,AtomPairs2DCount,strict,sars-cov-2_pp1ab,90412557,0.32675145966577707,0.9286996296013359,0.8591684993262219,0.4709692440551651,20274061,0.2614180622329572,0.9474783424810279,0.894090300316846,0.3761799513766496,0.6292205423377352,0.633208568747904,0.6026425508649027,0.6518105074003988,,,,,True,,0.01,,0.01,50,,1000.0,16.0,,,100.0,,,,,22.0,,True,,80,0.08999999999999998
svm,False,2636.24609375,AtomPairs2DCount,strict,sars-cov-2_pp1ab,498798253,0.3013695290984396,0.9153578673561451,0.8377339760661616,0.5055410671610019,103347629,0.24101360285744847,0.9401408576628847,0.8822150661669325,0.39670954403281616,0.6016885748669109,0.5852017589586069,0.5679313845073382,0.6519325811347874,10.0,,0.0,3.0,,0.001,,,,,,,,,,,,,,,,False,,,90,0.08999999999999998
dt,False,248.5087890625,AtomPairs2DCount,strict,sars-cov-2_pp1ab,5781267,0.4856790151560701,0.835809112643362,0.6970008304746181,0.6908175507982205,4390513,0.3796052667363972,0.8885389789471971,0.7879358097368636,0.5323061048380656,0.44224494038065165,0.42316672817507317,0.4444275079223352,0.45914058504454647,,,,,,,,,,None,sqrt,,4.0,4.0,,,,,,,22.0,,,,90,0.15999999999999998
knn,False,2729.259765625,AtomPairs2DCount,strict,sars-cov-2_pp1ab,276883144,0.49646985213301914,0.8293406915519448,0.6856068522603733,0.7036864355570545,138351365,0.4310339158461119,0.8584873125812768,0.7351153290466582,0.5949167418007629,0.5828684534558014,0.5822031984882212,0.578434630907971,0.5879675309712122,,ball_tree,,,,,,30.0,,,,,,,,,-1.0,7.0,,1.0,,,,uniform,90,0.15999999999999998
rf,False,58027.49609375,AtomPairs2D,random,sars-cov-2_pp1ab,276562931,0.414445080449654,0.8857918528533241,0.7804416583340967,0.5786259464853867,107051436,0.43274711979032643,0.8811519688013514,0.7715915429937015,0.5997179760371006,0.5998525854898075,0.6075350690414338,0.577875141471605,0.6141475459563837,,,,,,,,,,30,None,,2.0,3.0,1000.0,,,,True,,22.0,,True,,90,0.08999999999999998
hgb,False,3280.0546875,AtomPairs2D,random,sars-cov-2_pp1ab,67538604,0.4437285608885675,0.8704180526006678,0.7556658065743298,0.6104007486454283,18342392,0.4651665703971574,0.867443803965571,0.7494012849572544,0.6281746356796113,0.5901300532669195,0.5904293252044597,0.5819891488201632,0.5979716857761357,,,,,True,,0.1,,0.01,10,,1000.0,8.0,,,100.0,,,,,22.0,,True,,100,0.08999999999999998
svm,False,1712.35546875,AtomPairs2D,random,sars-cov-2_pp1ab,231850096,0.4996108297696523,0.8112471399705695,0.6579264938995362,0.722241854845461,60357305,0.532584728290069,0.8021240723513775,0.6429317999581685,0.7498364774360251,0.5487942795384813,0.5446897511739501,0.5525031402854279,0.5491899471560657,100.0,,0.1,4.0,,0.005,,,,,,,,,,,,,,,,True,,,90,0.08999999999999998
dt,False,215.2314453125,AtomPairs2D,random,sars-cov-2_pp1ab,5180921,0.5365516672167345,0.8002542419848448,0.6393576324378731,0.7415856304344148,4217447,0.5526676437891479,0.8041270797352319,0.6438651518705285,0.7488558254818125,0.4534838557555283,0.46775560014876905,0.4088895490780129,0.48380641803980295,,,,,,,,,,10,None,,4.0,8.0,,,,,,,22.0,,,,80,0.08999999999999998
knn,False,1529.5576171875,AtomPairs2D,random,sars-cov-2_pp1ab,128130628,0.2934853581416103,0.9031524266827525,0.8154536359318444,0.5304881410965756,64029529,0.3077493272124535,0.898152718500026,0.8062494016954851,0.552347640060746,0.5365493393753203,0.5427863748786179,0.524676162097399,0.5421854811499442,,brute,,,,,,40.0,,,,,,,,,-1.0,9.0,,1.0,,,,distance,80,0.08999999999999998
rf,False,115106.9287109375,AtomPairs2D,stratified,sars-cov-2_pp1ab,349685495,0.36435117925201627,0.9064345996976806,0.8179685273399994,0.5250303721429519,129963452,0.3522216121609361,0.9240275896786346,0.8470947921297185,0.49703310098721193,0.5986161582475202,0.6138849798591308,0.5663858870770195,0.6155776078064105,,,,,,,,,,20,sqrt,,1.0,2.0,1000.0,,,,True,,22.0,,True,,90,0.08999999999999998
hgb,False,2897.2880859375,AtomPairs2D,stratified,sars-cov-2_pp1ab,155178539,0.48754097718277717,0.8449664579658955,0.7118776767546033,0.6605407877739218,16706015,0.46797490127724684,0.8667645602123829,0.7468360426589746,0.6395508958226028,0.5790683858888158,0.5802393473721484,0.5810662328152809,0.5758995774790183,,,,,True,,0.0,,0.01,10,,10000.0,8.0,,,100.0,,,,,22.0,,True,,80,0.08999999999999998
svm,False,1846.3046875,AtomPairs2D,stratified,sars-cov-2_pp1ab,279757916,0.4830343070619776,0.8248633666105948,0.680367800899361,0.6957231384940598,71606420,0.4722466399616658,0.836877776490413,0.6994105279538123,0.6968849034363767,0.5395310411869603,0.5238868544179813,0.5239838713903766,0.5707223977525229,100.0,,0.0,2.0,,0.005,,,,,,,,,,,,,,,,True,,,100,0.08999999999999998
dt,False,231.8955078125,AtomPairs2D,stratified,sars-cov-2_pp1ab,4840303,0.5151568398132428,0.8195497783414462,0.6706775469306301,0.7061904772096621,4334518,0.533940264580397,0.8058751285158784,0.6481107577044787,0.7540101094886548,0.4798555583593025,0.48041448284239174,0.4513894064709637,0.5077627857645519,,,,,,,,,,30,None,,4.0,2.0,,,,,,,22.0,,,,80,0.15999999999999998
knn,False,3038.818359375,AtomPairs2D,stratified,sars-cov-2_pp1ab,144202603,0.2713884968478157,0.9075783246242151,0.8225571828422922,0.5183706429284427,49716736,0.2683832263267947,0.9224754098813204,0.8507249755171975,0.49109752935453205,0.5468996357133423,0.5820825296983663,0.5146210010338226,0.5439953764078382,,kd_tree,,,,,,30.0,,,,,,,,,-1.0,7.0,,1.0,,,,distance,90,0.08999999999999998
rf,False,31231.703125,AtomPairs2D,strict,sars-cov-2_pp1ab,129954432,0.40578043008253506,0.89929573381533,0.8016434993435345,0.5589408648348817,49794761,0.3584893066036357,0.9134470639144843,0.8300865483874219,0.4764766896586293,0.5783499063775849,0.5593839980830444,0.5511816863136096,0.6244840347361007,,,,,,,,,,None,None,,2.0,2.0,500.0,,,,True,,22.0,,True,,100,0.08999999999999998
hgb,False,3748.8037109375,AtomPairs2D,strict,sars-cov-2_pp1ab,39466730,0.4666695397666591,0.8654493138646854,0.7452264858659825,0.6334608544899112,18950494,0.41383101788468557,0.8785980450130042,0.7712517534873331,0.5528491733071659,0.5666970625554374,0.5795155088330586,0.5497545025670776,0.5708211762661759,,,,,True,,0.01,,0.01,10,,1000.0,8.0,,,100.0,,,,,22.0,,True,,80,0.08999999999999998
svm,False,1765.75390625,AtomPairs2D,strict,sars-cov-2_pp1ab,250073321,0.4765837205596815,0.8295577093140689,0.6880019814993825,0.7010008772880891,53490315,0.4167443141653449,0.85649662259119,0.7333353334070715,0.5969122822553243,0.5245999847185795,0.4980014938703019,0.5164324925901884,0.559365967695248,200.0,,0.5,3.0,,0.005,,,,,,,,,,,,,,,,True,,,90,0.08999999999999998
dt,False,234.92578125,AtomPairs2D,strict,sars-cov-2_pp1ab,5673428,0.5044164552051501,0.8358657048880653,0.698081403094909,0.6895846344589515,4501355,0.4397382580569438,0.8586822112745912,0.7362448257672989,0.5936469922876578,0.44722113699530136,0.4245724244162814,0.4749835525489088,0.44210743402071395,,,,,,,,,,None,None,,4.0,3.0,,,,,,,22.0,,,,80,0.08999999999999998
knn,False,2816.841796875,AtomPairs2D,strict,sars-cov-2_pp1ab,134431811,0.27222712934644777,0.9178833984729535,0.8420339694695183,0.49879776185380414,41547775,0.21251872775020966,0.9424972681192074,0.8875239450903861,0.38766609112722566,0.512983959831569,0.49451366256382345,0.503481248561912,0.5409569683689712,,kd_tree,,,,,,50.0,,,,,,,,,-1.0,7.0,,1.0,,,,distance,80,0.08999999999999998
rf,False,64044.66796875,EState,random,sars-cov-2_pp1ab,242367211,0.49707423165406545,0.8399875792499275,0.7003151466043166,0.6765677864862235,102487766,0.5246897505210963,0.8369665554686059,0.6914933927282441,0.6947504542576127,0.5193361665267714,0.5077615110256534,0.5303923631864204,0.5198546253682406,,,,,,,,,,20,sqrt,,1.0,4.0,1000.0,,,,True,,22.0,,True,,100,0.08999999999999998
hgb,False,3733.73828125,EState,random,sars-cov-2_pp1ab,36860791,0.5573265057561727,0.8013812307987163,0.6400577165188579,0.741473019768085,17101294,0.5724684111953848,0.8015648307653852,0.6359933349704323,0.7546598977455686,0.4875007930834947,0.4594458062589245,0.5045509827566039,0.4985055902349558,,,,,True,,0.0,,0.01,10,,1000.0,8.0,,,100.0,,,,,22.0,,True,,100,0.08999999999999998
svm,False,911.4580078125,EState,random,sars-cov-2_pp1ab,147594496,0.4545291410027991,0.8293951362533203,0.6864089610753652,0.6920870787445624,37549952,0.4819769543034166,0.8316933284887053,0.6854514947257853,0.7015205820919244,0.49123332825435995,0.4844852660906058,0.4926821955768017,0.4965325230956722,1.0,,0.0,2.0,,1.0,,,,,,,,,,,,,,,,True,,,100,0.08999999999999998
dt,False,209.13671875,EState,random,sars-cov-2_pp1ab,1806573,0.5712307876349157,0.7750219033002285,0.5994205212919141,0.7822098267426641,1464799,0.5987739971403309,0.7707684813320185,0.5879271933264906,0.8029409035722727,0.39136108224349275,0.4323365241691832,0.38810375107611295,0.353642971485182,,,,,,,,,,10,None,,2.0,8.0,,,,,,,22.0,,,,100,0.08999999999999998
knn,False,800.33203125,EState,random,sars-cov-2_pp1ab,196488109,0.390017274542996,0.8575622934766641,0.7344680365992698,0.6368502482711024,53726806,0.4162571452931559,0.8529001745566235,0.7225145030004964,0.6588958151150597,0.46496946563335156,0.4282478495600651,0.4729350376971234,0.4937255096428662,,ball_tree,,,,,,10.0,,,,,,,,,-1.0,9.0,,1.0,,,,distance,100,0.08999999999999998
rf,False,6886.5,EState,stratified,sars-cov-2_pp1ab,25324787,0.5040142262681323,0.8347742333759639,0.6925047226433994,0.6788524315455836,10989218,0.5239489741975578,0.8502592599776883,0.7140442638450586,0.6936774811033675,0.5090414764368355,0.5046079448009804,0.4942547244932477,0.5282617600162782,,,,,,,,,,None,sqrt,,1.0,4.0,100.0,,,,True,,22.0,,True,,100,0.08999999999999998
hgb,False,3187.0654296875,EState,stratified,sars-cov-2_pp1ab,32194313,0.587162017158406,0.7747422111546699,0.5998306576620254,0.7744226733309605,14247713,0.6210495125790081,0.7874626969017267,0.6146538874586117,0.8052554649206867,0.47623793161735656,0.46268886784546026,0.45671657657905407,0.5093083504275554,,,,,True,,0.1,,0.01,10,,10000.0,16.0,,,100.0,,,,,22.0,,True,,100,0.08999999999999998
svm,False,912.2978515625,EState,stratified,sars-cov-2_pp1ab,148636883,0.45517708515352157,0.830797812777139,0.6889208740193118,0.6827969742516589,38125802,0.48087628299361296,0.8396883376722301,0.7014928381060692,0.7087377532461249,0.4668868528046734,0.4597914769109891,0.45811650806302884,0.4827525734400021,1.0,,0.0,2.0,,1.0,,,,,,,,,,,,,,,,True,,,100,0.08999999999999998
dt,False,203.79296875,EState,stratified,sars-cov-2_pp1ab,1869523,0.6267842890064493,0.741754026457837,0.5490628912159735,0.8220801103330785,1550063,0.6320104315606915,0.761080882428824,0.5781913633654878,0.8424922678230674,0.4045630667906299,0.44252658063466443,0.3478850342837717,0.42327758545345373,,,,,,,,,,10,None,,4.0,3.0,,,,,,,22.0,,,,90,0.08999999999999998
knn,False,840.1796875,EState,stratified,sars-cov-2_pp1ab,141748898,0.39830927823621065,0.8562083993928882,0.7314732369151318,0.6343806699662579,42997102,0.42151636140916354,0.8551575299046703,0.73052351613907,0.6733930438953396,0.4706000339631767,0.48645699133841214,0.4423470486347738,0.48299606191634403,,kd_tree,,,,,,10.0,,,,,,,,,-1.0,9.0,,1.0,,,,distance,100,0.08999999999999998
rf,False,64927.0498046875,EState,strict,sars-cov-2_pp1ab,221888652,0.513587211288074,0.8370926988351096,0.6939144317773047,0.6944969399057606,89715780,0.4591896882023662,0.8434623228520746,0.7113336608999481,0.6210489758471539,0.5132673538700668,0.47274479090041666,0.5132218364420569,0.5538354342677269,,,,,,,,,,None,sqrt,,1.0,4.0,1000.0,,,,True,,22.0,,True,,100,0.08999999999999998
hgb,False,3856.5146484375,EState,strict,sars-cov-2_pp1ab,43196445,0.6223981035193114,0.7612519215272447,0.5787312146508343,0.8147578436213453,17203408,0.5611944791673347,0.7804509952554196,0.6074057199930631,0.7242687741166004,0.4903364736799815,0.45979637100537296,0.49791479411254547,0.513298255922026,,,,,True,,0.1,,0.01,10,,10000.0,32.0,,,100.0,,,,,22.0,,True,,100,0.08999999999999998
svm,False,921.0322265625,EState,strict,sars-cov-2_pp1ab,160621224,0.47044951978838256,0.8241925232539913,0.677705259490168,0.712648735722905,33317522,0.41601674844400227,0.8466885174609657,0.7162367695719785,0.6157520090337198,0.4855116523626262,0.436012354962273,0.4890748282309435,0.5314477738946621,1.0,,0.0,2.0,,1.0,,,,,,,,,,,,,,,,True,,,100,0.08999999999999998
dt,False,213.0732421875,EState,strict,sars-cov-2_pp1ab,2007370,0.6334964836598077,0.7387270912274542,0.5446251355621583,0.8470975727174646,1417779,0.5466897243145461,0.7857422780795941,0.6117218440883896,0.7202765187368614,0.40540844710853463,0.34314722972416123,0.4220848374066374,0.4509932741948053,,,,,,,,,,None,None,,4.0,3.0,,,,,,,22.0,,,,90,0.08999999999999998
knn,False,789.22265625,EState,strict,sars-cov-2_pp1ab,80138541,0.41340672310708476,0.8481955950319917,0.7186792448015584,0.6658092080985244,27675348,0.3549502738461083,0.865382739738074,0.7467486262744548,0.5817061865211297,0.45652477341993375,0.430119334142397,0.45498099618307153,0.48447398993433266,,ball_tree,,,,,,30.0,,,,,,,,,-1.0,9.0,,1.0,,,,distance,100,0.08999999999999998
rf,False,109405.4267578125,CDKextended,random,sars-cov-2_pp1ab,438461794,0.298709169096044,0.9396857383389812,0.8706725429478468,0.4440872477842579,153339332,0.33988460681591,0.9249332936005383,0.8444997315527489,0.4948305999248794,0.634582606926464,0.6336760815385223,0.609526200913179,0.6605455383276906,,,,,,,,,,20,sqrt,,1.0,3.0,1000.0,,,,True,,22.0,,True,,100,0.15999999999999998
hgb,False,2257.6416015625,CDKextended,random,sars-cov-2_pp1ab,37434901,0.3615667243276905,0.9095854394294257,0.8233000804088773,0.5190881434071234,18675583,0.38597133992584326,0.9071943209023273,0.8181055842592604,0.5351809667782791,0.6569730567658695,0.6749687787801709,0.621118079845183,0.6748323116722544,,,,,True,,0.0,,0.01,None,,10000.0,32.0,,,100.0,,,,,22.0,,True,,90,0.15999999999999998
svm,False,9422.80859375,CDKextended,random,sars-cov-2_pp1ab,1483108632,0.2088262878099857,0.9480424692636861,0.8979966937480826,0.3943937805720719,397185686,0.24660500555327458,0.9318697341539536,0.868259399728464,0.455460580815509,0.6471297025224619,0.6684557851169786,0.6146038308454365,0.6583294916049708,10.0,,0.0,2.0,,0.005,,,,,,,,,,,,,,,,False,,,90,0.15999999999999998
dt,False,252.6376953125,CDKextended,random,sars-cov-2_pp1ab,13852139,0.4596250693916529,0.8440238861136737,0.7105722302686192,0.6643440232942766,7337115,0.4752750264307888,0.8270274944540433,0.6815642100269292,0.7081119334662336,0.42470670804042115,0.37396576638069323,0.44846993112989453,0.45168442661067565,,,,,,,,,,30,sqrt,,4.0,3.0,,,,,,,22.0,,,,90,0.08999999999999998
knn,False,19843.0537109375,CDKextended,random,sars-cov-2_pp1ab,421922597,0.44643815474392157,0.8508144363196268,0.7185376435504578,0.6551384560972542,146323916,0.47347555652916845,0.848085616185683,0.712915504715851,0.6723506756534502,0.6082221024888436,0.5942654417907178,0.5969408295947227,0.63346003608109,,kd_tree,,,,,,30.0,,,,,,,,,-1.0,5.0,,2.0,,,,uniform,80,0.15999999999999998
rf,False,43156.0126953125,CDKextended,stratified,sars-cov-2_pp1ab,205156964,0.32134143237168417,0.9337765209506649,0.8611731759340537,0.45850901634798347,78331173,0.3209993546097337,0.9423807672716806,0.872008516281974,0.45474162617364067,0.6258423904424965,0.6240472691584908,0.608839566738631,0.6446403354303676,,,,,,,,,,20,sqrt,,1.0,4.0,500.0,,,,True,,22.0,,True,,80,0.15999999999999998
hgb,False,3537.3173828125,CDKextended,stratified,sars-cov-2_pp1ab,68005871,0.3495799057837555,0.9125538303711793,0.8316575953188874,0.5049029978598574,32535894,0.35291553144021404,0.920673600814248,0.8441081604686681,0.5018637930009107,0.6354461303724757,0.6149594202967283,0.6208335891279011,0.6705453816927975,,,,,True,,0.0,,0.01,None,,99999999.0,64.0,,,100.0,,,,,22.0,,True,,80,0.15999999999999998
svm,False,8424.9609375,CDKextended,stratified,sars-cov-2_pp1ab,1411403706,0.21820674901644152,0.9463078690247932,0.8952117040390657,0.3983525256752253,355590455,0.21741387159287778,0.9519969779477293,0.9060964517137093,0.3895069177267049,0.6364253981225816,0.6446533816182678,0.6244100173579523,0.6402127953915246,10.0,,0.1,4.0,,0.005,,,,,,,,,,,,,,,,False,,,80,0.15999999999999998
dt,False,251.9189453125,CDKextended,stratified,sars-cov-2_pp1ab,13224458,0.473650408953304,0.8425570592231633,0.7074884483889783,0.6655530788419455,7268541,0.48635611161965897,0.8385073122243418,0.6995283054961465,0.6967483626717194,0.41148293777628125,0.41873099780780665,0.40762302274279416,0.4080947927782429,,,,,,,,,,30,sqrt,,4.0,8.0,,,,,,,22.0,,,,80,0.08999999999999998
knn,False,19504.94140625,CDKextended,stratified,sars-cov-2_pp1ab,371659864,0.450392296686145,0.8516100469438149,0.7189872358409606,0.6523403007171591,137201113,0.4354477506303901,0.8665085801464185,0.7457312423707376,0.6409448675978899,0.5845867798698154,0.6037348715429769,0.5919161053490383,0.5581093627174312,,ball_tree,,,,,,40.0,,,,,,,,,-1.0,5.0,,1.0,,,,uniform,80,0.15999999999999998
rf,False,57496.8017578125,CDKextended,strict,sars-cov-2_pp1ab,190758746,0.3002294847629216,0.9498982857814748,0.8865337770795161,0.42274253046646443,66321263,0.24532881319075855,0.9627811589306028,0.9165143181122402,0.3339902409147352,0.6263746416561468,0.6069255976386465,0.6219520405893765,0.6502462867404171,,,,,,,,,,30,sqrt,,1.0,3.0,500.0,,,,True,,22.0,,True,,90,0.15999999999999998
hgb,False,3792.4326171875,CDKextended,strict,sars-cov-2_pp1ab,56030253,0.30990384708739865,0.9306374409549477,0.8640095362852247,0.46280375172511246,21578369,0.2829587619955509,0.9402487530769208,0.8802529020179146,0.40000026250396103,0.6497810469150546,0.6239654768946805,0.6571755476996844,0.6682021161507987,,,,,True,,0.1,,0.01,None,,1000.0,32.0,,,100.0,,,,,22.0,,True,,100,0.15999999999999998
svm,False,10823.28125,CDKextended,strict,sars-cov-2_pp1ab,1753334564,0.20782791145396906,0.9540038259098568,0.9098889183588734,0.3767313353113503,358410534,0.1590200433798593,0.972684913434178,0.9448749325204321,0.27139531401981387,0.6485148612723592,0.6169681796363586,0.6664195760512175,0.6621568281295016,10.0,,0.0,2.0,,0.005,,,,,,,,,,,,,,,,False,,,100,0.15999999999999998
dt,False,254.14453125,CDKextended,strict,sars-cov-2_pp1ab,14096131,0.448049316447408,0.8639807703974944,0.7459430102110689,0.6325694555059234,6869895,0.41997351383668047,0.8624805209676678,0.7382499630703826,0.5913861556977759,0.40505930386808053,0.32234812001780533,0.4774699397250959,0.4153598518613403,,,,,,,,,,None,sqrt,,4.0,2.0,,,,,,,22.0,,,,100,0.08999999999999998
knn,False,11345.259765625,CDKextended,strict,sars-cov-2_pp1ab,298139732,0.4574320724299663,0.8547330544277492,0.7281203025178784,0.6543815296280658,91926871,0.40200661439708696,0.8764160966381194,0.7654979090734092,0.5597590674995663,0.5854638341447219,0.5333350199799624,0.58273575899632,0.6403207234578834,,brute,,,,,,30.0,,,,,,,,,-1.0,5.0,,1.0,,,,uniform,90,0.15999999999999998
rf,False,87283.99609375,CDK,random,sars-cov-2_pp1ab,419271707,0.31683670440301165,0.9343551726514534,0.8599527868894347,0.4621257503257029,153295852,0.35864621652270195,0.9223976474633089,0.8377934841864314,0.5053882313226581,0.6349465764564262,0.632189660205895,0.6043143401262114,0.6683357290371721,,,,,,,,,,None,sqrt,,1.0,4.0,1000.0,,,,True,,22.0,,True,,80,0.08999999999999998
hgb,False,2750.8310546875,CDK,random,sars-cov-2_pp1ab,49123814,0.3469257637259124,0.9121809029618958,0.8295146891501448,0.5098781673271077,21648515,0.38347872610488337,0.9052378932914222,0.8165967828235678,0.5373960271352002,0.6406004105431103,0.6483107701581996,0.6111579111889277,0.6623325502822037,,,,,True,,0.0,,0.01,50,,99999999.0,32.0,,,100.0,,,,,22.0,,True,,80,0.08999999999999998
svm,False,6966.28125,CDK,random,sars-cov-2_pp1ab,1012041106,0.33235160581442563,0.9062801685472623,0.8183080210300304,0.5263696143265274,250967797,0.3711452622033229,0.8904625987434874,0.7905410584345113,0.5743021325847165,0.6461218811361644,0.6529539383043182,0.6091050961215445,0.6763066089826304,1.0,,0.5,2.0,,0.01,,,,,,,,,,,,,,,,True,,,50,0.08999999999999998
dt,False,248.30859375,CDK,random,sars-cov-2_pp1ab,13053369,0.4659555732872499,0.8377300221687803,0.6997881425083472,0.6766075725155858,7137875,0.4875793638379118,0.8312342470296147,0.688988099655778,0.6998089300761043,0.4164365985601994,0.40773011794421277,0.45117461479642895,0.39040506293995625,,,,,,,,,,None,sqrt,,4.0,8.0,,,,,,,22.0,,,,80,0.08999999999999998
knn,False,11107.330078125,CDK,random,sars-cov-2_pp1ab,291219804,0.1368026728016962,0.9462918165758213,0.8944264115484553,0.40123663082841576,110631853,0.17250459939516333,0.939528201082098,0.8824786716037948,0.43017911580046814,0.6108057699019562,0.6128277163204345,0.6136822349368056,0.6059073584486285,,brute,,,,,,30.0,,,,,,,,,-1.0,7.0,,1.0,,,,distance,90,0.15999999999999998
rf,False,43864.4140625,CDK,stratified,sars-cov-2_pp1ab,219250940,0.3184190059907831,0.9344106492069516,0.8628568407089553,0.45572018076512466,82277033,0.3131910967035827,0.9451088578862384,0.878495187942967,0.4430685385653067,0.6253864142456976,0.6208540632372213,0.613672938276026,0.6416322412238458,,,,,,,,,,None,sqrt,,1.0,4.0,500.0,,,,True,,22.0,,True,,80,0.08999999999999998
hgb,False,3808.111328125,CDK,stratified,sars-cov-2_pp1ab,85333821,0.3453795765094246,0.9146169523817709,0.8353534545219001,0.4993298138424036,34205712,0.33649711419268935,0.9286078650267404,0.8580018407406769,0.4789779611598874,0.6332781162284818,0.6225065228035569,0.6373315355331493,0.6399962903487394,,,,,True,,0.1,,0.01,None,,10000.0,64.0,,,100.0,,,,,22.0,,True,,80,0.08999999999999998
svm,False,6868.6875,CDK,stratified,sars-cov-2_pp1ab,953379476,0.3400667289042826,0.9018656457009215,0.8118687640545071,0.5337546116624605,233915435,0.33284405674449985,0.9161530491962849,0.8355483119148188,0.5154580680088391,0.6336731291957406,0.6346425544991187,0.6217543194854065,0.6446225136026964,1.0,,0.0,2.0,,0.01,,,,,,,,,,,,,,,,False,,,50,0.08999999999999998
dt,False,240.1455078125,CDK,stratified,sars-cov-2_pp1ab,12871558,0.5609502790908759,0.7779573940385646,0.6025548996323927,0.7757999723310184,7106032,0.5137744655361824,0.834929221909122,0.6966567003738511,0.7000698544088433,0.42494368027826535,0.49659928179592516,0.37558427312346176,0.4026474859154091,,,,,,,,,,30,log2,,4.0,8.0,,,,,,,22.0,,,,80,0.08999999999999998
knn,False,9802.251953125,CDK,stratified,sars-cov-2_pp1ab,163923795,0.3931133791542268,0.8767687903545558,0.764285327227189,0.597454029730553,79457580,0.38735506986962925,0.8881525619845269,0.7853522860925868,0.5888942412713882,0.5900850401538755,0.5751360608648697,0.6420771546702675,0.5530419049264893,,brute,,,,,,50.0,,,,,,,,,-1.0,3.0,,2.0,,,,uniform,80,0.15999999999999998
rf,False,88762.5361328125,CDK,strict,sars-cov-2_pp1ab,342343465,0.3234057153735324,0.9437055502297088,0.8730694112774308,0.4471217441812528,124416216,0.26934658508157594,0.9567905567849094,0.9035201621094023,0.3590426661796359,0.6245842596048498,0.6038198963321992,0.6137814313206817,0.6561514511616684,,,,,,,,,,20,sqrt,,1.0,4.0,1000.0,,,,True,,22.0,,True,,80,0.08999999999999998
hgb,False,6111.4619140625,CDK,strict,sars-cov-2_pp1ab,102100962,0.266995888456707,0.9405425980260625,0.8835427150033378,0.42827820529698246,33693933,0.24107827342482102,0.9514818988754686,0.9030385120144064,0.3599377632518258,0.6336420818843896,0.6056820633973412,0.6142921867161898,0.6809519955396381,,,,,True,,0.0,,0.01,None,,10000.0,32.0,,,100.0,,,,,22.0,,True,,80,0.08999999999999998
svm,False,7103.86328125,CDK,strict,sars-cov-2_pp1ab,979401363,0.24483556076734025,0.9391569541717897,0.8820112307146981,0.431085067187711,201474642,0.19107495832766747,0.9631373402351578,0.9253347194777499,0.31585454331368257,0.6482320976442044,0.6053182619499436,0.661827552174902,0.6775504788077676,10.0,,0.0,4.0,,0.005,,,,,,,,,,,,,,,,False,,,50,0.08999999999999998
dt,False,247.68359375,CDK,strict,sars-cov-2_pp1ab,11912432,0.47222931665527623,0.8531356038278125,0.7272711144351081,0.6554026793601424,6378809,0.3946706333263844,0.8632445838510047,0.7432915014582498,0.5856631526482609,0.41896149259556276,0.4059910158465292,0.3896807296961865,0.46121273224397263,,,,,,,,,,None,sqrt,,4.0,4.0,,,,,,,22.0,,,,80,0.15999999999999998
knn,False,12731.728515625,CDK,strict,sars-cov-2_pp1ab,176430872,0.45893013236482477,0.8555406015258061,0.7290154058731927,0.6533034388265297,96815190,0.3996034053282224,0.8831394281961646,0.7780016183950761,0.5446314069001476,0.587486846620262,0.5291522535269256,0.5923694445632459,0.6409388417706146,,brute,,,,,,20.0,,,,,,,,,-1.0,5.0,,2.0,,,,uniform,80,0.08999999999999998
rf,False,44531.3642578125,CDKgraphonly,random,sars-cov-2_pp1ab,213138564,0.3447403234560567,0.9227290582144113,0.8417702249309296,0.49120981797127206,80907363,0.3618869970542597,0.9217018309044311,0.83635908441839,0.5076178987335668,0.636009507576408,0.6500606000187019,0.6076924226678945,0.6502755000426276,,,,,,,,,,30,sqrt,,1.0,4.0,500.0,,,,True,,22.0,,True,,80,0.08999999999999998
hgb,False,2240.2744140625,CDKgraphonly,random,sars-cov-2_pp1ab,227456696,0.4171615983658305,0.8843392587114186,0.7785218993240968,0.5811501155533504,14893730,0.4348329915485042,0.8819830208161309,0.7724438697991183,0.5985979792972675,0.6431527008038561,0.6555543846253927,0.6191695835028079,0.6547341342833679,,,,,True,,0.01,,0.01,10,,1000.0,16.0,,,100.0,,,,,22.0,,True,,80,0.15999999999999998
svm,False,3530.0556640625,CDKgraphonly,random,sars-cov-2_pp1ab,560972485,0.2999839134874425,0.9140823071859798,0.8345686398613372,0.5022637715238734,147070389,0.306145726141767,0.9186412843671877,0.8432250978422683,0.4968545209234182,0.6271323294813252,0.6406285088560227,0.5985402715368422,0.6422282080511107,10.0,,0.0,3.0,,0.01,,,,,,,,,,,,,,,,True,,,80,0.15999999999999998
dt,False,282.9560546875,CDKgraphonly,random,sars-cov-2_pp1ab,7968997,0.41612029984165033,0.8665188756373857,0.7486414632945806,0.6191127571402288,5962949,0.41444613240309175,0.8674305102352755,0.7502686764936669,0.6270865501532681,0.44543512366834254,0.4594926118527175,0.42775116212085595,0.4490615970314542,,,,,,,,,,20,sqrt,,2.0,3.0,,,,,,,22.0,,,,90,0.15999999999999998
knn,False,6595.166015625,CDKgraphonly,random,sars-cov-2_pp1ab,222592964,0.1636051724259089,0.9389930751305099,0.8806398078167115,0.42663127391846145,80723235,0.19289754658856126,0.9328620515140976,0.8701295003174895,0.45221632093094166,0.5990562506804866,0.6194321968099485,0.5707307191881844,0.607005836043327,,brute,,,,,,40.0,,,,,,,,,-1.0,9.0,,1.0,,,,distance,80,0.08999999999999998
rf,False,85356.7548828125,CDKgraphonly,stratified,sars-cov-2_pp1ab,425272927,0.34481404120542064,0.9242251143934722,0.8453028766631631,0.4840077380780281,154385311,0.3414471211566844,0.9338674832849478,0.8594712239752396,0.47649330787115796,0.614827705134919,0.5974520594462345,0.6110652249773069,0.6359658309812157,,,,,,,,,,20,sqrt,,1.0,4.0,1000.0,,,,True,,22.0,,True,,90,0.08999999999999998
hgb,False,3732.8466796875,CDKgraphonly,stratified,sars-cov-2_pp1ab,167526068,0.36373102902591253,0.904556889337445,0.8172240316477697,0.5261029448941199,28924494,0.35451709725499064,0.9210797342888927,0.8437679957712637,0.5024110420394595,0.6096028498179593,0.5898463208330668,0.6165732939762563,0.6223889346445551,,,,,True,,0.01,,0.01,10,,1000.0,32.0,,,100.0,,,,,22.0,,True,,100,0.08999999999999998
svm,False,3897.8671875,CDKgraphonly,stratified,sars-cov-2_pp1ab,585219644,0.30215984001630836,0.9141577479440521,0.835240570371935,0.4995009585309181,151952144,0.2944061174116296,0.9182961315661481,0.8426624517627639,0.5041855131896801,0.6218300748666917,0.6248152262295678,0.6204312224088587,0.6202437759616488,10.0,,0.1,4.0,,0.01,,,,,,,,,,,,,,,,False,,,50,0.08999999999999998
dt,False,242.5751953125,CDKgraphonly,stratified,sars-cov-2_pp1ab,9226588,0.5122404167115637,0.8154827604579793,0.6635393480093335,0.7138029313616184,6099525,0.5050934036396196,0.8394654425607339,0.7040423053168559,0.6914949162742372,0.4346406247629236,0.4941543700321275,0.44032544306843957,0.3694420611882038,,,,,,,,,,20,sqrt,,4.0,4.0,,,,,,,22.0,,,,80,0.08999999999999998
knn,False,7648.1484375,CDKgraphonly,stratified,sars-cov-2_pp1ab,207693338,0.47368915436551345,0.8386211079233983,0.70057850425672,0.6733683100138683,88885449,0.4708558099473486,0.8481499328356812,0.7186254621343363,0.6742431937207691,0.5669373996299245,0.5452194127588269,0.5741635224649491,0.5814292636659975,,ball_tree,,,,,,10.0,,,,,,,,,-1.0,5.0,,1.0,,,,uniform,80,0.15999999999999998
rf,False,44475.1376953125,CDKgraphonly,strict,sars-cov-2_pp1ab,174910225,0.34935956716729827,0.9331322699298803,0.8562110884111056,0.4758886442827906,61058001,0.28481877864601796,0.9517155802613163,0.8965702937097948,0.37174952596641414,0.6235763330480535,0.600014497979687,0.6221417253648746,0.648572775799599,,,,,,,,,,20,sqrt,,1.0,4.0,500.0,,,,True,,22.0,,True,,90,0.08999999999999998
hgb,False,2966.919921875,CDKgraphonly,strict,sars-cov-2_pp1ab,71195872,0.3962035016091174,0.9018628760016564,0.8098137512210981,0.5473085085707734,18835403,0.3462802625512465,0.9220971413965894,0.8455314229260754,0.4543053494582561,0.6323394867351692,0.6148353699442974,0.6237750978170662,0.6584079924441437,,,,,True,,0.01,,0.01,None,,10000.0,32.0,,,100.0,,,,,22.0,,True,,100,0.08999999999999998
svm,False,6799.765625,CDKgraphonly,strict,sars-cov-2_pp1ab,1305963347,0.3006620578643819,0.9189790211524203,0.8442950591631825,0.4952150565004686,265166342,0.23926589491581457,0.9507060469311801,0.9020579810920404,0.3617531352047588,0.6298459877040749,0.6080908309717162,0.6283465270550851,0.6531006050854231,10.0,,0.5,3.0,,0.005,,,,,,,,,,,,,,,,False,,,90,0.08999999999999998
dt,False,255.3642578125,CDKgraphonly,strict,sars-cov-2_pp1ab,9701606,0.3843803778089399,0.8948880334478877,0.8003131576525382,0.5608120909549612,6025056,0.316516070433324,0.9200014803757215,0.8460393057364344,0.4535578710583898,0.4416807320771901,0.4144156334086281,0.447328718363603,0.4632978444593392,,,,,,,,,,20,None,,4.0,4.0,,,,,,,22.0,,,,90,0.08999999999999998
knn,False,7783.90625,CDKgraphonly,strict,sars-cov-2_pp1ab,248204629,0.4104140925853231,0.8820729492707783,0.7768916588385109,0.5927895610384353,77844317,0.3452798295081241,0.9078743144470648,0.8237985267752364,0.4852131309340605,0.573142006207067,0.5318618156007768,0.5667491309263006,0.6208150720941233,,ball_tree,,,,,,20.0,,,,,,,,,-1.0,3.0,,2.0,,,,uniform,80,0.15999999999999998
rf,False,44837.64453125,KlekotaRothCount,random,sars-cov-2_pp1ab,208410365,0.32588827119891683,0.9331582252746858,0.8602876170777024,0.4619514866386591,86064875,0.33176851819379216,0.9312913356742939,0.8579058000273048,0.47150334719205006,0.6191933120326869,0.6041204898693021,0.6300672293788268,0.6233922168499318,,,,,,,,,,30,sqrt,,1.0,4.0,500.0,,,,True,,22.0,,True,,100,0.08999999999999998
hgb,False,3846.546875,KlekotaRothCount,random,sars-cov-2_pp1ab,65471449,0.3594235739596145,0.9123695745966915,0.8292009202618402,0.5107656498389517,36010978,0.35550084902764456,0.9193685204552899,0.8392634798526907,0.5014803097904743,0.6149643267646147,0.5776775111253538,0.6242490800180152,0.6429663891504752,,,,,True,,0.01,,0.01,20,,1000.0,8.0,,,100.0,,,,,22.0,,True,,90,0.15999999999999998
svm,False,3717.20703125,KlekotaRothCount,random,sars-cov-2_pp1ab,703559836,0.3250488616125605,0.9084817567798585,0.8250683413063571,0.5169078482451036,192387940,0.3216819068693474,0.9171016797105782,0.8384272360656938,0.5027831119462577,0.5733905972743442,0.5618162121669921,0.5772677866321283,0.5810877930239123,10.0,,0.1,4.0,,0.005,,,,,,,,,,,,,,,,False,,,90,0.08999999999999998
dt,False,325.3994140625,KlekotaRothCount,random,sars-cov-2_pp1ab,21278522,0.40033029110568996,0.880947877082021,0.7753656943447182,0.5857562886010371,19369143,0.38027244450451103,0.8950672287340669,0.8006088892738294,0.5585338527745315,0.48634136282902823,0.4876428673897143,0.46111974702489356,0.5102614740724769,,,,,,,,,,30,None,,4.0,4.0,,,,,,,22.0,,,,80,0.08999999999999998
knn,False,3711.1787109375,KlekotaRothCount,random,sars-cov-2_pp1ab,164260840,0.512036401816571,0.8204538208890246,0.672575325375348,0.7071875744961564,65144136,0.49111296287860107,0.8436669890999999,0.7056424414300817,0.6786317910165475,0.5520885318163651,0.5112999526918224,0.5809231462485867,0.5640424965086863,,auto,,,,,,40.0,,,,,,,,,-1.0,7.0,,1.0,,,,uniform,80,0.08999999999999998
rf,False,74283.548828125,KlekotaRothCount,stratified,sars-cov-2_pp1ab,376667292,0.2970047159270094,0.9358240300242552,0.8719089401238331,0.43814268210839397,140905725,0.31908155921114556,0.9318033608819966,0.8601840911965298,0.48504997306593756,0.6525311278568675,0.6585017632835004,0.6487161133761978,0.6503755069109043,,,,,,,,,,20,None,,1.0,4.0,1000.0,,,,True,,22.0,,True,,100,0.08999999999999998
hgb,False,5086.2314453125,KlekotaRothCount,stratified,sars-cov-2_pp1ab,252370104,0.3596578981453875,0.9038191689563168,0.816327748651838,0.5246599669467459,48542469,0.37045928502751896,0.9103402735873755,0.8241021692710625,0.544049520152882,0.6412035668718467,0.6479136045857796,0.6322412308571599,0.6434558651726006,,,,,True,,0.01,,0.01,None,,10000.0,32.0,,,100.0,,,,,22.0,,True,,100,0.08999999999999998
svm,False,4170.6005859375,KlekotaRothCount,stratified,sars-cov-2_pp1ab,793197749,0.32478323117329844,0.9043575232622285,0.8177907104426618,0.522566313691296,203797029,0.33557366351745094,0.9042745950532525,0.8171244152242649,0.5547356207736522,0.6052786018350705,0.6183258556481961,0.601689834933386,0.5958201149236296,10.0,,0.0,2.0,,0.005,,,,,,,,,,,,,,,,False,,,100,0.08999999999999998
dt,False,325.296875,KlekotaRothCount,stratified,sars-cov-2_pp1ab,22757007,0.38618987379215153,0.8831528228576399,0.7784177396021996,0.5762668629212122,20139477,0.4049242384090622,0.8742815819059604,0.7636835538040206,0.6306017379051064,0.4862381869886115,0.46808980466504035,0.47093463053802664,0.5196901257627675,,,,,,,,,,None,None,,4.0,4.0,,,,,,,22.0,,,,80,0.08999999999999998
knn,False,3771.2177734375,KlekotaRothCount,stratified,sars-cov-2_pp1ab,244755653,0.1728470523172683,0.9448876069076839,0.8922141363841657,0.4019176290343013,60233924,0.2041822318244916,0.932414958411429,0.8689199856621815,0.4696522744938481,0.5792961233452038,0.583457154481217,0.5844349472889069,0.5699962682654871,,auto,,,,,,20.0,,,,,,,,,-1.0,9.0,,1.0,,,,distance,80,0.08999999999999998
rf,False,40427.61328125,KlekotaRothCount,strict,sars-cov-2_pp1ab,164978413,0.2996739241011766,0.9429243361976102,0.8824113152419782,0.4304588847970066,69918686,0.23471444715930787,0.9577915782740445,0.9132898287142919,0.34037903270063025,0.6392688079379272,0.6241898980334102,0.6239477717753279,0.6696687540050434,,,,,,,,,,20,None,,1.0,4.0,500.0,,,,True,,22.0,,True,,100,0.15999999999999998
hgb,False,3849.1640625,KlekotaRothCount,strict,sars-cov-2_pp1ab,105298758,0.3607811545355489,0.9165369908705437,0.836934279942425,0.5069092848593847,35956287,0.3002448673608456,0.9324766409972901,0.8664740652377331,0.42238704662230364,0.6276563224280478,0.6203911708037859,0.5885586603630135,0.674019136117344,,,,,True,,0.1,,0.01,20,,1000.0,8.0,,,100.0,,,,,22.0,,True,,100,0.15999999999999998
svm,False,3982.5390625,KlekotaRothCount,strict,sars-cov-2_pp1ab,730960615,0.27742114526280665,0.9310683305644148,0.8664826106944848,0.45868847245146,161694998,0.2058882798350172,0.9565746829255428,0.9128795567563286,0.3411833395804032,0.5827559723055074,0.5763013914026913,0.5653512540393197,0.606615271474511,10.0,,0.0,2.0,,0.01,,,,,,,,,,,,,,,,True,,,90,0.08999999999999998
dt,False,325.8271484375,KlekotaRothCount,strict,sars-cov-2_pp1ab,21257794,0.3928494226870102,0.8941748621430166,0.798775648388244,0.5631047336284405,19531361,0.3576103954928187,0.8936990201238479,0.7986018650493101,0.5187468826943815,0.47209870586278546,0.43203972354307163,0.46805324210980936,0.5162031519354755,,,,,,,,,,30,None,,4.0,4.0,,,,,,,22.0,,,,90,0.15999999999999998
knn,False,4382.2314453125,KlekotaRothCount,strict,sars-cov-2_pp1ab,171339579,0.48293034962846926,0.8428014191372827,0.7101570191560956,0.6758188540173318,72450715,0.40676960970526227,0.8677395272814371,0.7528894957470169,0.5746102664234036,0.5777462891506765,0.5382172122531249,0.5591124716837013,0.6359091835152032,,kd_tree,,,,,,20.0,,,,,,,,,-1.0,5.0,,1.0,,,,uniform,80,0.08999999999999998
rf,False,40516.3671875,KlekotaRoth,random,sars-cov-2_pp1ab,191320534,0.3037091923529824,0.9361723529723491,0.8698536530106126,0.44585630281483984,76911564,0.3182424381840741,0.9288717768630983,0.8571307861102125,0.47278744160700115,0.6180402365182145,0.5873381888210145,0.6279780435200368,0.6388044772135921,,,,,,,,,,20,None,,1.0,4.0,500.0,,,,True,,22.0,,True,,100,0.08999999999999998
hgb,False,3341.9482421875,KlekotaRoth,random,sars-cov-2_pp1ab,61837598,0.40023288781694455,0.89711987726674,0.8009330145838366,0.5514149530403245,37702536,0.4062305960639172,0.8940758134033734,0.7945170502275893,0.5670018818659329,0.6131544195248811,0.5638094707041823,0.628347732277345,0.6473060555931163,,,,,True,,0.0,,0.01,50,,10000.0,8.0,,,100.0,,,,,22.0,,True,,90,0.08999999999999998
svm,False,3000.763671875,KlekotaRoth,random,sars-cov-2_pp1ab,505817866,0.3960285120058856,0.8773935641354337,0.7692286230775498,0.5937038835389354,143488338,0.39357345521672504,0.8821451959606791,0.7748110523737383,0.5935675362274715,0.5793155213581264,0.5410546689468305,0.6017147631722131,0.5951771319553354,10.0,,0.0,2.0,,0.01,,,,,,,,,,,,,,,,True,,,100,0.08999999999999998
dt,False,293.8076171875,KlekotaRoth,random,sars-cov-2_pp1ab,20659471,0.47096864617349854,0.8398613113066542,0.7048181302192167,0.6714655855149642,19075561,0.48433828126451733,0.8290784500073541,0.6864492291799205,0.7004071017171197,0.4746813608393306,0.4091908149677075,0.49324607651404795,0.5216071910362363,,,,,,,,,,10,None,,1.0,8.0,,,,,,,22.0,,,,80,0.08999999999999998
knn,False,2925.7431640625,KlekotaRoth,random,sars-cov-2_pp1ab,129326942,0.4723631470675169,0.8412366989980348,0.707104787810739,0.6688597394802579,47797837,0.45861007305948104,0.8529488028871743,0.7235063607221492,0.6577171662156741,0.5673897219184423,0.5042331747553689,0.613032900651684,0.5849030903482739,,brute,,,,,,40.0,,,,,,,,,-1.0,5.0,,1.0,,,,uniform,90,0.08999999999999998
rf,False,81934.4716796875,KlekotaRoth,stratified,sars-cov-2_pp1ab,361099750,0.3085258206125418,0.9298057427982888,0.8611857474788189,0.4561137685205788,138180403,0.32360353665474073,0.9273717456387922,0.8519804630478676,0.49907717769926246,0.6460426402195516,0.6589553672980294,0.6489346366331841,0.6302379167274412,,,,,,,,,,None,None,,1.0,4.0,1000.0,,,,True,,22.0,,True,,100,0.08999999999999998
hgb,False,4769.29296875,KlekotaRoth,stratified,sars-cov-2_pp1ab,308320339,0.3947398396808808,0.8919801395516934,0.7950020665899203,0.5542821518745935,41541588,0.41294561166087396,0.8958247675541189,0.7970932291724914,0.5843276798165722,0.6284252664791987,0.6191717673911645,0.6473400474591031,0.6187639845873286,,,,,True,,0.1,,0.01,None,,10000.0,32.0,,,100.0,,,,,22.0,,True,,100,0.08999999999999998
svm,False,3027.236328125,KlekotaRoth,stratified,sars-cov-2_pp1ab,531344168,0.3888272103427221,0.8777241273863141,0.7702786666468155,0.5867550242536805,145961974,0.41186547649659294,0.8791466257640319,0.7691059062351913,0.623325080465924,0.6039724859190359,0.6136499130667278,0.6145747140412505,0.5836928306491291,10.0,,0.0,2.0,,0.01,,,,,,,,,,,,,,,,True,,,100,0.08999999999999998
dt,False,319.486328125,KlekotaRoth,stratified,sars-cov-2_pp1ab,21093250,0.4417651581001912,0.8513342831797547,0.7214461996721562,0.6461162991629908,20168401,0.4757037605430066,0.8402999611538505,0.7052055008196059,0.7043165240214663,0.5067608058001024,0.49509366498403606,0.5192426238553423,0.5059461285609287,,,,,,,,,,None,None,,2.0,8.0,,,,,,,22.0,,,,80,0.15999999999999998
knn,False,3643.7255859375,KlekotaRoth,stratified,sars-cov-2_pp1ab,198462022,0.2050931423423253,0.9352716213214093,0.8735029057285114,0.4354080234025937,100700111,0.21778747393411463,0.9291553227435806,0.863126427241647,0.47991905264975354,0.5799069147827135,0.5607491086891789,0.6007654099083273,0.5782062257506344,,kd_tree,,,,,,10.0,,,,,,,,,-1.0,7.0,,1.0,,,,distance,90,0.08999999999999998
rf,False,7003.85546875,KlekotaRoth,strict,sars-cov-2_pp1ab,47674076,0.36395760558016094,0.9170103760708096,0.8337406135502261,0.5118491619705015,28789152,0.3134218855471729,0.9277854922961919,0.8564280852702788,0.43798831465848675,0.6414386248012462,0.6307102659452033,0.6240861768964452,0.6695194315620903,,,,,,,,,,30,None,,2.0,2.0,100.0,,,,True,,22.0,,True,,90,0.08999999999999998
hgb,False,3646.9384765625,KlekotaRoth,strict,sars-cov-2_pp1ab,53688526,0.401576398124228,0.8994476291388358,0.804825468299518,0.5545752489439413,34310273,0.33852052158704576,0.9183764952400487,0.8398759637652573,0.4625471848463556,0.6321179556040997,0.6344384880356331,0.6140292337011259,0.64788614507554,,,,,True,,0.1,,0.01,None,,10000.0,8.0,,,100.0,,,,,22.0,,True,,90,0.08999999999999998
svm,False,2637.076171875,KlekotaRoth,strict,sars-cov-2_pp1ab,517039532,0.39564728275541516,0.8799969082947628,0.7743255197800977,0.5963347742859122,119343648,0.33341344100344195,0.8925508081701171,0.7961202281321793,0.5219331088014777,0.5933320045204659,0.56184149932516,0.5752678746950284,0.6428866395412092,100.0,,0.5,4.0,,0.005,,,,,,,,,,,,,,,,True,,,80,0.08999999999999998
dt,False,294.1044921875,KlekotaRoth,strict,sars-cov-2_pp1ab,20687715,0.4917590711046662,0.8376436151745822,0.7011134007700814,0.6862812468542704,19239793,0.42107435390597964,0.8618069194315172,0.7422570603731353,0.5868419701298572,0.4759062156607694,0.4550575095878845,0.4577229620179434,0.5149381753764805,,,,,,,,,,10,None,,4.0,2.0,,,,,,,22.0,,,,100,0.08999999999999998
knn,False,2933.68359375,KlekotaRoth,strict,sars-cov-2_pp1ab,199430972,0.22833107601642702,0.9300686486596736,0.8641057375707168,0.4627532422048227,67241074,0.17617758162624883,0.9504253913727169,0.9016226019278903,0.36255628963687114,0.5828548962184527,0.556411148255272,0.5791000760845704,0.6130534643155158,,ball_tree,,,,,,30.0,,,,,,,,,-1.0,5.0,,1.0,,,,distance,80,0.08999999999999998
rf,False,88366.7197265625,MACCS,random,sars-cov-2_pp1ab,366101157,0.35668716150973573,0.9216977548677733,0.8374646053214869,0.4982564095631169,129485689,0.38288429409068814,0.9138655804507961,0.8233395213903967,0.5257342923397689,0.614464658441133,0.6085452187759005,0.6075840399636283,0.6272647165838701,,,,,,,,,,None,sqrt,,1.0,4.0,1000.0,,,,True,,22.0,,True,,100,0.08999999999999998
hgb,False,3740.0888671875,MACCS,random,sars-cov-2_pp1ab,46804064,0.40743717059989965,0.8926638743464304,0.79412969891407,0.5607583754773575,22330596,0.4315503588513874,0.8847617772766176,0.7790810493626934,0.5879130364275907,0.6113899050900747,0.6011230685543956,0.6044393252442211,0.6286073214716075,,,,,True,,0.0,,0.01,10,,1000.0,32.0,,,100.0,,,,,22.0,,True,,100,0.08999999999999998
svm,False,1992.8740234375,MACCS,random,sars-cov-2_pp1ab,309456538,0.35832160821565523,0.8907740810672083,0.7933536132584001,0.5618143489512659,79059474,0.3699908503202162,0.8894507912865294,0.7908835365069695,0.5719930044827688,0.5834393347095256,0.5803194114248673,0.5806825869298426,0.5893160057738667,100.0,,0.0,2.0,,0.005,,,,,,,,,,,,,,,,True,,,100,0.08999999999999998
dt,False,211.6416015625,MACCS,random,sars-cov-2_pp1ab,3209156,0.5735124986457855,0.7766867731657808,0.6023206688004413,0.7793731302912946,2295131,0.5343573118943932,0.8064597882906385,0.6488994515718224,0.7411606584379078,0.42764263999362956,0.3795594217818292,0.4143644856324784,0.4890040125665811,,,,,,,,,,10,sqrt,,4.0,4.0,,,,,,,22.0,,,,90,0.08999999999999998
knn,False,1849.357421875,MACCS,random,sars-cov-2_pp1ab,21692003,0.4705436355485547,0.8420138259877006,0.7074067430064068,0.6685148759502385,26660171,0.4795086711646287,0.8531546375994075,0.7238579248565638,0.6572988865831302,0.5606021258788091,0.5281689400672238,0.5268566368851454,0.6267808006840583,,auto,,,,,,30.0,,,,,,,,,-1.0,5.0,,2.0,,,,uniform,90,0.08999999999999998
rf,False,110518.1103515625,MACCS,stratified,sars-cov-2_pp1ab,384884442,0.3308696136854017,0.926088967333527,0.8510837569286523,0.47241881773654937,132624113,0.34458362179063,0.9362928857045025,0.8605332822220172,0.48444388687359535,0.6310934261550628,0.6241442715718559,0.6422468421761169,0.6268891647172158,,,,,,,,,,None,sqrt,,1.0,3.0,1000.0,,,,True,,22.0,,True,,100,0.08999999999999998
hgb,False,2211.6748046875,MACCS,stratified,sars-cov-2_pp1ab,29049403,0.42525080063252396,0.8838033151055998,0.7770006465391854,0.5781066362968628,15136687,0.45762885984989,0.8831230767758883,0.7675447303170604,0.6254288170837785,0.6256116478305369,0.6273078921740802,0.6192318420233112,0.6302952092942193,,,,,True,,0.01,,0.01,50,,1000.0,8.0,,,100.0,,,,,22.0,,True,,90,0.08999999999999998
svm,False,2002.8583984375,MACCS,stratified,sars-cov-2_pp1ab,321437857,0.42986753661841054,0.8559551727330239,0.7326197037266374,0.6330249869616112,79858825,0.44401073060599605,0.8691122809235917,0.7501914007535505,0.6483535332543918,0.5741806644297207,0.5914424306758712,0.5702793172095554,0.5608202454037357,10.0,,0.0,2.0,,0.01,,,,,,,,,,,,,,,,False,,,100,0.08999999999999998
dt,False,229.5771484375,MACCS,stratified,sars-cov-2_pp1ab,3118406,0.46449277244398957,0.8396551349235053,0.7023787020156306,0.6678641873618704,2305676,0.46475547739853046,0.8611309060951612,0.7414201970759476,0.659637732132883,0.4567797372036792,0.4438593154171233,0.47791048781533174,0.4485694083785826,,,,,,,,,,None,None,,4.0,2.0,,,,,,,22.0,,,,80,0.15999999999999998
knn,False,1849.357421875,MACCS,stratified,sars-cov-2_pp1ab,71506539,0.192265855830141,0.9376942194612701,0.8785559941982514,0.4266229307375442,17344287,0.19960999229219403,0.9424540972848395,0.8879719393294578,0.4341817840166655,0.566215434774907,0.5412323959412972,0.5749629248816006,0.582450983501823,,auto,,,,,,10.0,,,,,,,,,-1.0,9.0,,1.0,,,,distance,90,0.08999999999999998
rf,False,46017.8720703125,MACCS,strict,sars-cov-2_pp1ab,155271982,0.3620171709702701,0.9279391732241885,0.8472667197555823,0.49058667659775435,54915821,0.30511670897885307,0.9392143307157618,0.8746344063992079,0.40927664090532995,0.6188686423744446,0.5961162125322925,0.6118533431714263,0.648636371419615,,,,,,,,,,None,sqrt,,1.0,4.0,500.0,,,,True,,22.0,,True,,100,0.08999999999999998
hgb,False,2113.4951171875,MACCS,strict,sars-cov-2_pp1ab,72733937,0.45693023641260044,0.8769645244797216,0.7635717673017266,0.6103775866897182,11971504,0.39456061744393744,0.8982609092148386,0.8019488336780178,0.5144183829113596,0.6204909407830108,0.5956377178688623,0.6242293096741003,0.6416057948060698,,,,,True,,0.1,,0.01,20,,99999999.0,8.0,,,100.0,,,,,22.0,,True,,90,0.08999999999999998
svm,False,1892.1904296875,MACCS,strict,sars-cov-2_pp1ab,312404862,0.39663093281362544,0.8793233174352386,0.7730648276234261,0.5979981159966172,62908067,0.3338073843022987,0.9037102561697349,0.8165650986510187,0.49507245426485186,0.5859641085208825,0.5566619152334901,0.5636759303236973,0.63755448000546,100.0,,0.1,4.0,,0.005,,,,,,,,,,,,,,,,True,,,90,0.08999999999999998
dt,False,232.1630859375,MACCS,strict,sars-cov-2_pp1ab,3324452,0.4220468149212375,0.8755494382292806,0.7654752012367119,0.6079156107283262,2172976,0.36640047283851745,0.8925230359284844,0.7947764952673502,0.5236502650945395,0.4570062647889123,0.44036878254998146,0.5116205894177106,0.41902942239904484,,,,,,,,,,None,None,,4.0,3.0,,,,,,,22.0,,,,80,0.08999999999999998
knn,False,1889.427734375,MACCS,strict,sars-cov-2_pp1ab,15979556,0.4741351784830598,0.8482869592588256,0.7168818447437051,0.6679327984398905,6280067,0.40731818561605726,0.8753392562924635,0.763643239151566,0.5619682667202985,0.5804123520626575,0.5669630164718419,0.5617922463797764,0.6124817933363542,,brute,,,,,,30.0,,,,,,,,,-1.0,5.0,,2.0,,,,uniform,90,0.08999999999999998
rf,False,34867.9033203125,PubChem,random,sars-cov-2_pp1ab,245059353,0.3956875213793566,0.9081091956482928,0.8103409364660314,0.538227297151361,96089477,0.4331633244740142,0.8924874644637055,0.7815371191165704,0.5846358363804077,0.6205747323262857,0.6047898389542545,0.6268066599518677,0.6301276980727346,,,,,,,,,,10,None,,1.0,4.0,1000.0,,,,True,,22.0,,True,,90,0.08999999999999998
hgb,False,3337.763671875,PubChem,random,sars-cov-2_pp1ab,42486522,0.3853321715366371,0.9031063111904368,0.8114633715174782,0.5366322727515334,20099972,0.4144154975476496,0.8829716413820972,0.7763894311806927,0.5914836820306042,0.6348934538240452,0.6298692177510277,0.6324555586187116,0.6423555851023963,,,,,True,,0.1,,0.01,None,,10000.0,16.0,,,100.0,,,,,22.0,,True,,100,0.08999999999999998
svm,False,4003.923828125,PubChem,random,sars-cov-2_pp1ab,692393141,0.3019954992017248,0.9134497086044828,0.8338545273541321,0.5037594137084981,176553888,0.33485950217361526,0.9028992157445389,0.8141032080350369,0.5393026472999158,0.6069238802809038,0.5906077568157269,0.6067305685625016,0.6234333154644829,10.0,,0.0,2.0,,0.01,,,,,,,,,,,,,,,,True,,,100,0.08999999999999998
dt,False,227.87890625,PubChem,random,sars-cov-2_pp1ab,7249637,0.4572287072882124,0.8523943810338924,0.7256738412190219,0.6473103189330003,5279880,0.5043249121940008,0.825537561731399,0.6794395431572104,0.7081929168009372,0.4442204503329892,0.4171861539032956,0.48058457352662076,0.4348906235690513,,,,,,,,,,10,None,,4.0,4.0,,,,,,,22.0,,,,90,0.08999999999999998
knn,False,4177.1376953125,PubChem,random,sars-cov-2_pp1ab,252281192,0.45896638331783696,0.8439355796837082,0.7118877758532304,0.6633760096506488,89966597,0.5030391328483411,0.8345394825217799,0.6931726925093095,0.6928570000069504,0.5671903878997308,0.5463679573738653,0.576957123893076,0.5782460824322512,,ball_tree,,,,,,40.0,,,,,,,,,-1.0,5.0,,1.0,,,,uniform,90,0.08999999999999998
rf,False,82212.716796875,PubChem,stratified,sars-cov-2_pp1ab,346467465,0.3003605116991834,0.9383990319946967,0.8742404187303356,0.43413689340994643,131482144,0.32066432736439116,0.9398381637504657,0.8691448536005361,0.469249257025676,0.621275307790946,0.61106592974623,0.6303648825603985,0.6223951110662096,,,,,,,,,,20,None,,1.0,4.0,1000.0,,,,True,,22.0,,True,,100,0.08999999999999998
hgb,False,3764.802734375,PubChem,stratified,sars-cov-2_pp1ab,47691035,0.3956296376646537,0.8978639810835635,0.8047347974646079,0.5409642694158142,21316150,0.4079792655579961,0.9046156871846346,0.8097307786901204,0.5658384562746089,0.6252959677107617,0.6267383803917441,0.6269401472071183,0.6222093755334226,,,,,True,,0.01,,0.01,50,,1000.0,32.0,,,100.0,,,,,22.0,,True,,90,0.08999999999999998
svm,False,3890.8466796875,PubChem,stratified,sars-cov-2_pp1ab,703010812,0.31772973299595403,0.913663158360395,0.8345679256299229,0.4979273831036906,181453218,0.3278762579212201,0.9158929539479373,0.8363480057539809,0.5247698083928176,0.5996105499287784,0.5706023269047228,0.6114228288386565,0.6168064940429558,10.0,,0.5,2.0,,0.01,,,,,,,,,,,,,,,,True,,,90,0.08999999999999998
dt,False,254.1611328125,PubChem,stratified,sars-cov-2_pp1ab,7418955,0.46682519318748844,0.8419505407031677,0.7065494437713973,0.6631680908005722,5205393,0.4631033481350305,0.8642169165780786,0.7468665998114279,0.6526538679826909,0.43901557250067835,0.4363003520271549,0.4710256743631084,0.4097206911117717,,,,,,,,,,30,sqrt,,2.0,8.0,,,,,,,22.0,,,,90,0.08999999999999998
knn,False,3832.126953125,PubChem,stratified,sars-cov-2_pp1ab,192044063,0.17718852785130776,0.9488393892876041,0.8998320432657878,0.3874543671431117,45259893,0.19058118400606036,0.9450068659060977,0.892977503708157,0.42437102935612403,0.570550761499761,0.5518654693454275,0.5887655374129402,0.5710212777409156,,auto,,,,,,20.0,,,,,,,,,-1.0,7.0,,1.0,,,,distance,80,0.08999999999999998
rf,False,69937.70703125,PubChem,strict,sars-cov-2_pp1ab,277885445,0.34922733286651564,0.924533016584162,0.8441175809308208,0.4956184649274834,100116106,0.29697011516629,0.9408873500498623,0.8759186146039267,0.40717499021563625,0.6318933645030499,0.6027881913268739,0.6302843428394218,0.6626075593428543,,,,,,,,,,None,None,,2.0,3.0,1000.0,,,,True,,22.0,,True,,90,0.08999999999999998
hgb,False,3477.16796875,PubChem,strict,sars-cov-2_pp1ab,49667325,0.41228275317830865,0.8921442092412244,0.7937131481587105,0.5701441648490683,18744959,0.3747849517111195,0.9042402422811966,0.8137507094072746,0.4988558750766697,0.6301437088191041,0.6091608319774432,0.6218441746997662,0.6594261197801027,,,,,True,,0.1,,0.01,20,,99999999.0,32.0,,,100.0,,,,,22.0,,True,,90,0.08999999999999998
svm,False,3920.7294921875,PubChem,strict,sars-cov-2_pp1ab,691683415,0.3205033609859781,0.9110656456302219,0.8299585829433983,0.5176381395124023,140481084,0.2919527448029599,0.9278259701457441,0.8592241594538543,0.4337024167991961,0.611147247123727,0.5545790143578455,0.6212240029969656,0.6576387240163701,10.0,,0.5,4.0,,0.01,,,,,,,,,,,,,,,,True,,,90,0.08999999999999998
dt,False,238.36328125,PubChem,strict,sars-cov-2_pp1ab,7164279,0.5693055220755817,0.778262749999839,0.6048678923035529,0.7890782456895894,5059463,0.49682031089424744,0.813654320287146,0.6611785044250781,0.6728422512702588,0.4380554223162008,0.386403003743894,0.4768476050865983,0.4509156581181103,,,,,,,,,,None,sqrt,,4.0,4.0,,,,,,,22.0,,,,80,0.08999999999999998
knn,False,4322.978515625,PubChem,strict,sars-cov-2_pp1ab,34988027,0.48657722955250704,0.8381603612370166,0.7017416574163824,0.6855595892623599,36321719,0.4386720797808562,0.8488496380576479,0.7203424092254038,0.6112812625291372,0.564482984671947,0.5314910739395161,0.5750592421346002,0.5868986379417247,,auto,,,,,,50.0,,,,,,,,,-1.0,5.0,,2.0,,,,uniform,90,0.08999999999999998
rf,False,80704.6513671875,SubstructureCount,random,sars-cov-2_pp1ab,280649511,0.35032916191463404,0.9255899171286768,0.8439744178378291,0.4881764500367958,133978586,0.37251812581692756,0.922507759429781,0.8362509739033471,0.5061578391371682,0.610211173746645,0.6003483316985014,0.6153548432587593,0.6149303462826744,,,,,,,,,,20,sqrt,,1.0,4.0,1000.0,,,,True,,22.0,,True,,90,0.08999999999999998
hgb,False,3272.6962890625,SubstructureCount,random,sars-cov-2_pp1ab,46326372,0.4094071588969662,0.89323597724811,0.7940448797044858,0.5608738806859744,16981776,0.41901688868738507,0.8969225992846264,0.7976928622399018,0.5626032121423563,0.6026661697642602,0.5938496303477449,0.6163199542271507,0.5978289247178852,,,,,True,,0.1,,0.01,10,,10000.0,8.0,,,100.0,,,,,22.0,,True,,80,0.08999999999999998
svm,False,1196.03125,SubstructureCount,random,sars-cov-2_pp1ab,194731282,0.4153090033967593,0.8639108264485588,0.7460250625831144,0.6228369223933431,49858402,0.4291760314368565,0.8631200000609419,0.7436528863870953,0.6333019429574482,0.578594752578718,0.5601048423366963,0.5884679491414648,0.5872114662579927,10.0,,0.5,3.0,,0.005,,,,,,,,,,,,,,,,False,,,90,0.08999999999999998
dt,False,204.220703125,SubstructureCount,random,sars-cov-2_pp1ab,2956053,0.607660411998513,0.7589401236267362,0.5757228888333964,0.8050145327361002,2320043,0.6203256544871717,0.7527877964325129,0.5619567990821646,0.8278565255701565,0.45321767295989407,0.39474205617687486,0.4744074707866155,0.4905034919161919,,,,,,,,,,10,sqrt,,4.0,2.0,,,,,,,22.0,,,,100,0.08999999999999998
knn,False,1174.3408203125,SubstructureCount,random,sars-cov-2_pp1ab,81219236,0.49317365858769224,0.8248179994822137,0.6796139867391109,0.6995450586600646,28934174,0.4932167320224135,0.8413666170212563,0.7031851495966918,0.68145850718931,0.5536158144753681,0.5221982203205128,0.5771258640210375,0.5615233590845541,,kd_tree,,,,,,20.0,,,,,,,,,-1.0,5.0,,1.0,,,,uniform,90,0.08999999999999998
rf,False,111685.6123046875,SubstructureCount,stratified,sars-cov-2_pp1ab,310253296,0.3111334250413852,0.9339159904897026,0.8650706097932085,0.4496860670280572,125196141,0.33892238594118757,0.9324385856073245,0.8574690043300116,0.4897369242010293,0.6318501316266255,0.599278336929563,0.6370885452005113,0.6591835127498025,,,,,,,,,,30,sqrt,,1.0,3.0,1000.0,,,,True,,22.0,,True,,90,0.08999999999999998
hgb,False,4197.9345703125,SubstructureCount,stratified,sars-cov-2_pp1ab,48756096,0.3903327470273305,0.8972644492293125,0.8038861618689329,0.5421385283474867,22043613,0.4038514186518927,0.8986183381851991,0.802999321812643,0.5757607434400172,0.6182290889877827,0.5955296493854156,0.6090472402297127,0.6501103773482197,,,,,True,,0.1,,0.01,20,,10000.0,16.0,,,100.0,,,,,22.0,,True,,90,0.08999999999999998
svm,False,1260.48046875,SubstructureCount,stratified,sars-cov-2_pp1ab,170926629,0.3093373292434799,0.9089065083184298,0.8254060154073372,0.5115296255017786,43881231,0.3333817063685548,0.9077637832123505,0.8232847860932478,0.5453121323832821,0.5936612806000027,0.5885226544860609,0.5668272619006931,0.625633925413254,10.0,,0.0,2.0,,0.01,,,,,,,,,,,,,,,,False,,,100,0.08999999999999998
dt,False,204.2275390625,SubstructureCount,stratified,sars-cov-2_pp1ab,2926299,0.4890089648568361,0.8308670663054898,0.6886271428334672,0.6831192579199888,2397386,0.5102792533154143,0.8379648051407083,0.7005605006055118,0.7098437026379508,0.4733892370203702,0.4429904593468603,0.4744330972655384,0.5027441544487118,,,,,,,,,,10,None,,1.0,8.0,,,,,,,22.0,,,,100,0.08999999999999998
knn,False,1068.7041015625,SubstructureCount,stratified,sars-cov-2_pp1ab,152519274,0.16541202719539438,0.9471327565610045,0.8964005831424422,0.39403500792060614,51183044,0.18677768114013485,0.9390811954402086,0.8816808874018119,0.44620624236318535,0.5750655431402248,0.5366424517142028,0.599427928212525,0.5891262494939467,,ball_tree,,,,,,20.0,,,,,,,,,-1.0,9.0,,1.0,,,,distance,80,0.08999999999999998
rf,False,10998.064453125,SubstructureCount,strict,sars-cov-2_pp1ab,30402438,0.32843534927434054,0.9360016300639592,0.8656273763476652,0.4601551726061619,11888431,0.2736957959065088,0.9496569203480794,0.8929708448243419,0.3781628186944513,0.6165931806584758,0.5862586146393145,0.6093443330005723,0.6541765943355404,,,,,,,,,,20,sqrt,,1.0,3.0,100.0,,,,True,,22.0,,True,,90,0.08999999999999998
hgb,False,3742.0283203125,SubstructureCount,strict,sars-cov-2_pp1ab,42616388,0.4108249625392135,0.8962447255281348,0.8006305176366014,0.5605033988519766,17750618,0.36366725721583015,0.908688115815346,0.8224435102069361,0.48707523980737805,0.6044732359370552,0.57537226882722,0.6238395893250472,0.6142078496588983,,,,,True,,0.0,,0.01,50,,1000.0,16.0,,,100.0,,,,,22.0,,True,,80,0.08999999999999998
svm,False,1283.68359375,SubstructureCount,strict,sars-cov-2_pp1ab,184522274,0.3115186570805892,0.9123503122272689,0.8321030480401248,0.5143637048555164,38934427,0.28962232763002643,0.9150399113534059,0.8346871057128762,0.4699819106241721,0.5724667656017446,0.5247623631595115,0.5780630012117787,0.6145749324339435,10.0,,0.0,2.0,,0.01,,,,,,,,,,,,,,,,True,,,100,0.08999999999999998
dt,False,228.736328125,SubstructureCount,strict,sars-cov-2_pp1ab,3174022,0.5277047113478976,0.8131432443373177,0.6599972391833322,0.7319646906832221,2483789,0.5207890301331898,0.7990538688470767,0.6325599840880259,0.7006820683626346,0.4550415066555127,0.4045425429228139,0.4540507238039396,0.5065312532397847,,,,,,,,,,20,sqrt,,4.0,3.0,,,,,,,22.0,,,,90,0.15999999999999998
knn,False,1175.0322265625,SubstructureCount,strict,sars-cov-2_pp1ab,161312281,0.4846694873268057,0.8388686836612813,0.7015984021870417,0.6857242086414155,37083786,0.435730924714445,0.8502687533771073,0.7211430197929247,0.6104056399423761,0.5548933327718067,0.5019616137176737,0.5384330766881579,0.6242853079095887,,ball_tree,,,,,,30.0,,,,,,,,,-1.0,5.0,,1.0,,,,uniform,90,0.08999999999999998
rf,False,29923.2822265625,Substructure,random,sars-cov-2_pp1ab,118898498,0.5191549324659132,0.821756928414685,0.6712350236902138,0.7086335203258225,52373321,0.5252839324560857,0.8281484651457642,0.6772886802320006,0.7105648240294177,0.48967491611004244,0.4836826664228654,0.49776812877214704,0.48757395313511476,,,,,,,,,,None,sqrt,,1.0,4.0,500.0,,,,True,,22.0,,True,,100,0.08999999999999998
hgb,False,5787.84375,Substructure,random,sars-cov-2_pp1ab,51157683,0.5478854314706858,0.799545205021353,0.6378639449360843,0.7437291474301976,26405741,0.5597536384464512,0.7978011325023298,0.6339259514164759,0.7567999169031234,0.4695178315243013,0.44906977980450535,0.4857287659417695,0.47375494882662916,,,,,True,,0.0,,0.01,10,,10000.0,8.0,,,100.0,,,,,22.0,,True,,100,0.08999999999999998
svm,False,926.70703125,Substructure,random,sars-cov-2_pp1ab,152972361,0.473429357652479,0.8122218276995985,0.6588012558505876,0.7219092907311178,39940002,0.4784373480127654,0.8175395939250629,0.6648150108690181,0.724167258034535,0.4717532818630253,0.47113824713318264,0.4759925052733255,0.4681290931825677,1.0,,0.0,2.0,,1.0,,,,,,,,,,,,,,,,True,,,100,0.08999999999999998
dt,False,211.5888671875,Substructure,random,sars-cov-2_pp1ab,2849172,0.6106683201327404,0.7453678525452287,0.555011650358017,0.8244289608871205,2410773,0.5814726319868077,0.7880318410144671,0.6162361383346748,0.7748696348658514,0.3897175734473613,0.3541970626423907,0.40941674975668974,0.4055389079430035,,,,,,,,,,30,None,,4.0,3.0,,,,,,,22.0,,,,90,0.08999999999999998
knn,False,783.8232421875,Substructure,random,sars-cov-2_pp1ab,139762473,0.4360119998018931,0.8369152718618179,0.6987535971911198,0.6783281713369488,48129734,0.4524093782889158,0.8346932082795707,0.6936622294886576,0.6923040594585216,0.4271560985717431,0.41649327642378964,0.42945146310333615,0.43552355618810346,,ball_tree,,,,,,40.0,,,,,,,,,-1.0,9.0,,1.0,,,,distance,100,0.08999999999999998
rf,False,58218.5771484375,Substructure,stratified,sars-cov-2_pp1ab,228160714,0.5135940554102437,0.8227277389269542,0.6732975610042057,0.6997329760595582,98795936,0.529354949071703,0.838518727522923,0.6951267153354144,0.7162553431234757,0.4758943945971992,0.4537575576095412,0.48074518418658185,0.4931804419954745,,,,,,,,,,20,sqrt,,1.0,4.0,1000.0,,,,True,,22.0,,True,,100,0.08999999999999998
hgb,False,2332.5400390625,Substructure,stratified,sars-cov-2_pp1ab,26397637,0.602430668954851,0.7678538383900395,0.5860264435840723,0.7876666415468162,11645020,0.6382368917050553,0.7749020039933456,0.5916138956046033,0.828979265518111,0.4505168876763707,0.4394488622811543,0.46068444087559524,0.4514173598723624,,,,,True,,0.1,,0.01,10,,1000.0,8.0,,,100.0,,,,,22.0,,True,,100,0.08999999999999998
svm,False,921.2578125,Substructure,stratified,sars-cov-2_pp1ab,148698630,0.4682323928502408,0.8196532767317055,0.6703663334491237,0.7028650256126683,39138160,0.4918693256635551,0.8247119204998044,0.6778994704437724,0.736213724395882,0.45431087547158927,0.45018856608200075,0.44792018267569134,0.46482387765707567,1.0,,0.0,2.0,,1.0,,,,,,,,,,,,,,,,True,,,100,0.08999999999999998
dt,False,216.93359375,Substructure,stratified,sars-cov-2_pp1ab,2638231,0.6205175111076646,0.7310885386470107,0.5340682613639212,0.8356363056359619,2154351,0.6446669684534193,0.7252248403655743,0.5258060501104342,0.8932770867587422,0.3808553726050124,0.37463701752611067,0.3933608270512807,0.37456827323764597,,,,,,,,,,10,sqrt,,1.0,8.0,,,,,,,22.0,,,,100,0.08999999999999998
knn,False,863.1630859375,Substructure,stratified,sars-cov-2_pp1ab,110566607,0.4290868115502723,0.8366597454819185,0.6989171159176393,0.6717368704766679,39715969,0.4038995704077693,0.864390114504409,0.7469009395743389,0.6526095973743483,0.4306755628809105,0.3776192441906977,0.4404979914006991,0.4739094530513348,,kd_tree,,,,,,10.0,,,,,,,,,-1.0,9.0,,2.0,,,,distance,100,0.08999999999999998
rf,False,59377.4130859375,Substructure,strict,sars-cov-2_pp1ab,218406761,0.5365375350561213,0.8214966625384914,0.6695209430047537,0.7216404708348642,84568670,0.47188589798747826,0.8256456153550448,0.6807303135598739,0.6531405093116355,0.48225701061252946,0.4610017331090288,0.48926211390090124,0.4965071848276583,,,,,,,,,,20,sqrt,,1.0,4.0,1000.0,,,,True,,22.0,,True,,100,0.08999999999999998
hgb,False,2300.94140625,Substructure,strict,sars-cov-2_pp1ab,27718981,0.623728756848353,0.7686760439514538,0.5860117518327443,0.8076866718011197,10909657,0.573036844894717,0.7617169602558793,0.5774003416227986,0.7514366073063273,0.4610816993667834,0.4231074940739672,0.47534399054275467,0.48479361348362815,,,,,True,,0.1,,0.01,10,,10000.0,8.0,,,100.0,,,,,22.0,,True,,100,0.08999999999999998
svm,False,920.9921875,Substructure,strict,sars-cov-2_pp1ab,157639379,0.4909263337172678,0.8097470532462695,0.6551861784033353,0.7371251730800555,34103813,0.42138103536365196,0.8292973029694711,0.6854752422017891,0.6482689129863692,0.4748184713217595,0.4402218521287964,0.4900564234163284,0.49417713842015387,1.0,,0.0,2.0,,1.0,,,,,,,,,,,,,,,,True,,,100,0.08999999999999998
dt,False,213.5498046875,Substructure,strict,sars-cov-2_pp1ab,2832186,0.6490075658306225,0.7226476469090557,0.5214465006749783,0.868388688895829,2291791,0.5548254783719199,0.7558878264986955,0.5682972440082625,0.7594867267982677,0.3951802420075368,0.3486095765049575,0.4147342615268489,0.422196887990804,,,,,,,,,,30,None,,4.0,2.0,,,,,,,22.0,,,,90,0.08999999999999998
knn,False,813.052734375,Substructure,strict,sars-cov-2_pp1ab,140435146,0.44908062909275054,0.8321524915024674,0.6914839407228399,0.6972488353862255,37554386,0.4052116145624956,0.8402836958411165,0.6999512405796149,0.6331749072703511,0.43029099727592374,0.3922429649998611,0.4807222810061732,0.41790774582173684,,kd_tree,,,,,,30.0,,,,,,,,,-1.0,9.0,,1.0,,,,distance,100,0.08999999999999998
